사고번호,사고일시,요일,시군구,사고내용,사망자수,중상자수,경상자수,부상신고자수,사고유형,법규위반,노면상태,기상상태,도로형태,가해운전자 차종,가해운전자 성별,가해운전자 연령,가해운전자 상해정도,피해운전자 차종,피해운전자 성별,피해운전자 연령,피해운전자 상해정도
2023011100100266,2023년 1월 11일 13시,수요일,경상남도 창원시 마산합포구 남성동,중상사고,0,1,3,1,차대차 - 정면충돌,안전운전불이행,건조,맑음,교차로 - 교차로안,승용,남,78세,중상,승용,남,61세,경상
2023011100100267,2023년 1월 11일 13시,수요일,경상남도 양산시 물금읍,경상사고,0,0,3,0,차대차 - 측면충돌,신호위반,건조,맑음,교차로 - 교차로안,이륜,남,54세,경상,승용,여,45세,경상
2023011100100268,2023년 1월 11일 13시,수요일,경상남도 양산시 물금읍,경상사고,0,0,1,0,차대차 - 정면충돌,안전운전불이행,건조,맑음,교차로 - 교차로안,승용,여,61세,상해없음,이륜,남,33세,경상
2023011100100269,2023년 1월 11일 13시,수요일,경상남도 고성군 영오면,경상사고,0,0,1,0,차대차 - 추돌,안전운전불이행,건조,맑음,교차로 - 교차로안,화물,남,73세,상해없음,자전거,여,75세,경상
2023011100100270,2023년 1월 11일 13시,수요일,경상남도 창원시 마산합포구 산호동,경상사고,0,0,1,0,차대사람 - 횡단중,신호위반,건조,맑음,단일로 - 기타,화물,남,50세,상해없음,보행자,여,47세,경상
2023011100100336,2023년 1월 11일 15시,수요일,경상남도 양산시 동면,중상사고,0,2,1,0,차대차 - 추돌,안전거리미확보,건조,맑음,단일로 - 기타,승용,남,33세,경상,승용,남,70세,상해없음
2023011100100361,2023년 1월 11일 16시,수요일,경상남도 통영시 미수동,경상사고,0,0,1,0,차대차 - 추돌,안전운전불이행,건조,맑음,단일로 - 교량,화물,남,38세,상해없음,승용,남,58세,경상
2023011100100362,2023년 1월 11일 16시,수요일,경상남도 거창군 거창읍,중상사고,0,1,0,0,차대차 - 측면충돌,중앙선침범,건조,맑음,교차로 - 교차로부근,승용,여,57세,상해없음,이륜,남,47세,중상
2023011100100363,2023년 1월 11일 16시,수요일,경상남도 창원시 성산구 신촌동,중상사고,0,1,0,0,차대사람 - 횡단중,안전운전불이행,건조,맑음,단일로 - 기타,승합,여,49세,상해없음,보행자,남,10세,중상
2023011100100364,2023년 1월 11일 16시,수요일,경상남도 김해시 진례면,중상사고,0,1,0,0,차대차 - 측면충돌,신호위반,건조,맑음,교차로 - 교차로안,화물,남,60세,상해없음,승용,여,54세,중상
2023011100100391,2023년 1월 11일 17시,수요일,경상남도 김해시 부원동,경상사고,0,0,1,0,차대차 - 측면충돌,교차로운행방법위반,건조,맑음,교차로 - 교차로부근,이륜,남,42세,경상,화물,남,69세,상해없음
2023011100100392,2023년 1월 11일 17시,수요일,경상남도 창원시 마산회원구 석전동,경상사고,0,0,1,0,차대차 - 측면충돌,신호위반,건조,맑음,단일로 - 기타,승용,남,21세,상해없음,승용,남,40세,경상
2023011100100393,2023년 1월 11일 17시,수요일,경상남도 창원시 의창구 중동,경상사고,0,0,2,0,차대차 - 측면충돌,중앙선침범,건조,맑음,교차로 - 교차로부근,승용,남,70세,상해없음,승용,남,46세,경상
2023011100100434,2023년 1월 11일 18시,수요일,경상남도 진주시 정촌면,중상사고,0,1,0,0,차대차 - 추돌,안전운전불이행,건조,맑음,단일로 - 기타,승용,남,75세,상해없음,이륜,남,70세,중상
2023011100100504,2023년 1월 11일 20시,수요일,경상남도 창원시 진해구 경화동,경상사고,0,0,5,0,차대차 - 추돌,안전운전불이행,건조,맑음,교차로 - 교차로부근,화물,남,58세,상해없음,승용,남,45세,경상
2023011100100566,2023년 1월 11일 23시,수요일,경상남도 창원시 의창구 서상동,경상사고,0,0,2,0,차대차 - 추돌,신호위반,건조,맑음,교차로 - 교차로안,원동기,남,39세,경상,승용,남,67세,경상
2023011200100007,2023년 1월 12일 00시,목요일,경상남도 창원시 마산회원구 봉암동,중상사고,0,1,0,0,차대사람 - 기타,기타,건조,맑음,교차로 - 교차로부근,승합,남,53세,상해없음,보행자,남,27세,중상
2023011200100035,2023년 1월 12일 03시,목요일,경상남도 김해시 외동,부상신고사고,0,0,0,1,차량단독 - 전도전복 - 전도,안전운전불이행,건조,맑음,단일로 - 기타,이륜,남,49세,부상신고,,,,
2023011200100040,2023년 1월 12일 04시,목요일,경상남도 통영시 북신동,경상사고,0,0,1,0,차대차 - 정면충돌,신호위반,건조,맑음,교차로 - 교차로안,승합,남,29세,상해없음,화물,남,56세,경상
2023011200100068,2023년 1월 12일 06시,목요일,경상남도 고성군 고성읍,경상사고,0,0,1,0,차량단독 - 전도전복 - 전도,안전운전불이행,서리/결빙,흐림,단일로 - 기타,화물,남,57세,상해없음,,,,
2023011200100100,2023년 1월 12일 07시,목요일,경상남도 사천시 정동면,경상사고,0,0,1,0,차대차 - 추돌,안전운전불이행,건조,맑음,단일로 - 기타,승용,남,52세,상해없음,화물,남,49세,경상
2023011200100122,2023년 1월 12일 08시,목요일,경상남도 양산시 중부동,경상사고,0,0,1,0,차대차 - 측면충돌,신호위반,건조,맑음,교차로 - 교차로안,승용,여,46세,상해없음,승용,남,34세,경상
2023011200100123,2023년 1월 12일 08시,목요일,경상남도 함안군 가야읍,경상사고,0,0,1,0,차대차 - 측면충돌,교차로운행방법위반,건조,맑음,교차로 - 교차로안,승용,여,57세,상해없음,승용,남,36세,경상
2023011200100185,2023년 1월 12일 10시,목요일,경상남도 양산시 동면,부상신고사고,0,0,0,1,차대차 - 추돌,안전거리미확보,건조,맑음,교차로 - 교차로안,승용,남,68세,상해없음,승용,여,40세,부상신고
2023011200100274,2023년 1월 12일 13시,목요일,경상남도 밀양시 하남읍,경상사고,0,0,1,0,차대차 - 측면충돌,교차로운행방법위반,건조,맑음,교차로 - 교차로안,화물,남,67세,상해없음,승용,여,61세,경상
2023011200100276,2023년 1월 12일 13시,목요일,경상남도 창원시 의창구 동읍,경상사고,0,0,3,0,차대차 - 추돌,안전운전불이행,건조,맑음,단일로 - 기타,승용,남,45세,상해없음,승용,남,67세,상해없음
2023011200100309,2023년 1월 12일 14시,목요일,경상남도 창원시 마산합포구 중앙동3가,중상사고,0,1,0,0,차대차 - 기타,안전거리미확보,건조,맑음,단일로 - 기타,화물,남,57세,상해없음,승합,남,52세,상해없음
2023011200100310,2023년 1월 12일 14시,목요일,경상남도 창원시 마산회원구 두척동,경상사고,0,0,1,0,차대차 - 정면충돌,중앙선침범,건조,맑음,교차로 - 교차로부근,승용,여,25세,상해없음,승용,여,47세,경상
2023011200100337,2023년 1월 12일 15시,목요일,경상남도 양산시 물금읍,경상사고,0,0,1,0,차대차 - 측면충돌,안전운전불이행,건조,맑음,교차로 - 교차로부근,화물,남,63세,상해없음,승용,남,39세,경상
2023011200100362,2023년 1월 12일 16시,목요일,경상남도 김해시 풍유동,경상사고,0,0,1,0,차대차 - 측면충돌,안전거리미확보,건조,맑음,기타 - 기타,승용,남,68세,상해없음,승용,여,45세,경상
2023011200100396,2023년 1월 12일 17시,목요일,경상남도 통영시 도산면,경상사고,0,0,2,0,차대차 - 측면충돌,안전거리미확보,건조,맑음,교차로 - 교차로부근,화물,남,60세,상해없음,승용,여,50세,경상
2023011200100397,2023년 1월 12일 17시,목요일,경상남도 사천시 벌리동,중상사고,0,2,0,0,차대차 - 측면충돌,직진우회전진행방해,건조,맑음,교차로 - 교차로안,화물,남,62세,상해없음,승용,남,58세,중상
2023011200100398,2023년 1월 12일 17시,목요일,경상남도 밀양시 부북면,경상사고,0,0,3,0,차대차 - 기타,중앙선침범,건조,흐림,단일로 - 기타,승용,남,65세,상해없음,승용,여,53세,경상
2023011200100444,2023년 1월 12일 18시,목요일,경상남도 진주시 충무공동,중상사고,0,1,0,0,차대사람 - 횡단중,안전운전불이행,건조,맑음,단일로 - 기타,승용,남,35세,상해없음,보행자,여,61세,중상
2023011200100445,2023년 1월 12일 18시,목요일,경상남도 창원시 진해구 용원동,경상사고,0,0,2,0,차대차 - 기타,중앙선침범,건조,맑음,기타 - 기타,화물,남,54세,상해없음,이륜,남,17세,경상
2023011200100489,2023년 1월 12일 19시,목요일,경상남도 진주시 가좌동,중상사고,0,1,1,0,차대차 - 측면충돌,신호위반,건조,맑음,교차로 - 교차로안,승용,남,31세,경상,승용,남,41세,중상
2023011200100490,2023년 1월 12일 19시,목요일,경상남도 창원시 진해구 자은동,경상사고,0,0,1,0,차대사람 - 횡단중,보행자보호의무위반,건조,맑음,교차로 - 교차로횡단보도내,승용,남,29세,상해없음,보행자,여,19세,경상
2023011200100491,2023년 1월 12일 19시,목요일,경상남도 사천시 벌리동,중상사고,0,1,0,0,차대차 - 측면충돌,직진우회전진행방해,건조,맑음,교차로 - 교차로안,승용,남,68세,상해없음,이륜,여,68세,중상
2023011200100492,2023년 1월 12일 19시,목요일,경상남도 김해시 삼방동,경상사고,0,0,1,0,차대차 - 측면충돌,안전운전불이행,젖음/습기,맑음,단일로 - 기타,이륜,남,49세,경상,승용,남,50세,상해없음
2023011200100519,2023년 1월 12일 20시,목요일,경상남도 양산시 삼호동,경상사고,0,0,1,0,차대사람 - 차도통행중,안전운전불이행,건조,맑음,단일로 - 기타,승용,여,33세,상해없음,보행자,남,65세,경상
2023011200100546,2023년 1월 12일 21시,목요일,경상남도 사천시 정동면,경상사고,0,0,1,0,차대차 - 측면충돌,신호위반,젖음/습기,비,교차로 - 교차로안,승용,여,60세,기타불명,승용,여,37세,경상
2023011200100568,2023년 1월 12일 22시,목요일,경상남도 고성군 거류면,경상사고,0,0,1,0,차대차 - 측면충돌,교차로운행방법위반,젖음/습기,비,교차로 - 교차로안,승용,남,62세,상해없음,승용,남,63세,경상
2023011200100588,2023년 1월 12일 23시,목요일,경상남도 양산시 물금읍,중상사고,0,1,1,0,차대차 - 측면충돌,안전운전불이행,젖음/습기,맑음,교차로 - 교차로안,원동기,남,16세,경상,원동기,남,49세,중상
2023011200100589,2023년 1월 12일 23시,목요일,경상남도 거제시 사등면,경상사고,0,0,1,0,차대차 - 추돌,안전운전불이행,젖음/습기,비,단일로 - 교량,승용,남,47세,상해없음,승용,남,49세,경상
2023011300100010,2023년 1월 13일 00시,금요일,경상남도 진주시 충무공동,중상사고,0,3,1,0,차대차 - 측면충돌,신호위반,젖음/습기,비,교차로 - 교차로안,승용,여,41세,중상,승용,남,50세,경상
2023011300100059,2023년 1월 13일 05시,금요일,경상남도 창녕군 영산면,중상사고,0,1,0,0,차대사람 - 차도통행중,안전운전불이행,젖음/습기,비,단일로 - 기타,승용,남,68세,상해없음,보행자,여,80세,중상
2023011300100104,2023년 1월 13일 07시,금요일,경상남도 창원시 마산합포구 월남동3가,중상사고,0,1,0,0,차대사람 - 횡단중,신호위반,젖음/습기,비,단일로 - 기타,승용,남,62세,상해없음,보행자,여,63세,중상
2023011300100105,2023년 1월 13일 07시,금요일,경상남도 사천시 사천읍,중상사고,0,3,0,0,차대차 - 정면충돌,중앙선침범,젖음/습기,비,교차로 - 교차로안,승용,여,29세,중상,화물,남,46세,중상
2023011300100106,2023년 1월 13일 07시,금요일,경상남도 김해시 관동동,경상사고,0,0,3,0,차대차 - 측면충돌,안전운전불이행,젖음/습기,비,교차로 - 교차로안,승용,남,34세,상해없음,승용,남,40세,경상
2023011300100107,2023년 1월 13일 07시,금요일,경상남도 김해시 율하동,경상사고,0,0,1,0,차대차 - 측면충돌,안전운전불이행,젖음/습기,비,교차로 - 교차로안,승용,남,67세,상해없음,승용,여,53세,경상
2023011300100143,2023년 1월 13일 08시,금요일,경상남도 창원시 진해구 경화동,경상사고,0,0,3,0,차대차 - 추돌,안전거리미확보,젖음/습기,비,단일로 - 고가도로위,승용,남,37세,경상,승용,여,24세,경상
2023011300100145,2023년 1월 13일 08시,금요일,경상남도 남해군 이동면,경상사고,0,0,1,0,차대차 - 측면충돌,중앙선침범,젖음/습기,맑음,단일로 - 기타,화물,남,68세,상해없음,승용,여,60세,경상
2023011300100146,2023년 1월 13일 08시,금요일,경상남도 창원시 성산구 용호동,경상사고,0,0,1,0,차대차 - 후진중충돌,안전운전불이행,젖음/습기,비,교차로 - 교차로안,승용,여,60세,기타불명,승용,남,40세,경상
2023011300100218,2023년 1월 13일 11시,금요일,경상남도 창원시 진해구 용원동,중상사고,0,2,5,0,차대차 - 측면충돌,신호위반,젖음/습기,비,교차로 - 교차로안,건설기계,남,68세,중상,승용,남,47세,중상
2023011300100243,2023년 1월 13일 12시,금요일,경상남도 거제시 옥포동,경상사고,0,0,2,0,차대차 - 기타,안전운전불이행,젖음/습기,비,교차로 - 교차로안,화물,남,73세,상해없음,승용,여,66세,경상
2023011300100287,2023년 1월 13일 14시,금요일,경상남도 거제시 장평동,중상사고,0,2,2,0,차대차 - 기타,안전운전불이행,건조,맑음,단일로 - 기타,승용,남,52세,상해없음,승용,남,42세,중상
2023011300100319,2023년 1월 13일 15시,금요일,경상남도 밀양시 가곡동,중상사고,0,1,0,0,차대차 - 후진중충돌,안전운전불이행,건조,맑음,교차로 - 교차로부근,승용,남,42세,상해없음,이륜,남,87세,중상
2023011300100320,2023년 1월 13일 15시,금요일,경상남도 김해시 삼계동,경상사고,0,0,6,0,차대차 - 측면충돌,차로위반,건조,흐림,단일로 - 기타,승용,남,70세,기타불명,화물,남,43세,경상
2023011300100352,2023년 1월 13일 16시,금요일,경상남도 창원시 마산합포구 진전면,중상사고,0,1,1,0,차량단독 - 기타,안전운전불이행,젖음/습기,맑음,단일로 - 기타,이륜,남,88세,중상,,,,
2023011300100353,2023년 1월 13일 16시,금요일,경상남도 진주시 중안동,경상사고,0,0,1,0,차대사람 - 횡단중,보행자보호의무위반,젖음/습기,흐림,교차로 - 교차로횡단보도내,승용,남,62세,상해없음,보행자,남,45세,경상
2023011300100354,2023년 1월 13일 16시,금요일,경상남도 김해시 부원동,경상사고,0,0,1,0,차대차 - 추돌,안전운전불이행,건조,흐림,교차로 - 교차로부근,화물,남,36세,상해없음,승용,여,44세,경상
2023011300100355,2023년 1월 13일 16시,금요일,경상남도 양산시 물금읍,경상사고,0,0,1,0,차대차 - 추돌,안전운전불이행,건조,맑음,교차로 - 교차로부근,승용,남,21세,상해없음,이륜,남,35세,경상
2023011300100381,2023년 1월 13일 17시,금요일,경상남도 창원시 진해구 석동,경상사고,0,0,1,0,차대차 - 기타,안전운전불이행,젖음/습기,흐림,기타 - 기타,이륜,남,51세,상해없음,승용,여,63세,경상
2023011300100382,2023년 1월 13일 17시,금요일,경상남도 김해시 대성동,경상사고,0,0,1,0,차대차 - 기타,안전운전불이행,건조,맑음,교차로 - 교차로부근,승합,남,59세,상해없음,승용,여,50세,경상
2023011300100383,2023년 1월 13일 17시,금요일,경상남도 김해시 부곡동,중상사고,0,1,0,0,차대차 - 추돌,안전운전불이행,건조,맑음,교차로 - 교차로부근,승용,남,32세,상해없음,승용,여,52세,중상
2023011300100438,2023년 1월 13일 18시,금요일,경상남도 양산시 신기동,중상사고,0,1,0,0,차대차 - 측면충돌,직진우회전진행방해,젖음/습기,비,교차로 - 교차로안,승용,여,48세,상해없음,이륜,남,38세,중상
2023011300100439,2023년 1월 13일 18시,금요일,경상남도 창원시 의창구 팔용동,중상사고,0,1,0,0,차대차 - 기타,안전운전불이행,젖음/습기,비,단일로 - 기타,승용,여,27세,상해없음,승용,여,60세,중상
2023011300100514,2023년 1월 13일 20시,금요일,경상남도 밀양시 내이동,중상사고,0,1,0,0,차대차 - 측면충돌,안전운전불이행,젖음/습기,흐림,교차로 - 교차로안,승용,남,42세,상해없음,이륜,여,44세,중상
2023011400100006,2023년 1월 14일 00시,토요일,경상남도 창원시 성산구 상남동,부상신고사고,0,0,0,1,차대사람 - 기타,안전운전불이행,건조,맑음,교차로 - 교차로부근,승용,남,64세,상해없음,보행자,남,29세,부상신고
2023011400100030,2023년 1월 14일 02시,토요일,경상남도 김해시 진영읍,중상사고,0,1,0,0,차대차 - 정면충돌,중앙선침범,젖음/습기,안개,단일로 - 기타,승용,여,59세,상해없음,승용,여,67세,중상
2023011400100040,2023년 1월 14일 04시,토요일,경상남도 창원시 마산합포구 월영동,중상사고,0,1,1,0,차대차 - 측면충돌,신호위반,건조,맑음,교차로 - 교차로안,승용,여,37세,상해없음,승용,남,60세,중상
2023011400100060,2023년 1월 14일 06시,토요일,경상남도 사천시 선구동,경상사고,0,0,1,0,차대사람 - 기타,교차로운행방법위반,건조,맑음,교차로 - 교차로안,승용,남,45세,상해없음,보행자,남,65세,경상
2023011400100072,2023년 1월 14일 07시,토요일,경상남도 진주시 옥봉동,중상사고,0,1,0,0,차대사람 - 횡단중,보행자보호의무위반,젖음/습기,흐림,교차로 - 교차로횡단보도내,승용,여,58세,상해없음,보행자,여,80세,중상
2023011400100073,2023년 1월 14일 07시,토요일,경상남도 양산시 물금읍,경상사고,0,0,2,0,차대차 - 측면충돌,차로위반,건조,맑음,기타 - 기타,승용,남,51세,상해없음,승용,남,61세,경상
2023011400100074,2023년 1월 14일 07시,토요일,경상남도 창원시 성산구 대방동,사망사고,1,0,0,0,차대사람 - 횡단중,기타,젖음/습기,비,교차로 - 교차로안,승용,남,29세,상해없음,보행자,여,56세,사망
2023011400100087,2023년 1월 14일 08시,토요일,경상남도 양산시 동면,중상사고,0,1,2,0,차대차 - 측면충돌,신호위반,젖음/습기,흐림,교차로 - 교차로안,승용,남,52세,경상,승용,남,28세,경상
2023011400100088,2023년 1월 14일 08시,토요일,경상남도 창원시 의창구 팔용동,경상사고,0,0,1,0,차대차 - 측면충돌,안전운전불이행,건조,맑음,단일로 - 기타,승용,남,34세,상해없음,승용,남,71세,경상
2023011400100141,2023년 1월 14일 11시,토요일,경상남도 거제시 거제면,경상사고,0,0,1,0,차대사람 - 길가장자리구역통행중,안전운전불이행,건조,맑음,교차로 - 교차로안,승용,여,53세,상해없음,보행자,여,55세,경상
2023011400100142,2023년 1월 14일 11시,토요일,경상남도 남해군 삼동면,중상사고,0,2,1,0,차대사람 - 기타,안전운전불이행,건조,맑음,교차로 - 교차로부근,화물,남,68세,경상,보행자,여,73세,중상
2023011400100172,2023년 1월 14일 12시,토요일,경상남도 창원시 마산합포구 창포동2가,경상사고,0,0,1,0,차대차 - 추돌,안전운전불이행,젖음/습기,비,단일로 - 기타,승용,여,36세,상해없음,승용,남,26세,경상
2023011400100173,2023년 1월 14일 12시,토요일,경상남도 고성군 고성읍,중상사고,0,1,0,0,차대사람 - 횡단중,안전운전불이행,건조,맑음,교차로 - 교차로부근,화물,남,60세,상해없음,보행자,여,79세,중상
2023011400100201,2023년 1월 14일 13시,토요일,경상남도 통영시 광도면,경상사고,0,0,1,0,차대차 - 기타,안전거리미확보,젖음/습기,흐림,단일로 - 기타,화물,남,63세,상해없음,승용,남,50세,경상
2023011400100202,2023년 1월 14일 13시,토요일,경상남도 거제시 장평동,경상사고,0,0,1,0,차대차 - 측면충돌,안전운전불이행,건조,맑음,교차로 - 교차로안,승용,여,32세,상해없음,이륜,남,25세,경상
2023011400100226,2023년 1월 14일 14시,토요일,경상남도 통영시 동호동,경상사고,0,0,3,0,차대차 - 측면충돌,직진우회전진행방해,건조,맑음,교차로 - 교차로안,승용,남,40세,경상,화물,남,31세,경상
2023011400100281,2023년 1월 14일 16시,토요일,경상남도 통영시 광도면,중상사고,0,1,0,0,차대차 - 측면충돌,신호위반,젖음/습기,흐림,교차로 - 교차로안,승용,여,41세,상해없음,승용,남,53세,중상
2023011400100311,2023년 1월 14일 17시,토요일,경상남도 창원시 진해구 용원동,중상사고,0,1,1,0,차대차 - 추돌,안전운전불이행,젖음/습기,비,단일로 - 교량,승용,남,50세,경상,승용,남,32세,중상
2023011400100312,2023년 1월 14일 17시,토요일,경상남도 통영시 광도면,경상사고,0,0,1,0,차대차 - 측면충돌,불법유턴,젖음/습기,흐림,단일로 - 기타,화물,남,52세,상해없음,승용,남,37세,경상
2023011400100313,2023년 1월 14일 17시,토요일,경상남도 김해시 대동면,경상사고,0,0,1,0,차대사람 - 기타,안전운전불이행,젖음/습기,흐림,단일로 - 기타,승용,여,58세,상해없음,보행자,남,36세,경상
2023011400100365,2023년 1월 14일 18시,토요일,경상남도 창원시 진해구 석동,중상사고,0,1,0,0,차대사람 - 횡단중,신호위반,건조,흐림,기타 - 기타,승용,여,54세,상해없음,보행자,여,44세,중상
2023011400100366,2023년 1월 14일 18시,토요일,경상남도 김해시 안동,경상사고,0,0,1,0,차대사람 - 기타,안전운전불이행,젖음/습기,흐림,주차장 - 주차장,승용,남,41세,상해없음,보행자,남,64세,경상
2023011400100407,2023년 1월 14일 19시,토요일,경상남도 진주시 상평동,중상사고,0,1,0,0,차대차 - 측면충돌,안전운전불이행,젖음/습기,비,교차로 - 교차로안,이륜,남,48세,중상,화물,남,64세,상해없음
2023011400100408,2023년 1월 14일 19시,토요일,경상남도 진주시 정촌면,중상사고,0,1,0,0,차대차 - 추돌,안전운전불이행,젖음/습기,비,교차로 - 교차로안,화물,남,63세,상해없음,승용,남,24세,상해없음
2023011400100409,2023년 1월 14일 19시,토요일,경상남도 양산시 덕계동,경상사고,0,0,4,0,차대차 - 측면충돌,안전운전불이행,건조,맑음,단일로 - 기타,승용,남,65세,상해없음,승용,남,33세,경상
2023011400100459,2023년 1월 14일 21시,토요일,경상남도 통영시 광도면,중상사고,0,3,0,0,차대차 - 추돌,안전운전불이행,젖음/습기,흐림,단일로 - 기타,승용,남,60세,중상,승용,여,36세,중상
2023011400100460,2023년 1월 14일 21시,토요일,경상남도 산청군 금서면,중상사고,0,1,0,0,차대차 - 측면충돌,교차로운행방법위반,젖음/습기,비,교차로 - 교차로안,승용,남,65세,상해없음,승용,여,50세,중상
2023011400100461,2023년 1월 14일 21시,토요일,경상남도 의령군 가례면,경상사고,0,0,1,0,차대사람 - 길가장자리구역통행중,안전운전불이행,젖음/습기,비,단일로 - 기타,기타불명,기타불명,미분류,기타불명,보행자,남,39세,경상
2023011400100486,2023년 1월 14일 22시,토요일,경상남도 진주시 초전동,중상사고,0,1,0,0,차대사람 - 차도통행중,보행자보호의무위반,젖음/습기,비,교차로 - 교차로횡단보도내,이륜,남,23세,상해없음,보행자,여,16세,중상
2023011500100047,2023년 1월 15일 04시,일요일,경상남도 창원시 마산합포구 해운동,경상사고,0,0,1,0,차대사람 - 횡단중,안전운전불이행,건조,맑음,단일로 - 기타,승용,남,60세,상해없음,보행자,여,65세,경상
2023011500100057,2023년 1월 15일 06시,일요일,경상남도 진주시 문산읍,중상사고,0,1,0,0,차대사람 - 횡단중,보행자보호의무위반,젖음/습기,비,교차로 - 교차로부근,화물,남,57세,상해없음,보행자,남,78세,중상
2023011500100058,2023년 1월 15일 06시,일요일,경상남도 통영시 정량동,경상사고,0,0,1,0,차량단독 - 공작물충돌,안전운전불이행,젖음/습기,흐림,단일로 - 기타,승용,남,62세,경상,,,,
2023011500100059,2023년 1월 15일 06시,일요일,경상남도 김해시 삼계동,경상사고,0,0,1,0,차대차 - 기타,교차로운행방법위반,젖음/습기,비,교차로 - 교차로부근,승용,남,36세,상해없음,승용,여,40세,경상
2023011500100079,2023년 1월 15일 08시,일요일,경상남도 창원시 마산합포구 현동,경상사고,0,0,1,0,차대차 - 측면충돌,신호위반,젖음/습기,비,교차로 - 교차로안,승용,남,70세,상해없음,승용,남,43세,경상
2023011500100123,2023년 1월 15일 11시,일요일,경상남도 거제시 거제면,경상사고,0,0,2,0,차대차 - 측면충돌,안전운전불이행,건조,맑음,기타 - 기타,승합,남,60세,상해없음,승용,남,49세,경상
2023011500100143,2023년 1월 15일 12시,일요일,경상남도 양산시 중부동,경상사고,0,0,3,0,차대차 - 측면충돌,신호위반,건조,맑음,교차로 - 교차로안,화물,여,61세,상해없음,승용,남,48세,경상
2023011500100164,2023년 1월 15일 13시,일요일,경상남도 창원시 의창구 사림동,경상사고,0,0,2,0,차대차 - 기타,안전운전불이행,건조,맑음,기타 - 기타,승합,남,57세,상해없음,승용,여,34세,경상
2023011500100233,2023년 1월 15일 17시,일요일,경상남도 통영시 도천동,중상사고,0,1,0,0,차대차 - 기타,안전거리미확보,건조,맑음,교차로 - 교차로부근,승용,여,69세,기타불명,이륜,남,44세,중상
2023011500100290,2023년 1월 15일 19시,일요일,경상남도 진주시 칠암동,중상사고,0,1,0,0,차대차 - 정면충돌,중앙선침범,건조,맑음,단일로 - 기타,승용,남,64세,상해없음,화물,남,62세,중상
2023011500100291,2023년 1월 15일 19시,일요일,경상남도 창원시 진해구 이동,경상사고,0,0,1,0,차대사람 - 기타,안전운전불이행,건조,맑음,단일로 - 기타,승용,여,51세,상해없음,보행자,남,48세,경상
2023011500100322,2023년 1월 15일 20시,일요일,경상남도 진주시 가좌동,중상사고,0,1,0,1,차대차 - 정면충돌,신호위반,건조,맑음,교차로 - 교차로안,승용,남,28세,상해없음,승용,남,65세,중상
2023011500100343,2023년 1월 15일 21시,일요일,경상남도 밀양시 내이동,중상사고,0,1,0,0,차대차 - 측면충돌,안전운전불이행,건조,맑음,교차로 - 교차로안,승용,남,73세,상해없음,이륜,남,47세,중상
2023011500100344,2023년 1월 15일 21시,일요일,경상남도 밀양시 단장면,부상신고사고,0,0,0,1,차량단독 - 도로외이탈 - 추락,안전운전불이행,건조,맑음,단일로 - 기타,승용,남,19세,상해없음,,,,
2023011500100345,2023년 1월 15일 21시,일요일,경상남도 김해시 대청동,경상사고,0,0,1,0,차대차 - 측면충돌,불법유턴,건조,맑음,단일로 - 기타,승용,남,43세,상해없음,이륜,남,37세,경상
2023011500100385,2023년 1월 15일 23시,일요일,경상남도 창원시 진해구 석동,경상사고,0,0,1,0,차대차 - 측면충돌,신호위반,건조,맑음,교차로 - 교차로안,승용,남,54세,상해없음,승용,남,51세,경상
2023011600100034,2023년 1월 16일 05시,월요일,경상남도 김해시 주촌면,경상사고,0,0,2,0,차대차 - 측면충돌,신호위반,건조,맑음,교차로 - 교차로안,이륜,남,36세,경상,화물,남,83세,경상
2023011600100048,2023년 1월 16일 06시,월요일,경상남도 김해시 외동,경상사고,0,0,1,0,차대사람 - 횡단중,안전운전불이행,건조,맑음,단일로 - 기타,승용,남,43세,상해없음,보행자,여,55세,경상
2023011600100106,2023년 1월 16일 08시,월요일,경상남도 양산시 교동,경상사고,0,0,2,0,차대차 - 측면충돌,안전운전불이행,건조,맑음,교차로 - 교차로안,승용,여,52세,상해없음,승용,남,43세,경상
2023011600100126,2023년 1월 16일 09시,월요일,경상남도 거창군 남하면,중상사고,0,1,0,0,차대차 - 정면충돌,안전운전불이행,건조,맑음,단일로 - 기타,승용,여,55세,상해없음,건설기계,남,28세,상해없음
2023011600100127,2023년 1월 16일 09시,월요일,경상남도 창원시 의창구 명서동,경상사고,0,0,1,0,차대차 - 측면충돌,신호위반,건조,맑음,교차로 - 교차로안,화물,남,46세,상해없음,승합,남,30세,경상
2023011600100156,2023년 1월 16일 10시,월요일,경상남도 창원시 마산합포구 남성동,경상사고,0,0,1,0,차량단독 - 기타,안전운전불이행,건조,맑음,단일로 - 기타,기타불명,기타불명,미분류,기타불명,,,,
2023011600100157,2023년 1월 16일 10시,월요일,경상남도 김해시 삼계동,경상사고,0,0,1,0,차대차 - 측면충돌,안전운전불이행,건조,맑음,교차로 - 교차로안,승용,여,57세,상해없음,승용,남,32세,경상
2023011600100158,2023년 1월 16일 10시,월요일,경상남도 김해시 외동,경상사고,0,0,1,0,차대차 - 측면충돌,안전운전불이행,건조,맑음,단일로 - 기타,승용,남,66세,상해없음,이륜,남,36세,경상
2023011600100159,2023년 1월 16일 10시,월요일,경상남도 창원시 의창구 중동,중상사고,0,1,0,0,차대사람 - 횡단중,보행자보호의무위반,건조,맑음,교차로 - 교차로횡단보도내,승용,남,67세,상해없음,보행자,여,84세,중상