사고번호,사고일시,요일,시군구,사고내용,사망자수,중상자수,경상자수,부상신고자수,사고유형,법규위반,노면상태,기상상태,도로형태,가해운전자 차종,가해운전자 성별,가해운전자 연령,가해운전자 상해정도,피해운전자 차종,피해운전자 성별,피해운전자 연령,피해운전자 상해정도
2023011600100185,2023년 1월 16일 11시,월요일,경상남도 진주시 봉곡동,중상사고,0,1,0,0,차대사람 - 횡단중,보행자보호의무위반,건조,맑음,교차로 - 교차로횡단보도내,화물,남,61세,상해없음,보행자,남,75세,중상
2023011600100186,2023년 1월 16일 11시,월요일,경상남도 함양군 안의면,경상사고,0,0,2,0,차량단독 - 도로외이탈 - 기타,안전운전불이행,건조,맑음,단일로 - 기타,승합,남,30세,경상,,,,
2023011600100187,2023년 1월 16일 11시,월요일,경상남도 양산시 덕계동,중상사고,0,1,0,0,차대사람 - 횡단중,안전운전불이행,건조,맑음,교차로 - 교차로부근,화물,남,42세,상해없음,보행자,여,68세,중상
2023011600100188,2023년 1월 16일 11시,월요일,경상남도 창원시 의창구 북면,경상사고,0,0,2,0,차대차 - 후진중충돌,중앙선침범,건조,맑음,교차로 - 교차로부근,승용,여,64세,기타불명,승용,여,32세,경상
2023011600100189,2023년 1월 16일 11시,월요일,경상남도 창원시 의창구 중동,경상사고,0,0,1,0,차대차 - 추돌,안전거리미확보,건조,맑음,교차로 - 교차로부근,화물,남,68세,상해없음,승용,여,36세,경상
2023011600100222,2023년 1월 16일 12시,월요일,경상남도 통영시 도남동,중상사고,0,1,0,0,차량단독 - 기타,안전거리미확보,건조,맑음,단일로 - 기타,승합,남,50세,상해없음,,,,
2023011600100223,2023년 1월 16일 12시,월요일,경상남도 사천시 용현면,경상사고,0,0,1,0,차대차 - 측면충돌,신호위반,건조,맑음,교차로 - 교차로안,승용,남,66세,상해없음,승용,남,45세,경상
2023011600100224,2023년 1월 16일 12시,월요일,경상남도 창원시 마산회원구 내서읍,중상사고,0,1,0,0,차량단독 - 기타,안전운전불이행,건조,맑음,기타 - 기타,승합,남,60세,상해없음,,,,
2023011600100225,2023년 1월 16일 12시,월요일,경상남도 창원시 의창구 소계동,중상사고,0,1,0,0,차대사람 - 횡단중,안전운전불이행,건조,맑음,교차로 - 교차로안,승용,남,49세,상해없음,보행자,여,65세,중상
2023011600100245,2023년 1월 16일 13시,월요일,경상남도 양산시 물금읍,부상신고사고,0,0,0,1,차대차 - 측면충돌,안전운전불이행,건조,맑음,주차장 - 주차장,승용,여,27세,상해없음,승용,여,29세,부상신고
2023011600100246,2023년 1월 16일 13시,월요일,경상남도 거제시 상동동,경상사고,0,0,1,0,차대차 - 추돌,안전운전불이행,건조,맑음,기타 - 기타,승용,남,44세,상해없음,승용,여,49세,경상
2023011600100314,2023년 1월 16일 15시,월요일,경상남도 창원시 진해구 장천동,경상사고,0,0,2,0,차대차 - 기타,안전거리미확보,건조,맑음,기타 - 기타,화물,남,53세,상해없음,승용,남,33세,경상
2023011600100315,2023년 1월 16일 15시,월요일,경상남도 사천시 사천읍,경상사고,0,0,1,0,차대사람 - 횡단중,보행자보호의무위반,건조,맑음,교차로 - 교차로횡단보도내,승용,남,75세,상해없음,보행자,남,33세,경상
2023011600100353,2023년 1월 16일 16시,월요일,경상남도 진주시 초전동,중상사고,0,2,0,0,차대차 - 추돌,안전운전불이행,건조,맑음,단일로 - 기타,화물,남,66세,상해없음,승용,여,37세,중상
2023011600100354,2023년 1월 16일 16시,월요일,경상남도 김해시 어방동,경상사고,0,0,1,0,차대차 - 측면충돌,안전운전불이행,건조,맑음,단일로 - 기타,승용,남,62세,상해없음,승용,여,50세,경상
2023011600100355,2023년 1월 16일 16시,월요일,경상남도 양산시 남부동,경상사고,0,0,1,0,차대차 - 정면충돌,안전운전불이행,건조,맑음,교차로 - 교차로안,승용,남,64세,기타불명,승용,여,53세,경상
2023011600100356,2023년 1월 16일 16시,월요일,경상남도 거제시 하청면,중상사고,0,1,1,0,차대차 - 기타,안전운전불이행,건조,맑음,단일로 - 기타,농기계,남,87세,경상,승용,남,67세,상해없음
2023011600100357,2023년 1월 16일 16시,월요일,경상남도 김해시 흥동,경상사고,0,0,2,0,차대차 - 측면충돌,안전운전불이행,건조,맑음,단일로 - 기타,승용,남,64세,상해없음,승용,여,60세,경상
2023011600100394,2023년 1월 16일 17시,월요일,경상남도 통영시 무전동,경상사고,0,0,1,0,차대차 - 추돌,안전거리미확보,건조,맑음,단일로 - 기타,승용,여,50세,상해없음,승용,여,48세,경상
2023011600100434,2023년 1월 16일 18시,월요일,경상남도 창원시 마산합포구 진동면,사망사고,1,0,0,0,차대사람 - 기타,안전운전불이행,건조,맑음,교차로 - 교차로부근,화물,남,72세,상해없음,보행자,남,85세,사망
2023011600100435,2023년 1월 16일 18시,월요일,경상남도 김해시 외동,경상사고,0,0,1,0,차대차 - 측면충돌,안전운전불이행,건조,맑음,교차로 - 교차로횡단보도내,개인형이동수단(PM),남,16세,경상,승용,여,62세,상해없음
2023011600100436,2023년 1월 16일 18시,월요일,경상남도 창녕군 대지면,중상사고,0,3,0,0,차대차 - 측면충돌,안전운전불이행,건조,맑음,단일로 - 기타,승용,여,36세,중상,화물,남,41세,중상
2023011600100437,2023년 1월 16일 18시,월요일,경상남도 창원시 마산회원구 양덕동,경상사고,0,0,1,0,차대차 - 기타,안전운전불이행,건조,맑음,교차로 - 교차로부근,승용,남,65세,상해없음,승용,여,41세,경상
2023011600100438,2023년 1월 16일 18시,월요일,경상남도 창원시 의창구 팔용동,중상사고,0,1,0,0,차대사람 - 기타,보행자보호의무위반,건조,맑음,교차로 - 교차로횡단보도내,승용,여,62세,상해없음,보행자,여,27세,중상
2023011600100439,2023년 1월 16일 18시,월요일,경상남도 김해시 무계동,경상사고,0,0,3,0,차대차 - 추돌,안전운전불이행,건조,맑음,단일로 - 기타,화물,남,58세,상해없음,승용,여,33세,경상
2023011600100482,2023년 1월 16일 19시,월요일,경상남도 창원시 의창구 도계동,경상사고,0,0,1,0,차대차 - 정면충돌,신호위반,건조,맑음,교차로 - 교차로안,이륜,남,24세,상해없음,이륜,남,48세,경상
2023011700100020,2023년 1월 17일 03시,화요일,경상남도 함양군 유림면,사망사고,1,0,0,0,차대차 - 정면충돌,중앙선침범,건조,맑음,단일로 - 기타,승용,남,71세,사망,화물,남,43세,기타불명
2023011700100075,2023년 1월 17일 08시,화요일,경상남도 창원시 의창구 북면,경상사고,0,0,2,0,차대차 - 측면충돌,안전운전불이행,건조,맑음,교차로 - 교차로안,승용,남,54세,상해없음,승용,여,46세,경상
2023011700100099,2023년 1월 17일 09시,화요일,경상남도 함양군 안의면,중상사고,0,1,0,0,차대차 - 정면충돌,교차로운행방법위반,건조,맑음,교차로 - 교차로안,개인형이동수단(PM),남,77세,중상,승용,남,24세,상해없음
2023011700100100,2023년 1월 17일 09시,화요일,경상남도 김해시 신문동,경상사고,0,0,1,0,차대차 - 정면충돌,안전운전불이행,건조,맑음,교차로 - 교차로안,승용,여,66세,상해없음,승용,여,37세,경상
2023011700100130,2023년 1월 17일 10시,화요일,경상남도 김해시 외동,경상사고,0,0,2,0,차대차 - 추돌,안전거리미확보,건조,맑음,교차로 - 교차로안,화물,남,34세,상해없음,승용,남,47세,경상
2023011700100131,2023년 1월 17일 10시,화요일,경상남도 김해시 삼정동,경상사고,0,0,1,0,차대차 - 측면충돌,직진우회전진행방해,건조,맑음,교차로 - 교차로안,승용,남,62세,상해없음,승용,남,41세,경상
2023011700100153,2023년 1월 17일 11시,화요일,경상남도 의령군 지정면,경상사고,0,0,1,0,차대차 - 측면충돌,안전운전불이행,건조,맑음,단일로 - 기타,승용,남,62세,상해없음,화물,남,52세,경상
2023011700100154,2023년 1월 17일 11시,화요일,경상남도 김해시 진영읍,경상사고,0,0,1,0,차대차 - 기타,안전운전불이행,건조,맑음,단일로 - 기타,승용,남,53세,상해없음,자전거,남,13세,경상
2023011700100183,2023년 1월 17일 12시,화요일,경상남도 산청군 금서면,경상사고,0,0,2,0,차대차 - 기타,안전운전불이행,건조,맑음,교차로 - 교차로안,승용,남,60세,경상,화물,남,50세,경상
2023011700100201,2023년 1월 17일 13시,화요일,경상남도 창원시 마산합포구 서성동,중상사고,0,1,0,0,차대사람 - 횡단중,신호위반,건조,맑음,교차로 - 교차로횡단보도내,이륜,남,43세,상해없음,보행자,여,51세,중상
2023011700100202,2023년 1월 17일 13시,화요일,경상남도 합천군 삼가면,경상사고,0,0,1,0,차대사람 - 길가장자리구역통행중,안전운전불이행,건조,맑음,교차로 - 교차로부근,승용,남,76세,상해없음,보행자,여,69세,경상
2023011700100234,2023년 1월 17일 14시,화요일,경상남도 창원시 진해구 동상동,경상사고,0,0,1,0,차대사람 - 기타,안전운전불이행,건조,맑음,단일로 - 기타,승합,남,63세,상해없음,보행자,여,63세,경상
2023011700100235,2023년 1월 17일 14시,화요일,경상남도 김해시 삼정동,중상사고,0,1,0,0,차대차 - 측면충돌,기타,건조,맑음,교차로 - 교차로안,승합,남,36세,상해없음,이륜,남,53세,중상
2023011700100236,2023년 1월 17일 14시,화요일,경상남도 함안군 가야읍,경상사고,0,0,1,0,차대차 - 측면충돌,신호위반,건조,맑음,교차로 - 교차로안,승용,남,25세,상해없음,승용,남,30세,경상
2023011700100237,2023년 1월 17일 14시,화요일,경상남도 김해시 삼문동,경상사고,0,0,1,0,차대차 - 측면충돌,안전운전불이행,건조,맑음,교차로 - 교차로안,승용,남,68세,상해없음,자전거,남,10세,경상
2023011700100238,2023년 1월 17일 14시,화요일,경상남도 사천시 곤양면,사망사고,1,1,1,0,차대차 - 추돌,안전운전불이행,건조,맑음,단일로 - 기타,화물,남,75세,사망,화물,남,42세,경상
2023011700100266,2023년 1월 17일 15시,화요일,경상남도 밀양시 산내면,경상사고,0,0,2,0,차대차 - 측면충돌,교차로운행방법위반,건조,맑음,교차로 - 교차로안,승용,여,60세,경상,화물,남,67세,경상
2023011700100267,2023년 1월 17일 15시,화요일,경상남도 밀양시 상남면,경상사고,0,0,2,0,차대차 - 추돌,안전운전불이행,건조,맑음,교차로 - 교차로부근,승용,남,61세,상해없음,승용,남,56세,경상
2023011700100268,2023년 1월 17일 15시,화요일,경상남도 창원시 의창구 팔용동,중상사고,0,1,0,0,차대차 - 측면충돌,차로위반,건조,맑음,교차로 - 교차로부근,승용,남,69세,상해없음,화물,남,42세,중상
2023011700100288,2023년 1월 17일 16시,화요일,경상남도 함양군 함양읍,중상사고,0,1,0,2,차대차 - 측면충돌,안전운전불이행,건조,맑음,교차로 - 교차로부근,승용,남,78세,상해없음,승용,여,65세,상해없음
2023011700100289,2023년 1월 17일 16시,화요일,경상남도 양산시 중부동,경상사고,0,0,1,0,차대차 - 측면충돌,신호위반,건조,맑음,교차로 - 교차로안,승용,남,59세,상해없음,승용,여,60세,경상
2023011700100290,2023년 1월 17일 16시,화요일,경상남도 고성군 동해면,경상사고,0,0,1,0,차대차 - 측면충돌,교차로운행방법위반,건조,맑음,교차로 - 교차로안,화물,남,69세,상해없음,이륜,남,40세,경상
2023011700100291,2023년 1월 17일 16시,화요일,경상남도 산청군 삼장면,사망사고,1,0,0,0,차대차 - 기타,중앙선침범,건조,맑음,단일로 - 기타,승합,남,51세,상해없음,자전거,남,70세,사망
2023011700100317,2023년 1월 17일 17시,화요일,경상남도 사천시 사천읍,경상사고,0,0,1,0,차대차 - 기타,안전거리미확보,건조,맑음,단일로 - 기타,승합,남,47세,상해없음,승용,여,65세,상해없음
2023011700100318,2023년 1월 17일 17시,화요일,경상남도 남해군 이동면,중상사고,0,1,0,1,차대사람 - 차도통행중,안전운전불이행,건조,맑음,단일로 - 기타,승용,여,59세,부상신고,보행자,여,75세,중상
2023011700100319,2023년 1월 17일 17시,화요일,경상남도 창원시 의창구 봉곡동,중상사고,0,1,0,0,차대사람 - 기타,교차로운행방법위반,건조,맑음,교차로 - 교차로부근,승용,남,64세,상해없음,보행자,남,61세,중상
2023011700100365,2023년 1월 17일 18시,화요일,경상남도 밀양시 삼문동,경상사고,0,0,1,0,차대사람 - 보도통행중,기타,건조,맑음,단일로 - 기타,이륜,남,51세,상해없음,보행자,여,13세,경상
2023011700100366,2023년 1월 17일 18시,화요일,경상남도 창원시 의창구 서상동,중상사고,0,1,0,0,차대차 - 기타,신호위반,건조,맑음,교차로 - 교차로안,이륜,남,19세,상해없음,이륜,남,42세,중상
2023011700100367,2023년 1월 17일 18시,화요일,경상남도 김해시 삼문동,경상사고,0,0,2,0,차대차 - 측면충돌,중앙선침범,건조,맑음,단일로 - 기타,승합,여,66세,상해없음,승용,여,38세,경상
2023011700100435,2023년 1월 17일 20시,화요일,경상남도 김해시 내동,중상사고,0,1,0,0,차대차 - 측면충돌,안전운전불이행,건조,맑음,교차로 - 교차로부근,이륜,남,36세,중상,승용,남,25세,상해없음
2023011700100480,2023년 1월 17일 23시,화요일,경상남도 창원시 성산구 남양동,경상사고,0,0,1,0,차대차 - 추돌,안전운전불이행,건조,맑음,교차로 - 교차로부근,이륜,남,27세,상해없음,승용,남,44세,경상
2023011800100050,2023년 1월 18일 06시,수요일,경상남도 사천시 용현면,중상사고,0,1,1,0,차대차 - 추돌,안전운전불이행,건조,맑음,단일로 - 기타,화물,남,50세,중상,건설기계,남,61세,경상
2023011800100051,2023년 1월 18일 06시,수요일,경상남도 함안군 산인면,중상사고,0,1,0,0,차대차 - 기타,안전운전불이행,건조,맑음,단일로 - 기타,화물,남,60세,상해없음,승합,남,66세,중상
2023011800100072,2023년 1월 18일 07시,수요일,경상남도 사천시 사천읍,경상사고,0,0,2,0,차대차 - 측면충돌,신호위반,건조,맑음,교차로 - 교차로안,승용,여,27세,경상,승용,여,50세,경상
2023011800100173,2023년 1월 18일 11시,수요일,경상남도 창원시 진해구 이동,중상사고,0,1,0,0,차대차 - 기타,직진우회전진행방해,건조,맑음,교차로 - 교차로안,승용,여,61세,상해없음,자전거,남,68세,중상
2023011800100174,2023년 1월 18일 11시,수요일,경상남도 양산시 동면,경상사고,0,0,1,0,차대차 - 추돌,안전운전불이행,건조,맑음,교차로 - 교차로안,화물,남,61세,기타불명,승용,여,55세,경상
2023011800100205,2023년 1월 18일 12시,수요일,경상남도 사천시 사남면,경상사고,0,0,3,0,차대차 - 추돌,안전운전불이행,건조,맑음,단일로 - 기타,원동기,남,79세,경상,승용,여,33세,경상
2023011800100234,2023년 1월 18일 13시,수요일,경상남도 창원시 진해구 석동,경상사고,0,0,1,0,차대차 - 추돌,안전운전불이행,건조,맑음,기타 - 기타,승용,남,50세,상해없음,승용,여,51세,경상
2023011800100235,2023년 1월 18일 13시,수요일,경상남도 의령군 부림면,중상사고,0,1,2,0,차대차 - 측면충돌,직진우회전진행방해,건조,맑음,교차로 - 교차로안,승용,남,75세,중상,승용,여,45세,경상
2023011800100272,2023년 1월 18일 14시,수요일,경상남도 하동군 진교면,경상사고,0,0,1,0,차대차 - 측면충돌,신호위반,건조,맑음,교차로 - 교차로안,승용,남,56세,상해없음,승용,여,62세,경상
2023011800100304,2023년 1월 18일 15시,수요일,경상남도 창원시 진해구 남양동,경상사고,0,0,1,0,차대차 - 측면충돌,차로위반,건조,맑음,단일로 - 기타,건설기계,남,56세,상해없음,승용,남,31세,경상
2023011800100305,2023년 1월 18일 15시,수요일,경상남도 사천시 사천읍,경상사고,0,0,1,0,차대차 - 기타,안전운전불이행,건조,맑음,단일로 - 기타,승용,여,41세,상해없음,승용,여,51세,경상
2023011800100331,2023년 1월 18일 16시,수요일,경상남도 창원시 마산합포구 부림동,경상사고,0,0,1,0,차량단독 - 기타,안전운전불이행,건조,흐림,단일로 - 기타,승합,남,41세,상해없음,,,,
2023011800100332,2023년 1월 18일 16시,수요일,경상남도 거창군 남상면,중상사고,0,1,0,0,차대차 - 기타,안전운전불이행,건조,맑음,기타 - 기타,승용,남,73세,상해없음,화물,남,49세,상해없음
2023011800100375,2023년 1월 18일 17시,수요일,경상남도 창원시 성산구 사파동,중상사고,0,1,0,0,차대사람 - 기타,안전운전불이행,건조,맑음,기타 - 기타,승합,남,58세,상해없음,보행자,남,27세,중상
2023011800100406,2023년 1월 18일 18시,수요일,경상남도 창원시 진해구 자은동,중상사고,0,1,0,0,차대차 - 정면충돌,신호위반,건조,맑음,교차로 - 교차로안,승용,여,23세,상해없음,이륜,남,63세,중상
2023011800100407,2023년 1월 18일 18시,수요일,경상남도 창원시 진해구 태백동,경상사고,0,0,1,0,차대차 - 측면충돌,차로위반,건조,맑음,교차로 - 교차로부근,승용,남,53세,상해없음,승용,여,49세,경상
2023011800100448,2023년 1월 18일 19시,수요일,경상남도 창원시 진해구 석동,중상사고,0,1,0,0,차대차 - 기타,안전운전불이행,건조,맑음,단일로 - 기타,승용,남,62세,상해없음,이륜,남,43세,중상
2023011800100473,2023년 1월 18일 20시,수요일,경상남도 사천시 향촌동,중상사고,0,1,0,0,차대사람 - 횡단중,보행자보호의무위반,건조,맑음,단일로 - 기타,승용,여,46세,상해없음,보행자,여,16세,중상
2023011800100531,2023년 1월 18일 23시,수요일,경상남도 창원시 성산구 반지동,중상사고,0,1,0,0,차대차 - 기타,신호위반,건조,맑음,교차로 - 교차로안,승용,남,33세,상해없음,이륜,남,24세,중상
2023011900100006,2023년 1월 19일 00시,목요일,경상남도 합천군 합천읍,경상사고,0,0,1,0,차대사람 - 기타,안전운전불이행,건조,맑음,교차로 - 교차로횡단보도내,화물,남,40세,상해없음,보행자,남,38세,경상
2023011900100007,2023년 1월 19일 00시,목요일,경상남도 양산시 동면,경상사고,0,0,1,0,차대차 - 추돌,안전운전불이행,건조,기타,기타 - 기타,승용,남,38세,상해없음,승용,남,23세,경상
2023011900100008,2023년 1월 19일 00시,목요일,경상남도 거제시 거제면,중상사고,0,1,0,0,차량단독 - 전도전복 - 전복,안전운전불이행,건조,맑음,단일로 - 기타,승용,남,35세,중상,,,,
2023011900100063,2023년 1월 19일 07시,목요일,경상남도 통영시 광도면,경상사고,0,0,1,0,차대차 - 추돌,안전거리미확보,건조,맑음,교차로 - 교차로부근,화물,남,59세,상해없음,승용,남,42세,경상
2023011900100085,2023년 1월 19일 08시,목요일,경상남도 고성군 고성읍,중상사고,0,1,0,0,차대사람 - 횡단중,안전운전불이행,건조,맑음,교차로 - 교차로부근,승용,여,62세,상해없음,보행자,여,79세,중상
2023011900100086,2023년 1월 19일 08시,목요일,경상남도 산청군 신안면,경상사고,0,0,1,0,차량단독 - 기타,안전운전불이행,건조,맑음,단일로 - 기타,승용,여,44세,경상,,,,
2023011900100087,2023년 1월 19일 08시,목요일,경상남도 산청군 신안면,경상사고,0,0,1,0,차대차 - 추돌,안전거리미확보,건조,맑음,단일로 - 기타,승용,여,51세,상해없음,승용,남,54세,상해없음
2023011900100119,2023년 1월 19일 09시,목요일,경상남도 창원시 마산합포구 동성동,중상사고,0,1,0,0,차대사람 - 기타,기타,건조,맑음,교차로 - 교차로횡단보도내,승합,남,43세,상해없음,보행자,여,85세,중상
2023011900100143,2023년 1월 19일 10시,목요일,경상남도 고성군 고성읍,중상사고,0,2,1,0,차대사람 - 기타,안전운전불이행,건조,맑음,단일로 - 기타,승용,여,60세,경상,보행자,남,65세,중상
2023011900100169,2023년 1월 19일 11시,목요일,경상남도 사천시 좌룡동,중상사고,0,1,0,0,차대차 - 기타,안전운전불이행,건조,맑음,교차로 - 교차로부근,승용,여,51세,상해없음,승용,남,44세,중상
2023011900100170,2023년 1월 19일 11시,목요일,경상남도 사천시 사천읍,경상사고,0,0,4,0,차대차 - 추돌,안전운전불이행,건조,맑음,교차로 - 교차로부근,화물,남,54세,상해없음,승용,남,42세,경상
2023011900100222,2023년 1월 19일 13시,목요일,경상남도 양산시 삼호동,중상사고,0,1,0,0,차대사람 - 보도통행중,안전운전불이행,건조,맑음,단일로 - 기타,승용,여,69세,상해없음,보행자,남,62세,중상
2023011900100223,2023년 1월 19일 13시,목요일,경상남도 창원시 마산회원구 구암동,중상사고,0,1,0,0,차대사람 - 횡단중,보행자보호의무위반,건조,맑음,기타 - 기타,화물,남,45세,상해없음,보행자,남,64세,중상
2023011900100246,2023년 1월 19일 14시,목요일,경상남도 창원시 마산합포구 상남동,경상사고,0,0,1,0,차대차 - 후진중충돌,안전운전불이행,건조,맑음,단일로 - 기타,승용,남,73세,상해없음,승용,여,36세,경상
2023011900100247,2023년 1월 19일 14시,목요일,경상남도 창원시 진해구 석동,경상사고,0,0,1,0,차대차 - 기타,기타,건조,맑음,기타 - 기타,승용,남,59세,경상,화물,남,58세,상해없음
2023011900100248,2023년 1월 19일 14시,목요일,경상남도 거창군 거창읍,경상사고,0,0,1,0,차대차 - 측면충돌,안전거리미확보,건조,맑음,단일로 - 기타,건설기계,남,65세,상해없음,화물,여,66세,경상
2023011900100249,2023년 1월 19일 14시,목요일,경상남도 창원시 의창구 소계동,경상사고,0,0,1,0,차대사람 - 차도통행중,안전운전불이행,건조,맑음,교차로 - 교차로부근,승용,남,78세,기타불명,보행자,남,74세,경상
2023011900100283,2023년 1월 19일 15시,목요일,경상남도 김해시 율하동,경상사고,0,0,2,0,차대차 - 정면충돌,신호위반,건조,맑음,교차로 - 교차로안,승용,여,35세,경상,승용,여,39세,경상
2023011900100351,2023년 1월 19일 17시,목요일,경상남도 밀양시 삼문동,경상사고,0,0,1,0,차대사람 - 횡단중,안전운전불이행,건조,맑음,단일로 - 기타,승용,여,52세,상해없음,보행자,남,51세,경상
2023011900100352,2023년 1월 19일 17시,목요일,경상남도 양산시 동면,경상사고,0,0,1,0,차대차 - 기타,안전운전불이행,건조,맑음,단일로 - 기타,승용,남,23세,상해없음,승용,남,49세,경상
2023011900100403,2023년 1월 19일 18시,목요일,경상남도 창원시 진해구 자은동,경상사고,0,0,1,0,차대사람 - 횡단중,안전운전불이행,건조,맑음,기타 - 기타,승용,여,55세,상해없음,보행자,여,44세,경상
2023011900100404,2023년 1월 19일 18시,목요일,경상남도 창녕군 부곡면,중상사고,0,1,0,0,차대차 - 추돌,안전운전불이행,건조,맑음,교차로 - 교차로안,화물,남,79세,상해없음,승용,남,52세,상해없음
2023011900100479,2023년 1월 19일 20시,목요일,경상남도 사천시 노룡동,경상사고,0,0,1,0,차대차 - 측면충돌,안전운전불이행,건조,맑음,단일로 - 기타,화물,남,38세,상해없음,승용,남,58세,경상
2023011900100480,2023년 1월 19일 20시,목요일,경상남도 양산시 동면,경상사고,0,0,1,0,차대차 - 측면충돌,안전운전불이행,건조,맑음,교차로 - 교차로안,승용,여,45세,상해없음,승용,남,31세,경상
2023011900100510,2023년 1월 19일 21시,목요일,경상남도 거제시 문동동,경상사고,0,0,1,0,차대차 - 기타,안전운전불이행,건조,맑음,교차로 - 교차로부근,이륜,남,64세,경상,승용,여,60세,상해없음
2023011900100531,2023년 1월 19일 22시,목요일,경상남도 밀양시 부북면,경상사고,0,0,1,0,차대사람 - 횡단중,안전운전불이행,건조,맑음,주차장 - 주차장,승용,남,57세,상해없음,보행자,남,32세,경상
2023011900100555,2023년 1월 19일 23시,목요일,경상남도 통영시 무전동,경상사고,0,0,1,0,차대사람 - 기타,안전운전불이행,건조,맑음,단일로 - 기타,승용,남,45세,상해없음,보행자,남,25세,경상
2023011900100556,2023년 1월 19일 23시,목요일,경상남도 거제시 고현동,경상사고,0,0,1,0,차대사람 - 기타,안전운전불이행,건조,맑음,단일로 - 기타,승용,남,26세,상해없음,보행자,남,58세,경상
2023012000100055,2023년 1월 20일 06시,금요일,경상남도 양산시 하북면,경상사고,0,0,1,0,차대차 - 기타,안전운전불이행,젖음/습기,맑음,단일로 - 기타,승용,남,38세,상해없음,화물,남,67세,경상
2023012000100061,2023년 1월 20일 06시,금요일,경상남도 통영시 광도면,중상사고,0,1,0,0,차대사람 - 기타,안전운전불이행,건조,맑음,단일로 - 기타,승용,남,58세,기타불명,보행자,여,77세,중상
2023012000100094,2023년 1월 20일 08시,금요일,경상남도 양산시 동면,중상사고,0,1,0,0,차대차 - 추돌,안전거리미확보,건조,맑음,단일로 - 기타,승용,여,54세,상해없음,승용,남,43세,중상
2023012000100095,2023년 1월 20일 08시,금요일,경상남도 양산시 동면,부상신고사고,0,0,0,1,차대차 - 측면충돌,차로위반,건조,맑음,단일로 - 기타,승용,남,22세,상해없음,승용,여,32세,부상신고
2023012000100126,2023년 1월 20일 09시,금요일,경상남도 창원시 마산합포구 장군동5가,중상사고,0,1,0,0,차대사람 - 횡단중,보행자보호의무위반,건조,맑음,교차로 - 교차로횡단보도내,승용,여,52세,상해없음,보행자,남,68세,중상
2023012000100127,2023년 1월 20일 09시,금요일,경상남도 밀양시 삼문동,경상사고,0,0,1,2,차대차 - 측면충돌,직진우회전진행방해,건조,맑음,교차로 - 교차로안,승용,남,80세,부상신고,승용,남,59세,경상
2023012000100165,2023년 1월 20일 10시,금요일,경상남도 통영시 북신동,중상사고,0,1,0,0,차대사람 - 기타,안전운전불이행,건조,맑음,교차로 - 교차로안,사륜오토바이(ATV),남,67세,상해없음,보행자,여,70세,중상
2023012000100166,2023년 1월 20일 10시,금요일,경상남도 창원시 의창구 팔용동,경상사고,0,0,1,0,차대차 - 측면충돌,교차로운행방법위반,건조,맑음,교차로 - 교차로안,화물,남,54세,상해없음,자전거,여,75세,경상
2023012000100167,2023년 1월 20일 10시,금요일,경상남도 창원시 의창구 도계동,경상사고,0,0,2,0,차대차 - 측면충돌,교차로운행방법위반,건조,맑음,교차로 - 교차로안,화물,남,71세,상해없음,승용,여,45세,경상
2023012000100168,2023년 1월 20일 10시,금요일,경상남도 창원시 의창구 동읍,경상사고,0,0,1,0,차대차 - 정면충돌,중앙선침범,건조,맑음,단일로 - 기타,승합,남,65세,상해없음,화물,남,28세,경상
2023012000100207,2023년 1월 20일 11시,금요일,경상남도 창원시 마산합포구 월영동,사망사고,1,0,0,0,차대차 - 기타,안전운전불이행,건조,맑음,단일로 - 기타,승합,남,52세,상해없음,이륜,남,46세,상해없음
2023012000100247,2023년 1월 20일 12시,금요일,경상남도 김해시 부원동,중상사고,0,1,0,0,차대차 - 측면충돌,안전운전불이행,건조,맑음,교차로 - 교차로안,승합,남,49세,상해없음,자전거,여,67세,중상
2023012000100248,2023년 1월 20일 12시,금요일,경상남도 창원시 마산회원구 양덕동,경상사고,0,0,1,0,차대차 - 추돌,안전운전불이행,건조,맑음,단일로 - 기타,승용,남,41세,기타불명,화물,남,40세,경상
2023012000100266,2023년 1월 20일 13시,금요일,경상남도 밀양시 상동면,중상사고,0,1,3,3,차대차 - 추돌,안전거리미확보,건조,맑음,단일로 - 터널,승용,남,29세,중상,승용,남,51세,부상신고
2023012000100283,2023년 1월 20일 13시,금요일,경상남도 창원시 마산합포구 신포동2가,중상사고,0,1,0,0,차대차 - 추돌,안전거리미확보,건조,맑음,교차로 - 교차로부근,원동기,남,45세,중상,승용,여,43세,상해없음
2023012000100326,2023년 1월 20일 14시,금요일,경상남도 통영시 광도면,경상사고,0,0,2,0,차대차 - 측면충돌,안전운전불이행,건조,맑음,교차로 - 교차로안,승용,여,65세,상해없음,특수,남,50세,경상
2023012000100377,2023년 1월 20일 15시,금요일,경상남도 밀양시 삼문동,중상사고,0,1,0,0,차대차 - 기타,안전운전불이행,건조,맑음,교차로 - 교차로안,승합,남,52세,상해없음,자전거,여,63세,중상
2023012000100378,2023년 1월 20일 15시,금요일,경상남도 거창군 웅양면,중상사고,0,1,0,0,차대사람 - 차도통행중,불법유턴,건조,맑음,교차로 - 교차로부근,화물,남,24세,상해없음,보행자,남,89세,중상