사고번호,사고일시,요일,시군구,사고내용,사망자수,중상자수,경상자수,부상신고자수,사고유형,법규위반,노면상태,기상상태,도로형태,가해운전자 차종,가해운전자 성별,가해운전자 연령,가해운전자 상해정도,피해운전자 차종,피해운전자 성별,피해운전자 연령,피해운전자 상해정도
2023012600100259,2023년 1월 26일 18시,목요일,경상남도 진주시 이현동,경상사고,0,0,1,0,차대사람 - 차도통행중,안전운전불이행,건조,맑음,기타 - 기타,승용,남,58세,상해없음,보행자,남,80세,경상
2023012600100260,2023년 1월 26일 18시,목요일,경상남도 통영시 무전동,경상사고,0,0,3,0,차대차 - 측면충돌,안전운전불이행,건조,맑음,단일로 - 기타,승용,여,24세,경상,승용,여,58세,경상
2023012600100261,2023년 1월 26일 18시,목요일,경상남도 통영시 산양읍,경상사고,0,0,3,0,차대차 - 추돌,안전거리미확보,건조,맑음,단일로 - 기타,승용,여,25세,상해없음,화물,남,62세,상해없음
2023012600100262,2023년 1월 26일 18시,목요일,경상남도 김해시 삼계동,사망사고,1,0,0,0,차대사람 - 기타,안전운전불이행,건조,맑음,단일로 - 기타,승용,여,42세,상해없음,보행자,여,59세,사망
2023012600100282,2023년 1월 26일 19시,목요일,경상남도 밀양시 내이동,중상사고,0,2,0,0,차대차 - 측면충돌,교차로운행방법위반,건조,흐림,교차로 - 교차로안,승용,남,47세,상해없음,승용,여,50세,상해없음
2023012600100283,2023년 1월 26일 19시,목요일,경상남도 산청군 신안면,중상사고,0,1,0,0,차대차 - 측면충돌,중앙선침범,건조,맑음,교차로 - 교차로부근,화물,남,43세,상해없음,화물,남,64세,중상
2023012600100284,2023년 1월 26일 19시,목요일,경상남도 창원시 의창구 팔용동,중상사고,0,1,0,0,차대차 - 측면충돌,교차로운행방법위반,건조,맑음,교차로 - 교차로안,승용,남,45세,상해없음,자전거,남,63세,중상
2023012600100285,2023년 1월 26일 19시,목요일,경상남도 김해시 주촌면,경상사고,0,0,1,0,차대사람 - 길가장자리구역통행중,안전운전불이행,건조,맑음,단일로 - 기타,승용,남,53세,상해없음,보행자,남,33세,경상
2023012600100305,2023년 1월 26일 20시,목요일,경상남도 양산시 동면,경상사고,0,0,1,0,차대차 - 후진중충돌,안전운전불이행,건조,맑음,교차로 - 교차로부근,화물,남,45세,상해없음,승용,여,34세,경상
2023012600100333,2023년 1월 26일 22시,목요일,경상남도 김해시 어방동,경상사고,0,0,1,1,차대차 - 기타,신호위반,건조,맑음,교차로 - 교차로안,승용,남,33세,상해없음,승용,남,26세,경상
2023012600100334,2023년 1월 26일 22시,목요일,경상남도 김해시 삼문동,부상신고사고,0,0,0,1,차대차 - 추돌,안전운전불이행,건조,맑음,단일로 - 기타,원동기,남,24세,부상신고,화물,남,63세,기타불명
2023012700100008,2023년 1월 27일 01시,금요일,경상남도 김해시 삼방동,중상사고,0,1,0,0,차대차 - 측면충돌,안전운전불이행,건조,맑음,단일로 - 기타,승용,여,49세,상해없음,이륜,남,33세,중상
2023012700100119,2023년 1월 27일 09시,금요일,경상남도 사천시 사천읍,경상사고,0,0,1,0,차대차 - 측면충돌,안전운전불이행,건조,맑음,단일로 - 기타,화물,남,68세,상해없음,승용,여,41세,경상
2023012700100144,2023년 1월 27일 10시,금요일,경상남도 창원시 마산합포구 월남동4가,경상사고,0,0,1,0,차대차 - 측면충돌,교차로운행방법위반,건조,맑음,교차로 - 교차로횡단보도내,승용,남,51세,상해없음,승합,남,29세,상해없음
2023012700100176,2023년 1월 27일 11시,금요일,경상남도 거제시 연초면,경상사고,0,0,1,0,차대차 - 기타,중앙선침범,건조,맑음,기타 - 기타,승용,여,65세,상해없음,화물,남,55세,상해없음
2023012700100205,2023년 1월 27일 12시,금요일,경상남도 창원시 진해구 태백동,경상사고,0,0,1,0,차대차 - 측면충돌,안전거리미확보,건조,맑음,기타 - 기타,이륜,남,81세,기타불명,승합,남,68세,상해없음
2023012700100206,2023년 1월 27일 12시,금요일,경상남도 양산시 명동,경상사고,0,0,2,0,차대차 - 추돌,안전운전불이행,건조,맑음,교차로 - 교차로부근,화물,남,64세,상해없음,승용,남,51세,경상
2023012700100235,2023년 1월 27일 13시,금요일,경상남도 거제시 사등면,중상사고,0,1,2,0,차대차 - 추돌,안전거리미확보,건조,맑음,단일로 - 기타,승용,남,57세,경상,승용,남,62세,경상
2023012700100272,2023년 1월 27일 14시,금요일,경상남도 창원시 의창구 서상동,경상사고,0,0,1,0,차대차 - 추돌,안전운전불이행,건조,맑음,단일로 - 기타,승용,남,34세,상해없음,승합,남,63세,상해없음
2023012700100301,2023년 1월 27일 15시,금요일,경상남도 함안군 대산면,중상사고,0,1,0,0,차대차 - 기타,안전운전불이행,건조,맑음,단일로 - 기타,이륜,남,81세,중상,화물,남,62세,상해없음
2023012700100336,2023년 1월 27일 16시,금요일,경상남도 거제시 고현동,경상사고,0,0,1,0,차대사람 - 횡단중,보행자보호의무위반,건조,맑음,교차로 - 교차로횡단보도내,승용,여,28세,상해없음,보행자,남,4세,경상
2023012700100380,2023년 1월 27일 17시,금요일,경상남도 창원시 의창구 도계동,경상사고,0,0,1,0,차대차 - 후진중충돌,안전운전불이행,건조,맑음,단일로 - 교량,승용,남,80세,상해없음,승용,남,38세,경상
2023012700100462,2023년 1월 27일 19시,금요일,경상남도 진주시 정촌면,경상사고,0,0,2,0,차대차 - 측면충돌,신호위반,건조,맑음,교차로 - 교차로안,승용,남,41세,상해없음,승용,남,23세,경상
2023012700100463,2023년 1월 27일 19시,금요일,경상남도 사천시 사남면,경상사고,0,0,2,0,차대차 - 측면충돌,직진우회전진행방해,건조,맑음,교차로 - 교차로안,승용,여,47세,경상,승용,남,47세,경상
2023012700100464,2023년 1월 27일 19시,금요일,경상남도 창원시 의창구 중동,경상사고,0,0,1,0,차량단독 - 기타,안전운전불이행,건조,맑음,교차로 - 교차로부근,승합,남,36세,상해없음,,,,
2023012700100524,2023년 1월 27일 21시,금요일,경상남도 창원시 진해구 안골동,중상사고,0,1,0,0,차대차 - 정면충돌,중앙선침범,건조,맑음,교차로 - 교차로부근,승용,남,64세,상해없음,이륜,남,41세,중상
2023012700100525,2023년 1월 27일 21시,금요일,경상남도 김해시 외동,경상사고,0,0,1,0,차대차 - 측면충돌,차로위반,건조,맑음,교차로 - 교차로부근,승용,남,70세,상해없음,승용,여,34세,경상
2023012700100526,2023년 1월 27일 21시,금요일,경상남도 김해시 내덕동,중상사고,0,1,0,0,차대차 - 측면충돌,안전운전불이행,건조,맑음,단일로 - 기타,승용,여,53세,상해없음,원동기,여,32세,중상
2023012700100549,2023년 1월 27일 22시,금요일,경상남도 사천시 축동면,경상사고,0,0,1,0,차대차 - 추돌,안전운전불이행,건조,맑음,교차로 - 교차로부근,승용,남,49세,상해없음,승용,남,34세,경상
2023012700100571,2023년 1월 27일 23시,금요일,경상남도 김해시 내동,경상사고,0,0,1,1,차대차 - 추돌,안전운전불이행,건조,맑음,교차로 - 교차로부근,승용,여,34세,상해없음,승용,남,46세,경상
2023012700100572,2023년 1월 27일 23시,금요일,경상남도 김해시 삼정동,경상사고,0,0,1,0,차대차 - 추돌,안전운전불이행,건조,맑음,교차로 - 교차로부근,기타불명,기타불명,미분류,기타불명,승용,남,38세,경상
2023012700100573,2023년 1월 27일 23시,금요일,경상남도 창원시 성산구 가음정동,중상사고,0,1,0,0,차대차 - 측면충돌,신호위반,건조,맑음,교차로 - 교차로안,승용,남,49세,상해없음,승용,남,52세,중상
2023012700100574,2023년 1월 27일 23시,금요일,경상남도 김해시 내덕동,중상사고,0,1,8,0,차대차 - 추돌,안전운전불이행,건조,맑음,교차로 - 교차로부근,승용,남,40세,상해없음,승용,여,24세,경상
2023012800100026,2023년 1월 28일 01시,토요일,경상남도 통영시 무전동,중상사고,0,1,0,0,차대차 - 측면충돌,신호위반,건조,기타,교차로 - 교차로부근,승용,남,47세,상해없음,개인형이동수단(PM),남,23세,중상
2023012800100109,2023년 1월 28일 10시,토요일,경상남도 양산시 평산동,경상사고,0,0,1,0,차대차 - 정면충돌,안전운전불이행,건조,맑음,단일로 - 기타,승용,여,33세,상해없음,이륜,남,32세,경상
2023012800100175,2023년 1월 28일 12시,토요일,경상남도 사천시 사천읍,경상사고,0,0,1,0,차대차 - 추돌,안전거리미확보,건조,맑음,단일로 - 기타,승용,여,38세,상해없음,승용,남,52세,경상
2023012800100176,2023년 1월 28일 12시,토요일,경상남도 창원시 의창구 북면,경상사고,0,0,1,0,차대차 - 추돌,안전거리미확보,건조,맑음,단일로 - 터널,승용,남,63세,상해없음,승용,여,51세,경상
2023012800100208,2023년 1월 28일 13시,토요일,경상남도 창원시 진해구 안골동,중상사고,0,1,0,0,차대차 - 추돌,안전운전불이행,건조,맑음,단일로 - 기타,승용,여,34세,상해없음,승용,여,33세,기타불명
2023012800100209,2023년 1월 28일 13시,토요일,경상남도 밀양시 상남면,중상사고,0,1,0,0,차대차 - 기타,안전운전불이행,건조,맑음,교차로 - 교차로안,승용,여,47세,상해없음,승용,남,20세,중상
2023012800100210,2023년 1월 28일 13시,토요일,경상남도 김해시 부원동,경상사고,0,0,1,0,차대사람 - 길가장자리구역통행중,안전운전불이행,건조,맑음,단일로 - 기타,승용,여,65세,상해없음,보행자,여,33세,경상
2023012800100230,2023년 1월 28일 14시,토요일,경상남도 거제시 옥포동,경상사고,0,0,1,0,차대사람 - 횡단중,보행자보호의무위반,건조,맑음,교차로 - 교차로횡단보도내,승용,남,42세,상해없음,보행자,남,11세,경상
2023012800100255,2023년 1월 28일 15시,토요일,경상남도 밀양시 삼랑진읍,경상사고,0,0,1,0,차대차 - 후진중충돌,안전운전불이행,건조,맑음,단일로 - 기타,화물,남,79세,상해없음,승용,남,59세,경상
2023012800100315,2023년 1월 28일 17시,토요일,경상남도 고성군 상리면,경상사고,0,0,3,0,차대차 - 추돌,안전운전불이행,건조,맑음,단일로 - 기타,승용,남,43세,상해없음,승용,여,35세,경상
2023012800100396,2023년 1월 28일 19시,토요일,경상남도 김해시 어방동,중상사고,0,1,0,0,차대차 - 측면충돌,신호위반,건조,맑음,교차로 - 교차로안,승용,남,60세,상해없음,이륜,남,39세,중상
2023012800100397,2023년 1월 28일 19시,토요일,경상남도 김해시 삼방동,경상사고,0,0,1,0,차대차 - 측면충돌,중앙선침범,건조,맑음,단일로 - 기타,기타불명,기타불명,미분류,기타불명,이륜,남,37세,경상
2023012800100398,2023년 1월 28일 19시,토요일,경상남도 창원시 마산회원구 내서읍,경상사고,0,0,1,0,차대차 - 기타,안전운전불이행,건조,맑음,단일로 - 기타,승용,남,66세,상해없음,이륜,남,41세,상해없음
2023012800100432,2023년 1월 28일 21시,토요일,경상남도 창원시 마산회원구 내서읍,중상사고,0,1,4,0,차대차 - 기타,안전운전불이행,건조,맑음,단일로 - 기타,승용,남,64세,상해없음,승용,남,65세,경상
2023012900100089,2023년 1월 29일 10시,일요일,경상남도 사천시 사천읍,경상사고,0,0,1,0,차대차 - 측면충돌,교차로운행방법위반,건조,맑음,교차로 - 교차로안,승용,남,76세,상해없음,승용,남,37세,경상
2023012900100161,2023년 1월 29일 13시,일요일,경상남도 김해시 삼계동,중상사고,0,1,1,0,차대차 - 측면충돌,신호위반,건조,맑음,교차로 - 교차로안,승용,남,51세,경상,승용,여,63세,중상
2023012900100181,2023년 1월 29일 14시,일요일,경상남도 통영시 광도면,경상사고,0,0,1,0,차대차 - 후진중충돌,안전운전불이행,건조,맑음,기타 - 기타,승용,남,45세,상해없음,이륜,남,25세,경상
2023012900100225,2023년 1월 29일 16시,일요일,경상남도 김해시 생림면,부상신고사고,0,0,0,1,차량단독 - 공작물충돌,안전운전불이행,건조,맑음,단일로 - 기타,승용,남,36세,부상신고,,,,
2023012900100264,2023년 1월 29일 18시,일요일,경상남도 통영시 광도면,경상사고,0,0,1,0,차대차 - 측면충돌,안전운전불이행,건조,맑음,교차로 - 교차로안,승용,여,51세,상해없음,승용,남,33세,경상
2023012900100265,2023년 1월 29일 18시,일요일,경상남도 양산시 물금읍,경상사고,0,0,3,0,차대차 - 추돌,안전운전불이행,건조,맑음,단일로 - 기타,승용,남,53세,상해없음,승용,여,43세,경상
2023012900100298,2023년 1월 29일 19시,일요일,경상남도 김해시 외동,경상사고,0,0,3,0,차대차 - 추돌,안전운전불이행,건조,맑음,단일로 - 기타,이륜,남,17세,경상,승용,남,27세,경상
2023012900100299,2023년 1월 29일 19시,일요일,경상남도 산청군 산청읍,부상신고사고,0,0,0,1,차대차 - 측면충돌,안전운전불이행,건조,맑음,단일로 - 기타,승용,남,33세,상해없음,이륜,남,39세,부상신고
2023012900100300,2023년 1월 29일 19시,일요일,경상남도 김해시 진영읍,경상사고,0,0,2,0,차대차 - 측면충돌,안전운전불이행,건조,맑음,교차로 - 교차로안,승용,여,59세,상해없음,승용,남,31세,경상
2023012900100318,2023년 1월 29일 20시,일요일,경상남도 사천시 용현면,중상사고,0,1,0,0,차대차 - 추돌,안전운전불이행,건조,맑음,단일로 - 교량,승용,남,49세,상해없음,승용,남,54세,중상
2023012900100319,2023년 1월 29일 20시,일요일,경상남도 거제시 고현동,중상사고,0,1,0,0,차대사람 - 차도통행중,안전운전불이행,건조,맑음,교차로 - 교차로안,승용,남,52세,상해없음,보행자,남,49세,중상
2023012900100338,2023년 1월 29일 21시,일요일,경상남도 진주시 신안동,중상사고,0,1,0,0,차대차 - 측면충돌,안전운전불이행,건조,맑음,교차로 - 교차로안,화물,남,60세,상해없음,자전거,여,32세,중상
2023012900100348,2023년 1월 29일 22시,일요일,경상남도 창원시 마산합포구 중앙동3가,경상사고,0,0,1,0,차량단독 - 기타,안전운전불이행,건조,맑음,교차로 - 교차로부근,승합,남,62세,상해없음,,,,
2023012900100349,2023년 1월 29일 22시,일요일,경상남도 김해시 삼정동,경상사고,0,0,1,0,차대차 - 후진중충돌,안전운전불이행,건조,맑음,교차로 - 교차로부근,화물,남,52세,상해없음,이륜,남,31세,경상
2023013000100044,2023년 1월 30일 06시,월요일,경상남도 김해시 삼계동,중상사고,0,1,1,0,차대차 - 측면충돌,안전운전불이행,건조,맑음,단일로 - 기타,승용,남,23세,상해없음,승용,남,42세,경상
2023013000100045,2023년 1월 30일 06시,월요일,경상남도 함안군 가야읍,사망사고,1,0,0,0,차대사람 - 횡단중,안전운전불이행,건조,맑음,교차로 - 교차로안,화물,남,60세,상해없음,보행자,여,78세,사망
2023013000100046,2023년 1월 30일 06시,월요일,경상남도 창원시 의창구 봉곡동,경상사고,0,0,1,0,차대차 - 추돌,안전운전불이행,건조,맑음,교차로 - 교차로부근,승용,남,37세,상해없음,승용,남,44세,경상
2023013000100135,2023년 1월 30일 09시,월요일,경상남도 창원시 진해구 남문동,중상사고,0,1,0,0,차대사람 - 차도통행중,안전운전불이행,건조,맑음,단일로 - 기타,화물,남,40세,상해없음,보행자,여,74세,중상
2023013000100136,2023년 1월 30일 09시,월요일,경상남도 양산시 북정동,경상사고,0,0,1,0,차대차 - 측면충돌,신호위반,건조,맑음,교차로 - 교차로안,승용,여,53세,상해없음,승용,여,43세,경상
2023013000100161,2023년 1월 30일 10시,월요일,경상남도 창원시 진해구 용원동,경상사고,0,0,2,0,차대차 - 기타,교차로운행방법위반,건조,맑음,교차로 - 교차로안,승용,여,54세,경상,화물,남,68세,경상
2023013000100219,2023년 1월 30일 12시,월요일,경상남도 김해시 내동,중상사고,0,1,0,0,차대차 - 측면충돌,신호위반,건조,맑음,교차로 - 교차로안,승용,남,79세,상해없음,승용,여,53세,중상
2023013000100250,2023년 1월 30일 13시,월요일,경상남도 통영시 정량동,중상사고,0,1,0,0,차대사람 - 횡단중,보행자보호의무위반,건조,맑음,교차로 - 교차로횡단보도내,승용,여,39세,상해없음,보행자,여,61세,중상
2023013000100251,2023년 1월 30일 13시,월요일,경상남도 창원시 성산구 상남동,경상사고,0,0,1,0,차대차 - 추돌,안전운전불이행,건조,맑음,기타 - 기타,승용,여,42세,기타불명,승용,여,33세,경상
2023013000100252,2023년 1월 30일 13시,월요일,경상남도 창원시 의창구 중동,경상사고,0,0,1,0,차대차 - 측면충돌,신호위반,건조,맑음,교차로 - 교차로안,승용,여,47세,상해없음,승합,남,75세,경상
2023013000100293,2023년 1월 30일 14시,월요일,경상남도 통영시 정량동,경상사고,0,0,1,0,차대차 - 측면충돌,안전거리미확보,건조,맑음,단일로 - 기타,승용,여,31세,상해없음,승용,여,30세,경상
2023013000100294,2023년 1월 30일 14시,월요일,경상남도 고성군 고성읍,중상사고,0,1,0,0,차대차 - 기타,중앙선침범,건조,맑음,교차로 - 교차로안,승용,여,49세,상해없음,이륜,남,26세,중상
2023013000100295,2023년 1월 30일 14시,월요일,경상남도 김해시 진영읍,중상사고,0,1,0,0,차대차 - 측면충돌,안전운전불이행,건조,맑음,교차로 - 교차로횡단보도내,승용,남,38세,상해없음,자전거,남,13세,중상
2023013000100331,2023년 1월 30일 15시,월요일,경상남도 사천시 선구동,경상사고,0,0,2,0,차대차 - 측면충돌,교차로운행방법위반,건조,맑음,교차로 - 교차로안,승용,여,68세,경상,승용,남,37세,경상
2023013000100332,2023년 1월 30일 15시,월요일,경상남도 김해시 진영읍,중상사고,0,1,0,0,차대사람 - 차도통행중,안전운전불이행,건조,맑음,교차로 - 교차로부근,승용,남,25세,상해없음,보행자,여,80세,중상
2023013000100401,2023년 1월 30일 17시,월요일,경상남도 김해시 주촌면,경상사고,0,0,2,0,차대차 - 측면충돌,신호위반,건조,맑음,교차로 - 교차로안,승용,남,50세,경상,화물,남,52세,경상
2023013000100442,2023년 1월 30일 18시,월요일,경상남도 김해시 내동,중상사고,0,1,1,0,차대차 - 정면충돌,신호위반,건조,맑음,교차로 - 교차로안,이륜,남,50세,중상,승용,남,34세,경상
2023013000100443,2023년 1월 30일 18시,월요일,경상남도 창원시 성산구 신월동,경상사고,0,0,1,0,차대차 - 기타,안전운전불이행,건조,맑음,기타 - 기타,승용,남,46세,상해없음,승용,남,28세,경상
2023013000100444,2023년 1월 30일 18시,월요일,경상남도 창원시 의창구 팔용동,경상사고,0,0,1,0,차대차 - 추돌,안전운전불이행,건조,맑음,단일로 - 교량,승용,남,58세,상해없음,승용,여,47세,경상
2023013000100473,2023년 1월 30일 19시,월요일,경상남도 함안군 군북면,경상사고,0,0,1,0,차대차 - 추돌,안전거리미확보,건조,맑음,단일로 - 기타,승용,남,33세,상해없음,승용,여,54세,경상
2023013000100474,2023년 1월 30일 19시,월요일,경상남도 의령군 의령읍,경상사고,0,0,1,0,차대차 - 측면충돌,직진우회전진행방해,건조,맑음,교차로 - 교차로안,승용,남,22세,상해없음,승용,남,31세,경상
2023013000100475,2023년 1월 30일 19시,월요일,경상남도 창원시 의창구 도계동,경상사고,0,0,1,0,차대차 - 측면충돌,신호위반,건조,맑음,교차로 - 교차로안,승용,여,24세,상해없음,승용,남,43세,경상
2023013000100499,2023년 1월 30일 20시,월요일,경상남도 김해시 불암동,경상사고,0,0,1,0,차대차 - 측면충돌,교차로운행방법위반,건조,맑음,교차로 - 교차로부근,승용,남,56세,상해없음,승용,남,32세,경상
2023013000100521,2023년 1월 30일 21시,월요일,경상남도 거제시 연초면,경상사고,0,0,2,0,차대차 - 추돌,안전운전불이행,건조,맑음,교차로 - 교차로부근,승용,남,42세,상해없음,이륜,남,43세,경상
2023013000100554,2023년 1월 30일 23시,월요일,경상남도 통영시 봉평동,중상사고,0,1,2,0,차대차 - 측면충돌,직진우회전진행방해,건조,맑음,교차로 - 교차로안,승합,남,51세,경상,승용,남,50세,중상
2023013000100555,2023년 1월 30일 23시,월요일,경상남도 산청군 생초면,경상사고,0,0,1,0,차량단독 - 도로외이탈 - 기타,안전운전불이행,건조,흐림,교차로 - 교차로안,화물,남,62세,경상,,,,
2023013100100014,2023년 1월 31일 00시,화요일,경상남도 양산시 물금읍,경상사고,0,0,2,0,차대차 - 측면충돌,차로위반,건조,맑음,교차로 - 교차로안,승용,여,32세,상해없음,승용,남,27세,경상
2023013100100051,2023년 1월 31일 05시,화요일,경상남도 양산시 북정동,경상사고,0,0,1,0,차대차 - 측면충돌,안전운전불이행,건조,맑음,교차로 - 교차로안,승용,남,43세,상해없음,승용,여,56세,경상
2023013100100052,2023년 1월 31일 05시,화요일,경상남도 창원시 성산구 중앙동,경상사고,0,0,1,0,차대차 - 정면충돌,안전운전불이행,건조,맑음,교차로 - 교차로안,이륜,남,22세,상해없음,승용,여,73세,경상
2023013100100060,2023년 1월 31일 06시,화요일,경상남도 창원시 의창구 팔용동,중상사고,0,1,1,0,차대차 - 측면충돌,신호위반,건조,맑음,교차로 - 교차로안,건설기계,남,40세,상해없음,승용,남,65세,경상
2023013100100108,2023년 1월 31일 08시,화요일,경상남도 창원시 마산합포구 월영동,중상사고,0,1,0,0,차대사람 - 기타,안전운전불이행,건조,맑음,교차로 - 교차로부근,특수,남,52세,상해없음,보행자,여,64세,중상
2023013100100109,2023년 1월 31일 08시,화요일,경상남도 함양군 함양읍,경상사고,0,0,1,0,차대차 - 추돌,안전운전불이행,건조,맑음,단일로 - 기타,승용,남,53세,상해없음,승용,남,38세,경상
2023013100100110,2023년 1월 31일 08시,화요일,경상남도 고성군 고성읍,경상사고,0,0,1,0,차대차 - 기타,직진우회전진행방해,건조,맑음,교차로 - 교차로안,화물,남,55세,상해없음,자전거,여,70세,경상
2023013100100111,2023년 1월 31일 08시,화요일,경상남도 남해군 창선면,경상사고,0,0,1,0,차량단독 - 기타,안전운전불이행,건조,맑음,단일로 - 기타,농기계,남,85세,경상,,,,
2023013100100140,2023년 1월 31일 09시,화요일,경상남도 창원시 성산구 천선동,중상사고,0,1,0,0,차대사람 - 기타,안전운전불이행,건조,맑음,단일로 - 기타,승용,여,63세,상해없음,보행자,여,66세,중상
2023013100100141,2023년 1월 31일 09시,화요일,경상남도 창원시 성산구 대방동,경상사고,0,0,1,0,차량단독 - 기타,안전운전불이행,건조,맑음,기타 - 기타,승합,남,47세,상해없음,,,,
2023013100100167,2023년 1월 31일 10시,화요일,경상남도 통영시 용남면,경상사고,0,0,1,0,차대차 - 측면충돌,차로위반,건조,맑음,단일로 - 기타,이륜,남,79세,경상,승용,남,37세,상해없음
2023013100100168,2023년 1월 31일 10시,화요일,경상남도 합천군 합천읍,중상사고,0,1,1,0,차대차 - 측면충돌,신호위반,건조,맑음,교차로 - 교차로안,승용,여,60세,상해없음,승용,남,70세,경상
2023013100100169,2023년 1월 31일 10시,화요일,경상남도 합천군 합천읍,경상사고,0,0,1,0,차대차 - 측면충돌,직진우회전진행방해,건조,맑음,교차로 - 교차로안,승용,남,70세,상해없음,화물,남,61세,경상
2023013100100170,2023년 1월 31일 10시,화요일,경상남도 양산시 동면,사망사고,1,0,0,0,차대차 - 측면충돌,안전운전불이행,건조,맑음,교차로 - 교차로횡단보도내,승합,남,48세,상해없음,자전거,여,68세,사망
2023013100100171,2023년 1월 31일 10시,화요일,경상남도 양산시 동면,경상사고,0,0,1,0,차대차 - 측면충돌,차로위반,건조,맑음,단일로 - 기타,화물,남,70세,상해없음,승용,여,61세,경상
2023013100100183,2023년 1월 31일 11시,화요일,경상남도 창원시 의창구 도계동,경상사고,0,0,3,0,차대차 - 기타,안전운전불이행,건조,맑음,교차로 - 교차로안,승용,남,32세,상해없음,승용,남,39세,경상
2023013100100184,2023년 1월 31일 11시,화요일,경상남도 창원시 의창구 명서동,경상사고,0,0,1,0,차대차 - 기타,신호위반,건조,맑음,교차로 - 교차로안,승용,남,62세,상해없음,이륜,남,22세,경상
2023013100100211,2023년 1월 31일 12시,화요일,경상남도 창원시 진해구 태평동,경상사고,0,0,1,0,차대사람 - 기타,안전운전불이행,건조,맑음,단일로 - 기타,승용,남,67세,상해없음,보행자,남,27세,경상
2023013100100212,2023년 1월 31일 12시,화요일,경상남도 김해시 대청동,중상사고,0,1,0,0,차대차 - 측면충돌,안전운전불이행,건조,맑음,단일로 - 기타,화물,남,60세,상해없음,화물,남,66세,상해없음
2023013100100240,2023년 1월 31일 13시,화요일,경상남도 고성군 개천면,중상사고,0,3,3,0,차대차 - 정면충돌,중앙선침범,건조,맑음,단일로 - 기타,승용,여,63세,경상,화물,남,64세,중상
2023013100100283,2023년 1월 31일 14시,화요일,경상남도 합천군 가야면,부상신고사고,0,0,0,1,차대차 - 후진중충돌,안전운전불이행,건조,맑음,교차로 - 교차로부근,화물,남,52세,상해없음,화물,남,73세,부상신고
2023013100100284,2023년 1월 31일 14시,화요일,경상남도 양산시 평산동,경상사고,0,0,1,0,차대차 - 측면충돌,안전운전불이행,건조,맑음,교차로 - 교차로안,승용,남,50세,상해없음,승합,남,46세,경상
2023013100100309,2023년 1월 31일 15시,화요일,경상남도 진주시 내동면,경상사고,0,0,1,0,차대차 - 추돌,안전운전불이행,건조,맑음,교차로 - 교차로부근,화물,남,65세,상해없음,승용,여,65세,경상
2023013100100310,2023년 1월 31일 15시,화요일,경상남도 창원시 성산구 웅남동,중상사고,0,2,0,1,차대차 - 기타,신호위반,건조,맑음,교차로 - 교차로안,승용,남,48세,부상신고,승용,남,27세,중상
2023013100100345,2023년 1월 31일 16시,화요일,경상남도 양산시 동면,경상사고,0,0,3,0,차대차 - 측면충돌,안전운전불이행,건조,맑음,교차로 - 교차로안,승용,남,40세,상해없음,승용,남,35세,경상
2023013100100346,2023년 1월 31일 16시,화요일,경상남도 양산시 북부동,중상사고,0,1,0,0,차대사람 - 횡단중,보행자보호의무위반,건조,맑음,교차로 - 교차로횡단보도내,승용,남,28세,상해없음,보행자,여,61세,중상
2023013100100347,2023년 1월 31일 16시,화요일,경상남도 창원시 마산회원구 석전동,경상사고,0,0,1,0,차대차 - 후진중충돌,안전운전불이행,건조,맑음,단일로 - 기타,승합,남,28세,상해없음,승용,여,49세,경상
2023013100100432,2023년 1월 31일 18시,화요일,경상남도 양산시 평산동,경상사고,0,0,1,0,차대사람 - 횡단중,보행자보호의무위반,건조,맑음,교차로 - 교차로안,승용,남,46세,상해없음,보행자,여,45세,경상
2023013100100433,2023년 1월 31일 18시,화요일,경상남도 함안군 함안면,경상사고,0,0,1,0,차량단독 - 기타,안전운전불이행,건조,맑음,교차로 - 교차로안,이륜,남,74세,경상,,,,
2023013100100434,2023년 1월 31일 18시,화요일,경상남도 의령군 의령읍,중상사고,0,1,0,0,차대차 - 정면충돌,직진우회전진행방해,건조,맑음,교차로 - 교차로안,화물,남,60세,상해없음,이륜,남,34세,중상
2023013100100475,2023년 1월 31일 19시,화요일,경상남도 창원시 진해구 이동,경상사고,0,0,2,0,차대차 - 측면충돌,안전운전불이행,건조,맑음,교차로 - 교차로부근,승용,남,56세,상해없음,이륜,남,18세,경상
2023013100100476,2023년 1월 31일 19시,화요일,경상남도 양산시 삼호동,경상사고,0,0,1,0,차대차 - 정면충돌,안전운전불이행,건조,맑음,교차로 - 교차로안,승용,남,65세,상해없음,이륜,남,42세,경상
2023013100100511,2023년 1월 31일 20시,화요일,경상남도 통영시 용남면,부상신고사고,0,0,0,1,차대차 - 정면충돌,기타,건조,맑음,단일로 - 기타,이륜,남,53세,부상신고,승용,남,47세,상해없음
2023013100100512,2023년 1월 31일 20시,화요일,경상남도 거제시 옥포동,경상사고,0,0,1,0,차대사람 - 횡단중,보행자보호의무위반,건조,맑음,교차로 - 교차로횡단보도내,승용,여,39세,상해없음,보행자,남,44세,경상
2023013100100531,2023년 1월 31일 21시,화요일,경상남도 김해시 신문동,경상사고,0,0,1,0,차대차 - 측면충돌,안전거리미확보,건조,맑음,단일로 - 기타,승용,여,51세,상해없음,승용,남,31세,경상
2023013100100551,2023년 1월 31일 22시,화요일,경상남도 통영시 광도면,경상사고,0,0,2,0,차대차 - 추돌,안전운전불이행,건조,맑음,단일로 - 기타,승용,남,35세,상해없음,승용,남,50세,경상