사고번호,사고일시,요일,시군구,사고내용,사망자수,중상자수,경상자수,부상신고자수,사고유형,법규위반,노면상태,기상상태,도로형태,가해운전자 차종,가해운전자 성별,가해운전자 연령,가해운전자 상해정도,피해운전자 차종,피해운전자 성별,피해운전자 연령,피해운전자 상해정도
2023013100100552,2023년 1월 31일 22시,화요일,경상남도 양산시 물금읍,경상사고,0,0,2,0,차대사람 - 횡단중,신호위반,건조,맑음,단일로 - 기타,이륜,남,17세,경상,보행자,여,25세,경상
2023020100100065,2023년 2월 1일 07시,수요일,경상남도 양산시 북정동,경상사고,0,0,1,0,차대차 - 기타,신호위반,건조,맑음,교차로 - 교차로안,승용,남,78세,상해없음,승용,남,56세,경상
2023020100100066,2023년 2월 1일 07시,수요일,경상남도 김해시 진영읍,중상사고,0,1,0,0,차대차 - 측면충돌,차로위반,건조,맑음,단일로 - 기타,화물,남,33세,상해없음,승용,남,44세,중상
2023020100100087,2023년 2월 1일 08시,수요일,경상남도 진주시 인사동,중상사고,0,1,0,0,차대차 - 측면충돌,직진우회전진행방해,건조,맑음,교차로 - 교차로안,승용,여,43세,상해없음,원동기,남,64세,중상
2023020100100088,2023년 2월 1일 08시,수요일,경상남도 김해시 삼방동,경상사고,0,0,1,0,차대차 - 측면충돌,중앙선침범,건조,맑음,단일로 - 기타,승용,남,26세,상해없음,승용,남,22세,경상
2023020100100115,2023년 2월 1일 09시,수요일,경상남도 창원시 진해구 석동,중상사고,0,1,1,0,차대차 - 기타,교차로운행방법위반,건조,맑음,교차로 - 교차로안,승용,여,71세,중상,승용,여,59세,경상
2023020100100116,2023년 2월 1일 09시,수요일,경상남도 김해시 어방동,중상사고,0,1,0,0,차대차 - 기타,안전운전불이행,건조,맑음,단일로 - 기타,화물,남,59세,상해없음,원동기,남,35세,중상
2023020100100117,2023년 2월 1일 09시,수요일,경상남도 거제시 고현동,경상사고,0,0,1,0,차대차 - 기타,교차로운행방법위반,건조,맑음,단일로 - 지하차도(도로)내,화물,남,22세,상해없음,승용,여,40세,경상
2023020100100118,2023년 2월 1일 09시,수요일,경상남도 창원시 의창구 팔용동,경상사고,0,0,1,0,차대차 - 추돌,안전운전불이행,건조,맑음,단일로 - 기타,승용,남,51세,상해없음,승용,남,52세,경상
2023020100100143,2023년 2월 1일 10시,수요일,경상남도 사천시 사천읍,경상사고,0,0,7,0,차대차 - 추돌,안전거리미확보,건조,맑음,단일로 - 기타,승용,남,51세,경상,승용,남,40세,경상
2023020100100144,2023년 2월 1일 10시,수요일,경상남도 양산시 평산동,경상사고,0,0,1,0,차대차 - 기타,안전운전불이행,건조,맑음,단일로 - 기타,승용,남,64세,상해없음,승용,여,31세,경상
2023020100100145,2023년 2월 1일 10시,수요일,경상남도 남해군 남해읍,중상사고,0,1,0,0,차대사람 - 차도통행중,안전운전불이행,건조,맑음,교차로 - 교차로안,승용,남,67세,상해없음,보행자,여,80세,중상
2023020100100146,2023년 2월 1일 10시,수요일,경상남도 산청군 신안면,중상사고,0,1,2,0,차대차 - 정면충돌,중앙선침범,건조,맑음,단일로 - 기타,승용,여,53세,경상,승용,남,64세,경상
2023020100100176,2023년 2월 1일 11시,수요일,경상남도 통영시 정량동,경상사고,0,0,1,0,차대차 - 측면충돌,중앙선침범,건조,맑음,단일로 - 기타,이륜,남,36세,상해없음,승용,남,69세,경상
2023020100100177,2023년 2월 1일 11시,수요일,경상남도 창원시 의창구 도계동,경상사고,0,0,1,0,차대차 - 측면충돌,안전운전불이행,건조,맑음,교차로 - 교차로안,승용,남,40세,상해없음,승용,남,39세,경상
2023020100100212,2023년 2월 1일 12시,수요일,경상남도 진주시 평안동,중상사고,0,1,0,0,차대차 - 기타,안전거리미확보,건조,맑음,교차로 - 교차로안,승용,남,82세,상해없음,승합,남,54세,상해없음
2023020100100233,2023년 2월 1일 13시,수요일,경상남도 창원시 마산합포구 홍문동,중상사고,0,1,0,0,차대사람 - 차도통행중,안전운전불이행,건조,맑음,교차로 - 교차로부근,승용,여,57세,상해없음,보행자,여,86세,중상
2023020100100257,2023년 2월 1일 14시,수요일,경상남도 창원시 성산구 사파동,경상사고,0,0,1,0,차대사람 - 횡단중,보행자보호의무위반,건조,맑음,교차로 - 교차로안,화물,남,48세,상해없음,보행자,여,57세,경상
2023020100100258,2023년 2월 1일 14시,수요일,경상남도 창원시 의창구 팔용동,경상사고,0,0,3,0,차대차 - 기타,교차로운행방법위반,건조,맑음,교차로 - 교차로부근,승용,남,56세,상해없음,승합,남,40세,경상
2023020100100283,2023년 2월 1일 15시,수요일,경상남도 창원시 진해구 태백동,경상사고,0,0,1,0,차대차 - 추돌,안전운전불이행,건조,맑음,교차로 - 교차로부근,화물,남,63세,상해없음,승용,남,63세,경상
2023020100100284,2023년 2월 1일 15시,수요일,경상남도 양산시 명동,경상사고,0,0,2,0,차대차 - 정면충돌,중앙선침범,건조,맑음,단일로 - 기타,승용,여,56세,상해없음,승용,여,32세,경상
2023020100100350,2023년 2월 1일 17시,수요일,경상남도 김해시 삼계동,중상사고,0,1,0,0,차대사람 - 기타,안전운전불이행,건조,맑음,단일로 - 기타,원동기,남,21세,상해없음,보행자,여,12세,중상
2023020100100351,2023년 2월 1일 17시,수요일,경상남도 함양군 함양읍,중상사고,0,1,1,0,차대차 - 측면충돌,교차로운행방법위반,건조,맑음,교차로 - 교차로안,화물,남,69세,상해없음,승용,여,55세,중상
2023020100100352,2023년 2월 1일 17시,수요일,경상남도 거제시 고현동,중상사고,0,1,0,0,차대차 - 기타,교차로운행방법위반,건조,맑음,교차로 - 교차로부근,승용,남,67세,상해없음,자전거,남,48세,중상
2023020100100398,2023년 2월 1일 18시,수요일,경상남도 창원시 마산합포구 동성동,중상사고,0,1,0,0,차량단독 - 기타,안전운전불이행,건조,맑음,단일로 - 기타,승합,남,50세,상해없음,,,,
2023020100100399,2023년 2월 1일 18시,수요일,경상남도 양산시 북부동,중상사고,0,1,0,0,차대사람 - 횡단중,보행자보호의무위반,건조,맑음,교차로 - 교차로안,승용,남,32세,상해없음,보행자,여,63세,중상
2023020100100441,2023년 2월 1일 19시,수요일,경상남도 양산시 물금읍,경상사고,0,0,2,0,차대차 - 추돌,안전거리미확보,건조,맑음,단일로 - 기타,원동기,남,39세,경상,승용,여,43세,경상
2023020100100442,2023년 2월 1일 19시,수요일,경상남도 창원시 성산구 외동,경상사고,0,0,2,0,차대차 - 추돌,안전운전불이행,건조,맑음,교차로 - 교차로부근,승용,남,33세,상해없음,승용,남,30세,경상
2023020100100443,2023년 2월 1일 19시,수요일,경상남도 김해시 삼문동,경상사고,0,0,1,0,차대차 - 측면충돌,안전운전불이행,건조,맑음,단일로 - 기타,승용,남,62세,상해없음,이륜,남,40세,경상
2023020100100471,2023년 2월 1일 20시,수요일,경상남도 밀양시 삼문동,중상사고,0,2,1,0,차대차 - 측면충돌,교차로운행방법위반,건조,흐림,교차로 - 교차로안,승용,남,60세,경상,승용,남,46세,중상
2023020100100494,2023년 2월 1일 21시,수요일,경상남도 양산시 물금읍,경상사고,0,0,1,0,차대차 - 측면충돌,신호위반,건조,맑음,교차로 - 교차로안,승용,남,58세,상해없음,원동기,남,23세,경상
2023020100100530,2023년 2월 1일 23시,수요일,경상남도 김해시 응달동,경상사고,0,0,1,0,차대차 - 정면충돌,중앙선침범,건조,맑음,단일로 - 기타,승용,남,66세,상해없음,특수,남,63세,상해없음
2023020200100024,2023년 2월 2일 02시,목요일,경상남도 창원시 성산구 내동,경상사고,0,0,1,0,차대차 - 추돌,안전운전불이행,건조,맑음,교차로 - 교차로부근,화물,남,57세,상해없음,화물,남,50세,경상
2023020200100049,2023년 2월 2일 06시,목요일,경상남도 김해시 지내동,중상사고,0,1,0,0,차대사람 - 횡단중,안전운전불이행,건조,맑음,교차로 - 교차로안,승용,남,53세,상해없음,보행자,남,55세,중상
2023020200100072,2023년 2월 2일 07시,목요일,경상남도 거제시 연초면,중상사고,0,1,0,0,차대차 - 측면충돌,교차로운행방법위반,건조,맑음,교차로 - 교차로안,화물,남,44세,상해없음,이륜,남,41세,중상
2023020200100102,2023년 2월 2일 08시,목요일,경상남도 통영시 무전동,경상사고,0,0,1,0,차대차 - 정면충돌,안전운전불이행,건조,맑음,단일로 - 기타,승용,여,60세,상해없음,승용,여,25세,경상
2023020200100103,2023년 2월 2일 08시,목요일,경상남도 사천시 축동면,경상사고,0,0,3,0,차대차 - 측면충돌,안전운전불이행,건조,맑음,교차로 - 교차로안,승용,남,39세,경상,화물,남,44세,경상
2023020200100104,2023년 2월 2일 08시,목요일,경상남도 양산시 동면,경상사고,0,0,1,0,차대사람 - 기타,안전운전불이행,건조,맑음,단일로 - 기타,승용,남,64세,상해없음,보행자,남,26세,경상
2023020200100128,2023년 2월 2일 09시,목요일,경상남도 김해시 외동,경상사고,0,0,1,0,차대차 - 측면충돌,안전운전불이행,건조,맑음,단일로 - 기타,승용,남,47세,상해없음,자전거,남,65세,경상
2023020200100145,2023년 2월 2일 10시,목요일,경상남도 김해시 구산동,중상사고,0,1,0,0,차대차 - 측면충돌,안전운전불이행,건조,맑음,교차로 - 교차로부근,이륜,남,62세,중상,승용,남,56세,상해없음
2023020200100146,2023년 2월 2일 10시,목요일,경상남도 거제시 일운면,중상사고,0,1,0,0,차대사람 - 횡단중,안전운전불이행,건조,맑음,교차로 - 교차로안,승용,남,61세,상해없음,보행자,남,75세,중상
2023020200100147,2023년 2월 2일 10시,목요일,경상남도 창원시 성산구 사파동,경상사고,0,0,1,0,차량단독 - 기타,안전운전불이행,건조,맑음,교차로 - 교차로부근,승합,남,51세,상해없음,,,,
2023020200100172,2023년 2월 2일 11시,목요일,경상남도 창원시 진해구 여좌동,중상사고,0,1,0,0,차대사람 - 기타,안전운전불이행,건조,맑음,단일로 - 기타,승용,남,36세,상해없음,보행자,남,78세,중상
2023020200100173,2023년 2월 2일 11시,목요일,경상남도 고성군 거류면,경상사고,0,0,3,0,차대차 - 측면충돌,기타,건조,맑음,교차로 - 교차로안,승합,남,66세,상해없음,승용,남,42세,경상
2023020200100201,2023년 2월 2일 12시,목요일,경상남도 김해시 부곡동,경상사고,0,0,1,0,차대차 - 기타,안전거리미확보,건조,맑음,단일로 - 기타,화물,남,60세,상해없음,승용,여,41세,경상
2023020200100224,2023년 2월 2일 13시,목요일,경상남도 김해시 삼문동,중상사고,0,2,1,0,차대차 - 추돌,안전거리미확보,건조,맑음,단일로 - 기타,화물,남,61세,상해없음,화물,남,29세,중상
2023020200100300,2023년 2월 2일 16시,목요일,경상남도 고성군 고성읍,경상사고,0,0,1,0,차대차 - 기타,안전운전불이행,건조,맑음,단일로 - 기타,화물,남,59세,상해없음,승용,남,45세,경상
2023020200100322,2023년 2월 2일 17시,목요일,경상남도 밀양시 가곡동,경상사고,0,0,1,0,차량단독 - 기타,안전운전불이행,건조,맑음,단일로 - 기타,이륜,남,62세,경상,,,,
2023020200100323,2023년 2월 2일 17시,목요일,경상남도 양산시 물금읍,중상사고,0,1,0,0,차대사람 - 횡단중,기타,건조,맑음,교차로 - 교차로부근,승용,여,53세,상해없음,보행자,남,16세,중상
2023020200100363,2023년 2월 2일 18시,목요일,경상남도 사천시 선구동,경상사고,0,0,1,0,차대차 - 측면충돌,신호위반,건조,맑음,교차로 - 교차로안,이륜,남,28세,상해없음,승용,남,32세,경상
2023020200100364,2023년 2월 2일 18시,목요일,경상남도 창녕군 창녕읍,중상사고,0,1,0,0,차대사람 - 차도통행중,안전운전불이행,건조,맑음,단일로 - 기타,승용,남,56세,상해없음,보행자,여,78세,중상
2023020200100365,2023년 2월 2일 18시,목요일,경상남도 양산시 상북면,중상사고,0,1,0,0,차대차 - 추돌,안전운전불이행,건조,맑음,단일로 - 기타,이륜,남,28세,중상,화물,남,46세,상해없음
2023020200100366,2023년 2월 2일 18시,목요일,경상남도 양산시 북부동,경상사고,0,0,1,0,차대차 - 측면충돌,차로위반,건조,맑음,교차로 - 교차로안,승용,여,67세,상해없음,승용,남,30세,경상
2023020200100367,2023년 2월 2일 18시,목요일,경상남도 창원시 성산구 가음정동,경상사고,0,0,2,0,차대차 - 추돌,안전운전불이행,건조,맑음,단일로 - 기타,승용,남,18세,상해없음,승용,남,65세,경상
2023020200100405,2023년 2월 2일 19시,목요일,경상남도 거제시 수월동,부상신고사고,0,0,0,1,차대차 - 기타,안전운전불이행,건조,맑음,교차로 - 교차로안,자전거,남,12세,부상신고,승용,여,51세,상해없음
2023020200100431,2023년 2월 2일 20시,목요일,경상남도 통영시 무전동,경상사고,0,0,1,0,차대차 - 측면충돌,교차로운행방법위반,건조,맑음,교차로 - 교차로안,승용,남,69세,상해없음,승용,남,64세,상해없음
2023020200100451,2023년 2월 2일 21시,목요일,경상남도 창녕군 창녕읍,중상사고,0,1,1,0,차대차 - 추돌,안전운전불이행,건조,맑음,단일로 - 기타,특수,남,58세,중상,화물,남,57세,경상
2023020200100477,2023년 2월 2일 22시,목요일,경상남도 거제시 장평동,중상사고,0,1,0,0,차대차 - 기타,중앙선침범,건조,맑음,교차로 - 교차로안,이륜,남,29세,상해없음,이륜,남,35세,중상
2023020300100032,2023년 2월 3일 05시,금요일,경상남도 거제시 수월동,부상신고사고,0,0,0,1,차량단독 - 공작물충돌,안전운전불이행,건조,맑음,기타 - 기타,승용,남,47세,부상신고,,,,
2023020300100065,2023년 2월 3일 07시,금요일,경상남도 창원시 진해구 남양동,경상사고,0,0,1,0,차대차 - 측면충돌,중앙선침범,건조,맑음,단일로 - 기타,승용,남,58세,상해없음,화물,남,64세,경상
2023020300100066,2023년 2월 3일 07시,금요일,경상남도 산청군 신안면,경상사고,0,0,1,0,차대차 - 측면충돌,교차로운행방법위반,건조,맑음,교차로 - 교차로안,화물,남,67세,상해없음,승용,여,59세,경상
2023020300100115,2023년 2월 3일 09시,금요일,경상남도 사천시 송포동,중상사고,0,1,1,0,차대차 - 추돌,안전거리미확보,건조,맑음,단일로 - 기타,승용,남,50세,경상,화물,남,60세,상해없음
2023020300100185,2023년 2월 3일 12시,금요일,경상남도 창원시 성산구 반지동,경상사고,0,0,1,0,차대차 - 측면충돌,안전운전불이행,건조,맑음,교차로 - 교차로부근,승용,여,64세,기타불명,승용,여,38세,경상
2023020300100216,2023년 2월 3일 13시,금요일,경상남도 합천군 합천읍,중상사고,0,1,0,0,차대사람 - 차도통행중,안전운전불이행,건조,맑음,단일로 - 기타,승용,여,70세,상해없음,보행자,여,67세,중상
2023020300100217,2023년 2월 3일 13시,금요일,경상남도 양산시 북부동,중상사고,0,1,0,0,차대차 - 측면충돌,안전운전불이행,건조,맑음,교차로 - 교차로안,승용,남,79세,상해없음,자전거,남,82세,중상
2023020300100218,2023년 2월 3일 13시,금요일,경상남도 양산시 동면,부상신고사고,0,0,0,1,차대차 - 기타,중앙선침범,건조,맑음,단일로 - 기타,승용,여,42세,상해없음,이륜,남,33세,부상신고
2023020300100242,2023년 2월 3일 14시,금요일,경상남도 창원시 마산합포구 창동,중상사고,0,1,0,0,차대차 - 측면충돌,안전거리미확보,건조,맑음,단일로 - 기타,화물,남,42세,상해없음,승용,남,42세,중상
2023020300100243,2023년 2월 3일 14시,금요일,경상남도 진주시 금산면,경상사고,0,0,1,1,차대차 - 측면충돌,안전운전불이행,건조,맑음,교차로 - 교차로안,승용,여,57세,상해없음,승용,남,33세,경상
2023020300100289,2023년 2월 3일 15시,금요일,경상남도 창원시 진해구 석동,경상사고,0,0,1,0,차대차 - 측면충돌,신호위반,건조,맑음,교차로 - 교차로안,승용,남,57세,상해없음,승용,남,56세,경상
2023020300100290,2023년 2월 3일 15시,금요일,경상남도 양산시 산막동,경상사고,0,0,1,0,차대차 - 측면충돌,안전운전불이행,건조,맑음,교차로 - 교차로부근,승용,남,80세,기타불명,승용,남,33세,경상
2023020300100318,2023년 2월 3일 16시,금요일,경상남도 김해시 대동면,경상사고,0,0,1,0,차대차 - 기타,안전운전불이행,건조,맑음,교차로 - 교차로부근,승용,남,66세,상해없음,이륜,남,58세,경상
2023020300100358,2023년 2월 3일 17시,금요일,경상남도 김해시 상동면,경상사고,0,0,2,0,차대차 - 측면충돌,교차로운행방법위반,건조,맑음,교차로 - 교차로안,화물,남,31세,경상,화물,남,58세,경상
2023020300100409,2023년 2월 3일 18시,금요일,경상남도 창녕군 부곡면,경상사고,0,0,1,0,차대차 - 측면충돌,직진우회전진행방해,건조,맑음,교차로 - 교차로안,승용,여,64세,상해없음,승용,남,49세,경상
2023020300100410,2023년 2월 3일 18시,금요일,경상남도 함양군 안의면,중상사고,0,1,0,0,차대차 - 측면충돌,신호위반,건조,맑음,교차로 - 교차로안,승용,남,29세,상해없음,승용,남,62세,중상
2023020300100411,2023년 2월 3일 18시,금요일,경상남도 양산시 유산동,경상사고,0,0,1,0,차대차 - 측면충돌,안전운전불이행,건조,맑음,단일로 - 기타,승용,여,54세,상해없음,화물,남,41세,경상
2023020300100412,2023년 2월 3일 18시,금요일,경상남도 남해군 남해읍,중상사고,0,1,0,0,차대사람 - 횡단중,보행자보호의무위반,건조,맑음,교차로 - 교차로횡단보도내,승합,여,47세,상해없음,보행자,여,50세,중상
2023020300100457,2023년 2월 3일 19시,금요일,경상남도 창원시 진해구 용원동,경상사고,0,0,1,0,차대사람 - 차도통행중,안전운전불이행,건조,맑음,교차로 - 교차로안,승용,남,47세,상해없음,보행자,여,61세,경상
2023020300100458,2023년 2월 3일 19시,금요일,경상남도 창원시 진해구 석동,경상사고,0,0,1,0,차대차 - 측면충돌,신호위반,건조,맑음,교차로 - 교차로안,승용,남,42세,상해없음,승용,여,28세,경상
2023020300100459,2023년 2월 3일 19시,금요일,경상남도 김해시 구산동,부상신고사고,0,0,0,1,차대차 - 측면충돌,안전운전불이행,건조,맑음,단일로 - 기타,자전거,남,22세,부상신고,승용,남,55세,상해없음
2023020300100460,2023년 2월 3일 19시,금요일,경상남도 김해시 진영읍,경상사고,0,0,1,0,차대사람 - 횡단중,보행자보호의무위반,건조,맑음,교차로 - 교차로횡단보도내,승용,남,53세,상해없음,보행자,남,61세,경상
2023020300100522,2023년 2월 3일 21시,금요일,경상남도 창원시 마산합포구 해운동,경상사고,0,0,1,0,차대사람 - 횡단중,안전운전불이행,건조,맑음,교차로 - 교차로횡단보도내,승용,남,52세,상해없음,보행자,남,66세,경상
2023020300100523,2023년 2월 3일 21시,금요일,경상남도 거제시 고현동,경상사고,0,0,2,0,차대차 - 추돌,안전운전불이행,건조,맑음,단일로 - 기타,승용,남,44세,상해없음,승용,여,45세,경상
2023020300100524,2023년 2월 3일 21시,금요일,경상남도 창원시 성산구 중앙동,경상사고,0,0,2,0,차대차 - 측면충돌,안전운전불이행,건조,맑음,교차로 - 교차로안,승합,남,59세,상해없음,승용,남,21세,경상
2023020300100525,2023년 2월 3일 21시,금요일,경상남도 창원시 의창구 동읍,사망사고,1,0,3,0,차대차 - 측면충돌,차로위반,건조,맑음,단일로 - 기타,특수,남,61세,상해없음,승용,남,49세,사망
2023020400100051,2023년 2월 4일 03시,토요일,경상남도 의령군 의령읍,중상사고,0,1,0,0,차량단독 - 공작물충돌,안전운전불이행,건조,맑음,단일로 - 기타,승용,남,54세,중상,,,,
2023020400100055,2023년 2월 4일 04시,토요일,경상남도 창원시 마산회원구 봉암동,중상사고,0,2,1,0,차대차 - 정면충돌,신호위반,건조,맑음,교차로 - 교차로안,승용,남,29세,상해없음,화물,남,68세,중상
2023020400100063,2023년 2월 4일 05시,토요일,경상남도 통영시 당동,중상사고,0,1,1,0,차대차 - 측면충돌,교차로운행방법위반,건조,맑음,교차로 - 교차로안,화물,남,58세,중상,승용,남,51세,경상
2023020400100113,2023년 2월 4일 09시,토요일,경상남도 사천시 용강동,중상사고,0,1,0,0,차대차 - 측면충돌,안전운전불이행,건조,맑음,교차로 - 교차로안,승용,남,67세,상해없음,자전거,여,68세,중상
2023020400100114,2023년 2월 4일 09시,토요일,경상남도 양산시 물금읍,경상사고,0,0,1,0,차대차 - 측면충돌,안전거리미확보,건조,맑음,단일로 - 기타,화물,남,35세,상해없음,승용,남,36세,경상
2023020400100115,2023년 2월 4일 09시,토요일,경상남도 김해시 신문동,중상사고,0,1,0,0,차대사람 - 횡단중,안전운전불이행,건조,맑음,단일로 - 기타,개인형이동수단(PM),남,23세,상해없음,보행자,여,65세,중상
2023020400100230,2023년 2월 4일 13시,토요일,경상남도 사천시 노룡동,중상사고,0,1,3,0,차대차 - 추돌,안전운전불이행,건조,맑음,교차로 - 교차로부근,화물,남,67세,상해없음,승용,남,45세,경상
2023020400100231,2023년 2월 4일 13시,토요일,경상남도 김해시 내동,경상사고,0,0,2,0,차대차 - 측면충돌,차로위반,건조,맑음,단일로 - 기타,이륜,여,62세,경상,승용,남,43세,상해없음
2023020400100260,2023년 2월 4일 14시,토요일,경상남도 김해시 어방동,경상사고,0,0,1,0,차대차 - 측면충돌,안전운전불이행,건조,맑음,교차로 - 교차로안,승용,남,52세,기타불명,승용,남,22세,경상
2023020400100288,2023년 2월 4일 15시,토요일,경상남도 창원시 의창구 북면,중상사고,0,1,0,1,차대차 - 추돌,안전거리미확보,건조,맑음,단일로 - 터널,승용,남,28세,상해없음,승용,여,42세,중상
2023020400100365,2023년 2월 4일 17시,토요일,경상남도 사천시 동금동,경상사고,0,0,1,0,차대차 - 측면충돌,직진우회전진행방해,건조,맑음,교차로 - 교차로안,이륜,남,53세,경상,승용,남,63세,상해없음
2023020400100388,2023년 2월 4일 18시,토요일,경상남도 창원시 성산구 용호동,경상사고,0,0,1,0,차대차 - 측면충돌,안전거리미확보,건조,맑음,단일로 - 기타,승합,남,29세,상해없음,자전거,여,68세,경상
2023020400100414,2023년 2월 4일 19시,토요일,경상남도 창원시 의창구 명서동,경상사고,0,0,1,0,차대차 - 기타,안전운전불이행,건조,맑음,단일로 - 기타,승용,남,40세,상해없음,원동기,남,55세,경상
2023020400100415,2023년 2월 4일 19시,토요일,경상남도 김해시 진영읍,중상사고,0,2,0,0,차대차 - 측면충돌,신호위반,건조,맑음,교차로 - 교차로안,이륜,남,67세,중상,이륜,남,20세,중상
2023020400100448,2023년 2월 4일 20시,토요일,경상남도 진주시 정촌면,중상사고,0,1,0,0,차대차 - 정면충돌,신호위반,건조,맑음,교차로 - 교차로안,승용,남,28세,상해없음,이륜,남,28세,중상
2023020400100449,2023년 2월 4일 20시,토요일,경상남도 진주시 상대동,중상사고,0,1,0,0,차대사람 - 횡단중,신호위반,건조,맑음,교차로 - 교차로안,승용,남,34세,상해없음,보행자,여,30세,중상
2023020400100450,2023년 2월 4일 20시,토요일,경상남도 통영시 도남동,중상사고,0,1,0,0,차대차 - 측면충돌,안전거리미확보,건조,맑음,교차로 - 교차로부근,승용,남,81세,상해없음,이륜,남,19세,중상
2023020400100451,2023년 2월 4일 20시,토요일,경상남도 김해시 외동,경상사고,0,0,1,0,차대사람 - 횡단중,보행자보호의무위반,건조,맑음,단일로 - 기타,승용,남,47세,상해없음,보행자,남,38세,경상
2023020400100452,2023년 2월 4일 20시,토요일,경상남도 창원시 의창구 중동,경상사고,0,0,1,0,차대차 - 측면충돌,교차로운행방법위반,건조,맑음,교차로 - 교차로안,승용,남,52세,상해없음,원동기,남,40세,경상
2023020400100453,2023년 2월 4일 20시,토요일,경상남도 김해시 장유동,중상사고,0,1,0,0,차대차 - 측면충돌,안전운전불이행,건조,맑음,교차로 - 교차로안,승용,남,51세,상해없음,이륜,남,56세,중상
2023020400100474,2023년 2월 4일 21시,토요일,경상남도 통영시 용남면,중상사고,0,1,0,0,차대차 - 정면충돌,중앙선침범,건조,맑음,단일로 - 기타,승용,남,22세,상해없음,이륜,남,34세,중상
2023020400100475,2023년 2월 4일 21시,토요일,경상남도 합천군 합천읍,중상사고,0,1,0,0,차대차 - 추돌,안전운전불이행,건조,맑음,교차로 - 교차로안,승용,남,23세,상해없음,승용,기타불명,미분류,기타불명
2023020400100476,2023년 2월 4일 21시,토요일,경상남도 거제시 장평동,경상사고,0,0,1,0,차대사람 - 기타,안전운전불이행,건조,맑음,교차로 - 교차로안,승용,남,32세,상해없음,보행자,여,32세,경상
2023020400100494,2023년 2월 4일 22시,토요일,경상남도 창원시 의창구 도계동,경상사고,0,0,1,0,차대차 - 측면충돌,직진우회전진행방해,건조,맑음,교차로 - 교차로안,승용,여,60세,상해없음,이륜,남,42세,경상
2023020400100515,2023년 2월 4일 23시,토요일,경상남도 양산시 남부동,경상사고,0,0,1,0,차대차 - 기타,안전운전불이행,건조,맑음,단일로 - 기타,승용,남,39세,상해없음,승용,남,42세,경상
2023020400100516,2023년 2월 4일 23시,토요일,경상남도 김해시 한림면,중상사고,0,1,1,0,차대차 - 추돌,안전운전불이행,건조,맑음,단일로 - 기타,승용,남,29세,상해없음,화물,남,57세,중상
2023020500100021,2023년 2월 5일 01시,일요일,경상남도 김해시 외동,중상사고,0,1,0,0,차대차 - 기타,신호위반,건조,맑음,교차로 - 교차로횡단보도내,화물,남,54세,상해없음,개인형이동수단(PM),남,26세,중상
2023020500100046,2023년 2월 5일 05시,일요일,경상남도 창원시 의창구 소답동,중상사고,0,1,0,0,차대사람 - 횡단중,안전운전불이행,건조,맑음,교차로 - 교차로안,승용,여,59세,상해없음,보행자,여,71세,중상
2023020500100080,2023년 2월 5일 09시,일요일,경상남도 김해시 동상동,경상사고,0,0,1,0,차대차 - 정면충돌,신호위반,건조,맑음,교차로 - 교차로안,이륜,남,45세,상해없음,승용,남,35세,경상
2023020500100114,2023년 2월 5일 11시,일요일,경상남도 창원시 진해구 행암동,경상사고,0,0,1,0,차대차 - 기타,안전운전불이행,건조,맑음,교차로 - 교차로안,자전거,남,52세,경상,승합,남,37세,상해없음
2023020500100139,2023년 2월 5일 12시,일요일,경상남도 창원시 마산합포구 교방동,경상사고,0,0,1,1,차대차 - 정면충돌,신호위반,건조,맑음,교차로 - 교차로안,승용,남,79세,상해없음,승용,남,58세,부상신고
2023020500100140,2023년 2월 5일 12시,일요일,경상남도 밀양시 산외면,중상사고,0,2,0,0,차대차 - 추돌,안전운전불이행,건조,맑음,단일로 - 기타,승용,남,55세,상해없음,화물,남,57세,중상
2023020500100163,2023년 2월 5일 13시,일요일,경상남도 양산시 물금읍,경상사고,0,0,1,0,차대차 - 기타,안전운전불이행,건조,맑음,단일로 - 기타,승용,여,45세,상해없음,이륜,남,42세,경상
2023020500100187,2023년 2월 5일 14시,일요일,경상남도 진주시 대곡면,중상사고,0,1,1,0,차대차 - 추돌,안전운전불이행,건조,맑음,교차로 - 교차로안,화물,남,70세,상해없음,승용,여,26세,경상
2023020500100188,2023년 2월 5일 14시,일요일,경상남도 진주시 금곡면,경상사고,0,0,1,0,차대차 - 정면충돌,중앙선침범,건조,맑음,단일로 - 기타,승용,남,65세,상해없음,승용,남,44세,경상
2023020500100230,2023년 2월 5일 16시,일요일,경상남도 창원시 의창구 명서동,경상사고,0,0,2,1,차대차 - 측면충돌,차로위반,건조,맑음,단일로 - 기타,승용,여,31세,상해없음,승용,여,62세,경상
2023020500100287,2023년 2월 5일 18시,일요일,경상남도 양산시 물금읍,부상신고사고,0,0,0,1,차대차 - 기타,안전운전불이행,건조,맑음,단일로 - 기타,승용,남,27세,기타불명,승용,여,42세,부상신고
2023020500100288,2023년 2월 5일 18시,일요일,경상남도 양산시 교동,경상사고,0,0,1,0,차대차 - 측면충돌,신호위반,건조,맑음,교차로 - 교차로안,원동기,남,23세,기타불명,승용,남,44세,경상
2023020500100289,2023년 2월 5일 18시,일요일,경상남도 거제시 고현동,중상사고,0,1,0,0,차대사람 - 보도통행중,안전운전불이행,건조,맑음,단일로 - 기타,이륜,남,30세,상해없음,보행자,여,66세,중상