사고번호,사고일시,요일,시군구,사고내용,사망자수,중상자수,경상자수,부상신고자수,사고유형,법규위반,노면상태,기상상태,도로형태,가해운전자 차종,가해운전자 성별,가해운전자 연령,가해운전자 상해정도,피해운전자 차종,피해운전자 성별,피해운전자 연령,피해운전자 상해정도
2023020500100290,2023년 2월 5일 18시,일요일,경상남도 창원시 마산회원구 내서읍,경상사고,0,0,1,0,차대차 - 측면충돌,안전운전불이행,건조,맑음,교차로 - 교차로안,이륜,남,48세,상해없음,이륜,남,56세,경상
2023020500100314,2023년 2월 5일 19시,일요일,경상남도 창원시 진해구 남양동,중상사고,0,2,0,0,차대차 - 추돌,기타,건조,맑음,단일로 - 기타,승용,남,51세,상해없음,승용,남,53세,중상
2023020500100315,2023년 2월 5일 19시,일요일,경상남도 김해시 대청동,경상사고,0,0,1,0,차대차 - 추돌,안전운전불이행,건조,맑음,교차로 - 교차로부근,이륜,남,20세,경상,승용,남,47세,상해없음
2023020500100357,2023년 2월 5일 21시,일요일,경상남도 김해시 삼정동,경상사고,0,0,1,0,차대사람 - 길가장자리구역통행중,안전운전불이행,건조,맑음,교차로 - 교차로안,기타불명,기타불명,미분류,기타불명,보행자,남,58세,경상
2023020600100002,2023년 2월 6일 00시,월요일,경상남도 김해시 구산동,중상사고,0,1,0,0,차대차 - 정면충돌,안전운전불이행,건조,흐림,교차로 - 교차로횡단보도내,화물,여,42세,상해없음,이륜,남,48세,중상
2023020600100014,2023년 2월 6일 02시,월요일,경상남도 양산시 동면,사망사고,1,0,0,0,차량단독 - 전도전복 - 전복,안전운전불이행,건조,맑음,단일로 - 기타,승용,남,24세,사망,,,,
2023020600100022,2023년 2월 6일 04시,월요일,경상남도 진주시 신안동,중상사고,0,1,0,0,차대차 - 측면충돌,신호위반,건조,맑음,교차로 - 교차로안,승용,여,52세,상해없음,승용,남,69세,중상
2023020600100046,2023년 2월 6일 06시,월요일,경상남도 김해시 삼계동,중상사고,0,1,0,0,차대사람 - 횡단중,신호위반,건조,맑음,교차로 - 교차로횡단보도내,승합,남,64세,상해없음,보행자,남,60세,중상
2023020600100047,2023년 2월 6일 06시,월요일,경상남도 김해시 부원동,경상사고,0,0,1,0,차대차 - 추돌,안전운전불이행,건조,맑음,단일로 - 기타,승용,남,58세,상해없음,승용,남,34세,경상
2023020600100075,2023년 2월 6일 07시,월요일,경상남도 창녕군 부곡면,경상사고,0,0,1,0,차대차 - 기타,중앙선침범,건조,맑음,단일로 - 기타,승용,남,71세,상해없음,승용,남,42세,경상
2023020600100187,2023년 2월 6일 11시,월요일,경상남도 김해시 부곡동,경상사고,0,0,1,0,차대차 - 추돌,안전거리미확보,건조,맑음,단일로 - 기타,승용,남,59세,상해없음,화물,남,50세,경상
2023020600100202,2023년 2월 6일 11시,월요일,경상남도 창원시 성산구 남양동,중상사고,0,1,0,0,차대사람 - 횡단중,보행자보호의무위반,건조,맑음,교차로 - 교차로횡단보도내,이륜,남,79세,상해없음,보행자,남,30세,중상
2023020600100203,2023년 2월 6일 11시,월요일,경상남도 창원시 의창구 도계동,경상사고,0,0,2,0,차대차 - 기타,안전운전불이행,건조,맑음,기타 - 기타,승용,남,69세,상해없음,승합,남,56세,경상
2023020600100223,2023년 2월 6일 12시,월요일,경상남도 거창군 거창읍,중상사고,0,1,0,0,차대차 - 측면충돌,기타,건조,맑음,단일로 - 기타,이륜,여,73세,중상,승용,남,58세,상해없음
2023020600100224,2023년 2월 6일 12시,월요일,경상남도 양산시 물금읍,경상사고,0,0,1,0,차대차 - 측면충돌,안전운전불이행,건조,맑음,교차로 - 교차로안,자전거,남,72세,경상,승용,남,36세,상해없음
2023020600100225,2023년 2월 6일 12시,월요일,경상남도 남해군 서면,경상사고,0,0,2,0,차대차 - 측면충돌,안전운전불이행,건조,맑음,단일로 - 기타,원동기,남,64세,경상,승용,남,22세,경상
2023020600100245,2023년 2월 6일 13시,월요일,경상남도 양산시 어곡동,경상사고,0,0,1,0,차대차 - 측면충돌,신호위반,건조,맑음,교차로 - 교차로안,화물,남,29세,상해없음,승용,남,43세,경상
2023020600100265,2023년 2월 6일 14시,월요일,경상남도 합천군 쌍책면,중상사고,0,1,0,0,차대차 - 정면충돌,안전운전불이행,건조,맑음,단일로 - 기타,화물,남,58세,상해없음,이륜,남,39세,중상
2023020600100266,2023년 2월 6일 14시,월요일,경상남도 김해시 한림면,중상사고,0,1,4,2,차대차 - 추돌,안전운전불이행,건조,맑음,단일로 - 기타,화물,남,63세,상해없음,화물,남,66세,중상
2023020600100314,2023년 2월 6일 16시,월요일,경상남도 창원시 진해구 용원동,경상사고,0,0,1,0,차대차 - 측면충돌,안전운전불이행,건조,맑음,교차로 - 교차로부근,특수,남,64세,상해없음,특수,남,46세,경상
2023020600100337,2023년 2월 6일 17시,월요일,경상남도 밀양시 무안면,경상사고,0,0,1,0,차대차 - 기타,안전운전불이행,건조,맑음,단일로 - 기타,승용,여,67세,상해없음,승용,남,55세,경상
2023020600100338,2023년 2월 6일 17시,월요일,경상남도 산청군 신안면,중상사고,0,1,0,0,차량단독 - 도로외이탈 - 추락,안전운전불이행,건조,맑음,단일로 - 기타,승용,남,70세,중상,,,,
2023020600100339,2023년 2월 6일 17시,월요일,경상남도 의령군 의령읍,경상사고,0,0,2,0,차대차 - 후진중충돌,교차로운행방법위반,건조,맑음,교차로 - 교차로부근,승용,남,47세,상해없음,승용,여,38세,경상
2023020600100378,2023년 2월 6일 18시,월요일,경상남도 진주시 이현동,경상사고,0,0,1,0,차대차 - 측면충돌,안전거리미확보,건조,맑음,단일로 - 기타,화물,남,59세,상해없음,승용,남,45세,경상
2023020600100379,2023년 2월 6일 18시,월요일,경상남도 양산시 삼호동,경상사고,0,0,1,0,차대차 - 후진중충돌,안전운전불이행,건조,맑음,교차로 - 교차로안,승용,여,71세,상해없음,화물,남,23세,경상
2023020600100380,2023년 2월 6일 18시,월요일,경상남도 산청군 신안면,중상사고,0,1,0,0,차대사람 - 차도통행중,중앙선침범,건조,맑음,단일로 - 기타,승용,남,53세,상해없음,보행자,여,30세,중상
2023020600100447,2023년 2월 6일 20시,월요일,경상남도 밀양시 하남읍,경상사고,0,0,2,0,차대차 - 측면충돌,안전운전불이행,건조,흐림,교차로 - 교차로안,승용,여,43세,상해없음,승용,남,41세,경상
2023020600100448,2023년 2월 6일 20시,월요일,경상남도 고성군 거류면,중상사고,0,1,0,0,차대사람 - 차도통행중,안전운전불이행,건조,맑음,단일로 - 기타,승용,남,67세,상해없음,보행자,남,18세,중상
2023020700100007,2023년 2월 7일 00시,화요일,경상남도 함양군 지곡면,중상사고,0,1,1,0,차대차 - 추돌,중앙선침범,건조,맑음,단일로 - 기타,승용,남,48세,상해없음,승용,남,28세,중상
2023020700100021,2023년 2월 7일 03시,화요일,경상남도 밀양시 삼문동,경상사고,0,0,1,0,차대사람 - 횡단중,보행자보호의무위반,건조,맑음,교차로 - 교차로횡단보도내,화물,남,63세,상해없음,보행자,남,63세,경상
2023020700100035,2023년 2월 7일 05시,화요일,경상남도 거창군 거창읍,중상사고,0,1,0,0,차대사람 - 차도통행중,안전운전불이행,건조,맑음,교차로 - 교차로부근,승용,남,45세,상해없음,보행자,남,83세,중상
2023020700100057,2023년 2월 7일 06시,화요일,경상남도 김해시 구산동,경상사고,0,0,1,0,차대차 - 측면충돌,안전거리미확보,건조,맑음,단일로 - 기타,화물,남,39세,상해없음,승용,남,55세,경상
2023020700100058,2023년 2월 7일 06시,화요일,경상남도 양산시 덕계동,중상사고,0,1,0,0,차대사람 - 횡단중,안전운전불이행,건조,맑음,교차로 - 교차로안,승용,여,52세,상해없음,보행자,남,35세,중상
2023020700100070,2023년 2월 7일 07시,화요일,경상남도 창원시 진해구 자은동,중상사고,0,2,1,0,차량단독 - 공작물충돌,신호위반,건조,맑음,교차로 - 교차로안,승용,남,61세,상해없음,,,,
2023020700100105,2023년 2월 7일 08시,화요일,경상남도 통영시 무전동,중상사고,0,1,0,0,차대차 - 측면충돌,교차로운행방법위반,건조,맑음,교차로 - 교차로안,승용,여,31세,상해없음,이륜,여,62세,중상
2023020700100106,2023년 2월 7일 08시,화요일,경상남도 김해시 삼정동,중상사고,0,1,0,0,차대차 - 측면충돌,안전거리미확보,건조,맑음,단일로 - 기타,화물,남,48세,상해없음,승용,여,71세,중상
2023020700100139,2023년 2월 7일 09시,화요일,경상남도 의령군 의령읍,중상사고,0,1,0,0,차대차 - 측면충돌,안전운전불이행,건조,맑음,교차로 - 교차로부근,화물,여,61세,상해없음,승용,남,32세,중상
2023020700100169,2023년 2월 7일 10시,화요일,경상남도 창원시 진해구 석동,경상사고,0,0,1,0,차대차 - 측면충돌,차로위반,건조,맑음,단일로 - 기타,화물,남,28세,상해없음,승용,남,53세,경상
2023020700100170,2023년 2월 7일 10시,화요일,경상남도 김해시 부원동,중상사고,0,1,0,1,차대차 - 측면충돌,안전거리미확보,건조,맑음,교차로 - 교차로안,승용,남,58세,부상신고,이륜,남,18세,중상
2023020700100171,2023년 2월 7일 10시,화요일,경상남도 거제시 아주동,경상사고,0,0,1,0,차대차 - 기타,신호위반,건조,맑음,교차로 - 교차로안,화물,여,55세,상해없음,승용,남,36세,경상
2023020700100201,2023년 2월 7일 11시,화요일,경상남도 고성군 고성읍,중상사고,0,1,0,0,차대차 - 측면충돌,신호위반,건조,맑음,교차로 - 교차로안,화물,여,50세,상해없음,원동기,남,70세,중상
2023020700100202,2023년 2월 7일 11시,화요일,경상남도 거제시 고현동,경상사고,0,0,1,0,차대사람 - 기타,기타,건조,맑음,단일로 - 기타,승합,남,44세,상해없음,보행자,여,78세,경상
2023020700100203,2023년 2월 7일 11시,화요일,경상남도 의령군 화정면,경상사고,0,0,1,0,차대차 - 측면충돌,교차로운행방법위반,건조,맑음,교차로 - 교차로부근,화물,남,70세,상해없음,화물,남,69세,경상
2023020700100225,2023년 2월 7일 12시,화요일,경상남도 통영시 정량동,중상사고,0,1,1,0,차대차 - 측면충돌,안전운전불이행,건조,맑음,단일로 - 기타,이륜,남,62세,경상,승용,남,69세,중상
2023020700100226,2023년 2월 7일 12시,화요일,경상남도 양산시 산막동,중상사고,0,6,2,0,차대차 - 기타,안전운전불이행,건조,맑음,기타 - 기타,화물,남,74세,상해없음,승합,남,56세,상해없음
2023020700100227,2023년 2월 7일 12시,화요일,경상남도 하동군 청암면,사망사고,1,0,0,0,차대사람 - 길가장자리구역통행중,안전운전불이행,건조,맑음,단일로 - 기타,승용,남,70세,상해없음,보행자,여,72세,사망
2023020700100228,2023년 2월 7일 12시,화요일,경상남도 창원시 마산합포구 산호동,경상사고,0,0,1,0,차대차 - 기타,안전운전불이행,건조,맑음,교차로 - 교차로부근,승용,여,68세,상해없음,자전거,남,64세,경상
2023020700100258,2023년 2월 7일 13시,화요일,경상남도 통영시 광도면,경상사고,0,0,1,0,차대사람 - 횡단중,보행자보호의무위반,건조,맑음,교차로 - 교차로부근,승용,남,55세,기타불명,보행자,여,26세,경상
2023020700100259,2023년 2월 7일 13시,화요일,경상남도 사천시 대포동,경상사고,0,0,4,0,차대차 - 측면충돌,중앙선침범,건조,맑음,교차로 - 교차로안,승용,남,55세,상해없음,화물,남,54세,경상
2023020700100284,2023년 2월 7일 14시,화요일,경상남도 창원시 성산구 상남동,중상사고,0,1,0,0,차대사람 - 횡단중,안전운전불이행,건조,맑음,교차로 - 교차로안,화물,남,32세,기타불명,보행자,여,67세,중상
2023020700100305,2023년 2월 7일 15시,화요일,경상남도 통영시 무전동,중상사고,0,1,0,0,차대차 - 측면충돌,직진우회전진행방해,건조,맑음,교차로 - 교차로안,승합,여,56세,상해없음,승용,남,31세,중상
2023020700100306,2023년 2월 7일 15시,화요일,경상남도 사천시 선구동,중상사고,0,1,0,0,차대사람 - 횡단중,보행자보호의무위반,건조,맑음,단일로 - 기타,화물,남,59세,상해없음,보행자,여,85세,중상
2023020700100338,2023년 2월 7일 16시,화요일,경상남도 밀양시 교동,경상사고,0,0,1,0,차대차 - 정면충돌,중앙선침범,건조,맑음,단일로 - 기타,승용,남,57세,상해없음,승용,남,62세,경상
2023020700100339,2023년 2월 7일 16시,화요일,경상남도 거제시 고현동,경상사고,0,0,1,0,차대사람 - 기타,안전운전불이행,건조,맑음,교차로 - 교차로안,화물,남,62세,상해없음,보행자,남,32세,경상
2023020700100340,2023년 2월 7일 16시,화요일,경상남도 함안군 법수면,경상사고,0,0,1,0,차대차 - 측면충돌,안전운전불이행,건조,맑음,미분류 - 미분류,건설기계,남,49세,상해없음,승용,남,79세,경상
2023020700100364,2023년 2월 7일 17시,화요일,경상남도 창원시 진해구 송학동,중상사고,0,1,1,0,차대차 - 측면충돌,교차로운행방법위반,건조,맑음,교차로 - 교차로안,이륜,남,19세,경상,이륜,남,27세,중상
2023020700100365,2023년 2월 7일 17시,화요일,경상남도 함안군 칠서면,경상사고,0,0,1,0,차대차 - 추돌,안전운전불이행,건조,맑음,기타 - 기타,승용,남,66세,상해없음,자전거,남,42세,경상
2023020700100412,2023년 2월 7일 18시,화요일,경상남도 고성군 고성읍,경상사고,0,0,2,0,차대차 - 측면충돌,직진우회전진행방해,건조,맑음,교차로 - 교차로안,승용,남,53세,상해없음,승용,남,31세,경상
2023020700100413,2023년 2월 7일 18시,화요일,경상남도 거제시 수월동,경상사고,0,0,1,0,차대차 - 추돌,안전운전불이행,건조,맑음,교차로 - 교차로부근,승용,여,36세,상해없음,승용,남,70세,경상
2023020700100414,2023년 2월 7일 18시,화요일,경상남도 김해시 무계동,경상사고,0,0,1,0,차대차 - 측면충돌,신호위반,건조,맑음,교차로 - 교차로안,승용,남,48세,상해없음,승용,남,43세,경상
2023020700100446,2023년 2월 7일 19시,화요일,경상남도 창원시 진해구 남양동,경상사고,0,0,1,0,차대차 - 추돌,안전운전불이행,건조,맑음,단일로 - 기타,승용,남,36세,상해없음,승용,남,43세,경상
2023020700100477,2023년 2월 7일 20시,화요일,경상남도 창원시 마산합포구 월영동,경상사고,0,0,1,0,차대차 - 측면충돌,안전운전불이행,건조,맑음,교차로 - 교차로안,승용,남,38세,상해없음,이륜,남,35세,경상
2023020700100478,2023년 2월 7일 20시,화요일,경상남도 통영시 무전동,경상사고,0,0,1,0,차대차 - 측면충돌,신호위반,건조,맑음,교차로 - 교차로안,승용,남,26세,상해없음,승용,여,60세,경상
2023020700100479,2023년 2월 7일 20시,화요일,경상남도 사천시 정동면,경상사고,0,0,2,0,차대차 - 기타,안전운전불이행,건조,맑음,단일로 - 기타,승용,남,25세,상해없음,승용,남,34세,경상
2023020700100501,2023년 2월 7일 21시,화요일,경상남도 진주시 평거동,경상사고,0,0,2,0,차대차 - 측면충돌,안전운전불이행,건조,맑음,단일로 - 기타,승용,여,34세,상해없음,승용,남,41세,경상
2023020700100525,2023년 2월 7일 22시,화요일,경상남도 진주시 금산면,사망사고,1,0,0,0,차량단독 - 기타,안전운전불이행,기타,맑음,기타 - 기타,이륜,남,44세,사망,,,,
2023020700100526,2023년 2월 7일 22시,화요일,경상남도 양산시 중부동,경상사고,0,0,2,0,차대차 - 후진중충돌,안전운전불이행,건조,맑음,단일로 - 기타,승용,남,22세,상해없음,개인형이동수단(PM),여,61세,경상
2023020800100007,2023년 2월 8일 00시,수요일,경상남도 창원시 진해구 충무동,경상사고,0,0,2,0,차대차 - 추돌,안전운전불이행,건조,흐림,기타 - 기타,이륜,남,17세,경상,승용,여,38세,경상
2023020800100083,2023년 2월 8일 07시,수요일,경상남도 창원시 진해구 남양동,경상사고,0,0,1,0,차대차 - 측면충돌,중앙선침범,건조,맑음,교차로 - 교차로부근,승용,남,31세,상해없음,화물,남,35세,경상
2023020800100084,2023년 2월 8일 07시,수요일,경상남도 창원시 진해구 경화동,경상사고,0,0,1,0,차대차 - 추돌,안전운전불이행,건조,맑음,교차로 - 교차로부근,승용,남,21세,상해없음,승용,남,25세,경상
2023020800100085,2023년 2월 8일 07시,수요일,경상남도 양산시 상북면,경상사고,0,0,1,0,차대차 - 측면충돌,안전운전불이행,건조,맑음,교차로 - 교차로안,승용,여,77세,상해없음,화물,남,28세,경상
2023020800100086,2023년 2월 8일 07시,수요일,경상남도 창원시 마산회원구 회성동,경상사고,0,0,1,0,차대차 - 측면충돌,안전운전불이행,건조,맑음,단일로 - 기타,승용,남,64세,상해없음,승용,여,51세,경상
2023020800100202,2023년 2월 8일 11시,수요일,경상남도 양산시 물금읍,경상사고,0,0,1,0,차대차 - 측면충돌,신호위반,건조,맑음,교차로 - 교차로안,승용,남,55세,상해없음,승용,여,55세,경상
2023020800100224,2023년 2월 8일 12시,수요일,경상남도 김해시 율하동,경상사고,0,0,1,0,차대차 - 측면충돌,안전운전불이행,건조,맑음,교차로 - 교차로안,승용,여,67세,상해없음,승용,남,41세,경상
2023020800100251,2023년 2월 8일 13시,수요일,경상남도 창원시 마산합포구 완월동,경상사고,0,0,1,0,차대사람 - 횡단중,보행자보호의무위반,건조,맑음,단일로 - 기타,승용,여,49세,상해없음,보행자,남,12세,경상
2023020800100252,2023년 2월 8일 13시,수요일,경상남도 통영시 무전동,중상사고,0,1,0,0,차대차 - 측면충돌,안전운전불이행,건조,맑음,교차로 - 교차로안,승용,여,39세,상해없음,이륜,남,45세,중상
2023020800100253,2023년 2월 8일 13시,수요일,경상남도 남해군 고현면,부상신고사고,0,0,0,1,차대차 - 추돌,안전운전불이행,건조,맑음,단일로 - 기타,승용,남,70세,부상신고,승용,남,38세,상해없음
2023020800100254,2023년 2월 8일 13시,수요일,경상남도 함안군 가야읍,중상사고,0,1,0,0,차대차 - 측면충돌,교차로운행방법위반,건조,맑음,교차로 - 교차로안,승용,여,47세,상해없음,이륜,남,56세,중상
2023020800100287,2023년 2월 8일 14시,수요일,경상남도 김해시 구산동,중상사고,0,1,0,1,차대차 - 측면충돌,안전운전불이행,건조,맑음,교차로 - 교차로안,화물,남,46세,상해없음,승용,여,52세,중상
2023020800100288,2023년 2월 8일 14시,수요일,경상남도 창녕군 창녕읍,경상사고,0,0,1,0,차대사람 - 횡단중,보행자보호의무위반,건조,맑음,교차로 - 교차로횡단보도내,화물,남,66세,상해없음,보행자,남,7세,경상
2023020800100289,2023년 2월 8일 14시,수요일,경상남도 양산시 동면,경상사고,0,0,1,0,차대차 - 기타,안전운전불이행,건조,맑음,단일로 - 기타,화물,남,61세,상해없음,승용,남,34세,경상
2023020800100347,2023년 2월 8일 16시,수요일,경상남도 김해시 삼정동,경상사고,0,0,1,0,차대차 - 측면충돌,신호위반,건조,맑음,교차로 - 교차로안,승용,남,59세,상해없음,이륜,남,24세,상해없음
2023020800100348,2023년 2월 8일 16시,수요일,경상남도 거창군 북상면,중상사고,0,1,0,0,차량단독 - 도로외이탈 - 추락,안전운전불이행,건조,맑음,단일로 - 기타,농기계,남,53세,중상,,,,
2023020800100349,2023년 2월 8일 16시,수요일,경상남도 산청군 신안면,경상사고,0,0,1,0,차대차 - 추돌,안전거리미확보,건조,맑음,단일로 - 기타,화물,남,57세,상해없음,승용,여,55세,경상
2023020800100376,2023년 2월 8일 17시,수요일,경상남도 진주시 봉곡동,중상사고,0,1,0,0,차대차 - 정면충돌,직진우회전진행방해,건조,맑음,교차로 - 교차로안,승용,여,64세,상해없음,이륜,남,40세,중상
2023020800100377,2023년 2월 8일 17시,수요일,경상남도 창원시 성산구 성산동,경상사고,0,0,1,0,차대차 - 측면충돌,안전운전불이행,건조,맑음,교차로 - 교차로안,승용,여,29세,상해없음,승용,남,41세,경상
2023020800100421,2023년 2월 8일 18시,수요일,경상남도 김해시 삼정동,경상사고,0,0,1,0,차대사람 - 기타,보행자보호의무위반,건조,맑음,교차로 - 교차로부근,승용,남,63세,상해없음,보행자,여,79세,경상
2023020800100422,2023년 2월 8일 18시,수요일,경상남도 창원시 의창구 동읍,사망사고,1,0,0,0,차량단독 - 도로외이탈 - 추락,안전운전불이행,건조,맑음,단일로 - 기타,이륜,남,85세,사망,,,,
2023020800100459,2023년 2월 8일 19시,수요일,경상남도 창원시 마산회원구 구암동,중상사고,0,1,0,0,차대차 - 추돌,안전운전불이행,건조,맑음,교차로 - 교차로안,이륜,남,59세,중상,이륜,남,40세,상해없음
2023020800100518,2023년 2월 8일 22시,수요일,경상남도 창원시 진해구 안골동,경상사고,0,0,2,0,차대차 - 정면충돌,중앙선침범,건조,맑음,단일로 - 기타,승용,남,27세,상해없음,승용,남,38세,경상
2023020800100519,2023년 2월 8일 22시,수요일,경상남도 창원시 성산구 상남동,부상신고사고,0,0,0,1,차대사람 - 차도통행중,안전운전불이행,건조,맑음,단일로 - 기타,승용,남,22세,상해없음,보행자,남,29세,부상신고
2023020800100534,2023년 2월 8일 23시,수요일,경상남도 창녕군 남지읍,경상사고,0,0,2,0,차대차 - 측면충돌,중앙선침범,건조,맑음,단일로 - 교량,승용,남,25세,경상,승용,남,42세,경상
2023020800100535,2023년 2월 8일 23시,수요일,경상남도 사천시 축동면,사망사고,1,0,0,0,차량단독 - 기타,안전운전불이행,건조,맑음,기타 - 기타,화물,남,42세,사망,,,,
2023020900100015,2023년 2월 9일 01시,목요일,경상남도 통영시 정량동,경상사고,0,0,1,0,차대사람 - 기타,안전운전불이행,건조,맑음,단일로 - 기타,승용,여,58세,상해없음,보행자,여,49세,경상
2023020900100027,2023년 2월 9일 04시,목요일,경상남도 진주시 신안동,경상사고,0,0,2,0,차대차 - 정면충돌,신호위반,건조,맑음,교차로 - 교차로안,승용,남,53세,상해없음,승용,남,65세,경상
2023020900100039,2023년 2월 9일 06시,목요일,경상남도 통영시 용남면,경상사고,0,0,2,0,차대차 - 추돌,안전운전불이행,건조,맑음,단일로 - 기타,승용,남,53세,상해없음,화물,남,57세,경상
2023020900100060,2023년 2월 9일 07시,목요일,경상남도 통영시 용남면,중상사고,0,1,2,0,차대차 - 추돌,안전운전불이행,건조,맑음,단일로 - 기타,승합,남,69세,상해없음,승용,여,43세,경상
2023020900100103,2023년 2월 9일 09시,목요일,경상남도 창원시 진해구 풍호동,경상사고,0,0,1,0,차대차 - 측면충돌,교차로운행방법위반,건조,맑음,교차로 - 교차로부근,건설기계,남,55세,상해없음,승용,여,64세,경상
2023020900100104,2023년 2월 9일 09시,목요일,경상남도 사천시 동금동,중상사고,0,1,0,0,차대사람 - 횡단중,보행자보호의무위반,건조,맑음,단일로 - 기타,승용,남,73세,상해없음,보행자,여,80세,중상
2023020900100188,2023년 2월 9일 12시,목요일,경상남도 김해시 삼정동,부상신고사고,0,0,0,1,차대차 - 측면충돌,차로위반,건조,맑음,단일로 - 기타,자전거,남,74세,부상신고,승용,여,28세,상해없음
2023020900100214,2023년 2월 9일 13시,목요일,경상남도 진주시 충무공동,중상사고,0,1,0,0,차량단독 - 기타,안전운전불이행,건조,맑음,교차로 - 교차로안,승합,남,61세,상해없음,,,,
2023020900100215,2023년 2월 9일 13시,목요일,경상남도 사천시 사천읍,사망사고,1,2,1,0,차대차 - 추돌,안전운전불이행,건조,맑음,교차로 - 교차로부근,화물,남,75세,사망,승용,여,30세,경상
2023020900100216,2023년 2월 9일 13시,목요일,경상남도 양산시 물금읍,경상사고,0,0,1,0,차대차 - 측면충돌,신호위반,건조,맑음,교차로 - 교차로안,승용,남,50세,상해없음,승용,남,24세,경상
2023020900100231,2023년 2월 9일 14시,목요일,경상남도 양산시 동면,경상사고,0,0,1,0,차대차 - 측면충돌,안전거리미확보,건조,맑음,단일로 - 기타,화물,남,57세,상해없음,승용,여,35세,경상
2023020900100243,2023년 2월 9일 14시,목요일,경상남도 양산시 평산동,중상사고,0,1,0,0,차대사람 - 기타,기타,건조,맑음,단일로 - 기타,승합,남,52세,상해없음,보행자,남,86세,중상
2023020900100263,2023년 2월 9일 15시,목요일,경상남도 하동군 하동읍,중상사고,0,1,0,0,차대차 - 기타,안전운전불이행,건조,맑음,단일로 - 기타,승용,남,20세,상해없음,이륜,남,59세,중상
2023020900100264,2023년 2월 9일 15시,목요일,경상남도 창원시 의창구 북면,경상사고,0,0,1,0,차대차 - 측면충돌,안전거리미확보,건조,맑음,단일로 - 기타,승용,여,65세,기타불명,승용,남,26세,경상
2023020900100294,2023년 2월 9일 16시,목요일,경상남도 창원시 진해구 용원동,경상사고,0,0,1,0,차대차 - 측면충돌,안전거리미확보,건조,맑음,단일로 - 기타,승용,여,38세,상해없음,승용,남,36세,경상
2023020900100295,2023년 2월 9일 16시,목요일,경상남도 김해시 삼계동,경상사고,0,0,1,0,차대차 - 측면충돌,교차로운행방법위반,건조,맑음,교차로 - 교차로안,승용,남,58세,상해없음,승용,남,25세,경상
2023020900100296,2023년 2월 9일 16시,목요일,경상남도 양산시 물금읍,경상사고,0,0,1,0,차대차 - 측면충돌,안전운전불이행,건조,맑음,단일로 - 기타,화물,남,61세,상해없음,승용,여,43세,경상
2023020900100297,2023년 2월 9일 16시,목요일,경상남도 산청군 신안면,경상사고,0,0,1,0,차대차 - 측면충돌,안전운전불이행,건조,맑음,단일로 - 기타,승용,여,60세,상해없음,이륜,남,85세,경상
2023020900100318,2023년 2월 9일 17시,목요일,경상남도 진주시 대곡면,중상사고,0,1,0,0,차대차 - 정면충돌,안전운전불이행,건조,맑음,단일로 - 기타,화물,남,73세,상해없음,이륜,남,62세,중상
2023020900100319,2023년 2월 9일 17시,목요일,경상남도 김해시 외동,부상신고사고,0,0,0,1,차대차 - 측면충돌,안전운전불이행,건조,맑음,단일로 - 기타,자전거,남,66세,부상신고,화물,남,56세,상해없음
2023020900100320,2023년 2월 9일 17시,목요일,경상남도 함양군 백전면,중상사고,0,1,0,0,차대차 - 측면충돌,안전운전불이행,건조,맑음,교차로 - 교차로안,승용,남,69세,상해없음,승용,남,63세,중상
2023020900100321,2023년 2월 9일 17시,목요일,경상남도 의령군 의령읍,경상사고,0,0,1,0,차대차 - 측면충돌,신호위반,건조,맑음,교차로 - 교차로안,승용,남,66세,상해없음,승용,여,43세,경상
2023020900100353,2023년 2월 9일 18시,목요일,경상남도 통영시 광도면,경상사고,0,0,3,0,차대차 - 정면충돌,중앙선침범,건조,맑음,단일로 - 기타,승용,남,73세,상해없음,승합,남,56세,경상
2023020900100354,2023년 2월 9일 18시,목요일,경상남도 사천시 서포면,사망사고,1,0,0,0,차대차 - 추돌,안전운전불이행,건조,맑음,단일로 - 기타,승용,여,27세,상해없음,농기계,남,74세,사망
2023020900100355,2023년 2월 9일 18시,목요일,경상남도 거창군 남하면,사망사고,1,0,0,0,차대사람 - 차도통행중,안전운전불이행,건조,맑음,단일로 - 교량,승용,남,70세,상해없음,보행자,여,88세,사망
2023020900100396,2023년 2월 9일 19시,목요일,경상남도 양산시 물금읍,중상사고,0,1,0,0,차대차 - 추돌,안전운전불이행,건조,맑음,단일로 - 기타,승용,여,38세,상해없음,이륜,남,36세,중상
2023020900100397,2023년 2월 9일 19시,목요일,경상남도 창원시 성산구 남양동,경상사고,0,0,2,0,차대차 - 추돌,안전운전불이행,젖음/습기,비,단일로 - 기타,특수,남,37세,상해없음,승합,남,52세,경상
2023020900100425,2023년 2월 9일 20시,목요일,경상남도 양산시 평산동,중상사고,0,1,2,0,차대차 - 측면충돌,직진우회전진행방해,건조,맑음,교차로 - 교차로안,이륜,남,47세,상해없음,승용,남,62세,중상
2023020900100447,2023년 2월 9일 21시,목요일,경상남도 김해시 대성동,경상사고,0,0,1,0,차대차 - 측면충돌,안전운전불이행,젖음/습기,비,교차로 - 교차로안,승용,남,79세,상해없음,승합,남,44세,경상
2023020900100448,2023년 2월 9일 21시,목요일,경상남도 김해시 어방동,경상사고,0,0,1,0,차대차 - 측면충돌,중앙선침범,젖음/습기,비,단일로 - 기타,승용,여,50세,상해없음,승용,여,57세,경상
2023020900100449,2023년 2월 9일 21시,목요일,경상남도 거제시 옥포동,경상사고,0,0,2,0,차대차 - 측면충돌,안전운전불이행,건조,맑음,단일로 - 기타,승용,남,60세,상해없음,승용,남,51세,경상