사고번호,사고일시,요일,시군구,사고내용,사망자수,중상자수,경상자수,부상신고자수,사고유형,법규위반,노면상태,기상상태,도로형태,가해운전자 차종,가해운전자 성별,가해운전자 연령,가해운전자 상해정도,피해운전자 차종,피해운전자 성별,피해운전자 연령,피해운전자 상해정도
2023021400100274,2023년 2월 14일 16시,화요일,경상남도 창원시 성산구 대원동,경상사고,0,0,1,0,차대차 - 추돌,안전운전불이행,건조,맑음,단일로 - 교량,승용,남,76세,상해없음,승용,남,39세,경상
2023021400100275,2023년 2월 14일 16시,화요일,경상남도 창원시 마산합포구 산호동,경상사고,0,0,1,0,차대차 - 측면충돌,안전운전불이행,건조,기타,교차로 - 교차로안,승용,남,60세,기타불명,승용,남,42세,경상
2023021400100305,2023년 2월 14일 17시,화요일,경상남도 양산시 북정동,경상사고,0,0,1,0,차대차 - 기타,안전거리미확보,건조,맑음,교차로 - 교차로부근,승용,남,65세,상해없음,승합,남,30세,상해없음
2023021400100336,2023년 2월 14일 18시,화요일,경상남도 창원시 성산구 사파동,부상신고사고,0,0,0,1,차대사람 - 기타,안전운전불이행,건조,맑음,단일로 - 기타,자전거,남,52세,상해없음,보행자,여,10세,부상신고
2023021400100375,2023년 2월 14일 19시,화요일,경상남도 양산시 물금읍,경상사고,0,0,1,0,차대차 - 측면충돌,안전거리미확보,건조,맑음,교차로 - 교차로부근,승용,남,54세,상해없음,승용,남,33세,경상
2023021400100376,2023년 2월 14일 19시,화요일,경상남도 의령군 용덕면,중상사고,0,1,0,0,차량단독 - 공작물충돌,안전운전불이행,건조,맑음,단일로 - 기타,승용,남,57세,기타불명,,,,
2023021400100404,2023년 2월 14일 20시,화요일,경상남도 김해시 신문동,경상사고,0,0,2,0,차대차 - 측면충돌,차로위반,건조,맑음,교차로 - 교차로부근,승용,여,32세,경상,승용,남,41세,경상
2023021400100421,2023년 2월 14일 21시,화요일,경상남도 양산시 물금읍,부상신고사고,0,0,0,1,차대차 - 측면충돌,안전운전불이행,건조,맑음,단일로 - 기타,개인형이동수단(PM),남,39세,부상신고,승용,남,59세,상해없음
2023021400100422,2023년 2월 14일 21시,화요일,경상남도 창원시 의창구 소계동,경상사고,0,0,1,0,차대차 - 측면충돌,신호위반,건조,맑음,교차로 - 교차로안,승용,여,52세,상해없음,이륜,남,24세,경상
2023021500100058,2023년 2월 15일 07시,수요일,경상남도 김해시 한림면,중상사고,0,1,1,0,차대차 - 추돌,신호위반,건조,맑음,교차로 - 교차로부근,화물,남,46세,상해없음,승용,남,28세,중상
2023021500100078,2023년 2월 15일 08시,수요일,경상남도 김해시 삼계동,중상사고,0,1,0,0,차대차 - 측면충돌,직진우회전진행방해,건조,맑음,교차로 - 교차로안,개인형이동수단(PM),여,58세,중상,승용,남,63세,상해없음
2023021500100079,2023년 2월 15일 08시,수요일,경상남도 양산시 물금읍,경상사고,0,0,1,0,차대차 - 기타,신호위반,건조,맑음,교차로 - 교차로안,승용,여,25세,기타불명,승합,남,41세,경상
2023021500100105,2023년 2월 15일 09시,수요일,경상남도 창원시 의창구 소답동,중상사고,0,1,0,0,차대사람 - 기타,보행자보호의무위반,건조,맑음,교차로 - 교차로안,화물,남,66세,상해없음,보행자,여,83세,중상
2023021500100151,2023년 2월 15일 11시,수요일,경상남도 창원시 마산합포구 우산동,경상사고,0,0,1,0,차대사람 - 차도통행중,안전운전불이행,건조,맑음,단일로 - 기타,승용,여,57세,상해없음,보행자,남,73세,경상
2023021500100152,2023년 2월 15일 11시,수요일,경상남도 김해시 동상동,경상사고,0,0,1,0,차대차 - 추돌,안전운전불이행,건조,맑음,단일로 - 기타,승용,남,65세,상해없음,화물,남,42세,경상
2023021500100153,2023년 2월 15일 11시,수요일,경상남도 김해시 진례면,경상사고,0,0,1,0,차대사람 - 횡단중,안전운전불이행,건조,맑음,교차로 - 교차로안,승용,여,58세,상해없음,보행자,남,66세,경상
2023021500100177,2023년 2월 15일 12시,수요일,경상남도 밀양시 내이동,경상사고,0,0,1,0,차대차 - 추돌,안전운전불이행,건조,맑음,주차장 - 주차장,승용,남,51세,상해없음,승용,여,35세,경상
2023021500100178,2023년 2월 15일 12시,수요일,경상남도 김해시 봉황동,중상사고,0,1,0,0,차대사람 - 횡단중,안전운전불이행,건조,맑음,교차로 - 교차로부근,승용,여,49세,상해없음,보행자,여,80세,중상
2023021500100179,2023년 2월 15일 12시,수요일,경상남도 김해시 진례면,경상사고,0,0,1,0,차대차 - 측면충돌,안전운전불이행,건조,맑음,교차로 - 교차로안,화물,남,23세,상해없음,화물,남,68세,경상
2023021500100191,2023년 2월 15일 13시,수요일,경상남도 김해시 상동면,경상사고,0,0,1,0,차대차 - 측면충돌,안전거리미확보,건조,맑음,단일로 - 기타,승용,남,77세,상해없음,승용,남,32세,경상
2023021500100200,2023년 2월 15일 13시,수요일,경상남도 창녕군 대합면,중상사고,0,1,1,0,차대차 - 추돌,안전운전불이행,건조,맑음,교차로 - 교차로안,화물,남,47세,상해없음,승용,여,61세,중상
2023021500100201,2023년 2월 15일 13시,수요일,경상남도 양산시 물금읍,경상사고,0,0,1,0,차대차 - 정면충돌,신호위반,건조,맑음,교차로 - 교차로안,승용,남,65세,상해없음,승용,남,52세,경상
2023021500100202,2023년 2월 15일 13시,수요일,경상남도 남해군 삼동면,부상신고사고,0,0,0,1,차대차 - 측면충돌,교차로운행방법위반,건조,맑음,교차로 - 교차로안,승용,남,67세,상해없음,승용,남,68세,부상신고
2023021500100271,2023년 2월 15일 16시,수요일,경상남도 거제시 고현동,경상사고,0,0,1,0,차대차 - 추돌,안전거리미확보,건조,맑음,교차로 - 교차로부근,화물,남,53세,상해없음,승용,여,39세,경상
2023021500100297,2023년 2월 15일 17시,수요일,경상남도 통영시 북신동,경상사고,0,0,2,0,차대차 - 측면충돌,안전운전불이행,건조,맑음,단일로 - 기타,승용,남,60세,경상,승용,여,45세,경상
2023021500100298,2023년 2월 15일 17시,수요일,경상남도 창원시 마산회원구 봉암동,경상사고,0,0,1,0,차대차 - 측면충돌,신호위반,건조,맑음,교차로 - 교차로안,화물,남,67세,상해없음,승용,여,23세,경상
2023021500100299,2023년 2월 15일 17시,수요일,경상남도 창원시 의창구 북면,중상사고,0,1,0,0,차대차 - 정면충돌,중앙선침범,건조,맑음,단일로 - 기타,승용,남,67세,상해없음,화물,남,64세,중상
2023021500100333,2023년 2월 15일 18시,수요일,경상남도 통영시 무전동,중상사고,0,1,2,0,차대차 - 추돌,안전운전불이행,건조,맑음,단일로 - 기타,승용,남,66세,상해없음,승용,여,47세,중상
2023021500100334,2023년 2월 15일 18시,수요일,경상남도 창원시 의창구 봉곡동,경상사고,0,0,1,0,차대차 - 추돌,안전운전불이행,건조,맑음,교차로 - 교차로부근,승용,남,65세,상해없음,승용,남,66세,경상
2023021500100335,2023년 2월 15일 18시,수요일,경상남도 김해시 대청동,경상사고,0,0,1,0,차대차 - 추돌,안전운전불이행,건조,맑음,단일로 - 기타,승용,여,57세,상해없음,승용,남,42세,경상
2023021500100373,2023년 2월 15일 19시,수요일,경상남도 양산시 물금읍,경상사고,0,0,1,0,차대차 - 정면충돌,교차로운행방법위반,건조,맑음,교차로 - 교차로안,이륜,남,21세,경상,승합,여,46세,상해없음
2023021500100374,2023년 2월 15일 19시,수요일,경상남도 양산시 어곡동,부상신고사고,0,0,0,1,차대사람 - 기타,안전운전불이행,건조,맑음,주차장 - 주차장,승용,남,64세,상해없음,보행자,남,57세,부상신고
2023021500100375,2023년 2월 15일 19시,수요일,경상남도 양산시 상북면,부상신고사고,0,0,0,1,차대차 - 측면충돌,안전운전불이행,건조,맑음,교차로 - 교차로안,기타불명,기타불명,미분류,기타불명,화물,남,47세,부상신고
2023021500100376,2023년 2월 15일 19시,수요일,경상남도 의령군 가례면,중상사고,0,1,0,0,차대사람 - 기타,안전운전불이행,건조,맑음,단일로 - 기타,승용,남,53세,상해없음,보행자,남,64세,중상
2023021500100425,2023년 2월 15일 21시,수요일,경상남도 창원시 의창구 팔용동,경상사고,0,0,2,0,차대차 - 측면충돌,안전운전불이행,건조,맑음,교차로 - 교차로부근,승용,여,56세,경상,승용,남,62세,경상
2023021500100450,2023년 2월 15일 22시,수요일,경상남도 창원시 진해구 덕산동,경상사고,0,0,1,0,차대차 - 측면충돌,안전운전불이행,젖음/습기,비,교차로 - 교차로횡단보도내,승용,남,50세,상해없음,이륜,남,31세,경상
2023021500100458,2023년 2월 15일 23시,수요일,경상남도 창원시 성산구 성주동,경상사고,0,0,2,0,차대차 - 기타,안전운전불이행,건조,맑음,단일로 - 기타,승용,남,23세,상해없음,승용,여,48세,경상
2023021600100022,2023년 2월 16일 01시,목요일,경상남도 창원시 의창구 서상동,경상사고,0,0,1,0,차대차 - 추돌,안전거리미확보,건조,맑음,교차로 - 교차로부근,승용,여,44세,상해없음,승용,남,61세,경상
2023021600100041,2023년 2월 16일 05시,목요일,경상남도 창원시 마산합포구 진북면,중상사고,0,2,1,0,차대차 - 추돌,안전거리미확보,건조,맑음,단일로 - 기타,승용,남,64세,상해없음,승용,남,53세,경상
2023021600100051,2023년 2월 16일 06시,목요일,경상남도 하동군 금남면,부상신고사고,0,0,0,1,차대차 - 기타,안전운전불이행,건조,맑음,기타 - 기타,승용,남,53세,부상신고,건설기계,남,54세,상해없음
2023021600100052,2023년 2월 16일 06시,목요일,경상남도 창원시 마산회원구 석전동,부상신고사고,0,0,0,1,차대사람 - 길가장자리구역통행중,안전운전불이행,건조,맑음,교차로 - 교차로부근,승용,여,63세,상해없음,보행자,남,72세,부상신고
2023021600100076,2023년 2월 16일 07시,목요일,경상남도 김해시 대성동,경상사고,0,0,1,0,차대차 - 측면충돌,신호위반,건조,맑음,교차로 - 교차로안,승용,남,62세,상해없음,이륜,남,31세,경상
2023021600100077,2023년 2월 16일 07시,목요일,경상남도 창원시 의창구 동읍,경상사고,0,0,1,0,차대차 - 기타,차로위반,건조,맑음,단일로 - 기타,승용,여,30세,상해없음,승용,남,44세,경상
2023021600100088,2023년 2월 16일 08시,목요일,경상남도 양산시 동면,경상사고,0,0,2,0,차대차 - 측면충돌,안전거리미확보,건조,맑음,단일로 - 기타,화물,남,51세,경상,승용,남,36세,경상
2023021600100098,2023년 2월 16일 08시,목요일,경상남도 통영시 봉평동,경상사고,0,0,1,0,차대차 - 기타,안전운전불이행,건조,맑음,단일로 - 기타,승용,여,59세,기타불명,개인형이동수단(PM),남,81세,경상
2023021600100099,2023년 2월 16일 08시,목요일,경상남도 통영시 명정동,경상사고,0,0,2,0,차대차 - 추돌,안전운전불이행,건조,맑음,단일로 - 기타,승용,남,76세,경상,화물,남,61세,기타불명
2023021600100100,2023년 2월 16일 08시,목요일,경상남도 김해시 응달동,경상사고,0,0,2,0,차대차 - 추돌,안전운전불이행,건조,맑음,단일로 - 기타,승용,남,54세,상해없음,화물,남,56세,경상
2023021600100127,2023년 2월 16일 09시,목요일,경상남도 창원시 마산회원구 내서읍,중상사고,0,1,0,0,차량단독 - 기타,안전운전불이행,건조,맑음,단일로 - 기타,승합,남,49세,상해없음,,,,
2023021600100159,2023년 2월 16일 10시,목요일,경상남도 통영시 도남동,중상사고,0,1,0,0,차대사람 - 기타,안전운전불이행,건조,맑음,단일로 - 기타,승용,여,61세,상해없음,보행자,여,41세,중상
2023021600100160,2023년 2월 16일 10시,목요일,경상남도 사천시 선구동,중상사고,0,1,0,0,차대차 - 기타,안전운전불이행,건조,맑음,교차로 - 교차로안,승용,여,59세,상해없음,이륜,여,62세,중상
2023021600100161,2023년 2월 16일 10시,목요일,경상남도 밀양시 가곡동,경상사고,0,0,1,0,차대차 - 기타,안전운전불이행,건조,맑음,단일로 - 기타,화물,남,53세,상해없음,이륜,남,36세,경상
2023021600100162,2023년 2월 16일 10시,목요일,경상남도 합천군 합천읍,중상사고,0,1,0,0,차대차 - 측면충돌,신호위반,건조,맑음,교차로 - 교차로안,승용,남,68세,상해없음,이륜,남,23세,중상
2023021600100215,2023년 2월 16일 13시,목요일,경상남도 밀양시 상남면,경상사고,0,0,1,0,차대사람 - 기타,안전운전불이행,건조,맑음,단일로 - 기타,화물,남,28세,상해없음,보행자,여,74세,경상
2023021600100216,2023년 2월 16일 13시,목요일,경상남도 창원시 성산구 신월동,중상사고,0,1,0,0,차대사람 - 기타,보행자보호의무위반,건조,맑음,단일로 - 기타,승용,여,35세,상해없음,보행자,남,70세,중상
2023021600100230,2023년 2월 16일 14시,목요일,경상남도 사천시 향촌동,중상사고,0,1,0,0,차대차 - 후진중충돌,안전운전불이행,건조,맑음,단일로 - 기타,승용,남,50세,상해없음,이륜,남,26세,중상
2023021600100270,2023년 2월 16일 16시,목요일,경상남도 하동군 고전면,중상사고,0,1,0,0,차대사람 - 기타,안전운전불이행,건조,맑음,주차장 - 주차장,사륜오토바이(ATV),남,79세,상해없음,보행자,남,60세,중상
2023021600100271,2023년 2월 16일 16시,목요일,경상남도 거제시 고현동,경상사고,0,0,1,0,차대차 - 기타,교차로운행방법위반,건조,맑음,교차로 - 교차로안,승용,남,70세,상해없음,승용,여,50세,상해없음
2023021600100272,2023년 2월 16일 16시,목요일,경상남도 함안군 여항면,경상사고,0,0,1,0,차량단독 - 공작물충돌,안전운전불이행,건조,맑음,단일로 - 기타,승용,여,54세,상해없음,,,,
2023021600100301,2023년 2월 16일 17시,목요일,경상남도 양산시 명동,부상신고사고,0,0,0,1,차대차 - 추돌,안전운전불이행,건조,맑음,교차로 - 교차로부근,승용,남,52세,상해없음,승용,남,56세,부상신고
2023021600100341,2023년 2월 16일 18시,목요일,경상남도 진주시 신안동,중상사고,0,1,0,1,차대사람 - 횡단중,안전운전불이행,건조,맑음,단일로 - 기타,이륜,남,36세,중상,보행자,여,76세,부상신고
2023021600100342,2023년 2월 16일 18시,목요일,경상남도 창원시 진해구 풍호동,중상사고,0,1,0,0,차대사람 - 횡단중,보행자보호의무위반,건조,맑음,단일로 - 기타,승용,남,44세,상해없음,보행자,여,81세,중상
2023021600100343,2023년 2월 16일 18시,목요일,경상남도 창원시 의창구 팔용동,중상사고,0,1,0,0,차대차 - 정면충돌,안전운전불이행,건조,맑음,교차로 - 교차로안,승용,남,38세,상해없음,이륜,남,43세,중상
2023021600100401,2023년 2월 16일 20시,목요일,경상남도 창원시 마산합포구 월영동,경상사고,0,0,1,0,차대차 - 기타,중앙선침범,건조,맑음,교차로 - 교차로부근,승용,남,23세,상해없음,이륜,남,22세,경상
2023021600100402,2023년 2월 16일 20시,목요일,경상남도 양산시 평산동,부상신고사고,0,0,0,1,차대차 - 측면충돌,안전운전불이행,건조,맑음,교차로 - 교차로안,승용,남,69세,상해없음,원동기,남,21세,부상신고
2023021600100425,2023년 2월 16일 21시,목요일,경상남도 창원시 성산구 상남동,경상사고,0,0,1,0,차대차 - 측면충돌,안전운전불이행,건조,맑음,교차로 - 교차로안,승용,남,20세,상해없음,승용,남,33세,경상
2023021600100442,2023년 2월 16일 22시,목요일,경상남도 창원시 성산구 내동,경상사고,0,0,1,0,차대차 - 측면충돌,신호위반,건조,맑음,교차로 - 교차로안,승용,남,27세,상해없음,승용,여,46세,경상
2023021600100443,2023년 2월 16일 22시,목요일,경상남도 창원시 의창구 동정동,경상사고,0,0,1,0,차대사람 - 기타,안전운전불이행,건조,맑음,교차로 - 교차로안,승합,남,30세,상해없음,보행자,여,66세,상해없음
2023021700100028,2023년 2월 17일 04시,금요일,경상남도 양산시 중부동,경상사고,0,0,1,0,차대차 - 추돌,안전운전불이행,건조,맑음,단일로 - 기타,승용,여,40세,상해없음,승용,남,67세,경상
2023021700100041,2023년 2월 17일 05시,금요일,경상남도 창원시 성산구 중앙동,경상사고,0,0,1,0,차대차 - 측면충돌,안전거리미확보,건조,맑음,단일로 - 기타,승용,남,73세,상해없음,승용,남,38세,경상
2023021700100088,2023년 2월 17일 08시,금요일,경상남도 합천군 대병면,중상사고,0,1,0,0,차량단독 - 공작물충돌,안전운전불이행,건조,맑음,교차로 - 교차로부근,화물,남,64세,중상,,,,
2023021700100133,2023년 2월 17일 10시,금요일,경상남도 사천시 선구동,경상사고,0,0,1,0,차량단독 - 전도전복 - 전도,안전운전불이행,건조,맑음,단일로 - 기타,이륜,남,65세,경상,,,,
2023021700100165,2023년 2월 17일 11시,금요일,경상남도 통영시 무전동,경상사고,0,0,2,0,차대차 - 기타,중앙선침범,건조,맑음,단일로 - 기타,승용,여,45세,상해없음,이륜,남,32세,경상
2023021700100166,2023년 2월 17일 11시,금요일,경상남도 남해군 남면,중상사고,0,1,1,0,차대차 - 기타,안전운전불이행,건조,맑음,단일로 - 기타,승용,남,63세,상해없음,승합,남,60세,경상
2023021700100203,2023년 2월 17일 13시,금요일,경상남도 창원시 마산합포구 중앙동1가,경상사고,0,0,1,0,차대사람 - 횡단중,신호위반,건조,흐림,단일로 - 기타,승용,여,64세,상해없음,보행자,남,63세,경상
2023021700100260,2023년 2월 17일 15시,금요일,경상남도 김해시 부원동,경상사고,0,0,3,0,차대차 - 추돌,안전거리미확보,건조,맑음,단일로 - 기타,화물,남,27세,경상,승용,여,23세,경상
2023021700100261,2023년 2월 17일 15시,금요일,경상남도 하동군 하동읍,중상사고,0,1,0,0,차대차 - 기타,안전운전불이행,건조,맑음,교차로 - 교차로부근,자전거,남,86세,중상,화물,남,70세,상해없음
2023021700100295,2023년 2월 17일 16시,금요일,경상남도 창원시 마산합포구 월남동2가,경상사고,0,0,1,0,차량단독 - 기타,안전운전불이행,건조,맑음,단일로 - 기타,승합,남,49세,상해없음,,,,
2023021700100378,2023년 2월 17일 18시,금요일,경상남도 양산시 물금읍,중상사고,0,1,1,0,차대차 - 측면충돌,차로위반,건조,맑음,기타 - 기타,승용,남,21세,경상,승용,여,59세,중상
2023021700100379,2023년 2월 17일 18시,금요일,경상남도 창원시 마산합포구 산호동,경상사고,0,0,1,0,차대사람 - 횡단중,보행자보호의무위반,건조,기타,단일로 - 기타,화물,남,48세,상해없음,보행자,남,11세,경상
2023021700100416,2023년 2월 17일 19시,금요일,경상남도 창원시 진해구 익선동,중상사고,0,1,0,0,차대사람 - 차도통행중,안전운전불이행,젖음/습기,비,단일로 - 기타,승용,남,69세,상해없음,보행자,남,65세,중상
2023021700100417,2023년 2월 17일 19시,금요일,경상남도 사천시 서동,중상사고,0,1,0,0,차대사람 - 횡단중,신호위반,젖음/습기,비,교차로 - 교차로횡단보도내,화물,남,66세,상해없음,보행자,여,65세,중상
2023021700100418,2023년 2월 17일 19시,금요일,경상남도 거제시 장평동,경상사고,0,0,1,0,차대사람 - 횡단중,보행자보호의무위반,젖음/습기,비,교차로 - 교차로횡단보도내,승용,남,30세,상해없음,보행자,남,39세,경상
2023021700100442,2023년 2월 17일 20시,금요일,경상남도 창원시 마산합포구 월영동,경상사고,0,0,1,0,차대차 - 측면충돌,안전거리미확보,젖음/습기,비,단일로 - 기타,승용,여,31세,기타불명,승용,여,28세,경상
2023021700100443,2023년 2월 17일 20시,금요일,경상남도 김해시 내동,경상사고,0,0,1,0,차대사람 - 횡단중,안전운전불이행,젖음/습기,비,교차로 - 교차로안,승용,여,47세,상해없음,보행자,여,53세,경상
2023021700100444,2023년 2월 17일 20시,금요일,경상남도 김해시 삼계동,경상사고,0,0,1,0,차대차 - 기타,안전운전불이행,젖음/습기,비,교차로 - 교차로안,승용,남,64세,기타불명,원동기,남,34세,경상
2023021700100487,2023년 2월 17일 22시,금요일,경상남도 양산시 평산동,경상사고,0,0,1,0,차대차 - 측면충돌,안전거리미확보,건조,맑음,기타 - 기타,승용,남,50세,상해없음,이륜,남,35세,경상
2023021700100510,2023년 2월 17일 23시,금요일,경상남도 통영시 봉평동,경상사고,0,0,2,1,차대차 - 측면충돌,안전운전불이행,건조,맑음,교차로 - 교차로안,승용,여,41세,경상,승용,여,57세,경상
2023021700100511,2023년 2월 17일 23시,금요일,경상남도 거창군 주상면,중상사고,0,2,1,0,차대차 - 정면충돌,기타,건조,맑음,단일로 - 기타,승용,남,26세,중상,승용,남,30세,중상
2023021700100512,2023년 2월 17일 23시,금요일,경상남도 김해시 진영읍,경상사고,0,0,1,0,차대차 - 측면충돌,신호위반,젖음/습기,비,교차로 - 교차로안,승용,여,39세,상해없음,원동기,남,38세,경상
2023021800100012,2023년 2월 18일 00시,토요일,경상남도 사천시 사남면,경상사고,0,0,1,0,차대차 - 측면충돌,기타,건조,맑음,교차로 - 교차로안,승용,남,57세,경상,승용,남,38세,상해없음
2023021800100022,2023년 2월 18일 01시,토요일,경상남도 거제시 옥포동,중상사고,0,1,1,0,차대사람 - 횡단중,안전운전불이행,젖음/습기,비,교차로 - 교차로안,이륜,남,32세,경상,보행자,남,71세,중상
2023021800100035,2023년 2월 18일 03시,토요일,경상남도 진주시 평거동,부상신고사고,0,0,0,1,차대사람 - 횡단중,보행자보호의무위반,건조,맑음,단일로 - 기타,승용,남,30세,상해없음,보행자,남,24세,부상신고
2023021800100045,2023년 2월 18일 04시,토요일,경상남도 진주시 호탄동,경상사고,0,0,1,0,차대차 - 측면충돌,신호위반,건조,맑음,교차로 - 교차로안,승용,남,26세,상해없음,승용,남,68세,경상
2023021800100064,2023년 2월 18일 06시,토요일,경상남도 김해시 삼계동,경상사고,0,0,1,0,차대차 - 측면충돌,안전운전불이행,젖음/습기,비,단일로 - 기타,승용,남,64세,기타불명,승용,남,40세,경상
2023021800100065,2023년 2월 18일 06시,토요일,경상남도 양산시 물금읍,경상사고,0,0,1,0,차대차 - 측면충돌,신호위반,건조,맑음,교차로 - 교차로안,승용,남,70세,상해없음,승용,남,51세,경상
2023021800100141,2023년 2월 18일 11시,토요일,경상남도 김해시 구산동,중상사고,0,1,0,0,차대사람 - 기타,보행자보호의무위반,건조,맑음,단일로 - 기타,승용,남,76세,상해없음,보행자,여,29세,중상
2023021800100158,2023년 2월 18일 12시,토요일,경상남도 창원시 진해구 자은동,경상사고,0,0,1,0,차대차 - 측면충돌,안전운전불이행,건조,맑음,교차로 - 교차로안,승용,남,67세,상해없음,승용,남,31세,경상
2023021800100181,2023년 2월 18일 13시,토요일,경상남도 양산시 물금읍,경상사고,0,0,1,0,차대차 - 기타,교차로운행방법위반,건조,맑음,교차로 - 교차로안,승용,여,44세,상해없음,승용,남,39세,경상
2023021800100182,2023년 2월 18일 13시,토요일,경상남도 김해시 진례면,경상사고,0,0,1,0,차대차 - 측면충돌,안전운전불이행,건조,맑음,단일로 - 기타,승용,남,44세,상해없음,화물,남,52세,경상
2023021800100207,2023년 2월 18일 14시,토요일,경상남도 창원시 마산합포구 홍문동,경상사고,0,0,1,0,차대차 - 측면충돌,안전운전불이행,건조,흐림,교차로 - 교차로안,승용,남,43세,상해없음,이륜,남,72세,경상
2023021800100246,2023년 2월 18일 16시,토요일,경상남도 밀양시 삼랑진읍,중상사고,0,1,3,0,차대차 - 측면충돌,안전운전불이행,젖음/습기,비,단일로 - 기타,승용,여,63세,상해없음,승용,여,51세,경상
2023021800100258,2023년 2월 18일 16시,토요일,경상남도 양산시 명동,경상사고,0,0,1,0,차대차 - 측면충돌,안전운전불이행,건조,맑음,단일로 - 기타,승용,남,34세,상해없음,승용,남,35세,경상
2023021800100282,2023년 2월 18일 17시,토요일,경상남도 창원시 마산합포구 창포동3가,경상사고,0,0,1,0,차대차 - 측면충돌,중앙선침범,젖음/습기,흐림,단일로 - 기타,승용,여,36세,상해없음,이륜,남,40세,경상
2023021800100283,2023년 2월 18일 17시,토요일,경상남도 창원시 마산합포구 신포동2가,경상사고,0,0,1,0,차대사람 - 차도통행중,안전운전불이행,젖음/습기,흐림,교차로 - 교차로부근,승용,남,56세,상해없음,보행자,여,9세,경상
2023021800100284,2023년 2월 18일 17시,토요일,경상남도 거제시 하청면,경상사고,0,0,1,0,차량단독 - 공작물충돌,안전운전불이행,건조,맑음,단일로 - 기타,승용,남,59세,경상,,,,
2023021800100305,2023년 2월 18일 18시,토요일,경상남도 김해시 구산동,경상사고,0,0,1,0,차대차 - 측면충돌,안전거리미확보,건조,맑음,교차로 - 교차로부근,승용,여,67세,상해없음,승용,여,42세,경상
2023021800100328,2023년 2월 18일 19시,토요일,경상남도 밀양시 내이동,부상신고사고,0,0,0,1,차대차 - 측면충돌,교차로운행방법위반,건조,흐림,교차로 - 교차로안,승합,여,60세,상해없음,원동기,남,45세,부상신고
2023021800100329,2023년 2월 18일 19시,토요일,경상남도 밀양시 상남면,경상사고,0,0,1,0,차량단독 - 전도전복 - 전도,안전운전불이행,젖음/습기,비,단일로 - 기타,이륜,남,60세,상해없음,,,,
2023021800100330,2023년 2월 18일 19시,토요일,경상남도 거창군 거창읍,중상사고,0,1,0,0,차대차 - 추돌,교차로운행방법위반,젖음/습기,흐림,교차로 - 교차로안,승용,여,60세,상해없음,승용,남,40세,중상
2023021800100331,2023년 2월 18일 19시,토요일,경상남도 함안군 군북면,중상사고,0,1,2,0,차대차 - 기타,기타,젖음/습기,비,교차로 - 교차로부근,승용,남,41세,중상,승용,남,68세,상해없음
2023021800100359,2023년 2월 18일 20시,토요일,경상남도 창원시 마산합포구 상남동,중상사고,0,1,0,0,차대사람 - 차도통행중,안전운전불이행,젖음/습기,비,단일로 - 기타,승용,남,46세,상해없음,보행자,여,74세,중상
2023021800100401,2023년 2월 18일 22시,토요일,경상남도 진주시 정촌면,경상사고,0,0,1,0,차대차 - 측면충돌,안전운전불이행,젖음/습기,흐림,단일로 - 기타,승용,여,46세,상해없음,승용,여,50세,경상
2023021800100402,2023년 2월 18일 22시,토요일,경상남도 김해시 동상동,경상사고,0,0,1,0,차대차 - 추돌,안전운전불이행,젖음/습기,비,단일로 - 기타,화물,남,30세,상해없음,승용,남,34세,경상
2023021800100414,2023년 2월 18일 23시,토요일,경상남도 거제시 고현동,중상사고,0,1,0,0,차대사람 - 차도통행중,안전운전불이행,건조,맑음,교차로 - 교차로안,승용,남,29세,상해없음,보행자,남,60세,중상
2023021900100073,2023년 2월 19일 09시,일요일,경상남도 양산시 물금읍,부상신고사고,0,0,0,1,차량단독 - 기타,안전운전불이행,건조,맑음,기타 - 기타,승합,남,44세,상해없음,,,,
2023021900100085,2023년 2월 19일 10시,일요일,경상남도 거제시 옥포동,부상신고사고,0,0,0,1,차대차 - 측면충돌,신호위반,건조,맑음,단일로 - 기타,이륜,남,36세,부상신고,승용,여,38세,상해없음
2023021900100098,2023년 2월 19일 11시,일요일,경상남도 거제시 고현동,경상사고,0,0,1,0,차대차 - 추돌,안전거리미확보,건조,맑음,교차로 - 교차로안,승용,남,27세,상해없음,승용,남,59세,경상
2023021900100120,2023년 2월 19일 12시,일요일,경상남도 김해시 어방동,경상사고,0,0,1,0,차대차 - 측면충돌,안전운전불이행,건조,맑음,교차로 - 교차로안,승용,남,63세,상해없음,이륜,남,23세,경상
2023021900100121,2023년 2월 19일 12시,일요일,경상남도 김해시 삼방동,경상사고,0,0,1,0,차대차 - 후진중충돌,안전운전불이행,건조,맑음,미분류 - 미분류,승용,남,63세,상해없음,승용,여,59세,경상
2023021900100148,2023년 2월 19일 13시,일요일,경상남도 통영시 북신동,경상사고,0,0,1,0,차대차 - 측면충돌,안전운전불이행,건조,맑음,교차로 - 교차로부근,승합,남,47세,상해없음,자전거,남,55세,경상
2023021900100149,2023년 2월 19일 13시,일요일,경상남도 거제시 양정동,경상사고,0,0,2,0,차대차 - 추돌,안전운전불이행,건조,맑음,단일로 - 기타,화물,남,52세,상해없음,승용,여,54세,경상
2023021900100150,2023년 2월 19일 13시,일요일,경상남도 남해군 남해읍,부상신고사고,0,0,0,1,차대차 - 측면충돌,교차로운행방법위반,건조,맑음,교차로 - 교차로안,화물,남,59세,상해없음,승용,남,67세,부상신고