사고번호,사고일시,요일,시군구,사고내용,사망자수,중상자수,경상자수,부상신고자수,사고유형,법규위반,노면상태,기상상태,도로형태,가해운전자 차종,가해운전자 성별,가해운전자 연령,가해운전자 상해정도,피해운전자 차종,피해운전자 성별,피해운전자 연령,피해운전자 상해정도
2023022300100094,2023년 2월 23일 08시,목요일,경상남도 거창군 거창읍,중상사고,0,1,0,0,차대차 - 측면충돌,중앙선침범,건조,맑음,단일로 - 기타,승용,남,19세,상해없음,이륜,여,43세,중상
2023022300100095,2023년 2월 23일 08시,목요일,경상남도 창원시 성산구 반림동,경상사고,0,0,1,0,차대차 - 측면충돌,신호위반,건조,맑음,단일로 - 기타,화물,여,57세,기타불명,승용,여,57세,경상
2023022300100130,2023년 2월 23일 09시,목요일,경상남도 양산시 교동,경상사고,0,0,1,0,차대차 - 측면충돌,안전운전불이행,건조,맑음,교차로 - 교차로안,승용,남,58세,상해없음,화물,남,64세,경상
2023022300100131,2023년 2월 23일 09시,목요일,경상남도 고성군 구만면,중상사고,0,1,0,0,차대차 - 측면충돌,직진우회전진행방해,건조,맑음,교차로 - 교차로안,승용,여,70세,상해없음,승용,여,67세,중상
2023022300100132,2023년 2월 23일 09시,목요일,경상남도 고성군 하이면,중상사고,0,1,1,0,차대차 - 측면충돌,중앙선침범,건조,맑음,단일로 - 기타,승용,남,66세,상해없음,승용,남,60세,중상
2023022300100169,2023년 2월 23일 11시,목요일,경상남도 사천시 정동면,경상사고,0,0,1,0,차대차 - 측면충돌,교차로운행방법위반,건조,맑음,교차로 - 교차로안,사륜오토바이(ATV),여,80세,경상,화물,남,55세,상해없음
2023022300100170,2023년 2월 23일 11시,목요일,경상남도 양산시 주남동,경상사고,0,0,1,0,차대차 - 측면충돌,안전운전불이행,건조,맑음,교차로 - 교차로안,화물,남,66세,상해없음,화물,남,50세,경상
2023022300100171,2023년 2월 23일 11시,목요일,경상남도 창원시 마산회원구 석전동,중상사고,0,1,0,0,차대사람 - 기타,안전운전불이행,건조,맑음,교차로 - 교차로안,승합,남,59세,상해없음,보행자,남,72세,중상
2023022300100222,2023년 2월 23일 13시,목요일,경상남도 창원시 마산합포구 진동면,경상사고,0,0,1,0,차대사람 - 길가장자리구역통행중,안전운전불이행,건조,맑음,기타 - 기타,승용,여,42세,상해없음,보행자,여,13세,경상
2023022300100223,2023년 2월 23일 13시,목요일,경상남도 사천시 사천읍,경상사고,0,0,1,0,차대사람 - 길가장자리구역통행중,안전운전불이행,건조,맑음,단일로 - 기타,화물,남,50세,상해없음,보행자,남,64세,경상
2023022300100259,2023년 2월 23일 14시,목요일,경상남도 함양군 안의면,중상사고,0,1,0,0,차량단독 - 전도전복 - 전도,안전운전불이행,건조,맑음,교차로 - 교차로부근,화물,남,75세,상해없음,,,,
2023022300100287,2023년 2월 23일 15시,목요일,경상남도 창원시 진해구 석동,경상사고,0,0,1,0,차대사람 - 기타,안전운전불이행,건조,맑음,주차장 - 주차장,승용,여,60세,상해없음,보행자,여,49세,경상
2023022300100288,2023년 2월 23일 15시,목요일,경상남도 통영시 광도면,경상사고,0,0,1,0,차대차 - 기타,안전운전불이행,건조,맑음,단일로 - 기타,승용,여,46세,상해없음,화물,남,44세,경상
2023022300100289,2023년 2월 23일 15시,목요일,경상남도 사천시 사천읍,중상사고,0,1,0,0,차대차 - 측면충돌,교차로운행방법위반,건조,맑음,교차로 - 교차로안,승용,남,57세,상해없음,승용,여,50세,중상
2023022300100290,2023년 2월 23일 15시,목요일,경상남도 밀양시 내이동,경상사고,0,0,1,0,차대차 - 측면충돌,안전운전불이행,건조,맑음,교차로 - 교차로안,화물,남,56세,상해없음,승용,남,45세,경상
2023022300100291,2023년 2월 23일 15시,목요일,경상남도 김해시 진영읍,중상사고,0,1,2,0,차대차 - 추돌,안전운전불이행,건조,맑음,기타 - 기타,화물,남,56세,상해없음,승용,남,41세,경상
2023022300100315,2023년 2월 23일 16시,목요일,경상남도 양산시 물금읍,경상사고,0,0,1,0,차대차 - 측면충돌,안전운전불이행,건조,맑음,단일로 - 기타,승용,남,49세,상해없음,이륜,남,41세,경상
2023022300100334,2023년 2월 23일 17시,목요일,경상남도 양산시 동면,경상사고,0,0,1,0,차대차 - 기타,신호위반,건조,맑음,단일로 - 기타,화물,남,55세,상해없음,승용,남,34세,경상
2023022300100335,2023년 2월 23일 17시,목요일,경상남도 김해시 진영읍,경상사고,0,0,1,0,차대차 - 추돌,안전운전불이행,해빙,맑음,교차로 - 교차로부근,승용,남,65세,상해없음,승용,남,40세,경상
2023022300100379,2023년 2월 23일 18시,목요일,경상남도 통영시 산양읍,중상사고,0,1,2,0,차량단독 - 공작물충돌,안전운전불이행,건조,맑음,단일로 - 기타,승용,남,72세,경상,,,,
2023022300100380,2023년 2월 23일 18시,목요일,경상남도 사천시 사남면,경상사고,0,0,2,0,차대차 - 측면충돌,중앙선침범,건조,맑음,교차로 - 교차로안,승용,여,56세,상해없음,승용,여,38세,경상
2023022300100381,2023년 2월 23일 18시,목요일,경상남도 창원시 성산구 상남동,경상사고,0,0,1,0,차대차 - 측면충돌,안전운전불이행,건조,맑음,교차로 - 교차로안,승용,남,39세,상해없음,승용,남,44세,경상
2023022300100435,2023년 2월 23일 20시,목요일,경상남도 창녕군 창녕읍,사망사고,1,1,1,0,차대사람 - 횡단중,기타,건조,맑음,단일로 - 기타,승용,남,27세,경상,보행자,남,42세,사망
2023022300100436,2023년 2월 23일 20시,목요일,경상남도 창원시 의창구 서상동,부상신고사고,0,0,0,1,차대차 - 기타,교차로운행방법위반,건조,맑음,교차로 - 교차로부근,기타불명,기타불명,미분류,기타불명,이륜,남,37세,부상신고
2023022300100453,2023년 2월 23일 21시,목요일,경상남도 양산시 중부동,경상사고,0,0,1,0,차대차 - 측면충돌,신호위반,건조,맑음,교차로 - 교차로안,승용,남,59세,상해없음,이륜,남,53세,경상
2023022300100454,2023년 2월 23일 21시,목요일,경상남도 창원시 성산구 상남동,중상사고,0,1,0,0,차대차 - 측면충돌,신호위반,건조,맑음,교차로 - 교차로안,승용,남,50세,기타불명,원동기,남,45세,중상
2023022300100475,2023년 2월 23일 22시,목요일,경상남도 밀양시 내이동,부상신고사고,0,0,0,1,차대사람 - 횡단중,신호위반,건조,흐림,교차로 - 교차로안,승용,여,56세,상해없음,보행자,남,29세,부상신고
2023022300100476,2023년 2월 23일 22시,목요일,경상남도 남해군 상주면,부상신고사고,0,0,0,1,차량단독 - 공작물충돌,안전운전불이행,건조,맑음,단일로 - 기타,승용,남,62세,부상신고,,,,
2023022300100487,2023년 2월 23일 23시,목요일,경상남도 창원시 의창구 봉곡동,경상사고,0,0,1,0,차대사람 - 기타,안전운전불이행,건조,맑음,단일로 - 기타,승용,남,59세,상해없음,보행자,남,49세,경상
2023022400100022,2023년 2월 24일 02시,금요일,경상남도 진주시 정촌면,중상사고,0,1,0,0,차량단독 - 공작물충돌,안전운전불이행,건조,맑음,교차로 - 교차로안,승용,남,40세,중상,,,,
2023022400100051,2023년 2월 24일 06시,금요일,경상남도 김해시 주촌면,경상사고,0,0,1,0,차대차 - 측면충돌,안전운전불이행,건조,맑음,단일로 - 기타,화물,남,54세,상해없음,승용,남,50세,경상
2023022400100067,2023년 2월 24일 07시,금요일,경상남도 사천시 용현면,경상사고,0,0,1,0,차대차 - 기타,신호위반,건조,맑음,교차로 - 교차로부근,건설기계,남,39세,상해없음,승합,남,20세,경상
2023022400100129,2023년 2월 24일 09시,금요일,경상남도 창원시 진해구 여좌동,경상사고,0,0,3,0,차대차 - 측면충돌,직진우회전진행방해,건조,맑음,교차로 - 교차로안,승용,여,59세,경상,승용,남,74세,경상
2023022400100130,2023년 2월 24일 09시,금요일,경상남도 산청군 오부면,중상사고,0,1,0,0,차량단독 - 기타,안전운전불이행,건조,맑음,단일로 - 기타,승합,남,42세,상해없음,,,,
2023022400100132,2023년 2월 24일 09시,금요일,경상남도 김해시 대청동,경상사고,0,0,2,0,차대차 - 측면충돌,신호위반,건조,맑음,교차로 - 교차로부근,승용,여,32세,경상,승용,여,52세,경상
2023022400100164,2023년 2월 24일 10시,금요일,경상남도 합천군 합천읍,중상사고,0,1,0,0,차대차 - 측면충돌,안전운전불이행,건조,맑음,단일로 - 기타,승용,여,64세,상해없음,이륜,남,81세,중상
2023022400100196,2023년 2월 24일 11시,금요일,경상남도 창원시 진해구 경화동,중상사고,0,1,0,0,차대차 - 측면충돌,직진우회전진행방해,건조,맑음,교차로 - 교차로안,승용,남,60세,상해없음,이륜,남,63세,중상
2023022400100197,2023년 2월 24일 11시,금요일,경상남도 양산시 삼호동,경상사고,0,0,1,0,차대차 - 측면충돌,안전운전불이행,건조,맑음,기타 - 기타,승용,남,58세,상해없음,화물,남,41세,경상
2023022400100222,2023년 2월 24일 12시,금요일,경상남도 창녕군 유어면,중상사고,0,1,2,0,차대차 - 기타,기타,건조,맑음,교차로 - 교차로안,화물,남,68세,상해없음,승용,여,52세,경상
2023022400100223,2023년 2월 24일 12시,금요일,경상남도 함양군 안의면,부상신고사고,0,0,0,1,차량단독 - 기타,안전운전불이행,건조,맑음,기타 - 기타,원동기,여,61세,부상신고,,,,
2023022400100224,2023년 2월 24일 12시,금요일,경상남도 거제시 옥포동,경상사고,0,0,1,0,차대차 - 측면충돌,안전거리미확보,건조,맑음,단일로 - 기타,승용,남,23세,상해없음,승용,남,54세,경상
2023022400100257,2023년 2월 24일 13시,금요일,경상남도 양산시 동면,중상사고,0,1,1,0,차대차 - 추돌,안전운전불이행,건조,맑음,단일로 - 기타,화물,남,53세,상해없음,승합,여,52세,중상
2023022400100280,2023년 2월 24일 14시,금요일,경상남도 창원시 마산합포구 신포동2가,경상사고,0,0,1,0,차대사람 - 횡단중,안전운전불이행,건조,맑음,단일로 - 기타,승용,남,75세,상해없음,보행자,여,74세,경상
2023022400100281,2023년 2월 24일 14시,금요일,경상남도 양산시 물금읍,경상사고,0,0,5,1,차대차 - 추돌,안전운전불이행,건조,맑음,단일로 - 기타,승용,남,30세,상해없음,승용,여,33세,경상
2023022400100349,2023년 2월 24일 16시,금요일,경상남도 창원시 성산구 남산동,중상사고,0,1,0,0,차대차 - 측면충돌,신호위반,건조,맑음,교차로 - 교차로안,승용,여,58세,상해없음,이륜,남,44세,중상
2023022400100390,2023년 2월 24일 17시,금요일,경상남도 고성군 고성읍,경상사고,0,0,1,0,차대차 - 기타,직진우회전진행방해,건조,맑음,교차로 - 교차로안,화물,남,52세,상해없음,승용,여,42세,경상
2023022400100391,2023년 2월 24일 17시,금요일,경상남도 창원시 마산회원구 양덕동,중상사고,0,1,0,0,차대사람 - 보도통행중,기타,건조,맑음,단일로 - 기타,화물,남,58세,상해없음,보행자,여,56세,중상
2023022400100392,2023년 2월 24일 17시,금요일,경상남도 김해시 흥동,중상사고,0,1,0,0,차대차 - 측면충돌,신호위반,건조,맑음,교차로 - 교차로안,승용,남,59세,상해없음,승용,남,63세,중상
2023022400100428,2023년 2월 24일 18시,금요일,경상남도 김해시 진영읍,중상사고,0,1,0,0,차대차 - 정면충돌,안전운전불이행,건조,맑음,교차로 - 교차로안,이륜,여,55세,중상,승용,남,48세,상해없음
2023022400100450,2023년 2월 24일 19시,금요일,경상남도 밀양시 상남면,경상사고,0,0,1,0,차대차 - 측면충돌,안전운전불이행,건조,맑음,단일로 - 기타,화물,남,40세,상해없음,승용,여,27세,경상
2023022400100469,2023년 2월 24일 19시,금요일,경상남도 진주시 충무공동,중상사고,0,1,0,0,차대차 - 측면충돌,중앙선침범,건조,맑음,단일로 - 기타,승용,남,74세,상해없음,이륜,남,41세,중상
2023022400100470,2023년 2월 24일 19시,금요일,경상남도 거창군 거창읍,중상사고,0,1,0,0,차대사람 - 기타,안전운전불이행,건조,흐림,교차로 - 교차로부근,승용,남,34세,상해없음,보행자,남,44세,중상
2023022400100490,2023년 2월 24일 20시,금요일,경상남도 양산시 동면,경상사고,0,0,1,0,차대차 - 기타,기타,건조,맑음,단일로 - 기타,화물,남,61세,상해없음,승용,여,33세,경상
2023022400100499,2023년 2월 24일 20시,금요일,경상남도 창원시 진해구 석동,중상사고,0,1,0,0,차대차 - 기타,안전운전불이행,건조,맑음,단일로 - 기타,원동기,남,44세,상해없음,승합,남,39세,상해없음
2023022400100500,2023년 2월 24일 20시,금요일,경상남도 창원시 성산구 사파정동,부상신고사고,0,0,0,1,차대사람 - 기타,안전운전불이행,건조,맑음,교차로 - 교차로부근,자전거,남,22세,상해없음,보행자,남,35세,부상신고
2023022400100527,2023년 2월 24일 21시,금요일,경상남도 김해시 삼방동,중상사고,0,1,0,0,차대차 - 정면충돌,직진우회전진행방해,건조,맑음,교차로 - 교차로안,승용,남,35세,상해없음,이륜,남,47세,중상
2023022400100549,2023년 2월 24일 22시,금요일,경상남도 사천시 사남면,중상사고,0,1,0,0,차대사람 - 기타,보행자보호의무위반,건조,맑음,교차로 - 교차로안,승용,남,57세,상해없음,보행자,남,36세,중상
2023022400100550,2023년 2월 24일 22시,금요일,경상남도 거제시 고현동,경상사고,0,0,2,0,차대사람 - 기타,안전운전불이행,건조,맑음,단일로 - 기타,이륜,남,41세,경상,보행자,남,32세,경상
2023022400100562,2023년 2월 24일 23시,금요일,경상남도 밀양시 삼랑진읍,중상사고,0,2,0,0,차대차 - 추돌,안전운전불이행,건조,맑음,단일로 - 기타,승용,남,44세,상해없음,건설기계,남,40세,중상
2023022500100026,2023년 2월 25일 01시,토요일,경상남도 거제시 옥포동,중상사고,0,1,0,0,차대사람 - 기타,안전운전불이행,건조,맑음,교차로 - 교차로안,승용,남,60세,상해없음,보행자,남,62세,중상
2023022500100027,2023년 2월 25일 01시,토요일,경상남도 창원시 성산구 용호동,중상사고,0,2,0,0,차대사람 - 횡단중,안전운전불이행,건조,흐림,교차로 - 교차로부근,승용,남,51세,상해없음,보행자,남,42세,중상
2023022500100064,2023년 2월 25일 06시,토요일,경상남도 고성군 거류면,중상사고,0,1,0,0,차대사람 - 기타,안전운전불이행,건조,맑음,단일로 - 기타,승용,남,50세,상해없음,보행자,여,77세,중상
2023022500100078,2023년 2월 25일 07시,토요일,경상남도 김해시 명법동,경상사고,0,0,1,0,차대차 - 측면충돌,안전거리미확보,건조,맑음,단일로 - 기타,승용,남,29세,상해없음,승용,남,61세,경상
2023022500100094,2023년 2월 25일 08시,토요일,경상남도 양산시 중부동,중상사고,0,1,0,0,차량단독 - 기타,안전운전불이행,건조,맑음,단일로 - 기타,승합,남,51세,상해없음,,,,
2023022500100095,2023년 2월 25일 08시,토요일,경상남도 창원시 의창구 서상동,경상사고,0,0,2,0,차대차 - 측면충돌,차로위반,건조,맑음,단일로 - 기타,승용,남,28세,상해없음,화물,남,43세,경상
2023022500100114,2023년 2월 25일 09시,토요일,경상남도 김해시 구산동,경상사고,0,0,2,0,차대차 - 측면충돌,안전거리미확보,건조,맑음,단일로 - 기타,건설기계,남,70세,상해없음,승용,남,66세,경상
2023022500100146,2023년 2월 25일 10시,토요일,경상남도 통영시 미수동,경상사고,0,0,2,0,차대차 - 측면충돌,안전운전불이행,건조,맑음,단일로 - 기타,승용,남,55세,기타불명,승용,남,54세,경상
2023022500100147,2023년 2월 25일 10시,토요일,경상남도 사천시 사천읍,경상사고,0,0,2,0,차대차 - 측면충돌,안전운전불이행,건조,맑음,교차로 - 교차로부근,승용,남,61세,상해없음,화물,남,47세,경상
2023022500100181,2023년 2월 25일 11시,토요일,경상남도 김해시 동상동,경상사고,0,0,2,0,차대차 - 측면충돌,교차로운행방법위반,건조,맑음,교차로 - 교차로부근,승용,여,51세,경상,화물,남,54세,경상
2023022500100182,2023년 2월 25일 11시,토요일,경상남도 거창군 위천면,사망사고,1,0,0,0,차대차 - 측면충돌,안전운전불이행,건조,맑음,교차로 - 교차로안,화물,여,64세,상해없음,원동기,여,71세,사망
2023022500100216,2023년 2월 25일 12시,토요일,경상남도 밀양시 내이동,중상사고,0,1,0,0,차대차 - 측면충돌,교차로운행방법위반,건조,맑음,교차로 - 교차로안,화물,남,59세,상해없음,이륜,남,35세,중상
2023022500100217,2023년 2월 25일 12시,토요일,경상남도 김해시 삼방동,경상사고,0,0,2,0,차대차 - 측면충돌,안전운전불이행,건조,맑음,교차로 - 교차로안,승용,남,52세,경상,승용,남,34세,경상
2023022500100218,2023년 2월 25일 12시,토요일,경상남도 거제시 연초면,경상사고,0,0,1,0,차대차 - 측면충돌,안전거리미확보,건조,맑음,단일로 - 기타,승용,남,65세,상해없음,승용,남,29세,경상
2023022500100298,2023년 2월 25일 14시,토요일,경상남도 창원시 진해구 충무동,경상사고,0,0,1,0,차량단독 - 기타,기타,건조,맑음,기타 - 기타,승합,남,54세,상해없음,,,,
2023022500100299,2023년 2월 25일 14시,토요일,경상남도 김해시 삼정동,경상사고,0,0,1,0,차대차 - 측면충돌,안전운전불이행,건조,맑음,단일로 - 기타,화물,남,59세,상해없음,승용,남,22세,경상
2023022500100300,2023년 2월 25일 14시,토요일,경상남도 창원시 의창구 중동,경상사고,0,0,1,0,차대차 - 측면충돌,안전운전불이행,건조,맑음,단일로 - 기타,승용,여,49세,상해없음,이륜,남,44세,경상
2023022500100335,2023년 2월 25일 15시,토요일,경상남도 창원시 마산합포구 월영동,경상사고,0,0,1,1,차대차 - 측면충돌,안전거리미확보,건조,맑음,단일로 - 기타,승용,남,39세,부상신고,승용,남,49세,경상
2023022500100336,2023년 2월 25일 15시,토요일,경상남도 진주시 하대동,경상사고,0,0,1,0,차대차 - 기타,교차로운행방법위반,건조,맑음,교차로 - 교차로안,승용,남,28세,상해없음,승용,남,24세,경상
2023022500100337,2023년 2월 25일 15시,토요일,경상남도 사천시 동금동,경상사고,0,0,2,0,차대차 - 후진중충돌,불법유턴,건조,맑음,단일로 - 기타,승용,남,39세,경상,승용,여,68세,경상
2023022500100372,2023년 2월 25일 16시,토요일,경상남도 김해시 내동,경상사고,0,0,1,0,차대차 - 측면충돌,안전운전불이행,건조,맑음,단일로 - 기타,승용,남,30세,상해없음,이륜,남,49세,경상
2023022500100373,2023년 2월 25일 16시,토요일,경상남도 김해시 진례면,경상사고,0,0,1,0,차대차 - 기타,안전운전불이행,건조,맑음,단일로 - 기타,승용,남,60세,상해없음,화물,남,55세,상해없음
2023022500100403,2023년 2월 25일 17시,토요일,경상남도 밀양시 내일동,경상사고,0,0,1,0,차대사람 - 횡단중,보행자보호의무위반,건조,맑음,교차로 - 교차로횡단보도내,승용,남,75세,상해없음,보행자,남,67세,경상
2023022500100439,2023년 2월 25일 18시,토요일,경상남도 거제시 아주동,중상사고,0,1,0,0,차대차 - 기타,교차로운행방법위반,건조,맑음,교차로 - 교차로안,승용,여,31세,상해없음,이륜,남,36세,중상
2023022500100468,2023년 2월 25일 19시,토요일,경상남도 창원시 성산구 상남동,경상사고,0,0,1,1,차대차 - 측면충돌,안전운전불이행,건조,맑음,교차로 - 교차로안,승용,여,25세,부상신고,승용,남,24세,경상
2023022500100490,2023년 2월 25일 20시,토요일,경상남도 김해시 관동동,경상사고,0,0,1,0,차대차 - 측면충돌,안전운전불이행,건조,맑음,단일로 - 기타,승용,여,50세,상해없음,이륜,남,22세,경상
2023022500100512,2023년 2월 25일 21시,토요일,경상남도 창원시 마산합포구 현동,부상신고사고,0,0,0,1,차대차 - 추돌,안전운전불이행,건조,맑음,교차로 - 교차로부근,승용,남,61세,상해없음,승용,남,52세,부상신고
2023022500100513,2023년 2월 25일 21시,토요일,경상남도 밀양시 가곡동,중상사고,0,1,2,1,차대차 - 측면충돌,교차로운행방법위반,건조,흐림,교차로 - 교차로안,승용,남,65세,상해없음,승용,남,54세,중상
2023022500100526,2023년 2월 25일 22시,토요일,경상남도 김해시 봉황동,중상사고,0,1,0,0,차대차 - 측면충돌,안전거리미확보,건조,맑음,단일로 - 기타,승용,남,64세,상해없음,이륜,남,31세,중상
2023022500100544,2023년 2월 25일 23시,토요일,경상남도 창원시 진해구 용원동,경상사고,0,0,1,1,차대차 - 추돌,안전운전불이행,건조,맑음,단일로 - 기타,승용,남,52세,상해없음,승용,남,33세,부상신고
2023022600100017,2023년 2월 26일 02시,일요일,경상남도 창원시 진해구 대장동,중상사고,0,1,1,0,차대차 - 추돌,안전거리미확보,건조,맑음,단일로 - 터널,승용,남,39세,중상,화물,남,53세,경상
2023022600100025,2023년 2월 26일 02시,일요일,경상남도 김해시 안동,경상사고,0,0,2,0,차대차 - 측면충돌,중앙선침범,건조,맑음,단일로 - 기타,승용,여,35세,상해없음,승용,남,22세,경상
2023022600100068,2023년 2월 26일 09시,일요일,경상남도 의령군 대의면,경상사고,0,0,1,0,차대차 - 추돌,안전운전불이행,건조,맑음,교차로 - 교차로부근,화물,남,69세,상해없음,승용,여,57세,경상
2023022600100089,2023년 2월 26일 10시,일요일,경상남도 창원시 성산구 상남동,부상신고사고,0,0,0,1,차대차 - 기타,안전운전불이행,건조,맑음,단일로 - 기타,승용,남,23세,상해없음,승용,남,34세,부상신고
2023022600100140,2023년 2월 26일 12시,일요일,경상남도 창원시 성산구 반지동,중상사고,0,1,0,0,차대차 - 측면충돌,안전운전불이행,건조,맑음,단일로 - 교량,자전거,남,72세,중상,승합,남,35세,상해없음
2023022600100178,2023년 2월 26일 13시,일요일,경상남도 창원시 마산합포구 예곡동,경상사고,0,0,2,0,차대차 - 추돌,안전운전불이행,건조,맑음,단일로 - 기타,화물,남,40세,상해없음,승용,남,78세,경상
2023022600100179,2023년 2월 26일 13시,일요일,경상남도 양산시 동면,경상사고,0,0,1,0,차대차 - 측면충돌,안전운전불이행,건조,맑음,교차로 - 교차로안,승용,여,28세,상해없음,이륜,남,23세,경상
2023022600100209,2023년 2월 26일 14시,일요일,경상남도 양산시 물금읍,경상사고,0,0,3,0,차대차 - 추돌,안전운전불이행,건조,맑음,교차로 - 교차로부근,승용,남,28세,기타불명,승용,남,38세,경상
2023022600100210,2023년 2월 26일 14시,일요일,경상남도 김해시 관동동,중상사고,0,1,0,0,차대차 - 측면충돌,안전운전불이행,건조,맑음,단일로 - 기타,승용,여,52세,상해없음,개인형이동수단(PM),남,24세,중상
2023022600100226,2023년 2월 26일 15시,일요일,경상남도 거제시 거제면,경상사고,0,0,3,0,차대차 - 기타,안전운전불이행,건조,맑음,기타 - 기타,승용,남,64세,상해없음,승용,남,38세,경상
2023022600100277,2023년 2월 26일 17시,일요일,경상남도 창원시 진해구 용원동,중상사고,0,1,0,0,차대차 - 측면충돌,안전운전불이행,건조,맑음,교차로 - 교차로안,승용,남,58세,상해없음,이륜,남,42세,중상
2023022600100278,2023년 2월 26일 17시,일요일,경상남도 밀양시 활성동,경상사고,0,0,1,0,차대차 - 기타,신호위반,건조,맑음,교차로 - 교차로안,화물,남,23세,상해없음,승용,남,43세,경상
2023022600100314,2023년 2월 26일 18시,일요일,경상남도 창원시 의창구 동읍,중상사고,0,1,0,0,차대차 - 추돌,안전거리미확보,건조,맑음,단일로 - 기타,승합,남,61세,상해없음,농기계,남,56세,중상
2023022600100336,2023년 2월 26일 19시,일요일,경상남도 창원시 마산합포구 진동면,중상사고,0,2,1,0,차대차 - 측면충돌,안전운전불이행,건조,맑음,단일로 - 기타,승용,남,68세,상해없음,승용,남,52세,경상
2023022600100337,2023년 2월 26일 19시,일요일,경상남도 사천시 벌리동,경상사고,0,0,1,0,차대차 - 측면충돌,안전거리미확보,건조,맑음,단일로 - 기타,승용,여,50세,상해없음,승용,남,22세,경상
2023022600100358,2023년 2월 26일 20시,일요일,경상남도 진주시 상대동,중상사고,0,1,0,0,차대차 - 측면충돌,안전운전불이행,건조,맑음,단일로 - 기타,승용,여,53세,상해없음,자전거,남,32세,중상
2023022600100359,2023년 2월 26일 20시,일요일,경상남도 고성군 고성읍,사망사고,1,0,0,0,차량단독 - 기타,안전운전불이행,건조,맑음,단일로 - 기타,이륜,남,56세,사망,,,,
2023022700100003,2023년 2월 27일 00시,월요일,경상남도 진주시 인사동,중상사고,0,1,0,0,차대차 - 측면충돌,신호위반,건조,맑음,교차로 - 교차로안,승용,남,48세,상해없음,승용,여,48세,중상
2023022700100004,2023년 2월 27일 00시,월요일,경상남도 통영시 무전동,경상사고,0,0,2,0,차대차 - 정면충돌,신호위반,건조,맑음,교차로 - 교차로안,승용,남,41세,상해없음,승용,남,49세,상해없음
2023022700100012,2023년 2월 27일 01시,월요일,경상남도 통영시 광도면,경상사고,0,0,1,0,차대차 - 측면충돌,안전운전불이행,건조,맑음,단일로 - 기타,승용,남,46세,기타불명,승용,여,63세,경상
2023022700100015,2023년 2월 27일 02시,월요일,경상남도 밀양시 산외면,사망사고,1,0,0,0,차량단독 - 기타,안전운전불이행,건조,맑음,단일로 - 기타,화물,남,52세,사망,,,,
2023022700100037,2023년 2월 27일 06시,월요일,경상남도 산청군 산청읍,경상사고,0,0,1,0,차량단독 - 공작물충돌,안전운전불이행,건조,맑음,단일로 - 기타,화물,남,61세,경상,,,,
2023022700100055,2023년 2월 27일 07시,월요일,경상남도 의령군 봉수면,중상사고,0,1,0,0,차대차 - 정면충돌,중앙선침범,건조,맑음,단일로 - 기타,승용,남,33세,상해없음,승합,남,60세,중상
2023022700100082,2023년 2월 27일 08시,월요일,경상남도 밀양시 상남면,중상사고,0,1,1,0,차대차 - 추돌,안전운전불이행,건조,맑음,교차로 - 교차로부근,승용,여,25세,상해없음,화물,남,41세,중상
2023022700100083,2023년 2월 27일 08시,월요일,경상남도 밀양시 초동면,경상사고,0,0,1,0,차대차 - 측면충돌,교차로운행방법위반,건조,맑음,교차로 - 교차로안,화물,남,73세,상해없음,화물,남,63세,경상
2023022700100084,2023년 2월 27일 08시,월요일,경상남도 거제시 수월동,부상신고사고,0,0,0,1,차대차 - 기타,신호위반,건조,맑음,교차로 - 교차로안,승용,남,60세,상해없음,승용,여,53세,부상신고
2023022700100120,2023년 2월 27일 09시,월요일,경상남도 사천시 용현면,경상사고,0,0,5,0,차대차 - 기타,안전거리미확보,건조,맑음,교차로 - 교차로부근,화물,남,52세,상해없음,건설기계,남,53세,경상
2023022700100121,2023년 2월 27일 09시,월요일,경상남도 양산시 물금읍,중상사고,0,1,0,0,차대차 - 측면충돌,신호위반,건조,맑음,교차로 - 교차로횡단보도내,화물,여,56세,상해없음,자전거,남,33세,중상
2023022700100122,2023년 2월 27일 09시,월요일,경상남도 거제시 고현동,중상사고,0,1,0,0,차대차 - 기타,안전운전불이행,건조,맑음,단일로 - 기타,이륜,남,66세,중상,화물,남,61세,상해없음
2023022700100148,2023년 2월 27일 10시,월요일,경상남도 하동군 하동읍,사망사고,1,0,0,0,차대차 - 기타,기타,건조,맑음,단일로 - 기타,승용,남,67세,상해없음,이륜,남,71세,사망
2023022700100174,2023년 2월 27일 11시,월요일,경상남도 창원시 마산합포구 동성동,경상사고,0,0,1,0,차대사람 - 기타,안전운전불이행,건조,맑음,단일로 - 기타,화물,남,51세,상해없음,보행자,여,60세,경상
2023022700100207,2023년 2월 27일 12시,월요일,경상남도 양산시 북부동,중상사고,0,1,0,0,차대차 - 측면충돌,안전거리미확보,건조,맑음,단일로 - 기타,화물,남,43세,상해없음,이륜,남,21세,중상
2023022700100208,2023년 2월 27일 12시,월요일,경상남도 산청군 산청읍,경상사고,0,0,1,0,차대차 - 측면충돌,직진우회전진행방해,건조,맑음,교차로 - 교차로안,승용,남,79세,상해없음,승용,여,62세,경상
2023022700100209,2023년 2월 27일 12시,월요일,경상남도 창원시 성산구 중앙동,부상신고사고,0,0,0,1,차대사람 - 기타,안전운전불이행,건조,맑음,단일로 - 기타,승용,여,53세,기타불명,보행자,여,52세,부상신고