사고번호,사고일시,요일,시군구,사고내용,사망자수,중상자수,경상자수,부상신고자수,사고유형,법규위반,노면상태,기상상태,도로형태,가해운전자 차종,가해운전자 성별,가해운전자 연령,가해운전자 상해정도,피해운전자 차종,피해운전자 성별,피해운전자 연령,피해운전자 상해정도
2023022700100210,2023년 2월 27일 12시,월요일,경상남도 김해시 전하동,경상사고,0,0,1,0,차대차 - 측면충돌,직진우회전진행방해,건조,맑음,교차로 - 교차로안,승용,남,26세,상해없음,승용,여,41세,경상
2023022700100246,2023년 2월 27일 13시,월요일,경상남도 창원시 진해구 용원동,중상사고,0,1,0,0,차대차 - 측면충돌,중앙선침범,건조,맑음,단일로 - 기타,승용,여,46세,상해없음,원동기,남,27세,중상
2023022700100247,2023년 2월 27일 13시,월요일,경상남도 사천시 곤명면,중상사고,0,1,0,0,차대차 - 기타,직진우회전진행방해,건조,맑음,교차로 - 교차로안,자전거,남,94세,중상,화물,남,46세,상해없음
2023022700100248,2023년 2월 27일 13시,월요일,경상남도 밀양시 산외면,중상사고,0,1,0,0,차대차 - 측면충돌,신호위반,건조,맑음,교차로 - 교차로안,화물,남,52세,상해없음,승합,남,60세,상해없음
2023022700100249,2023년 2월 27일 13시,월요일,경상남도 고성군 거류면,경상사고,0,0,2,0,차대차 - 측면충돌,중앙선침범,건조,맑음,교차로 - 교차로부근,승용,여,37세,상해없음,승용,남,73세,경상
2023022700100315,2023년 2월 27일 15시,월요일,경상남도 창원시 진해구 안골동,경상사고,0,0,1,0,차대차 - 측면충돌,교차로운행방법위반,건조,맑음,교차로 - 교차로안,승용,여,45세,상해없음,원동기,남,82세,경상
2023022700100345,2023년 2월 27일 16시,월요일,경상남도 통영시 봉평동,중상사고,0,1,0,0,차대사람 - 차도통행중,안전운전불이행,건조,맑음,교차로 - 교차로안,승용,여,32세,상해없음,보행자,여,76세,중상
2023022700100346,2023년 2월 27일 16시,월요일,경상남도 합천군 합천읍,중상사고,0,2,0,0,차대차 - 추돌,안전거리미확보,건조,맑음,단일로 - 기타,승용,남,62세,상해없음,화물,남,67세,상해없음
2023022700100347,2023년 2월 27일 16시,월요일,경상남도 양산시 덕계동,경상사고,0,0,1,1,차대차 - 측면충돌,안전운전불이행,건조,맑음,단일로 - 기타,승용,여,47세,부상신고,화물,남,61세,경상
2023022700100348,2023년 2월 27일 16시,월요일,경상남도 양산시 신기동,중상사고,0,1,1,0,차대차 - 측면충돌,안전운전불이행,건조,맑음,교차로 - 교차로부근,화물,남,73세,상해없음,승용,여,47세,중상
2023022700100349,2023년 2월 27일 16시,월요일,경상남도 거제시 고현동,중상사고,0,1,0,1,차대차 - 정면충돌,신호위반,건조,맑음,교차로 - 교차로안,승용,남,66세,부상신고,이륜,남,44세,중상
2023022700100376,2023년 2월 27일 17시,월요일,경상남도 김해시 봉황동,중상사고,0,1,0,0,차대차 - 정면충돌,신호위반,건조,맑음,교차로 - 교차로횡단보도내,승용,남,26세,상해없음,자전거,남,64세,중상
2023022700100420,2023년 2월 27일 18시,월요일,경상남도 창원시 마산합포구 진북면,중상사고,0,1,0,0,차량단독 - 전도전복 - 전도,안전운전불이행,건조,맑음,교차로 - 교차로안,이륜,남,63세,중상,,,,
2023022700100421,2023년 2월 27일 18시,월요일,경상남도 통영시 무전동,경상사고,0,0,1,0,차대차 - 추돌,안전거리미확보,건조,맑음,단일로 - 기타,이륜,남,41세,상해없음,승용,여,46세,경상
2023022700100422,2023년 2월 27일 18시,월요일,경상남도 양산시 주진동,경상사고,0,0,2,0,차대차 - 측면충돌,교차로운행방법위반,건조,맑음,교차로 - 교차로안,승용,여,34세,상해없음,승용,남,63세,경상
2023022700100423,2023년 2월 27일 18시,월요일,경상남도 창원시 의창구 팔용동,중상사고,0,1,0,0,차대사람 - 기타,안전운전불이행,건조,맑음,교차로 - 교차로부근,승용,남,54세,상해없음,보행자,남,65세,중상
2023022700100493,2023년 2월 27일 20시,월요일,경상남도 창원시 진해구 용원동,경상사고,0,0,1,0,차대차 - 추돌,안전운전불이행,건조,맑음,교차로 - 교차로부근,승용,여,39세,상해없음,승용,여,57세,경상
2023022800100041,2023년 2월 28일 05시,화요일,경상남도 고성군 회화면,중상사고,0,1,0,0,차대사람 - 차도통행중,안전운전불이행,건조,맑음,단일로 - 기타,승용,남,44세,상해없음,보행자,여,78세,중상
2023022800100051,2023년 2월 28일 06시,화요일,경상남도 김해시 진영읍,경상사고,0,0,1,0,차대차 - 추돌,안전운전불이행,건조,맑음,교차로 - 교차로부근,승용,남,58세,경상,특수,남,52세,기타불명
2023022800100061,2023년 2월 28일 07시,화요일,경상남도 김해시 풍유동,경상사고,0,0,2,0,차대차 - 추돌,안전거리미확보,건조,맑음,교차로 - 교차로부근,승용,여,31세,상해없음,승용,여,58세,경상
2023022800100088,2023년 2월 28일 08시,화요일,경상남도 진주시 남성동,중상사고,0,1,0,0,차대사람 - 횡단중,보행자보호의무위반,건조,맑음,교차로 - 교차로횡단보도내,승합,남,61세,상해없음,보행자,남,80세,중상
2023022800100089,2023년 2월 28일 08시,화요일,경상남도 창원시 의창구 사림동,부상신고사고,0,0,0,1,차대사람 - 횡단중,보행자보호의무위반,건조,맑음,교차로 - 교차로횡단보도내,승용,남,36세,상해없음,보행자,남,31세,부상신고
2023022800100110,2023년 2월 28일 09시,화요일,경상남도 진주시 상대동,중상사고,0,1,0,0,차대사람 - 횡단중,안전운전불이행,건조,맑음,단일로 - 기타,화물,남,22세,상해없음,보행자,여,5세,중상
2023022800100111,2023년 2월 28일 09시,화요일,경상남도 양산시 유산동,경상사고,0,0,1,0,차대차 - 측면충돌,교차로운행방법위반,건조,맑음,교차로 - 교차로안,건설기계,남,70세,상해없음,승용,여,38세,경상
2023022800100132,2023년 2월 28일 10시,화요일,경상남도 창원시 진해구 용원동,경상사고,0,0,2,0,차대차 - 측면충돌,신호위반,건조,맑음,교차로 - 교차로안,승용,남,58세,상해없음,승용,여,28세,경상
2023022800100133,2023년 2월 28일 10시,화요일,경상남도 양산시 북부동,경상사고,0,0,1,0,차대차 - 측면충돌,안전운전불이행,건조,맑음,교차로 - 교차로안,승용,여,52세,상해없음,화물,남,55세,경상
2023022800100134,2023년 2월 28일 10시,화요일,경상남도 의령군 부림면,경상사고,0,0,2,0,차대차 - 측면충돌,교차로운행방법위반,건조,맑음,교차로 - 교차로안,화물,남,57세,상해없음,승용,남,75세,경상
2023022800100159,2023년 2월 28일 11시,화요일,경상남도 양산시 명동,경상사고,0,0,1,0,차대차 - 추돌,안전운전불이행,건조,맑음,교차로 - 교차로안,화물,남,32세,상해없음,승용,여,65세,경상
2023022800100160,2023년 2월 28일 11시,화요일,경상남도 창원시 의창구 명서동,경상사고,0,0,1,0,차대차 - 측면충돌,안전운전불이행,건조,맑음,교차로 - 교차로안,승용,여,62세,상해없음,개인형이동수단(PM),남,21세,경상
2023022800100192,2023년 2월 28일 12시,화요일,경상남도 김해시 불암동,경상사고,0,0,1,0,차대차 - 추돌,안전운전불이행,건조,맑음,단일로 - 기타,승용,여,54세,경상,승용,남,28세,상해없음
2023022800100229,2023년 2월 28일 13시,화요일,경상남도 통영시 북신동,중상사고,0,1,0,0,차대사람 - 기타,안전운전불이행,건조,맑음,단일로 - 기타,화물,남,58세,상해없음,보행자,여,60세,중상
2023022800100230,2023년 2월 28일 13시,화요일,경상남도 김해시 안동,경상사고,0,0,1,0,차대차 - 측면충돌,안전운전불이행,건조,맑음,단일로 - 기타,화물,남,75세,상해없음,자전거,남,31세,경상
2023022800100277,2023년 2월 28일 14시,화요일,경상남도 합천군 초계면,중상사고,0,1,0,0,차대차 - 측면충돌,중앙선침범,건조,맑음,교차로 - 교차로부근,이륜,여,80세,중상,화물,남,64세,상해없음
2023022800100278,2023년 2월 28일 14시,화요일,경상남도 창원시 성산구 성주동,경상사고,0,0,1,0,차대차 - 측면충돌,교차로운행방법위반,건조,맑음,교차로 - 교차로안,승용,남,67세,상해없음,승용,남,33세,경상
2023022800100279,2023년 2월 28일 14시,화요일,경상남도 창원시 의창구 봉곡동,경상사고,0,0,2,0,차대차 - 측면충돌,안전운전불이행,건조,맑음,단일로 - 기타,승용,남,70세,상해없음,승용,여,26세,경상
2023022800100312,2023년 2월 28일 15시,화요일,경상남도 김해시 진영읍,경상사고,0,0,1,0,차대차 - 기타,안전운전불이행,건조,맑음,교차로 - 교차로부근,특수,남,24세,상해없음,승용,여,43세,경상
2023022800100349,2023년 2월 28일 16시,화요일,경상남도 밀양시 단장면,경상사고,0,0,1,0,차대차 - 측면충돌,안전운전불이행,건조,맑음,교차로 - 교차로안,승용,여,61세,상해없음,승용,남,50세,경상
2023022800100350,2023년 2월 28일 16시,화요일,경상남도 거제시 동부면,중상사고,0,1,0,1,차량단독 - 기타,안전운전불이행,건조,맑음,단일로 - 기타,승용,남,68세,부상신고,,,,
2023022800100389,2023년 2월 28일 17시,화요일,경상남도 창원시 진해구 용원동,경상사고,0,0,1,0,차대차 - 측면충돌,안전운전불이행,건조,맑음,교차로 - 교차로부근,화물,남,66세,상해없음,승용,남,37세,경상
2023022800100390,2023년 2월 28일 17시,화요일,경상남도 창원시 진해구 풍호동,중상사고,0,1,1,0,차대차 - 정면충돌,안전운전불이행,건조,맑음,교차로 - 교차로부근,승용,남,49세,상해없음,승용,여,37세,중상
2023022800100391,2023년 2월 28일 17시,화요일,경상남도 통영시 무전동,경상사고,0,0,1,0,차대차 - 추돌,안전거리미확보,건조,맑음,단일로 - 기타,화물,남,61세,기타불명,승용,여,57세,경상
2023022800100392,2023년 2월 28일 17시,화요일,경상남도 양산시 물금읍,중상사고,0,1,0,0,차대차 - 측면충돌,신호위반,건조,맑음,교차로 - 교차로안,이륜,남,33세,중상,승용,여,34세,상해없음
2023022800100429,2023년 2월 28일 18시,화요일,경상남도 양산시 북정동,중상사고,0,1,0,0,차대차 - 추돌,신호위반,건조,맑음,교차로 - 교차로안,승용,남,64세,상해없음,승용,여,64세,중상
2023022800100430,2023년 2월 28일 18시,화요일,경상남도 고성군 동해면,중상사고,0,2,1,0,차대차 - 기타,기타,건조,맑음,교차로 - 교차로안,승용,남,34세,경상,승용,남,64세,중상
2023022800100431,2023년 2월 28일 18시,화요일,경상남도 거제시 일운면,경상사고,0,0,1,0,차대차 - 추돌,안전운전불이행,건조,맑음,단일로 - 기타,이륜,남,29세,경상,승용,남,45세,상해없음
2023022800100432,2023년 2월 28일 18시,화요일,경상남도 창원시 성산구 반림동,경상사고,0,0,1,0,차대사람 - 횡단중,안전운전불이행,건조,맑음,단일로 - 기타,승용,남,51세,상해없음,보행자,남,11세,경상
2023022800100465,2023년 2월 28일 19시,화요일,경상남도 창원시 마산합포구 월남동4가,경상사고,0,0,1,0,차대차 - 후진중충돌,안전운전불이행,건조,맑음,교차로 - 교차로안,승용,남,45세,상해없음,승용,여,43세,경상
2023022800100466,2023년 2월 28일 19시,화요일,경상남도 통영시 무전동,경상사고,0,0,4,0,차대차 - 측면충돌,신호위반,건조,맑음,교차로 - 교차로안,승용,여,67세,상해없음,승용,남,50세,경상
2023022800100467,2023년 2월 28일 19시,화요일,경상남도 사천시 서포면,중상사고,0,1,0,0,차대사람 - 기타,안전운전불이행,건조,맑음,기타 - 기타,기타불명,기타불명,미분류,기타불명,보행자,남,61세,중상
2023022800100494,2023년 2월 28일 20시,화요일,경상남도 창원시 의창구 동읍,경상사고,0,0,1,1,차대차 - 추돌,안전운전불이행,건조,맑음,단일로 - 기타,승용,남,52세,상해없음,승용,남,49세,경상
2023022800100517,2023년 2월 28일 21시,화요일,경상남도 창녕군 영산면,경상사고,0,0,1,0,차대차 - 추돌,안전운전불이행,건조,맑음,교차로 - 교차로부근,승용,남,61세,상해없음,화물,남,48세,경상
2023022800100566,2023년 2월 28일 23시,화요일,경상남도 창녕군 창녕읍,경상사고,0,0,1,0,차대차 - 측면충돌,기타,건조,맑음,교차로 - 교차로안,승용,남,52세,상해없음,승용,남,37세,경상
2023030100100008,2023년 3월 1일 00시,수요일,경상남도 사천시 서포면,경상사고,0,0,1,0,차대차 - 측면충돌,안전운전불이행,건조,맑음,단일로 - 지하차도(도로)내,승용,남,67세,상해없음,승용,남,62세,경상
2023030100100009,2023년 3월 1일 00시,수요일,경상남도 창원시 성산구 상남동,경상사고,0,0,2,0,차대사람 - 기타,안전운전불이행,건조,맑음,단일로 - 기타,승용,남,61세,상해없음,보행자,남,23세,경상
2023030100100061,2023년 3월 1일 07시,수요일,경상남도 김해시 신문동,경상사고,0,0,1,0,차대차 - 측면충돌,신호위반,건조,맑음,교차로 - 교차로안,화물,남,71세,상해없음,화물,남,27세,경상
2023030100100074,2023년 3월 1일 08시,수요일,경상남도 밀양시 상동면,경상사고,0,0,1,0,차대차 - 측면충돌,중앙선침범,젖음/습기,흐림,단일로 - 기타,특수,남,63세,상해없음,이륜,남,18세,경상
2023030100100098,2023년 3월 1일 10시,수요일,경상남도 창원시 진해구 용원동,사망사고,1,0,0,0,차대사람 - 차도통행중,안전운전불이행,건조,맑음,교차로 - 교차로부근,특수,남,49세,상해없음,보행자,남,65세,사망
2023030100100099,2023년 3월 1일 10시,수요일,경상남도 밀양시 부북면,경상사고,0,0,1,0,차대차 - 측면충돌,안전운전불이행,건조,맑음,교차로 - 교차로안,승용,남,75세,경상,화물,남,36세,상해없음
2023030100100100,2023년 3월 1일 10시,수요일,경상남도 양산시 동면,경상사고,0,0,2,0,차대차 - 측면충돌,안전운전불이행,젖음/습기,비,단일로 - 기타,화물,남,61세,기타불명,승용,여,67세,경상
2023030100100125,2023년 3월 1일 11시,수요일,경상남도 김해시 삼계동,중상사고,0,1,0,0,차대차 - 측면충돌,신호위반,건조,맑음,단일로 - 기타,원동기,남,34세,상해없음,원동기,남,41세,중상
2023030100100126,2023년 3월 1일 11시,수요일,경상남도 양산시 평산동,중상사고,0,1,0,0,차대차 - 기타,안전거리미확보,건조,맑음,교차로 - 교차로부근,승용,여,76세,상해없음,이륜,남,29세,중상
2023030100100127,2023년 3월 1일 11시,수요일,경상남도 김해시 신문동,경상사고,0,0,1,0,차대차 - 정면충돌,안전운전불이행,젖음/습기,비,교차로 - 교차로부근,승용,여,25세,상해없음,승용,여,50세,경상
2023030100100162,2023년 3월 1일 13시,수요일,경상남도 통영시 사량면,중상사고,0,2,0,0,차대사람 - 차도통행중,중앙선침범,젖음/습기,흐림,기타 - 기타,화물,남,69세,상해없음,보행자,남,48세,중상
2023030100100163,2023년 3월 1일 13시,수요일,경상남도 김해시 신문동,중상사고,0,1,2,0,차대차 - 정면충돌,안전운전불이행,젖음/습기,흐림,교차로 - 교차로안,승용,남,77세,경상,승용,남,37세,경상
2023030100100188,2023년 3월 1일 14시,수요일,경상남도 사천시 사천읍,경상사고,0,0,1,0,차대차 - 추돌,안전거리미확보,건조,맑음,교차로 - 교차로부근,화물,남,58세,상해없음,승용,여,59세,경상
2023030100100189,2023년 3월 1일 14시,수요일,경상남도 사천시 벌리동,경상사고,0,0,1,0,차대사람 - 횡단중,보행자보호의무위반,건조,맑음,교차로 - 교차로부근,원동기,여,65세,기타불명,보행자,여,13세,경상
2023030100100212,2023년 3월 1일 15시,수요일,경상남도 진주시 충무공동,경상사고,0,0,1,0,차대차 - 측면충돌,안전운전불이행,건조,맑음,단일로 - 기타,승용,남,44세,상해없음,승용,남,47세,경상
2023030100100243,2023년 3월 1일 16시,수요일,경상남도 양산시 물금읍,중상사고,0,1,0,0,차대차 - 측면충돌,교차로운행방법위반,건조,맑음,교차로 - 교차로안,승용,남,37세,상해없음,이륜,남,18세,중상
2023030100100329,2023년 3월 1일 20시,수요일,경상남도 창원시 마산합포구 상남동,경상사고,0,0,3,0,차대차 - 기타,안전운전불이행,건조,맑음,교차로 - 교차로안,승용,남,40세,상해없음,승용,남,64세,상해없음
2023030100100330,2023년 3월 1일 20시,수요일,경상남도 창녕군 창녕읍,중상사고,0,1,0,0,차대차 - 기타,안전운전불이행,건조,맑음,교차로 - 교차로안,승용,여,60세,상해없음,이륜,남,72세,중상
2023030100100355,2023년 3월 1일 21시,수요일,경상남도 김해시 삼계동,중상사고,0,1,1,0,차대차 - 측면충돌,교차로운행방법위반,건조,맑음,교차로 - 교차로횡단보도내,승용,남,58세,상해없음,승용,여,21세,중상
2023030100100363,2023년 3월 1일 22시,수요일,경상남도 창원시 의창구 봉곡동,경상사고,0,0,1,0,차량단독 - 기타,안전운전불이행,건조,맑음,단일로 - 기타,승합,남,38세,상해없음,,,,
2023030100100375,2023년 3월 1일 23시,수요일,경상남도 창원시 마산회원구 양덕동,부상신고사고,0,0,0,1,차대사람 - 보도통행중,안전운전불이행,건조,맑음,기타 - 기타,이륜,남,25세,상해없음,보행자,여,22세,부상신고
2023030200100012,2023년 3월 2일 01시,목요일,경상남도 양산시 상북면,경상사고,0,0,1,0,차대차 - 추돌,안전운전불이행,건조,맑음,단일로 - 기타,화물,남,35세,상해없음,승용,남,32세,상해없음
2023030200100013,2023년 3월 2일 01시,목요일,경상남도 김해시 외동,경상사고,0,0,1,0,차대사람 - 기타,안전운전불이행,건조,맑음,기타 - 기타,승용,남,66세,상해없음,보행자,남,65세,경상
2023030200100044,2023년 3월 2일 06시,목요일,경상남도 진주시 망경동,경상사고,0,0,1,0,차량단독 - 기타,안전운전불이행,건조,맑음,단일로 - 기타,승용,남,56세,경상,,,,
2023030200100045,2023년 3월 2일 06시,목요일,경상남도 양산시 유산동,경상사고,0,0,2,0,차대차 - 기타,신호위반,건조,맑음,단일로 - 기타,승용,여,56세,상해없음,승용,남,35세,경상
2023030200100061,2023년 3월 2일 07시,목요일,경상남도 김해시 진영읍,중상사고,0,2,3,0,차대차 - 정면충돌,신호위반,건조,맑음,교차로 - 교차로안,승용,남,40세,상해없음,승합,남,48세,상해없음
2023030200100109,2023년 3월 2일 08시,목요일,경상남도 양산시 북부동,경상사고,0,0,1,0,차대차 - 추돌,안전거리미확보,건조,맑음,교차로 - 교차로부근,승용,남,43세,상해없음,승용,여,55세,경상
2023030200100151,2023년 3월 2일 09시,목요일,경상남도 창원시 마산회원구 구암동,경상사고,0,0,1,0,차대차 - 측면충돌,신호위반,건조,맑음,단일로 - 기타,승용,남,66세,상해없음,승용,남,31세,경상
2023030200100180,2023년 3월 2일 10시,목요일,경상남도 사천시 사천읍,사망사고,1,0,0,0,차대사람 - 길가장자리구역통행중,안전운전불이행,건조,맑음,교차로 - 교차로안,화물,남,66세,상해없음,보행자,여,86세,사망
2023030200100181,2023년 3월 2일 10시,목요일,경상남도 거제시 고현동,경상사고,0,0,1,0,차대차 - 추돌,안전거리미확보,건조,맑음,교차로 - 교차로부근,승합,남,52세,상해없음,승용,여,36세,경상
2023030200100208,2023년 3월 2일 11시,목요일,경상남도 진주시 내동면,경상사고,0,0,2,0,차대차 - 측면충돌,신호위반,건조,맑음,교차로 - 교차로안,승용,남,19세,상해없음,승용,여,35세,경상
2023030200100209,2023년 3월 2일 11시,목요일,경상남도 진주시 평거동,경상사고,0,0,1,0,차대차 - 추돌,안전거리미확보,건조,맑음,단일로 - 기타,승용,남,44세,상해없음,승용,여,36세,경상
2023030200100210,2023년 3월 2일 11시,목요일,경상남도 김해시 내동,중상사고,0,1,0,0,차대차 - 기타,안전운전불이행,건조,맑음,단일로 - 기타,화물,남,56세,상해없음,자전거,여,69세,중상
2023030200100211,2023년 3월 2일 11시,목요일,경상남도 남해군 서면,경상사고,0,0,1,0,차량단독 - 전도전복 - 전복,안전운전불이행,건조,맑음,단일로 - 기타,이륜,남,72세,경상,,,,
2023030200100212,2023년 3월 2일 11시,목요일,경상남도 창원시 의창구 중동,경상사고,0,0,1,0,차대차 - 기타,기타,건조,맑음,단일로 - 기타,승용,남,30세,상해없음,이륜,남,27세,경상
2023030200100283,2023년 3월 2일 13시,목요일,경상남도 창원시 마산회원구 회원동,경상사고,0,0,2,0,차대차 - 기타,안전운전불이행,건조,맑음,단일로 - 기타,승용,남,71세,상해없음,승용,남,55세,경상
2023030200100284,2023년 3월 2일 13시,목요일,경상남도 창원시 의창구 소답동,중상사고,0,1,0,0,차대사람 - 기타,안전운전불이행,건조,맑음,교차로 - 교차로안,화물,남,68세,상해없음,보행자,여,56세,중상
2023030200100285,2023년 3월 2일 13시,목요일,경상남도 창원시 의창구 도계동,경상사고,0,0,1,0,차대차 - 측면충돌,교차로운행방법위반,건조,맑음,교차로 - 교차로안,승용,남,67세,상해없음,이륜,남,35세,경상
2023030200100317,2023년 3월 2일 14시,목요일,경상남도 김해시 내동,경상사고,0,0,3,0,차대차 - 측면충돌,안전거리미확보,건조,맑음,교차로 - 교차로부근,승용,남,63세,상해없음,승용,남,28세,경상
2023030200100318,2023년 3월 2일 14시,목요일,경상남도 양산시 어곡동,경상사고,0,0,1,0,차대차 - 정면충돌,중앙선침범,건조,맑음,교차로 - 교차로부근,화물,남,54세,상해없음,승용,남,50세,경상
2023030200100319,2023년 3월 2일 14시,목요일,경상남도 함안군 칠북면,경상사고,0,0,2,0,차대차 - 추돌,안전운전불이행,건조,맑음,교차로 - 교차로부근,화물,남,49세,상해없음,승용,남,73세,경상
2023030200100346,2023년 3월 2일 15시,목요일,경상남도 창원시 진해구 제덕동,경상사고,0,0,3,0,차대차 - 측면충돌,중앙선침범,건조,맑음,단일로 - 기타,승용,여,64세,상해없음,승용,여,54세,경상
2023030200100377,2023년 3월 2일 16시,목요일,경상남도 양산시 물금읍,경상사고,0,0,1,0,차대차 - 기타,안전운전불이행,건조,맑음,교차로 - 교차로횡단보도내,승용,여,52세,상해없음,자전거,남,11세,경상
2023030200100378,2023년 3월 2일 16시,목요일,경상남도 거제시 상동동,부상신고사고,0,0,0,1,차대사람 - 기타,안전운전불이행,건조,맑음,기타 - 기타,승용,여,51세,상해없음,보행자,남,61세,부상신고
2023030200100379,2023년 3월 2일 16시,목요일,경상남도 거제시 아주동,경상사고,0,0,1,0,차대차 - 측면충돌,교차로운행방법위반,건조,맑음,교차로 - 교차로안,승용,남,67세,상해없음,승용,남,38세,경상
2023030200100380,2023년 3월 2일 16시,목요일,경상남도 창원시 성산구 성주동,경상사고,0,0,1,0,차대차 - 측면충돌,안전운전불이행,건조,맑음,단일로 - 기타,승용,남,60세,상해없음,승용,남,57세,경상
2023030200100411,2023년 3월 2일 17시,목요일,경상남도 사천시 송포동,중상사고,0,1,0,0,차대차 - 추돌,안전운전불이행,건조,맑음,단일로 - 기타,화물,여,33세,중상,건설기계,남,51세,상해없음
2023030200100412,2023년 3월 2일 17시,목요일,경상남도 창원시 의창구 명서동,경상사고,0,0,1,0,차대차 - 측면충돌,안전운전불이행,건조,맑음,단일로 - 기타,승용,여,57세,상해없음,자전거,여,54세,경상
2023030200100413,2023년 3월 2일 17시,목요일,경상남도 김해시 풍유동,경상사고,0,0,2,0,차대차 - 추돌,안전운전불이행,건조,맑음,단일로 - 기타,승용,여,73세,상해없음,승용,여,46세,경상
2023030200100450,2023년 3월 2일 18시,목요일,경상남도 진주시 상대동,경상사고,0,0,1,0,차대차 - 추돌,안전거리미확보,건조,맑음,단일로 - 기타,승용,남,51세,상해없음,승용,여,27세,경상
2023030200100451,2023년 3월 2일 18시,목요일,경상남도 창원시 성산구 중앙동,부상신고사고,0,0,0,1,차대사람 - 길가장자리구역통행중,안전운전불이행,건조,맑음,단일로 - 기타,승용,남,63세,상해없음,보행자,여,41세,부상신고
2023030200100479,2023년 3월 2일 19시,목요일,경상남도 양산시 평산동,경상사고,0,0,1,0,차대차 - 측면충돌,안전운전불이행,건조,맑음,교차로 - 교차로안,승용,남,49세,상해없음,이륜,남,51세,경상
2023030200100480,2023년 3월 2일 19시,목요일,경상남도 고성군 고성읍,중상사고,0,1,0,0,차대차 - 기타,안전운전불이행,건조,맑음,단일로 - 기타,승용,남,62세,상해없음,자전거,남,91세,중상
2023030200100481,2023년 3월 2일 19시,목요일,경상남도 창원시 의창구 중동,경상사고,0,0,1,0,차대차 - 기타,신호위반,건조,맑음,교차로 - 교차로횡단보도내,승용,남,59세,상해없음,자전거,남,60세,경상
2023030200100510,2023년 3월 2일 20시,목요일,경상남도 창원시 의창구 북면,경상사고,0,0,1,0,차대차 - 측면충돌,안전거리미확보,건조,맑음,단일로 - 기타,승용,남,65세,상해없음,승용,여,50세,경상
2023030300100004,2023년 3월 3일 00시,금요일,경상남도 양산시 물금읍,경상사고,0,0,1,0,차대차 - 정면충돌,신호위반,건조,맑음,교차로 - 교차로안,승용,여,58세,상해없음,승용,남,22세,경상
2023030300100005,2023년 3월 3일 00시,금요일,경상남도 산청군 신안면,경상사고,0,0,1,0,차대차 - 측면충돌,교차로운행방법위반,건조,맑음,교차로 - 교차로안,이륜,남,56세,경상,승용,여,21세,상해없음
2023030300100073,2023년 3월 3일 07시,금요일,경상남도 거제시 문동동,경상사고,0,0,1,0,차대차 - 추돌,안전운전불이행,건조,맑음,교차로 - 교차로부근,승용,남,30세,상해없음,승용,여,45세,경상
2023030300100112,2023년 3월 3일 08시,금요일,경상남도 창원시 성산구 대원동,경상사고,0,0,1,0,차대차 - 측면충돌,안전운전불이행,건조,맑음,교차로 - 교차로안,승용,여,35세,상해없음,승용,여,36세,경상
2023030300100146,2023년 3월 3일 09시,금요일,경상남도 창원시 진해구 석동,중상사고,0,2,0,0,차대차 - 추돌,안전운전불이행,건조,맑음,교차로 - 교차로안,건설기계,남,49세,상해없음,승용,여,60세,중상
2023030300100147,2023년 3월 3일 09시,금요일,경상남도 밀양시 가곡동,중상사고,0,1,0,0,차대사람 - 횡단중,보행자보호의무위반,건조,맑음,단일로 - 기타,승용,남,46세,상해없음,보행자,여,80세,중상
2023030300100148,2023년 3월 3일 09시,금요일,경상남도 합천군 합천읍,중상사고,0,1,0,0,차대사람 - 횡단중,기타,건조,맑음,교차로 - 교차로안,승용,남,60세,상해없음,보행자,여,79세,중상
2023030300100149,2023년 3월 3일 09시,금요일,경상남도 창원시 성산구 성주동,중상사고,0,1,0,0,차대차 - 측면충돌,신호위반,건조,맑음,교차로 - 교차로안,승용,여,23세,기타불명,승용,여,41세,중상
2023030300100175,2023년 3월 3일 10시,금요일,경상남도 김해시 외동,중상사고,0,1,0,0,차대차 - 측면충돌,안전거리미확보,건조,맑음,교차로 - 교차로부근,승용,여,46세,상해없음,승용,여,52세,중상
2023030300100176,2023년 3월 3일 10시,금요일,경상남도 산청군 산청읍,경상사고,0,0,1,0,차대사람 - 차도통행중,교차로운행방법위반,건조,맑음,교차로 - 교차로안,화물,남,63세,상해없음,보행자,여,47세,경상
2023030300100200,2023년 3월 3일 11시,금요일,경상남도 거제시 아주동,부상신고사고,0,0,0,1,차대차 - 측면충돌,교차로운행방법위반,건조,맑음,교차로 - 교차로안,승용,남,32세,부상신고,승용,여,52세,상해없음
2023030300100223,2023년 3월 3일 12시,금요일,경상남도 김해시 불암동,경상사고,0,0,1,0,차대차 - 정면충돌,안전운전불이행,건조,맑음,교차로 - 교차로안,승용,여,55세,상해없음,승합,남,31세,경상
2023030300100224,2023년 3월 3일 12시,금요일,경상남도 김해시 외동,경상사고,0,0,1,0,차대차 - 기타,안전운전불이행,건조,맑음,단일로 - 기타,승용,남,53세,상해없음,자전거,남,59세,경상
2023030300100258,2023년 3월 3일 13시,금요일,경상남도 창원시 진해구 경화동,경상사고,0,0,1,0,차대사람 - 횡단중,보행자보호의무위반,건조,맑음,단일로 - 기타,승용,남,81세,상해없음,보행자,남,40세,경상
2023030300100259,2023년 3월 3일 13시,금요일,경상남도 통영시 용남면,경상사고,0,0,1,0,차대차 - 측면충돌,안전거리미확보,건조,맑음,단일로 - 기타,특수,남,51세,상해없음,승용,여,67세,경상