사고번호,사고일시,요일,시군구,사고내용,사망자수,중상자수,경상자수,부상신고자수,사고유형,법규위반,노면상태,기상상태,도로형태,가해운전자 차종,가해운전자 성별,가해운전자 연령,가해운전자 상해정도,피해운전자 차종,피해운전자 성별,피해운전자 연령,피해운전자 상해정도
2023030300100260,2023년 3월 3일 13시,금요일,경상남도 창원시 성산구 대방동,경상사고,0,0,1,0,차량단독 - 기타,안전운전불이행,건조,맑음,단일로 - 기타,승합,남,46세,상해없음,,,,
2023030300100288,2023년 3월 3일 14시,금요일,경상남도 양산시 삼호동,경상사고,0,0,1,0,차량단독 - 기타,안전운전불이행,건조,맑음,단일로 - 기타,승용,남,68세,상해없음,,,,
2023030300100289,2023년 3월 3일 14시,금요일,경상남도 거제시 고현동,경상사고,0,0,1,0,차대차 - 측면충돌,안전거리미확보,건조,맑음,단일로 - 기타,승용,남,76세,상해없음,승용,남,58세,경상
2023030300100290,2023년 3월 3일 14시,금요일,경상남도 창원시 성산구 불모산동,중상사고,0,1,3,0,차대차 - 기타,안전운전불이행,건조,맑음,기타 - 기타,승용,남,36세,경상,승합,여,54세,중상
2023030300100331,2023년 3월 3일 15시,금요일,경상남도 창원시 의창구 팔용동,경상사고,0,0,1,0,차대차 - 측면충돌,안전거리미확보,건조,맑음,단일로 - 기타,승용,여,70세,상해없음,화물,남,40세,경상
2023030300100401,2023년 3월 3일 17시,금요일,경상남도 창원시 마산합포구 오동동,경상사고,0,0,1,0,차대사람 - 차도통행중,안전운전불이행,건조,맑음,단일로 - 기타,승용,남,68세,상해없음,보행자,여,79세,경상
2023030300100402,2023년 3월 3일 17시,금요일,경상남도 창원시 진해구 석동,경상사고,0,0,2,0,차대차 - 기타,기타,건조,맑음,교차로 - 교차로안,승용,남,63세,상해없음,승용,남,39세,경상
2023030300100403,2023년 3월 3일 17시,금요일,경상남도 통영시 미수동,경상사고,0,0,1,0,차대차 - 측면충돌,교차로운행방법위반,건조,맑음,교차로 - 교차로부근,승용,남,39세,상해없음,이륜,남,42세,경상
2023030300100404,2023년 3월 3일 17시,금요일,경상남도 창원시 의창구 사림동,경상사고,0,0,1,0,차대차 - 측면충돌,안전운전불이행,건조,맑음,교차로 - 교차로부근,이륜,남,36세,상해없음,자전거,여,25세,경상
2023030300100405,2023년 3월 3일 17시,금요일,경상남도 김해시 주촌면,경상사고,0,0,1,0,차량단독 - 전도전복 - 전도,안전운전불이행,건조,맑음,단일로 - 기타,원동기,남,73세,경상,,,,
2023030300100494,2023년 3월 3일 19시,금요일,경상남도 양산시 물금읍,경상사고,0,0,1,1,차대차 - 측면충돌,중앙선침범,건조,맑음,교차로 - 교차로부근,승용,남,61세,상해없음,승용,남,59세,부상신고
2023030300100520,2023년 3월 3일 20시,금요일,경상남도 창원시 마산회원구 양덕동,경상사고,0,0,1,0,차대사람 - 횡단중,보행자보호의무위반,건조,맑음,교차로 - 교차로부근,기타불명,기타불명,미분류,기타불명,보행자,남,44세,경상
2023030300100521,2023년 3월 3일 20시,금요일,경상남도 김해시 진영읍,중상사고,0,2,2,0,차대차 - 측면충돌,안전운전불이행,건조,맑음,단일로 - 기타,승용,남,27세,경상,승용,남,68세,중상
2023030300100545,2023년 3월 3일 21시,금요일,경상남도 김해시 외동,경상사고,0,0,1,0,차대차 - 정면충돌,안전운전불이행,건조,맑음,단일로 - 기타,승용,여,41세,상해없음,화물,여,43세,경상
2023030300100564,2023년 3월 3일 22시,금요일,경상남도 창원시 진해구 석동,중상사고,0,1,1,0,차대차 - 정면충돌,신호위반,건조,맑음,교차로 - 교차로안,승용,여,52세,중상,승용,남,46세,경상
2023030400100069,2023년 3월 4일 06시,토요일,경상남도 밀양시 삼문동,경상사고,0,0,1,0,차대사람 - 횡단중,보행자보호의무위반,건조,흐림,교차로 - 교차로횡단보도내,승용,남,61세,상해없음,보행자,남,58세,경상
2023030400100093,2023년 3월 4일 08시,토요일,경상남도 창원시 마산합포구 오동동,부상신고사고,0,0,0,1,차대차 - 측면충돌,교차로운행방법위반,건조,맑음,교차로 - 교차로안,자전거,여,61세,부상신고,승용,남,62세,상해없음
2023030400100162,2023년 3월 4일 11시,토요일,경상남도 양산시 북정동,중상사고,0,1,0,0,차대사람 - 기타,안전운전불이행,건조,맑음,교차로 - 교차로안,승용,여,35세,상해없음,보행자,여,67세,중상
2023030400100197,2023년 3월 4일 12시,토요일,경상남도 창원시 마산합포구 오동동,중상사고,0,1,0,0,차대차 - 후진중충돌,안전운전불이행,건조,맑음,교차로 - 교차로부근,승용,남,63세,상해없음,승용,여,40세,중상
2023030400100198,2023년 3월 4일 12시,토요일,경상남도 진주시 장재동,중상사고,0,1,0,0,차대차 - 추돌,안전운전불이행,건조,맑음,단일로 - 기타,화물,남,65세,상해없음,승합,여,64세,중상
2023030400100233,2023년 3월 4일 13시,토요일,경상남도 합천군 용주면,경상사고,0,0,1,0,차대차 - 기타,안전운전불이행,건조,맑음,단일로 - 기타,화물,남,48세,상해없음,원동기,남,40세,경상
2023030400100258,2023년 3월 4일 14시,토요일,경상남도 밀양시 무안면,경상사고,0,0,6,0,차대차 - 측면충돌,중앙선침범,건조,맑음,단일로 - 기타,승용,남,72세,상해없음,승합,여,37세,경상
2023030400100259,2023년 3월 4일 14시,토요일,경상남도 김해시 삼방동,경상사고,0,0,1,0,차대사람 - 차도통행중,안전운전불이행,건조,맑음,교차로 - 교차로부근,화물,남,72세,상해없음,보행자,여,23세,경상
2023030400100260,2023년 3월 4일 14시,토요일,경상남도 창녕군 고암면,사망사고,1,0,0,0,차대차 - 기타,안전운전불이행,건조,맑음,단일로 - 기타,이륜,남,25세,사망,승용,여,39세,상해없음
2023030400100261,2023년 3월 4일 14시,토요일,경상남도 양산시 물금읍,경상사고,0,0,1,0,차대차 - 측면충돌,차로위반,건조,맑음,단일로 - 기타,승용,남,51세,상해없음,원동기,남,41세,경상
2023030400100294,2023년 3월 4일 15시,토요일,경상남도 창원시 진해구 안골동,경상사고,0,0,2,0,차대차 - 측면충돌,안전운전불이행,건조,맑음,교차로 - 교차로안,승용,남,69세,상해없음,승용,남,57세,경상
2023030400100295,2023년 3월 4일 15시,토요일,경상남도 양산시 물금읍,중상사고,0,1,0,0,차대차 - 측면충돌,중앙선침범,건조,맑음,단일로 - 기타,승용,남,43세,상해없음,이륜,남,41세,중상
2023030400100296,2023년 3월 4일 15시,토요일,경상남도 양산시 중부동,경상사고,0,0,1,0,차대사람 - 기타,안전운전불이행,건조,맑음,교차로 - 교차로안,승용,남,68세,상해없음,보행자,여,67세,경상
2023030400100327,2023년 3월 4일 16시,토요일,경상남도 창원시 마산회원구 석전동,경상사고,0,0,2,0,차대차 - 측면충돌,안전운전불이행,건조,맑음,교차로 - 교차로부근,승용,남,60세,상해없음,승용,남,54세,경상
2023030400100355,2023년 3월 4일 17시,토요일,경상남도 김해시 관동동,경상사고,0,0,1,0,차대차 - 측면충돌,교차로운행방법위반,건조,맑음,교차로 - 교차로안,승용,여,58세,상해없음,승용,여,49세,경상
2023030400100378,2023년 3월 4일 18시,토요일,경상남도 양산시 물금읍,경상사고,0,0,1,0,차대차 - 측면충돌,안전운전불이행,건조,맑음,교차로 - 교차로안,승용,남,38세,상해없음,이륜,남,41세,경상
2023030400100410,2023년 3월 4일 19시,토요일,경상남도 김해시 삼방동,부상신고사고,0,0,0,1,차대사람 - 횡단중,안전운전불이행,건조,맑음,단일로 - 기타,승용,남,51세,상해없음,보행자,여,27세,부상신고
2023030400100411,2023년 3월 4일 19시,토요일,경상남도 양산시 물금읍,경상사고,0,0,1,0,차대차 - 측면충돌,안전거리미확보,건조,맑음,단일로 - 기타,승용,남,40세,상해없음,이륜,남,21세,경상
2023030400100438,2023년 3월 4일 20시,토요일,경상남도 창원시 마산합포구 상남동,경상사고,0,0,1,0,차량단독 - 기타,안전운전불이행,건조,맑음,단일로 - 기타,승용,남,49세,상해없음,,,,
2023030400100439,2023년 3월 4일 20시,토요일,경상남도 진주시 초전동,경상사고,0,0,1,0,차대사람 - 횡단중,안전운전불이행,건조,맑음,단일로 - 기타,승용,여,40세,상해없음,보행자,남,6세,경상
2023030400100440,2023년 3월 4일 20시,토요일,경상남도 창원시 성산구 내동,중상사고,0,1,0,0,차대차 - 측면충돌,신호위반,건조,맑음,교차로 - 교차로횡단보도내,승용,여,32세,상해없음,자전거,남,17세,중상
2023030400100469,2023년 3월 4일 21시,토요일,경상남도 김해시 율하동,중상사고,0,1,0,0,차대차 - 측면충돌,안전운전불이행,건조,맑음,교차로 - 교차로안,승용,남,56세,상해없음,이륜,남,49세,중상
2023030400100497,2023년 3월 4일 23시,토요일,경상남도 거창군 거창읍,경상사고,0,0,2,0,차대차 - 측면충돌,기타,건조,맑음,교차로 - 교차로안,승용,남,29세,상해없음,승용,남,40세,경상
2023030500100011,2023년 3월 5일 00시,일요일,경상남도 창원시 의창구 명서동,중상사고,0,2,0,0,차대차 - 측면충돌,안전운전불이행,건조,기타,기타 - 기타,승용,남,59세,기타불명,개인형이동수단(PM),남,29세,중상
2023030500100022,2023년 3월 5일 01시,일요일,경상남도 진주시 초전동,경상사고,0,0,2,0,차대차 - 기타,안전운전불이행,건조,맑음,교차로 - 교차로안,승용,남,36세,기타불명,승용,남,25세,경상
2023030500100040,2023년 3월 5일 03시,일요일,경상남도 김해시 흥동,경상사고,0,0,1,0,차량단독 - 공작물충돌,안전운전불이행,건조,맑음,교차로 - 교차로안,승용,남,63세,경상,,,,
2023030500100071,2023년 3월 5일 06시,일요일,경상남도 통영시 서호동,중상사고,0,1,0,0,차대사람 - 횡단중,안전운전불이행,건조,맑음,교차로 - 교차로횡단보도내,승용,남,66세,상해없음,보행자,여,74세,중상
2023030500100095,2023년 3월 5일 09시,일요일,경상남도 양산시 물금읍,부상신고사고,0,0,0,2,차대차 - 측면충돌,안전운전불이행,건조,맑음,교차로 - 교차로안,승용,남,30세,상해없음,승용,여,49세,부상신고
2023030500100117,2023년 3월 5일 10시,일요일,경상남도 하동군 화개면,중상사고,0,1,0,0,차대사람 - 기타,안전운전불이행,건조,맑음,주차장 - 주차장,승용,남,50세,상해없음,보행자,여,70세,중상
2023030500100137,2023년 3월 5일 11시,일요일,경상남도 창녕군 창녕읍,중상사고,0,1,0,0,차대차 - 측면충돌,신호위반,건조,맑음,교차로 - 교차로안,승용,남,73세,상해없음,사륜오토바이(ATV),여,85세,중상
2023030500100164,2023년 3월 5일 12시,일요일,경상남도 통영시 봉평동,경상사고,0,0,1,0,차대사람 - 기타,안전운전불이행,건조,맑음,교차로 - 교차로부근,승용,남,47세,상해없음,보행자,남,9세,경상
2023030500100201,2023년 3월 5일 13시,일요일,경상남도 통영시 미수동,중상사고,0,1,0,0,차대사람 - 횡단중,보행자보호의무위반,건조,맑음,교차로 - 교차로횡단보도내,이륜,남,41세,상해없음,보행자,여,8세,중상
2023030500100202,2023년 3월 5일 13시,일요일,경상남도 밀양시 삼랑진읍,부상신고사고,0,0,0,1,차대차 - 기타,안전운전불이행,건조,맑음,단일로 - 기타,자전거,남,52세,부상신고,승용,남,63세,상해없음
2023030500100203,2023년 3월 5일 13시,일요일,경상남도 김해시 서상동,경상사고,0,0,1,0,차대사람 - 횡단중,안전운전불이행,건조,맑음,단일로 - 기타,승용,여,38세,상해없음,보행자,남,78세,경상
2023030500100231,2023년 3월 5일 14시,일요일,경상남도 창원시 마산합포구 구산면,경상사고,0,0,3,0,차대차 - 추돌,안전운전불이행,건조,맑음,단일로 - 기타,승합,남,45세,상해없음,승용,여,33세,경상
2023030500100232,2023년 3월 5일 14시,일요일,경상남도 진주시 하대동,경상사고,0,0,1,0,차대사람 - 횡단중,안전운전불이행,건조,맑음,단일로 - 기타,승용,남,54세,상해없음,보행자,여,29세,경상
2023030500100307,2023년 3월 5일 17시,일요일,경상남도 창원시 마산회원구 내서읍,경상사고,0,0,1,0,차대차 - 측면충돌,안전운전불이행,기타,기타,단일로 - 기타,승용,남,34세,기타불명,승용,남,53세,경상
2023030500100339,2023년 3월 5일 18시,일요일,경상남도 창녕군 장마면,중상사고,0,1,0,0,차대차 - 측면충돌,기타,건조,맑음,교차로 - 교차로안,화물,남,68세,상해없음,원동기,남,59세,중상
2023030500100374,2023년 3월 5일 20시,일요일,경상남도 창원시 마산합포구 현동,중상사고,0,1,0,0,차대차 - 기타,안전거리미확보,건조,맑음,단일로 - 기타,승용,남,57세,상해없음,승용,남,49세,중상
2023030500100375,2023년 3월 5일 20시,일요일,경상남도 거제시 상동동,경상사고,0,0,2,0,차대차 - 후진중충돌,안전운전불이행,건조,맑음,단일로 - 기타,승용,남,39세,상해없음,승용,남,67세,경상
2023030500100394,2023년 3월 5일 21시,일요일,경상남도 거제시 고현동,경상사고,0,0,1,0,차대차 - 추돌,안전운전불이행,건조,맑음,교차로 - 교차로부근,승용,남,50세,상해없음,승용,여,50세,경상
2023030600100012,2023년 3월 6일 04시,월요일,경상남도 창원시 진해구 죽곡동,중상사고,0,1,0,0,차대차 - 추돌,신호위반,건조,맑음,교차로 - 교차로안,특수,남,56세,상해없음,승용,남,51세,중상
2023030600100032,2023년 3월 6일 06시,월요일,경상남도 창녕군 남지읍,경상사고,0,0,1,0,차대사람 - 횡단중,보행자보호의무위반,건조,맑음,교차로 - 교차로안,승용,여,65세,상해없음,보행자,남,39세,경상
2023030600100050,2023년 3월 6일 07시,월요일,경상남도 김해시 내덕동,경상사고,0,0,1,0,차대차 - 측면충돌,안전운전불이행,건조,맑음,단일로 - 기타,승용,여,28세,상해없음,화물,남,31세,경상
2023030600100051,2023년 3월 6일 07시,월요일,경상남도 김해시 주촌면,중상사고,0,1,0,0,차대차 - 추돌,안전거리미확보,건조,맑음,교차로 - 교차로부근,승용,남,60세,상해없음,승용,남,30세,중상
2023030600100088,2023년 3월 6일 08시,월요일,경상남도 김해시 삼계동,중상사고,0,1,0,0,차대사람 - 기타,안전운전불이행,건조,맑음,단일로 - 기타,자전거,남,30세,상해없음,보행자,여,51세,중상
2023030600100089,2023년 3월 6일 08시,월요일,경상남도 거창군 거창읍,중상사고,0,1,0,0,차대차 - 측면충돌,직진우회전진행방해,건조,맑음,교차로 - 교차로안,승용,여,48세,상해없음,자전거,남,13세,중상
2023030600100090,2023년 3월 6일 08시,월요일,경상남도 창원시 마산회원구 내서읍,경상사고,0,0,1,0,차대차 - 기타,신호위반,건조,맑음,단일로 - 기타,화물,남,56세,상해없음,화물,남,56세,경상
2023030600100091,2023년 3월 6일 08시,월요일,경상남도 김해시 진영읍,경상사고,0,0,4,0,차대차 - 추돌,안전운전불이행,건조,맑음,단일로 - 기타,승용,남,44세,경상,승용,여,22세,경상
2023030600100107,2023년 3월 6일 09시,월요일,경상남도 밀양시 상남면,경상사고,0,0,2,0,차대차 - 추돌,안전거리미확보,건조,맑음,단일로 - 기타,화물,남,57세,상해없음,화물,남,67세,경상
2023030600100154,2023년 3월 6일 10시,월요일,경상남도 진주시 호탄동,중상사고,0,3,1,0,차대차 - 정면충돌,신호위반,건조,맑음,교차로 - 교차로안,승용,남,61세,상해없음,이륜,남,48세,중상
2023030600100155,2023년 3월 6일 10시,월요일,경상남도 밀양시 상남면,중상사고,0,1,0,0,차대차 - 측면충돌,신호위반,건조,맑음,교차로 - 교차로안,승용,남,29세,상해없음,이륜,남,74세,중상
2023030600100156,2023년 3월 6일 10시,월요일,경상남도 밀양시 내이동,경상사고,0,0,1,0,차대차 - 기타,안전운전불이행,건조,맑음,단일로 - 기타,승용,남,34세,상해없음,이륜,남,66세,경상
2023030600100195,2023년 3월 6일 11시,월요일,경상남도 합천군 합천읍,중상사고,0,1,0,0,차대사람 - 횡단중,안전운전불이행,건조,맑음,교차로 - 교차로부근,화물,남,67세,상해없음,보행자,여,61세,중상
2023030600100196,2023년 3월 6일 11시,월요일,경상남도 양산시 호계동,중상사고,0,2,2,0,차대차 - 기타,안전운전불이행,건조,맑음,단일로 - 기타,화물,남,69세,상해없음,승용,여,65세,경상
2023030600100197,2023년 3월 6일 11시,월요일,경상남도 산청군 산청읍,경상사고,0,0,1,0,차량단독 - 공작물충돌,안전운전불이행,건조,맑음,단일로 - 기타,승용,남,63세,경상,,,,
2023030600100198,2023년 3월 6일 11시,월요일,경상남도 창원시 의창구 중동,중상사고,0,1,1,0,차대차 - 측면충돌,교차로운행방법위반,건조,맑음,교차로 - 교차로부근,승용,남,71세,상해없음,원동기,남,83세,경상
2023030600100224,2023년 3월 6일 12시,월요일,경상남도 김해시 외동,경상사고,0,0,1,0,차대사람 - 기타,안전운전불이행,건조,맑음,단일로 - 기타,승용,남,80세,상해없음,보행자,남,31세,경상
2023030600100249,2023년 3월 6일 13시,월요일,경상남도 창원시 성산구 반림동,중상사고,0,1,0,0,차대사람 - 횡단중,안전운전불이행,건조,맑음,교차로 - 교차로부근,자전거,남,76세,상해없음,보행자,여,61세,중상
2023030600100276,2023년 3월 6일 14시,월요일,경상남도 거창군 남하면,중상사고,0,1,1,0,차대차 - 추돌,안전거리미확보,건조,맑음,단일로 - 기타,건설기계,남,64세,상해없음,승용,남,68세,경상
2023030600100277,2023년 3월 6일 14시,월요일,경상남도 합천군 합천읍,중상사고,0,1,0,0,차대사람 - 차도통행중,안전운전불이행,건조,맑음,교차로 - 교차로부근,화물,남,57세,상해없음,보행자,여,56세,중상
2023030600100278,2023년 3월 6일 14시,월요일,경상남도 양산시 물금읍,경상사고,0,0,2,0,차대차 - 추돌,안전운전불이행,건조,맑음,교차로 - 교차로부근,승용,여,36세,상해없음,화물,남,51세,경상
2023030600100279,2023년 3월 6일 14시,월요일,경상남도 창원시 성산구 상남동,경상사고,0,0,1,0,차대차 - 측면충돌,안전운전불이행,건조,맑음,교차로 - 교차로안,이륜,남,37세,상해없음,승용,여,58세,경상
2023030600100280,2023년 3월 6일 14시,월요일,경상남도 창원시 의창구 대산면,중상사고,0,2,1,0,차대차 - 추돌,안전거리미확보,건조,맑음,단일로 - 기타,승용,남,81세,중상,승용,남,49세,상해없음
2023030600100295,2023년 3월 6일 15시,월요일,경상남도 김해시 상동면,경상사고,0,0,2,0,차대차 - 추돌,안전거리미확보,건조,맑음,단일로 - 기타,화물,남,45세,상해없음,화물,남,56세,경상
2023030600100326,2023년 3월 6일 16시,월요일,경상남도 김해시 대동면,경상사고,0,0,1,0,차대차 - 측면충돌,안전거리미확보,건조,맑음,단일로 - 기타,화물,남,41세,상해없음,승용,여,60세,경상
2023030600100337,2023년 3월 6일 16시,월요일,경상남도 창원시 마산합포구 해운동,경상사고,0,0,1,0,차대차 - 기타,기타,건조,맑음,교차로 - 교차로부근,승용,여,53세,상해없음,자전거,남,35세,경상
2023030600100338,2023년 3월 6일 16시,월요일,경상남도 양산시 물금읍,경상사고,0,0,1,0,차대차 - 측면충돌,기타,건조,맑음,단일로 - 기타,승용,여,44세,상해없음,원동기,남,23세,경상
2023030600100339,2023년 3월 6일 16시,월요일,경상남도 고성군 고성읍,경상사고,0,0,1,0,차대차 - 정면충돌,교차로운행방법위반,건조,맑음,교차로 - 교차로안,승용,여,64세,상해없음,승용,여,63세,상해없음
2023030600100340,2023년 3월 6일 16시,월요일,경상남도 창원시 의창구 팔용동,중상사고,0,1,0,0,차대차 - 기타,안전거리미확보,건조,맑음,교차로 - 교차로안,승용,남,75세,상해없음,승용,여,55세,중상
2023030600100371,2023년 3월 6일 17시,월요일,경상남도 양산시 덕계동,경상사고,0,0,1,0,차대차 - 기타,안전운전불이행,건조,맑음,단일로 - 기타,자전거,남,59세,기타불명,이륜,남,30세,경상
2023030600100430,2023년 3월 6일 19시,월요일,경상남도 산청군 생초면,중상사고,0,1,0,0,차대차 - 정면충돌,중앙선침범,건조,맑음,단일로 - 기타,승용,남,65세,상해없음,이륜,남,63세,중상
2023030600100456,2023년 3월 6일 20시,월요일,경상남도 통영시 광도면,경상사고,0,0,1,0,차대사람 - 횡단중,보행자보호의무위반,건조,맑음,단일로 - 기타,승합,남,19세,상해없음,보행자,남,48세,경상
2023030600100476,2023년 3월 6일 21시,월요일,경상남도 진주시 집현면,부상신고사고,0,0,0,1,차량단독 - 기타,안전운전불이행,건조,맑음,단일로 - 기타,승용,남,49세,부상신고,,,,
2023030600100477,2023년 3월 6일 21시,월요일,경상남도 김해시 율하동,경상사고,0,0,1,0,차대차 - 정면충돌,신호위반,건조,맑음,교차로 - 교차로안,승용,남,77세,기타불명,승용,남,31세,경상
2023030700100007,2023년 3월 7일 01시,화요일,경상남도 창원시 진해구 자은동,경상사고,0,0,1,0,차대차 - 정면충돌,안전운전불이행,건조,맑음,단일로 - 기타,승용,남,24세,상해없음,화물,남,64세,기타불명
2023030700100053,2023년 3월 7일 07시,화요일,경상남도 밀양시 삼랑진읍,부상신고사고,0,0,0,1,차대차 - 측면충돌,안전운전불이행,건조,맑음,단일로 - 기타,승용,여,49세,부상신고,건설기계,남,53세,상해없음
2023030700100054,2023년 3월 7일 07시,화요일,경상남도 창원시 마산회원구 양덕동,경상사고,0,0,1,0,차대차 - 측면충돌,안전운전불이행,건조,맑음,단일로 - 기타,승용,남,85세,상해없음,승용,여,34세,경상
2023030700100107,2023년 3월 7일 09시,화요일,경상남도 밀양시 내이동,중상사고,0,1,0,0,차대사람 - 횡단중,안전운전불이행,건조,맑음,단일로 - 기타,승용,여,54세,상해없음,보행자,여,81세,중상
2023030700100108,2023년 3월 7일 09시,화요일,경상남도 밀양시 내이동,경상사고,0,0,1,0,차대차 - 추돌,안전운전불이행,건조,맑음,단일로 - 기타,승용,여,52세,상해없음,원동기,남,75세,경상
2023030700100137,2023년 3월 7일 10시,화요일,경상남도 창원시 진해구 풍호동,경상사고,0,0,2,0,차대차 - 측면충돌,신호위반,건조,맑음,교차로 - 교차로부근,승용,남,76세,상해없음,승용,여,26세,경상
2023030700100163,2023년 3월 7일 11시,화요일,경상남도 통영시 서호동,경상사고,0,0,1,0,차대사람 - 기타,안전운전불이행,건조,맑음,교차로 - 교차로부근,기타불명,기타불명,미분류,기타불명,보행자,여,81세,경상
2023030700100164,2023년 3월 7일 11시,화요일,경상남도 거제시 둔덕면,경상사고,0,0,1,0,차대차 - 측면충돌,중앙선침범,건조,맑음,단일로 - 기타,화물,남,79세,상해없음,승합,남,52세,경상
2023030700100218,2023년 3월 7일 13시,화요일,경상남도 통영시 도산면,중상사고,0,1,1,0,차대차 - 측면충돌,안전운전불이행,건조,맑음,교차로 - 교차로안,원동기,남,75세,중상,화물,남,38세,경상
2023030700100245,2023년 3월 7일 14시,화요일,경상남도 창원시 진해구 태평동,경상사고,0,0,1,0,차대차 - 측면충돌,신호위반,건조,맑음,교차로 - 교차로안,자전거,남,82세,경상,승용,여,40세,상해없음
2023030700100246,2023년 3월 7일 14시,화요일,경상남도 김해시 외동,경상사고,0,0,1,0,차대차 - 기타,신호위반,건조,맑음,교차로 - 교차로안,승용,남,38세,상해없음,승용,여,43세,경상
2023030700100247,2023년 3월 7일 14시,화요일,경상남도 김해시 내동,경상사고,0,0,1,0,차량단독 - 기타,안전운전불이행,건조,맑음,단일로 - 기타,승합,남,40세,상해없음,,,,
2023030700100248,2023년 3월 7일 14시,화요일,경상남도 거창군 거창읍,중상사고,0,1,0,0,차대차 - 측면충돌,직진우회전진행방해,젖음/습기,맑음,교차로 - 교차로부근,승용,여,76세,상해없음,원동기,여,65세,중상
2023030700100249,2023년 3월 7일 14시,화요일,경상남도 창원시 성산구 대방동,경상사고,0,0,1,0,차대사람 - 차도통행중,안전운전불이행,건조,맑음,단일로 - 기타,승용,남,59세,상해없음,보행자,여,45세,경상
2023030700100278,2023년 3월 7일 15시,화요일,경상남도 창원시 진해구 죽곡동,경상사고,0,0,2,0,차대차 - 추돌,기타,건조,맑음,단일로 - 기타,승용,남,51세,상해없음,승용,남,68세,경상
2023030700100323,2023년 3월 7일 16시,화요일,경상남도 창녕군 계성면,중상사고,0,2,0,0,차대차 - 측면충돌,안전운전불이행,건조,맑음,단일로 - 기타,화물,남,63세,상해없음,화물,남,60세,중상
2023030700100357,2023년 3월 7일 17시,화요일,경상남도 고성군 하이면,경상사고,0,0,1,0,차대사람 - 차도통행중,안전운전불이행,건조,맑음,단일로 - 기타,화물,남,49세,상해없음,보행자,남,38세,경상
2023030700100358,2023년 3월 7일 17시,화요일,경상남도 창원시 성산구 내동,부상신고사고,0,0,0,1,차대사람 - 기타,안전운전불이행,건조,맑음,기타 - 기타,자전거,남,41세,상해없음,보행자,여,57세,부상신고
2023030700100387,2023년 3월 7일 18시,화요일,경상남도 양산시 삼호동,경상사고,0,0,2,0,차대차 - 측면충돌,교차로운행방법위반,건조,맑음,교차로 - 교차로안,승용,여,54세,경상,승용,여,46세,경상
2023030700100388,2023년 3월 7일 18시,화요일,경상남도 양산시 소주동,경상사고,0,0,1,0,차대차 - 추돌,안전운전불이행,건조,맑음,단일로 - 기타,승용,여,60세,상해없음,승용,여,28세,경상
2023030700100389,2023년 3월 7일 18시,화요일,경상남도 남해군 고현면,부상신고사고,0,0,0,1,차대차 - 측면충돌,교차로운행방법위반,건조,맑음,교차로 - 교차로안,농기계,남,78세,부상신고,승용,여,27세,상해없음
2023030700100425,2023년 3월 7일 19시,화요일,경상남도 사천시 사천읍,경상사고,0,0,1,0,차대차 - 기타,안전운전불이행,건조,맑음,교차로 - 교차로부근,승합,남,61세,상해없음,승용,여,25세,경상
2023030700100426,2023년 3월 7일 19시,화요일,경상남도 함안군 가야읍,경상사고,0,0,1,0,차대차 - 기타,안전운전불이행,건조,맑음,기타 - 기타,승용,남,66세,상해없음,승용,남,73세,경상
2023030700100455,2023년 3월 7일 20시,화요일,경상남도 사천시 선구동,경상사고,0,0,1,0,차대차 - 기타,교차로운행방법위반,건조,맑음,교차로 - 교차로횡단보도내,승용,남,45세,상해없음,자전거,남,45세,경상
2023030700100456,2023년 3월 7일 20시,화요일,경상남도 김해시 진영읍,중상사고,0,1,0,0,차대사람 - 횡단중,안전운전불이행,건조,맑음,단일로 - 기타,승용,여,33세,상해없음,보행자,여,66세,중상
2023030700100513,2023년 3월 7일 23시,화요일,경상남도 김해시 동상동,중상사고,0,1,0,0,차량단독 - 전도전복 - 전복,안전운전불이행,건조,맑음,단일로 - 기타,승용,남,46세,중상,,,,
2023030800100054,2023년 3월 8일 06시,수요일,경상남도 창원시 마산회원구 석전동,경상사고,0,0,1,0,차대차 - 추돌,안전운전불이행,건조,맑음,교차로 - 교차로부근,승용,남,49세,상해없음,승용,여,46세,경상
2023030800100073,2023년 3월 8일 07시,수요일,경상남도 창원시 마산회원구 내서읍,경상사고,0,0,3,0,차대차 - 측면충돌,안전운전불이행,건조,맑음,단일로 - 기타,승용,남,26세,상해없음,승용,남,74세,경상
2023030800100104,2023년 3월 8일 08시,수요일,경상남도 진주시 신안동,중상사고,0,1,0,0,차대사람 - 기타,안전운전불이행,건조,맑음,단일로 - 기타,승용,여,73세,기타불명,보행자,남,8세,중상
2023030800100105,2023년 3월 8일 08시,수요일,경상남도 거창군 남상면,중상사고,0,1,2,0,차대차 - 정면충돌,안전운전불이행,건조,맑음,단일로 - 기타,승용,남,53세,경상,화물,남,52세,경상
2023030800100141,2023년 3월 8일 09시,수요일,경상남도 진주시 봉곡동,경상사고,0,0,1,0,차대차 - 측면충돌,직진우회전진행방해,건조,맑음,교차로 - 교차로안,승용,남,72세,상해없음,이륜,남,53세,경상
2023030800100169,2023년 3월 8일 10시,수요일,경상남도 사천시 사천읍,경상사고,0,0,1,0,차대사람 - 길가장자리구역통행중,안전운전불이행,건조,맑음,단일로 - 기타,승용,여,73세,상해없음,보행자,여,81세,경상
2023030800100170,2023년 3월 8일 10시,수요일,경상남도 김해시 흥동,경상사고,0,0,1,0,차대차 - 측면충돌,신호위반,건조,맑음,교차로 - 교차로안,승용,남,71세,상해없음,승용,남,58세,경상