사고번호,사고일시,요일,시군구,사고내용,사망자수,중상자수,경상자수,부상신고자수,사고유형,법규위반,노면상태,기상상태,도로형태,가해운전자 차종,가해운전자 성별,가해운전자 연령,가해운전자 상해정도,피해운전자 차종,피해운전자 성별,피해운전자 연령,피해운전자 상해정도
2023030800100252,2023년 3월 8일 13시,수요일,경상남도 창원시 의창구 북면,경상사고,0,0,6,0,차대차 - 정면충돌,중앙선침범,건조,맑음,단일로 - 기타,승용,여,65세,경상,승합,남,25세,경상
2023030800100306,2023년 3월 8일 15시,수요일,경상남도 창원시 진해구 안골동,경상사고,0,0,1,0,차대차 - 후진중충돌,안전운전불이행,건조,맑음,교차로 - 교차로부근,승용,남,60세,상해없음,승용,여,62세,경상
2023030800100308,2023년 3월 8일 15시,수요일,경상남도 합천군 삼가면,경상사고,0,0,2,0,차대차 - 측면충돌,중앙선침범,건조,맑음,단일로 - 기타,자전거,남,13세,경상,이륜,남,81세,경상
2023030800100309,2023년 3월 8일 15시,수요일,경상남도 함안군 가야읍,경상사고,0,0,1,0,차대차 - 측면충돌,신호위반,건조,맑음,교차로 - 교차로안,화물,남,63세,상해없음,승용,여,66세,경상
2023030800100310,2023년 3월 8일 15시,수요일,경상남도 창원시 의창구 중동,중상사고,0,1,0,0,차대사람 - 횡단중,안전운전불이행,건조,맑음,교차로 - 교차로안,승용,여,49세,상해없음,보행자,여,71세,중상
2023030800100338,2023년 3월 8일 16시,수요일,경상남도 진주시 평거동,중상사고,0,1,0,0,차대차 - 측면충돌,직진우회전진행방해,건조,맑음,교차로 - 교차로안,승용,여,56세,상해없음,이륜,남,39세,중상
2023030800100373,2023년 3월 8일 17시,수요일,경상남도 통영시 한산면,중상사고,0,1,0,0,차량단독 - 공작물충돌,안전운전불이행,건조,맑음,단일로 - 기타,이륜,남,51세,중상,,,,
2023030800100374,2023년 3월 8일 17시,수요일,경상남도 김해시 불암동,경상사고,0,0,1,0,차대차 - 측면충돌,교차로운행방법위반,건조,맑음,교차로 - 교차로안,특수,남,64세,상해없음,승용,여,44세,경상
2023030800100414,2023년 3월 8일 18시,수요일,경상남도 하동군 악양면,중상사고,0,1,0,0,차대차 - 기타,안전운전불이행,건조,맑음,단일로 - 기타,화물,남,66세,상해없음,농기계,남,71세,중상
2023030800100415,2023년 3월 8일 18시,수요일,경상남도 거제시 장평동,중상사고,0,1,0,0,차대차 - 측면충돌,신호위반,건조,맑음,교차로 - 교차로안,자전거,남,25세,중상,승용,여,55세,상해없음
2023030800100461,2023년 3월 8일 19시,수요일,경상남도 사천시 사천읍,중상사고,0,1,0,0,차대차 - 측면충돌,직진우회전진행방해,건조,맑음,교차로 - 교차로안,이륜,남,38세,상해없음,이륜,남,75세,중상
2023030800100462,2023년 3월 8일 19시,수요일,경상남도 김해시 외동,경상사고,0,0,2,0,차대차 - 기타,안전거리미확보,건조,맑음,교차로 - 교차로부근,승용,여,56세,기타불명,승용,남,52세,경상
2023030800100464,2023년 3월 8일 19시,수요일,경상남도 거제시 옥포동,경상사고,0,0,2,0,차대차 - 측면충돌,기타,건조,맑음,단일로 - 기타,승용,남,54세,상해없음,승용,여,63세,경상
2023030800100491,2023년 3월 8일 20시,수요일,경상남도 양산시 북정동,경상사고,0,0,1,1,차대차 - 측면충돌,직진우회전진행방해,건조,맑음,교차로 - 교차로안,승용,남,39세,상해없음,승합,남,33세,부상신고
2023030800100520,2023년 3월 8일 22시,수요일,경상남도 창원시 마산회원구 내서읍,중상사고,0,1,0,0,차대사람 - 기타,안전운전불이행,건조,맑음,단일로 - 기타,기타불명,기타불명,미분류,기타불명,보행자,여,44세,중상
2023030900100010,2023년 3월 9일 00시,목요일,경상남도 거제시 고현동,경상사고,0,0,2,0,차대차 - 기타,신호위반,건조,맑음,교차로 - 교차로횡단보도내,승용,여,41세,상해없음,승용,남,64세,경상
2023030900100036,2023년 3월 9일 05시,목요일,경상남도 김해시 불암동,경상사고,0,0,2,0,차대차 - 측면충돌,신호위반,건조,맑음,교차로 - 교차로안,화물,남,72세,경상,승용,남,70세,경상
2023030900100068,2023년 3월 9일 07시,목요일,경상남도 창원시 마산합포구 동성동,중상사고,0,1,0,0,차대사람 - 횡단중,안전운전불이행,건조,맑음,교차로 - 교차로부근,승용,남,54세,상해없음,보행자,여,68세,중상
2023030900100101,2023년 3월 9일 08시,목요일,경상남도 양산시 물금읍,경상사고,0,0,2,0,차대차 - 측면충돌,교차로운행방법위반,건조,맑음,교차로 - 교차로부근,승용,여,56세,상해없음,승용,남,68세,경상
2023030900100102,2023년 3월 9일 08시,목요일,경상남도 창원시 성산구 성주동,경상사고,0,0,1,0,차대차 - 기타,안전운전불이행,건조,맑음,기타 - 기타,승합,남,60세,상해없음,승용,여,35세,경상
2023030900100103,2023년 3월 9일 08시,목요일,경상남도 창원시 의창구 명서동,경상사고,0,0,1,0,차대차 - 추돌,안전운전불이행,건조,흐림,단일로 - 기타,화물,남,44세,상해없음,승용,남,74세,경상
2023030900100131,2023년 3월 9일 09시,목요일,경상남도 김해시 부원동,경상사고,0,0,1,0,차대사람 - 길가장자리구역통행중,안전운전불이행,건조,맑음,교차로 - 교차로안,기타불명,기타불명,미분류,기타불명,보행자,여,84세,경상
2023030900100132,2023년 3월 9일 09시,목요일,경상남도 창원시 의창구 동정동,경상사고,0,0,1,0,차대차 - 추돌,안전운전불이행,젖음/습기,비,교차로 - 교차로부근,승합,남,45세,상해없음,승합,남,68세,상해없음
2023030900100169,2023년 3월 9일 10시,목요일,경상남도 창원시 의창구 명서동,중상사고,0,1,2,0,차대차 - 측면충돌,신호위반,건조,맑음,교차로 - 교차로안,승용,여,23세,상해없음,승용,남,74세,경상
2023030900100191,2023년 3월 9일 11시,목요일,경상남도 거창군 거창읍,경상사고,0,0,1,0,차대차 - 후진중충돌,불법유턴,건조,맑음,단일로 - 기타,화물,여,62세,상해없음,화물,남,68세,경상
2023030900100216,2023년 3월 9일 12시,목요일,경상남도 진주시 평거동,중상사고,0,1,0,0,차대차 - 추돌,차로위반,건조,맑음,단일로 - 기타,이륜,남,68세,중상,승용,남,74세,상해없음
2023030900100217,2023년 3월 9일 12시,목요일,경상남도 양산시 물금읍,경상사고,0,0,1,0,차대사람 - 보도통행중,안전운전불이행,건조,맑음,주차장 - 주차장,승용,여,63세,상해없음,보행자,남,44세,경상
2023030900100246,2023년 3월 9일 13시,목요일,경상남도 김해시 불암동,경상사고,0,0,3,0,차대차 - 추돌,안전운전불이행,건조,맑음,교차로 - 교차로부근,승용,남,66세,상해없음,승용,여,29세,경상
2023030900100276,2023년 3월 9일 14시,목요일,경상남도 김해시 삼계동,경상사고,0,0,1,0,차대차 - 후진중충돌,안전운전불이행,건조,맑음,교차로 - 교차로안,화물,남,47세,상해없음,승합,남,58세,경상
2023030900100277,2023년 3월 9일 14시,목요일,경상남도 양산시 동면,경상사고,0,0,1,0,차대차 - 기타,차로위반,건조,맑음,기타 - 기타,화물,남,37세,상해없음,승용,여,64세,경상
2023030900100278,2023년 3월 9일 14시,목요일,경상남도 양산시 하북면,경상사고,0,0,1,0,차대차 - 후진중충돌,안전운전불이행,건조,맑음,단일로 - 기타,화물,남,64세,상해없음,화물,남,44세,상해없음
2023030900100279,2023년 3월 9일 14시,목요일,경상남도 김해시 주촌면,중상사고,0,2,0,0,차대차 - 추돌,안전운전불이행,건조,맑음,단일로 - 기타,화물,남,53세,중상,화물,남,58세,중상
2023030900100306,2023년 3월 9일 15시,목요일,경상남도 창원시 의창구 중동,경상사고,0,0,1,1,차대차 - 추돌,안전운전불이행,건조,맑음,교차로 - 교차로부근,승용,여,43세,상해없음,승용,여,32세,경상
2023030900100334,2023년 3월 9일 16시,목요일,경상남도 창원시 마산합포구 진동면,경상사고,0,0,1,0,차대차 - 측면충돌,안전운전불이행,건조,맑음,단일로 - 기타,승용,여,60세,상해없음,승합,남,61세,경상
2023030900100335,2023년 3월 9일 16시,목요일,경상남도 창원시 진해구 여좌동,경상사고,0,0,1,0,차대차 - 측면충돌,안전운전불이행,건조,맑음,기타 - 기타,승용,남,27세,상해없음,자전거,남,14세,경상
2023030900100336,2023년 3월 9일 16시,목요일,경상남도 김해시 내동,경상사고,0,0,1,0,차대차 - 추돌,안전거리미확보,건조,맑음,교차로 - 교차로부근,화물,남,54세,상해없음,승용,남,56세,경상
2023030900100337,2023년 3월 9일 16시,목요일,경상남도 김해시 삼방동,경상사고,0,0,1,0,차대사람 - 횡단중,안전운전불이행,건조,맑음,교차로 - 교차로부근,승용,남,43세,상해없음,보행자,남,17세,경상
2023030900100368,2023년 3월 9일 17시,목요일,경상남도 사천시 사남면,중상사고,0,1,0,0,차대차 - 추돌,안전운전불이행,건조,맑음,단일로 - 지하차도(도로)내,승용,여,56세,상해없음,승용,남,48세,중상
2023030900100369,2023년 3월 9일 17시,목요일,경상남도 밀양시 삼랑진읍,중상사고,0,3,3,0,차대차 - 추돌,안전운전불이행,건조,맑음,단일로 - 기타,화물,남,63세,경상,승용,여,48세,중상
2023030900100370,2023년 3월 9일 17시,목요일,경상남도 양산시 덕계동,중상사고,0,1,1,0,차대차 - 측면충돌,교차로운행방법위반,건조,맑음,교차로 - 교차로안,승용,여,59세,상해없음,화물,남,49세,중상
2023030900100371,2023년 3월 9일 17시,목요일,경상남도 거제시 수월동,중상사고,0,1,0,0,차대사람 - 횡단중,보행자보호의무위반,건조,맑음,교차로 - 교차로횡단보도내,화물,남,45세,상해없음,보행자,여,14세,중상
2023030900100410,2023년 3월 9일 18시,목요일,경상남도 김해시 대청동,경상사고,0,0,1,0,차대차 - 측면충돌,안전운전불이행,건조,맑음,단일로 - 기타,승용,남,26세,상해없음,이륜,남,44세,경상
2023030900100411,2023년 3월 9일 18시,목요일,경상남도 김해시 무계동,중상사고,0,1,0,1,차대사람 - 횡단중,신호위반,건조,맑음,교차로 - 교차로부근,이륜,남,19세,부상신고,보행자,남,56세,중상
2023030900100471,2023년 3월 9일 20시,목요일,경상남도 진주시 호탄동,경상사고,0,0,1,0,차대차 - 기타,안전운전불이행,건조,맑음,교차로 - 교차로안,승용,남,54세,상해없음,승용,여,48세,경상
2023030900100501,2023년 3월 9일 21시,목요일,경상남도 김해시 내동,경상사고,0,0,2,0,차대차 - 측면충돌,직진우회전진행방해,건조,맑음,교차로 - 교차로안,승용,남,24세,상해없음,개인형이동수단(PM),남,14세,경상
2023030900100502,2023년 3월 9일 21시,목요일,경상남도 양산시 물금읍,경상사고,0,0,1,0,차대차 - 추돌,안전운전불이행,건조,맑음,기타 - 기타,승용,남,43세,상해없음,승용,여,24세,경상
2023030900100503,2023년 3월 9일 21시,목요일,경상남도 거제시 아주동,중상사고,0,1,0,0,차대사람 - 보도통행중,안전운전불이행,건조,맑음,단일로 - 기타,승용,여,35세,상해없음,보행자,남,42세,중상
2023031000100016,2023년 3월 10일 01시,금요일,경상남도 창원시 성산구 상남동,중상사고,0,1,0,0,차대사람 - 기타,안전운전불이행,건조,맑음,기타 - 기타,이륜,남,25세,상해없음,보행자,남,39세,중상
2023031000100042,2023년 3월 10일 05시,금요일,경상남도 양산시 상북면,중상사고,0,1,0,0,차대차 - 추돌,안전운전불이행,건조,맑음,단일로 - 기타,승용,남,45세,상해없음,승용,남,64세,중상
2023031000100083,2023년 3월 10일 07시,금요일,경상남도 함양군 지곡면,중상사고,0,1,0,0,차대차 - 추돌,안전운전불이행,건조,맑음,교차로 - 교차로부근,이륜,남,22세,중상,화물,남,53세,상해없음
2023031000100084,2023년 3월 10일 07시,금요일,경상남도 남해군 이동면,경상사고,0,0,2,0,차대차 - 추돌,안전운전불이행,기타,안개,교차로 - 교차로부근,승용,남,82세,상해없음,승용,남,73세,경상
2023031000100116,2023년 3월 10일 08시,금요일,경상남도 사천시 용현면,경상사고,0,0,1,0,차대차 - 추돌,안전운전불이행,건조,맑음,교차로 - 교차로안,건설기계,남,58세,상해없음,승용,여,39세,경상
2023031000100117,2023년 3월 10일 08시,금요일,경상남도 양산시 물금읍,경상사고,0,0,1,0,차대차 - 측면충돌,신호위반,건조,맑음,교차로 - 교차로안,승용,여,73세,상해없음,화물,남,57세,경상
2023031000100118,2023년 3월 10일 08시,금요일,경상남도 창원시 의창구 북면,경상사고,0,0,2,0,차대차 - 추돌,안전거리미확보,건조,맑음,단일로 - 기타,승용,남,32세,경상,승용,여,36세,경상
2023031000100143,2023년 3월 10일 09시,금요일,경상남도 김해시 진례면,경상사고,0,0,1,0,차대차 - 추돌,안전운전불이행,건조,맑음,단일로 - 기타,승용,남,22세,상해없음,승용,남,39세,경상
2023031000100153,2023년 3월 10일 09시,금요일,경상남도 창원시 의창구 동읍,경상사고,0,0,1,0,차대차 - 정면충돌,안전운전불이행,건조,맑음,단일로 - 기타,승용,여,70세,상해없음,승용,남,67세,경상
2023031000100162,2023년 3월 10일 10시,금요일,경상남도 김해시 대동면,경상사고,0,0,2,0,차대차 - 추돌,안전거리미확보,건조,맑음,단일로 - 기타,화물,남,61세,상해없음,화물,남,50세,경상
2023031000100175,2023년 3월 10일 10시,금요일,경상남도 하동군 고전면,중상사고,0,4,0,0,차대차 - 정면충돌,중앙선침범,건조,맑음,단일로 - 기타,승용,남,80세,상해없음,화물,남,52세,중상
2023031000100176,2023년 3월 10일 10시,금요일,경상남도 창원시 성산구 남양동,중상사고,0,1,0,0,차대차 - 정면충돌,안전운전불이행,건조,맑음,교차로 - 교차로안,승용,남,58세,상해없음,이륜,남,76세,중상
2023031000100209,2023년 3월 10일 11시,금요일,경상남도 김해시 화목동,중상사고,0,1,0,0,차대사람 - 길가장자리구역통행중,안전운전불이행,건조,맑음,단일로 - 기타,승용,여,61세,상해없음,보행자,여,79세,중상
2023031000100257,2023년 3월 10일 13시,금요일,경상남도 통영시 산양읍,중상사고,0,1,1,0,차대차 - 측면충돌,신호위반,건조,맑음,교차로 - 교차로안,승용,남,30세,경상,승용,여,46세,중상
2023031000100294,2023년 3월 10일 14시,금요일,경상남도 진주시 주약동,경상사고,0,0,1,0,차대사람 - 기타,안전운전불이행,건조,맑음,기타 - 기타,승용,여,34세,상해없음,보행자,여,7세,경상
2023031000100295,2023년 3월 10일 14시,금요일,경상남도 양산시 원동면,경상사고,0,0,1,0,차대사람 - 차도통행중,안전운전불이행,건조,맑음,단일로 - 기타,승용,남,32세,상해없음,보행자,여,44세,경상
2023031000100357,2023년 3월 10일 16시,금요일,경상남도 함안군 법수면,중상사고,0,1,0,0,차대차 - 정면충돌,중앙선침범,건조,맑음,교차로 - 교차로부근,승용,남,46세,상해없음,자전거,남,58세,중상
2023031000100448,2023년 3월 10일 18시,금요일,경상남도 창원시 진해구 자은동,경상사고,0,0,1,0,차대사람 - 횡단중,안전운전불이행,건조,맑음,교차로 - 교차로부근,승합,여,30세,상해없음,보행자,여,12세,경상
2023031000100449,2023년 3월 10일 18시,금요일,경상남도 양산시 명동,부상신고사고,0,0,0,2,차대차 - 기타,신호위반,건조,맑음,교차로 - 교차로안,승용,여,31세,상해없음,승용,여,35세,상해없음
2023031000100450,2023년 3월 10일 18시,금요일,경상남도 창원시 의창구 북면,경상사고,0,0,4,0,차대차 - 측면충돌,안전거리미확보,건조,맑음,단일로 - 기타,승용,남,61세,상해없음,승합,남,29세,경상
2023031000100504,2023년 3월 10일 19시,금요일,경상남도 양산시 물금읍,경상사고,0,0,1,0,차대사람 - 횡단중,보행자보호의무위반,건조,맑음,교차로 - 교차로안,화물,남,61세,상해없음,보행자,남,34세,경상
2023031000100505,2023년 3월 10일 19시,금요일,경상남도 양산시 남부동,경상사고,0,0,1,0,차대차 - 측면충돌,안전운전불이행,건조,맑음,교차로 - 교차로안,승용,여,46세,상해없음,승용,남,31세,경상
2023031000100572,2023년 3월 10일 21시,금요일,경상남도 통영시 무전동,경상사고,0,0,1,0,차대사람 - 기타,안전운전불이행,건조,맑음,단일로 - 기타,승용,여,50세,상해없음,보행자,남,40세,경상
2023031000100601,2023년 3월 10일 22시,금요일,경상남도 김해시 부원동,중상사고,0,1,0,0,차대차 - 측면충돌,직진우회전진행방해,건조,맑음,교차로 - 교차로안,승용,남,21세,상해없음,원동기,남,22세,중상
2023031000100626,2023년 3월 10일 23시,금요일,경상남도 창원시 성산구 중앙동,중상사고,0,1,0,0,차대사람 - 횡단중,신호위반,건조,맑음,단일로 - 기타,이륜,남,22세,상해없음,보행자,남,29세,중상
2023031000100627,2023년 3월 10일 23시,금요일,경상남도 창원시 성산구 상남동,부상신고사고,0,0,0,2,차대차 - 측면충돌,안전운전불이행,건조,맑음,단일로 - 기타,승용,남,54세,상해없음,승용,여,27세,부상신고
2023031000100628,2023년 3월 10일 23시,금요일,경상남도 김해시 대청동,경상사고,0,0,1,0,차대차 - 측면충돌,안전운전불이행,건조,맑음,교차로 - 교차로부근,승용,남,31세,상해없음,승용,남,29세,경상
2023031100100024,2023년 3월 11일 02시,토요일,경상남도 밀양시 하남읍,중상사고,0,1,0,0,차량단독 - 공작물충돌,안전운전불이행,건조,흐림,단일로 - 기타,승용,여,52세,중상,,,,
2023031100100025,2023년 3월 11일 02시,토요일,경상남도 창원시 의창구 도계동,경상사고,0,0,1,0,차대차 - 추돌,안전거리미확보,건조,맑음,교차로 - 교차로부근,승용,남,70세,상해없음,승용,남,65세,경상
2023031100100043,2023년 3월 11일 04시,토요일,경상남도 창원시 의창구 명서동,중상사고,0,1,1,0,차대사람 - 횡단중,기타,건조,맑음,교차로 - 교차로횡단보도내,승용,남,58세,경상,보행자,여,67세,중상
2023031100100058,2023년 3월 11일 06시,토요일,경상남도 양산시 동면,경상사고,0,0,1,0,차대차 - 기타,안전운전불이행,건조,맑음,단일로 - 기타,화물,남,58세,상해없음,화물,남,47세,경상
2023031100100059,2023년 3월 11일 06시,토요일,경상남도 거제시 아주동,경상사고,0,0,1,0,차대차 - 기타,안전운전불이행,건조,맑음,단일로 - 기타,승용,남,50세,상해없음,승용,남,56세,상해없음
2023031100100129,2023년 3월 11일 10시,토요일,경상남도 창원시 마산합포구 진전면,경상사고,0,0,1,0,차대사람 - 기타,안전운전불이행,건조,맑음,교차로 - 교차로안,승용,여,53세,상해없음,보행자,여,88세,경상
2023031100100159,2023년 3월 11일 11시,토요일,경상남도 진주시 상대동,경상사고,0,0,1,0,차대차 - 측면충돌,신호위반,건조,맑음,교차로 - 교차로안,승용,여,49세,상해없음,승용,여,61세,경상
2023031100100160,2023년 3월 11일 11시,토요일,경상남도 창원시 성산구 가음동,경상사고,0,0,1,0,차대사람 - 횡단중,안전운전불이행,건조,맑음,단일로 - 기타,이륜,남,17세,기타불명,보행자,남,39세,경상
2023031100100199,2023년 3월 11일 12시,토요일,경상남도 진주시 초전동,중상사고,0,1,0,0,차대사람 - 기타,보행자보호의무위반,건조,맑음,교차로 - 교차로횡단보도내,승용,여,59세,상해없음,보행자,여,16세,중상
2023031100100200,2023년 3월 11일 12시,토요일,경상남도 합천군 대병면,중상사고,0,1,0,0,차량단독 - 공작물충돌,안전운전불이행,건조,맑음,단일로 - 기타,승용,남,58세,상해없음,,,,
2023031100100201,2023년 3월 11일 12시,토요일,경상남도 창녕군 부곡면,중상사고,0,1,1,0,차대차 - 기타,기타,건조,맑음,교차로 - 교차로안,이륜,남,37세,중상,승용,여,52세,경상
2023031100100202,2023년 3월 11일 12시,토요일,경상남도 창원시 의창구 명서동,중상사고,0,2,1,0,차대차 - 측면충돌,기타,건조,맑음,교차로 - 교차로안,화물,남,56세,상해없음,승용,남,27세,중상
2023031100100236,2023년 3월 11일 13시,토요일,경상남도 통영시 봉평동,중상사고,0,1,0,0,차대차 - 정면충돌,안전운전불이행,건조,맑음,교차로 - 교차로부근,승용,여,51세,상해없음,이륜,남,56세,중상
2023031100100237,2023년 3월 11일 13시,토요일,경상남도 밀양시 내이동,중상사고,0,1,0,0,차대차 - 측면충돌,안전운전불이행,건조,맑음,단일로 - 기타,화물,남,68세,상해없음,이륜,남,67세,중상
2023031100100238,2023년 3월 11일 13시,토요일,경상남도 밀양시 삼랑진읍,경상사고,0,0,1,0,차대차 - 측면충돌,안전운전불이행,건조,맑음,교차로 - 교차로안,승용,남,63세,상해없음,원동기,남,47세,경상
2023031100100239,2023년 3월 11일 13시,토요일,경상남도 김해시 삼방동,중상사고,0,1,0,0,차대차 - 측면충돌,신호위반,건조,맑음,교차로 - 교차로안,특수,남,56세,상해없음,이륜,남,72세,중상
2023031100100280,2023년 3월 11일 14시,토요일,경상남도 창원시 성산구 용호동,경상사고,0,0,1,0,차대차 - 측면충돌,안전거리미확보,건조,맑음,단일로 - 기타,승용,남,67세,기타불명,승용,여,27세,경상
2023031100100281,2023년 3월 11일 14시,토요일,경상남도 창원시 마산회원구 구암동,중상사고,0,1,0,0,차대차 - 측면충돌,안전운전불이행,건조,맑음,단일로 - 기타,승용,남,58세,상해없음,승용,여,47세,중상
2023031100100282,2023년 3월 11일 14시,토요일,경상남도 창원시 의창구 봉곡동,경상사고,0,0,1,0,차대사람 - 기타,안전운전불이행,건조,맑음,주차장 - 주차장,승용,남,71세,상해없음,보행자,여,40세,경상
2023031100100283,2023년 3월 11일 14시,토요일,경상남도 창원시 의창구 북면,중상사고,0,1,0,0,차량단독 - 기타,안전운전불이행,건조,맑음,단일로 - 기타,승용,남,67세,상해없음,,,,
2023031100100325,2023년 3월 11일 15시,토요일,경상남도 창원시 진해구 경화동,경상사고,0,0,1,0,차대차 - 추돌,안전운전불이행,건조,맑음,교차로 - 교차로횡단보도내,승합,남,55세,상해없음,화물,남,57세,경상
2023031100100326,2023년 3월 11일 15시,토요일,경상남도 통영시 무전동,경상사고,0,0,2,0,차대차 - 추돌,안전거리미확보,건조,맑음,단일로 - 기타,승용,남,69세,상해없음,승용,남,28세,경상
2023031100100355,2023년 3월 11일 16시,토요일,경상남도 통영시 무전동,경상사고,0,0,4,0,차대차 - 측면충돌,안전운전불이행,건조,맑음,교차로 - 교차로부근,승용,남,23세,상해없음,승용,여,30세,경상
2023031100100383,2023년 3월 11일 17시,토요일,경상남도 양산시 원동면,중상사고,0,1,1,0,차대차 - 추돌,안전운전불이행,건조,맑음,기타 - 기타,승용,남,74세,상해없음,승용,여,28세,중상
2023031100100384,2023년 3월 11일 17시,토요일,경상남도 하동군 횡천면,중상사고,0,1,0,0,차대사람 - 기타,안전운전불이행,건조,맑음,기타 - 기타,승용,여,63세,상해없음,보행자,남,50세,중상
2023031100100411,2023년 3월 11일 18시,토요일,경상남도 창원시 진해구 안골동,중상사고,0,1,0,0,차대차 - 측면충돌,안전운전불이행,건조,맑음,교차로 - 교차로안,승용,남,72세,상해없음,이륜,남,52세,중상
2023031100100412,2023년 3월 11일 18시,토요일,경상남도 의령군 부림면,중상사고,0,1,0,0,차량단독 - 기타,안전운전불이행,건조,맑음,단일로 - 기타,승합,남,68세,상해없음,,,,
2023031100100471,2023년 3월 11일 20시,토요일,경상남도 진주시 장대동,중상사고,0,1,0,0,차대사람 - 횡단중,안전운전불이행,건조,맑음,교차로 - 교차로안,승용,남,68세,상해없음,보행자,남,34세,중상
2023031100100496,2023년 3월 11일 21시,토요일,경상남도 밀양시 내이동,중상사고,0,1,0,0,차대사람 - 기타,안전운전불이행,건조,맑음,교차로 - 교차로안,승용,남,31세,상해없음,보행자,여,59세,중상
2023031200100060,2023년 3월 12일 07시,일요일,경상남도 통영시 산양읍,경상사고,0,0,1,0,차량단독 - 공작물충돌,안전운전불이행,건조,맑음,단일로 - 기타,승용,남,73세,경상,,,,
2023031200100061,2023년 3월 12일 07시,일요일,경상남도 김해시 구산동,경상사고,0,0,1,0,차대차 - 기타,중앙선침범,건조,맑음,단일로 - 기타,승용,남,40세,상해없음,승용,남,53세,경상
2023031200100064,2023년 3월 12일 08시,일요일,경상남도 창녕군 남지읍,중상사고,0,1,0,0,차대차 - 정면충돌,신호위반,건조,맑음,교차로 - 교차로안,승용,남,23세,상해없음,승용,남,78세,중상
2023031200100075,2023년 3월 12일 09시,일요일,경상남도 통영시 당동,경상사고,0,0,1,0,차대차 - 기타,중앙선침범,건조,맑음,단일로 - 기타,자전거,남,75세,경상,승용,여,59세,상해없음
2023031200100076,2023년 3월 12일 09시,일요일,경상남도 합천군 삼가면,부상신고사고,0,0,0,1,차대사람 - 차도통행중,안전운전불이행,건조,맑음,단일로 - 기타,승용,남,49세,상해없음,보행자,남,79세,부상신고
2023031200100118,2023년 3월 12일 11시,일요일,경상남도 김해시 전하동,경상사고,0,0,2,0,차대차 - 추돌,안전운전불이행,젖음/습기,비,교차로 - 교차로부근,승용,남,37세,상해없음,승용,남,29세,경상
2023031200100119,2023년 3월 12일 11시,일요일,경상남도 창원시 성산구 웅남동,중상사고,0,1,2,0,차대차 - 측면충돌,신호위반,건조,맑음,교차로 - 교차로안,승용,여,48세,상해없음,승용,남,66세,중상
2023031200100120,2023년 3월 12일 11시,일요일,경상남도 김해시 내덕동,경상사고,0,0,1,0,차대차 - 추돌,안전운전불이행,건조,맑음,단일로 - 기타,승용,남,31세,상해없음,승용,남,33세,경상
2023031200100142,2023년 3월 12일 12시,일요일,경상남도 창원시 진해구 자은동,경상사고,0,0,2,0,차대차 - 추돌,안전운전불이행,젖음/습기,비,교차로 - 교차로부근,승용,남,34세,상해없음,이륜,남,43세,경상
2023031200100143,2023년 3월 12일 12시,일요일,경상남도 거창군 남상면,부상신고사고,0,0,0,1,차량단독 - 공작물충돌,안전운전불이행,건조,맑음,교차로 - 교차로안,승용,남,62세,부상신고,,,,
2023031200100167,2023년 3월 12일 13시,일요일,경상남도 양산시 평산동,부상신고사고,0,0,0,1,차대차 - 기타,교차로운행방법위반,건조,맑음,교차로 - 교차로안,기타불명,기타불명,미분류,기타불명,이륜,남,24세,부상신고
2023031200100168,2023년 3월 12일 13시,일요일,경상남도 김해시 신문동,경상사고,0,0,2,0,차대차 - 측면충돌,안전운전불이행,젖음/습기,흐림,단일로 - 기타,화물,남,51세,상해없음,승용,남,44세,경상
2023031200100195,2023년 3월 12일 14시,일요일,경상남도 진주시 미천면,중상사고,0,3,0,0,차대차 - 추돌,기타,젖음/습기,비,단일로 - 기타,화물,남,57세,상해없음,승용,남,29세,중상
2023031200100196,2023년 3월 12일 14시,일요일,경상남도 밀양시 삼랑진읍,경상사고,0,0,4,0,차대차 - 측면충돌,교차로운행방법위반,젖음/습기,비,교차로 - 교차로안,승용,남,74세,상해없음,승용,남,38세,경상
2023031200100215,2023년 3월 12일 15시,일요일,경상남도 창원시 마산합포구 신포동2가,경상사고,0,0,2,0,차대차 - 정면충돌,안전운전불이행,건조,맑음,단일로 - 기타,화물,남,71세,상해없음,화물,남,44세,경상
2023031200100216,2023년 3월 12일 15시,일요일,경상남도 창원시 마산합포구 진전면,중상사고,0,1,0,0,차대사람 - 기타,안전운전불이행,젖음/습기,비,교차로 - 교차로부근,승용,남,61세,상해없음,보행자,여,62세,중상
2023031200100217,2023년 3월 12일 15시,일요일,경상남도 통영시 사량면,경상사고,0,0,1,0,차대차 - 기타,안전운전불이행,건조,맑음,단일로 - 기타,승용,남,72세,상해없음,승합,남,74세,상해없음
2023031200100218,2023년 3월 12일 15시,일요일,경상남도 양산시 원동면,경상사고,0,0,1,0,차대차 - 정면충돌,교차로운행방법위반,젖음/습기,비,교차로 - 교차로안,승용,남,71세,상해없음,승용,남,61세,경상
2023031200100219,2023년 3월 12일 15시,일요일,경상남도 고성군 하일면,경상사고,0,0,1,0,차대차 - 기타,중앙선침범,서리/결빙,비,단일로 - 기타,승용,남,52세,상해없음,승용,남,78세,경상
2023031200100220,2023년 3월 12일 15시,일요일,경상남도 창원시 마산회원구 구암동,중상사고,0,2,3,0,차대차 - 추돌,안전운전불이행,건조,맑음,단일로 - 기타,승용,남,76세,상해없음,승용,남,48세,중상