사고번호,사고일시,요일,시군구,사고내용,사망자수,중상자수,경상자수,부상신고자수,사고유형,법규위반,노면상태,기상상태,도로형태,가해운전자 차종,가해운전자 성별,가해운전자 연령,가해운전자 상해정도,피해운전자 차종,피해운전자 성별,피해운전자 연령,피해운전자 상해정도
2023031200100246,2023년 3월 12일 16시,일요일,경상남도 양산시 삼호동,경상사고,0,0,1,0,차대차 - 기타,안전운전불이행,젖음/습기,비,교차로 - 교차로안,승용,남,22세,상해없음,승용,남,18세,경상
2023031200100247,2023년 3월 12일 16시,일요일,경상남도 거제시 고현동,경상사고,0,0,2,0,차대차 - 추돌,안전운전불이행,젖음/습기,비,교차로 - 교차로안,승용,여,62세,상해없음,승용,남,25세,경상
2023031200100248,2023년 3월 12일 16시,일요일,경상남도 김해시 진영읍,중상사고,0,2,0,0,차대차 - 정면충돌,안전거리미확보,건조,맑음,단일로 - 터널,화물,남,58세,기타불명,승용,남,69세,중상
2023031200100310,2023년 3월 12일 19시,일요일,경상남도 창원시 마산회원구 회성동,부상신고사고,0,0,0,1,차대차 - 기타,교차로운행방법위반,건조,맑음,교차로 - 교차로안,원동기,남,45세,상해없음,승용,여,30세,부상신고
2023031200100311,2023년 3월 12일 19시,일요일,경상남도 밀양시 삼랑진읍,부상신고사고,0,0,0,1,차대사람 - 횡단중,안전운전불이행,건조,맑음,교차로 - 교차로안,승용,남,52세,상해없음,보행자,여,44세,부상신고
2023031200100328,2023년 3월 12일 20시,일요일,경상남도 양산시 물금읍,경상사고,0,0,2,0,차대차 - 측면충돌,안전운전불이행,건조,맑음,교차로 - 교차로안,승용,여,54세,경상,승용,남,40세,경상
2023031200100329,2023년 3월 12일 20시,일요일,경상남도 창원시 의창구 북면,중상사고,0,1,0,0,차대사람 - 기타,안전운전불이행,건조,맑음,교차로 - 교차로안,승용,여,40세,상해없음,보행자,남,58세,중상
2023031200100342,2023년 3월 12일 21시,일요일,경상남도 진주시 주약동,경상사고,0,0,2,0,차대차 - 추돌,안전거리미확보,건조,맑음,단일로 - 기타,승용,남,40세,상해없음,승용,남,66세,경상
2023031200100343,2023년 3월 12일 21시,일요일,경상남도 김해시 내동,경상사고,0,0,1,0,차대차 - 추돌,안전운전불이행,건조,맑음,교차로 - 교차로부근,승용,여,48세,상해없음,승용,남,25세,경상
2023031300100047,2023년 3월 13일 07시,월요일,경상남도 양산시 물금읍,경상사고,0,0,1,0,차대차 - 측면충돌,안전운전불이행,건조,맑음,단일로 - 기타,승용,남,51세,상해없음,화물,남,48세,경상
2023031300100059,2023년 3월 13일 07시,월요일,경상남도 진주시 정촌면,경상사고,0,0,1,0,차대차 - 추돌,안전운전불이행,건조,맑음,단일로 - 기타,승용,남,29세,상해없음,승용,남,61세,경상
2023031300100060,2023년 3월 13일 07시,월요일,경상남도 창원시 진해구 용원동,중상사고,0,1,0,0,차대차 - 측면충돌,직진우회전진행방해,건조,맑음,교차로 - 교차로안,승용,남,30세,상해없음,이륜,남,45세,중상
2023031300100061,2023년 3월 13일 07시,월요일,경상남도 거창군 거창읍,중상사고,0,1,0,0,차대차 - 추돌,안전운전불이행,건조,맑음,단일로 - 기타,화물,남,24세,상해없음,화물,남,50세,상해없음
2023031300100062,2023년 3월 13일 07시,월요일,경상남도 창원시 성산구 신촌동,경상사고,0,0,1,0,차대차 - 측면충돌,교차로운행방법위반,건조,맑음,교차로 - 교차로안,승용,남,43세,상해없음,승용,여,28세,경상
2023031300100103,2023년 3월 13일 08시,월요일,경상남도 진주시 상봉동,중상사고,0,1,0,0,차대사람 - 횡단중,보행자보호의무위반,건조,맑음,교차로 - 교차로횡단보도내,승합,남,61세,상해없음,보행자,남,12세,중상
2023031300100104,2023년 3월 13일 08시,월요일,경상남도 사천시 사남면,경상사고,0,0,1,0,차대차 - 측면충돌,안전운전불이행,건조,맑음,단일로 - 기타,승용,남,71세,상해없음,승용,여,52세,경상
2023031300100105,2023년 3월 13일 08시,월요일,경상남도 고성군 고성읍,경상사고,0,0,1,0,차대사람 - 횡단중,보행자보호의무위반,건조,맑음,단일로 - 기타,승용,여,44세,상해없음,보행자,여,48세,경상
2023031300100106,2023년 3월 13일 08시,월요일,경상남도 김해시 부곡동,중상사고,0,1,0,0,차대사람 - 기타,안전운전불이행,건조,맑음,단일로 - 기타,승합,남,28세,상해없음,보행자,여,65세,중상
2023031300100145,2023년 3월 13일 09시,월요일,경상남도 창원시 진해구 두동,중상사고,0,1,1,0,차대차 - 측면충돌,교차로운행방법위반,건조,맑음,교차로 - 교차로안,승용,여,57세,경상,승용,여,33세,중상
2023031300100146,2023년 3월 13일 09시,월요일,경상남도 창원시 진해구 경화동,경상사고,0,0,1,0,차대사람 - 차도통행중,안전운전불이행,건조,맑음,교차로 - 교차로안,승용,남,49세,상해없음,보행자,여,44세,경상
2023031300100147,2023년 3월 13일 09시,월요일,경상남도 양산시 신기동,부상신고사고,0,0,0,1,차대차 - 측면충돌,신호위반,건조,맑음,단일로 - 교량,승용,여,62세,상해없음,승용,여,49세,부상신고
2023031300100177,2023년 3월 13일 10시,월요일,경상남도 창원시 마산합포구 신포동1가,경상사고,0,0,1,0,차대차 - 측면충돌,신호위반,건조,맑음,교차로 - 교차로안,승용,여,55세,상해없음,승용,여,68세,경상
2023031300100178,2023년 3월 13일 10시,월요일,경상남도 진주시 대안동,경상사고,0,0,1,0,차대사람 - 횡단중,보행자보호의무위반,건조,맑음,교차로 - 교차로횡단보도내,이륜,남,68세,상해없음,보행자,여,23세,경상
2023031300100179,2023년 3월 13일 10시,월요일,경상남도 진주시 내동면,중상사고,0,1,0,0,차대차 - 측면충돌,신호위반,건조,맑음,교차로 - 교차로안,화물,남,78세,상해없음,화물,남,41세,중상
2023031300100180,2023년 3월 13일 10시,월요일,경상남도 양산시 동면,중상사고,0,1,0,0,차대사람 - 횡단중,보행자보호의무위반,건조,맑음,교차로 - 교차로안,승용,남,64세,상해없음,보행자,여,81세,중상
2023031300100181,2023년 3월 13일 10시,월요일,경상남도 거제시 장목면,중상사고,0,3,0,0,차대차 - 정면충돌,중앙선침범,건조,맑음,단일로 - 기타,화물,남,66세,상해없음,승용,남,48세,중상
2023031300100182,2023년 3월 13일 10시,월요일,경상남도 산청군 산청읍,중상사고,0,1,0,0,차대사람 - 횡단중,안전운전불이행,건조,맑음,교차로 - 교차로안,화물,남,54세,상해없음,보행자,여,87세,중상
2023031300100183,2023년 3월 13일 10시,월요일,경상남도 창원시 성산구 남산동,경상사고,0,0,1,0,차대차 - 측면충돌,안전운전불이행,건조,맑음,교차로 - 교차로안,화물,남,22세,상해없음,화물,남,48세,경상
2023031300100207,2023년 3월 13일 11시,월요일,경상남도 창원시 마산합포구 상남동,경상사고,0,0,1,0,차량단독 - 기타,안전운전불이행,건조,맑음,단일로 - 기타,승합,남,46세,상해없음,,,,
2023031300100208,2023년 3월 13일 11시,월요일,경상남도 밀양시 초동면,경상사고,0,0,1,0,차대차 - 측면충돌,안전운전불이행,건조,맑음,단일로 - 기타,자전거,남,88세,경상,승용,여,62세,상해없음
2023031300100209,2023년 3월 13일 11시,월요일,경상남도 김해시 어방동,경상사고,0,0,1,0,차대차 - 측면충돌,안전거리미확보,건조,맑음,기타 - 기타,화물,남,61세,상해없음,승용,남,23세,경상
2023031300100237,2023년 3월 13일 12시,월요일,경상남도 창원시 성산구 사파동,경상사고,0,0,1,0,차대사람 - 횡단중,보행자보호의무위반,건조,맑음,교차로 - 교차로안,화물,남,54세,상해없음,보행자,남,32세,경상
2023031300100308,2023년 3월 13일 14시,월요일,경상남도 통영시 항남동,중상사고,0,1,0,0,차대차 - 기타,안전운전불이행,건조,맑음,교차로 - 교차로안,화물,남,58세,기타불명,승합,남,60세,상해없음
2023031300100348,2023년 3월 13일 15시,월요일,경상남도 창원시 진해구 이동,경상사고,0,0,1,0,차대사람 - 차도통행중,안전운전불이행,건조,맑음,단일로 - 기타,승용,여,47세,상해없음,보행자,남,12세,경상
2023031300100349,2023년 3월 13일 15시,월요일,경상남도 창원시 진해구 이동,경상사고,0,0,2,0,차대차 - 측면충돌,차로위반,건조,맑음,단일로 - 기타,승용,여,29세,상해없음,승용,남,79세,경상
2023031300100350,2023년 3월 13일 15시,월요일,경상남도 김해시 서상동,경상사고,0,0,1,0,차대차 - 측면충돌,중앙선침범,건조,맑음,교차로 - 교차로부근,자전거,여,46세,경상,화물,남,62세,상해없음
2023031300100352,2023년 3월 13일 15시,월요일,경상남도 하동군 화개면,경상사고,0,0,3,0,차대차 - 추돌,안전운전불이행,건조,맑음,단일로 - 교량,화물,남,69세,상해없음,승용,남,57세,경상
2023031300100396,2023년 3월 13일 16시,월요일,경상남도 진주시 본성동,경상사고,0,0,1,0,차대차 - 측면충돌,안전운전불이행,건조,맑음,교차로 - 교차로안,승용,여,30세,상해없음,이륜,남,66세,경상
2023031300100397,2023년 3월 13일 16시,월요일,경상남도 함안군 칠원읍,경상사고,0,0,1,0,차대차 - 추돌,안전운전불이행,건조,맑음,교차로 - 교차로부근,승용,남,56세,상해없음,승용,남,42세,경상
2023031300100427,2023년 3월 13일 17시,월요일,경상남도 창원시 의창구 북면,중상사고,0,1,0,1,차대차 - 추돌,안전운전불이행,건조,맑음,단일로 - 기타,화물,남,48세,상해없음,원동기,남,75세,중상
2023031300100428,2023년 3월 13일 17시,월요일,경상남도 김해시 흥동,중상사고,0,1,0,0,차대사람 - 횡단중,보행자보호의무위반,건조,맑음,교차로 - 교차로부근,승용,남,31세,상해없음,보행자,여,43세,중상
2023031300100463,2023년 3월 13일 18시,월요일,경상남도 진주시 가좌동,중상사고,0,1,0,0,차대차 - 측면충돌,신호위반,건조,맑음,교차로 - 교차로안,승용,여,51세,상해없음,이륜,남,35세,중상
2023031300100498,2023년 3월 13일 19시,월요일,경상남도 사천시 곤명면,중상사고,0,1,0,0,차대사람 - 차도통행중,기타,건조,맑음,단일로 - 기타,승용,남,36세,상해없음,보행자,남,58세,중상
2023031300100499,2023년 3월 13일 19시,월요일,경상남도 창원시 의창구 도계동,경상사고,0,0,1,0,차대차 - 측면충돌,중앙선침범,건조,맑음,단일로 - 기타,승용,남,74세,상해없음,원동기,남,33세,경상
2023031300100553,2023년 3월 13일 21시,월요일,경상남도 김해시 어방동,경상사고,0,0,1,0,차대차 - 측면충돌,신호위반,건조,맑음,교차로 - 교차로안,화물,남,48세,상해없음,승용,여,45세,경상
2023031300100582,2023년 3월 13일 23시,월요일,경상남도 창원시 성산구 내동,경상사고,0,0,3,0,차대차 - 추돌,안전운전불이행,건조,맑음,교차로 - 교차로부근,승용,남,33세,상해없음,승용,남,29세,경상
2023031400100036,2023년 3월 14일 05시,화요일,경상남도 진주시 망경동,중상사고,0,1,0,0,차대사람 - 횡단중,안전운전불이행,건조,맑음,교차로 - 교차로안,승용,남,62세,상해없음,보행자,여,64세,중상
2023031400100050,2023년 3월 14일 06시,화요일,경상남도 김해시 봉황동,경상사고,0,0,1,0,차대차 - 측면충돌,안전운전불이행,건조,맑음,교차로 - 교차로안,승용,여,57세,상해없음,승용,여,55세,경상
2023031400100051,2023년 3월 14일 06시,화요일,경상남도 창원시 마산회원구 합성동,경상사고,0,0,1,0,차대차 - 측면충돌,신호위반,건조,기타,교차로 - 교차로안,승용,여,27세,기타불명,승합,남,62세,경상
2023031400100073,2023년 3월 14일 07시,화요일,경상남도 양산시 신기동,경상사고,0,0,1,0,차대차 - 추돌,안전운전불이행,건조,맑음,단일로 - 기타,화물,남,55세,상해없음,승용,남,28세,경상
2023031400100074,2023년 3월 14일 07시,화요일,경상남도 창원시 의창구 북면,경상사고,0,0,1,0,차대차 - 측면충돌,안전운전불이행,건조,맑음,단일로 - 기타,승합,남,44세,상해없음,승용,여,48세,경상
2023031400100114,2023년 3월 14일 08시,화요일,경상남도 양산시 평산동,경상사고,0,0,2,0,차대차 - 추돌,안전운전불이행,건조,맑음,교차로 - 교차로안,승용,여,33세,상해없음,승용,남,38세,경상
2023031400100115,2023년 3월 14일 08시,화요일,경상남도 양산시 동면,경상사고,0,0,1,0,차대차 - 측면충돌,교차로운행방법위반,건조,맑음,교차로 - 교차로안,승용,남,61세,상해없음,승용,여,54세,경상
2023031400100116,2023년 3월 14일 08시,화요일,경상남도 창원시 성산구 상남동,경상사고,0,0,1,0,차대사람 - 횡단중,신호위반,건조,맑음,교차로 - 교차로횡단보도내,승용,남,26세,상해없음,보행자,남,63세,경상
2023031400100117,2023년 3월 14일 08시,화요일,경상남도 창원시 의창구 사림동,경상사고,0,0,3,0,차대차 - 측면충돌,안전거리미확보,건조,맑음,단일로 - 기타,승용,남,71세,경상,승용,남,62세,경상
2023031400100189,2023년 3월 14일 11시,화요일,경상남도 김해시 상동면,경상사고,0,0,2,0,차대차 - 기타,안전거리미확보,건조,맑음,단일로 - 기타,승용,남,39세,경상,승용,남,32세,경상
2023031400100202,2023년 3월 14일 11시,화요일,경상남도 밀양시 상남면,중상사고,0,4,0,0,차대차 - 측면충돌,안전운전불이행,건조,맑음,단일로 - 기타,승용,여,57세,중상,화물,남,63세,중상
2023031400100203,2023년 3월 14일 11시,화요일,경상남도 남해군 상주면,중상사고,0,1,0,0,차대차 - 측면충돌,교차로운행방법위반,건조,맑음,교차로 - 교차로안,화물,남,41세,상해없음,이륜,남,77세,중상
2023031400100204,2023년 3월 14일 11시,화요일,경상남도 함안군 군북면,경상사고,0,0,1,0,차대차 - 후진중충돌,안전운전불이행,건조,맑음,단일로 - 기타,승용,여,65세,상해없음,승용,남,45세,경상
2023031400100229,2023년 3월 14일 12시,화요일,경상남도 산청군 시천면,사망사고,1,0,0,0,차대차 - 측면충돌,안전운전불이행,건조,맑음,단일로 - 기타,이륜,남,52세,사망,화물,남,43세,상해없음
2023031400100289,2023년 3월 14일 14시,화요일,경상남도 거창군 거창읍,중상사고,0,1,0,0,차량단독 - 공작물충돌,안전운전불이행,건조,맑음,단일로 - 기타,화물,남,75세,중상,,,,
2023031400100290,2023년 3월 14일 14시,화요일,경상남도 함안군 가야읍,경상사고,0,0,3,0,차대차 - 추돌,안전운전불이행,건조,맑음,교차로 - 교차로부근,승합,남,57세,상해없음,화물,남,56세,경상
2023031400100334,2023년 3월 14일 15시,화요일,경상남도 함안군 칠서면,경상사고,0,0,1,0,차대차 - 측면충돌,안전운전불이행,건조,맑음,교차로 - 교차로횡단보도내,자전거,남,73세,경상,승용,여,57세,상해없음
2023031400100378,2023년 3월 14일 16시,화요일,경상남도 진주시 수정동,경상사고,0,0,1,0,차대사람 - 횡단중,보행자보호의무위반,건조,맑음,단일로 - 기타,이륜,남,30세,상해없음,보행자,여,86세,경상
2023031400100379,2023년 3월 14일 16시,화요일,경상남도 통영시 무전동,중상사고,0,1,1,3,차대차 - 후진중충돌,안전운전불이행,건조,맑음,단일로 - 기타,승합,남,63세,상해없음,승용,여,49세,경상
2023031400100437,2023년 3월 14일 17시,화요일,경상남도 창원시 의창구 소답동,경상사고,0,0,1,0,차대사람 - 차도통행중,안전운전불이행,건조,맑음,기타 - 기타,승용,여,52세,상해없음,보행자,남,28세,경상
2023031400100476,2023년 3월 14일 18시,화요일,경상남도 사천시 벌리동,경상사고,0,0,1,0,차대차 - 측면충돌,안전거리미확보,건조,맑음,단일로 - 기타,승용,남,40세,상해없음,이륜,남,36세,경상
2023031400100477,2023년 3월 14일 18시,화요일,경상남도 밀양시 내일동,경상사고,0,0,1,0,차대차 - 추돌,안전운전불이행,건조,맑음,단일로 - 교량,승용,여,47세,상해없음,승용,여,32세,경상
2023031400100478,2023년 3월 14일 18시,화요일,경상남도 거제시 고현동,경상사고,0,0,2,0,차대차 - 정면충돌,신호위반,건조,맑음,교차로 - 교차로안,승용,여,61세,상해없음,승용,남,32세,경상
2023031400100522,2023년 3월 14일 19시,화요일,경상남도 김해시 삼방동,중상사고,0,1,0,0,차대사람 - 기타,안전운전불이행,건조,맑음,교차로 - 교차로안,승용,남,28세,상해없음,보행자,여,29세,중상
2023031400100543,2023년 3월 14일 20시,화요일,경상남도 사천시 좌룡동,중상사고,0,1,0,0,차대사람 - 길가장자리구역통행중,안전운전불이행,건조,맑음,단일로 - 기타,이륜,남,64세,상해없음,보행자,여,41세,중상
2023031400100544,2023년 3월 14일 20시,화요일,경상남도 김해시 어방동,경상사고,0,0,1,0,차대사람 - 차도통행중,안전운전불이행,건조,맑음,단일로 - 기타,승용,남,59세,상해없음,보행자,여,35세,경상
2023031400100545,2023년 3월 14일 20시,화요일,경상남도 창원시 의창구 소답동,부상신고사고,0,0,0,1,차대사람 - 보도통행중,안전운전불이행,건조,맑음,단일로 - 기타,승용,남,50세,상해없음,보행자,남,51세,부상신고
2023031400100577,2023년 3월 14일 22시,화요일,경상남도 밀양시 삼문동,중상사고,0,1,0,0,차량단독 - 공작물충돌,안전운전불이행,건조,맑음,교차로 - 교차로안,개인형이동수단(PM),남,42세,중상,,,,
2023031400100578,2023년 3월 14일 22시,화요일,경상남도 김해시 삼정동,경상사고,0,0,1,0,차대차 - 측면충돌,교차로운행방법위반,건조,맑음,교차로 - 교차로안,승용,남,51세,상해없음,이륜,여,22세,경상
2023031400100579,2023년 3월 14일 22시,화요일,경상남도 창원시 마산회원구 회원동,경상사고,0,0,1,0,차대차 - 측면충돌,안전운전불이행,건조,맑음,단일로 - 기타,승용,여,29세,상해없음,원동기,남,18세,경상
2023031400100598,2023년 3월 14일 23시,화요일,경상남도 창원시 의창구 동읍,중상사고,0,1,0,0,차대차 - 측면충돌,안전거리미확보,건조,맑음,단일로 - 기타,화물,여,52세,상해없음,화물,남,69세,중상
2023031500100005,2023년 3월 15일 00시,수요일,경상남도 사천시 사천읍,중상사고,0,1,1,0,차량단독 - 공작물충돌,안전운전불이행,건조,맑음,교차로 - 교차로안,승용,남,44세,경상,,,,
2023031500100027,2023년 3월 15일 04시,수요일,경상남도 사천시 용현면,경상사고,0,0,1,0,차대차 - 추돌,안전운전불이행,건조,맑음,단일로 - 교량,승용,남,49세,상해없음,승용,남,51세,경상
2023031500100037,2023년 3월 15일 05시,수요일,경상남도 양산시 주진동,경상사고,0,0,1,0,차대차 - 추돌,차로위반,건조,맑음,교차로 - 교차로부근,승용,남,54세,상해없음,승용,남,57세,상해없음
2023031500100048,2023년 3월 15일 06시,수요일,경상남도 양산시 동면,부상신고사고,0,0,0,1,차대차 - 후진중충돌,안전운전불이행,건조,맑음,단일로 - 기타,화물,남,32세,상해없음,화물,남,40세,부상신고
2023031500100049,2023년 3월 15일 06시,수요일,경상남도 양산시 교동,중상사고,0,1,1,0,차대차 - 측면충돌,안전운전불이행,건조,맑음,교차로 - 교차로안,승용,여,53세,경상,이륜,남,48세,중상
2023031500100072,2023년 3월 15일 07시,수요일,경상남도 밀양시 상남면,중상사고,0,1,0,0,차대차 - 측면충돌,교차로운행방법위반,건조,맑음,교차로 - 교차로안,승용,남,27세,상해없음,승용,남,71세,중상
2023031500100106,2023년 3월 15일 08시,수요일,경상남도 김해시 삼계동,부상신고사고,0,0,0,1,차대차 - 기타,차로위반,건조,흐림,단일로 - 기타,승용,남,57세,상해없음,이륜,남,26세,부상신고
2023031500100142,2023년 3월 15일 09시,수요일,경상남도 진주시 가좌동,중상사고,0,1,0,0,차대차 - 정면충돌,중앙선침범,건조,맑음,단일로 - 기타,승용,여,50세,상해없음,자전거,남,68세,중상
2023031500100196,2023년 3월 15일 11시,수요일,경상남도 창원시 의창구 팔용동,경상사고,0,0,1,0,차대차 - 측면충돌,교차로운행방법위반,건조,맑음,교차로 - 교차로부근,승용,여,58세,상해없음,자전거,여,74세,경상
2023031500100219,2023년 3월 15일 12시,수요일,경상남도 산청군 금서면,경상사고,0,0,1,0,차대사람 - 기타,안전운전불이행,건조,맑음,단일로 - 기타,승용,남,48세,상해없음,보행자,남,54세,경상
2023031500100249,2023년 3월 15일 13시,수요일,경상남도 창원시 마산합포구 신포동1가,중상사고,0,1,1,0,차대차 - 추돌,안전운전불이행,건조,맑음,교차로 - 교차로부근,승용,여,83세,중상,건설기계,남,45세,경상
2023031500100250,2023년 3월 15일 13시,수요일,경상남도 통영시 용남면,중상사고,0,1,2,0,차대차 - 정면충돌,중앙선침범,건조,맑음,단일로 - 기타,화물,여,55세,상해없음,승합,남,65세,중상
2023031500100270,2023년 3월 15일 14시,수요일,경상남도 김해시 내동,경상사고,0,0,1,0,차대차 - 측면충돌,안전운전불이행,건조,맑음,교차로 - 교차로안,이륜,남,31세,경상,승용,남,55세,상해없음
2023031500100271,2023년 3월 15일 14시,수요일,경상남도 함안군 칠원읍,사망사고,1,1,0,0,차대차 - 추돌,안전운전불이행,건조,맑음,단일로 - 기타,화물,남,65세,사망,화물,남,60세,중상
2023031500100299,2023년 3월 15일 15시,수요일,경상남도 밀양시 상남면,중상사고,0,1,1,0,차대차 - 추돌,안전운전불이행,건조,맑음,단일로 - 기타,화물,남,23세,상해없음,승용,여,49세,중상
2023031500100300,2023년 3월 15일 15시,수요일,경상남도 김해시 대동면,경상사고,0,0,2,0,차대차 - 정면충돌,안전운전불이행,건조,흐림,교차로 - 교차로부근,화물,남,81세,상해없음,화물,남,78세,경상
2023031500100335,2023년 3월 15일 16시,수요일,경상남도 김해시 봉황동,경상사고,0,0,1,0,차대사람 - 차도통행중,안전운전불이행,건조,맑음,단일로 - 기타,승용,여,37세,상해없음,보행자,여,62세,경상
2023031500100337,2023년 3월 15일 16시,수요일,경상남도 창원시 성산구 반림동,경상사고,0,0,1,0,차대사람 - 보도통행중,안전운전불이행,건조,맑음,기타 - 기타,승용,여,52세,상해없음,보행자,남,34세,경상
2023031500100366,2023년 3월 15일 17시,수요일,경상남도 사천시 사천읍,경상사고,0,0,1,0,차대사람 - 횡단중,안전운전불이행,건조,맑음,교차로 - 교차로안,화물,남,38세,상해없음,보행자,남,24세,경상
2023031500100367,2023년 3월 15일 17시,수요일,경상남도 김해시 동상동,중상사고,0,1,0,0,차대차 - 추돌,직진우회전진행방해,건조,맑음,교차로 - 교차로안,화물,남,59세,상해없음,이륜,남,72세,중상
2023031500100370,2023년 3월 15일 17시,수요일,경상남도 고성군 고성읍,경상사고,0,0,1,0,차대차 - 정면충돌,안전운전불이행,건조,맑음,교차로 - 교차로안,승용,남,29세,상해없음,화물,남,63세,경상
2023031500100371,2023년 3월 15일 17시,수요일,경상남도 창원시 마산회원구 회성동,경상사고,0,0,1,0,차대차 - 추돌,안전운전불이행,건조,맑음,교차로 - 교차로안,승용,여,61세,상해없음,승용,남,34세,경상
2023031500100406,2023년 3월 15일 18시,수요일,경상남도 양산시 동면,경상사고,0,0,1,0,차대차 - 측면충돌,교차로운행방법위반,건조,맑음,교차로 - 교차로안,승용,남,52세,상해없음,승용,여,31세,경상
2023031500100407,2023년 3월 15일 18시,수요일,경상남도 양산시 북정동,경상사고,0,0,3,0,차대차 - 기타,안전운전불이행,건조,맑음,교차로 - 교차로안,승용,여,62세,경상,승용,여,26세,경상
2023031500100408,2023년 3월 15일 18시,수요일,경상남도 함안군 가야읍,경상사고,0,0,2,0,차대차 - 정면충돌,안전운전불이행,건조,맑음,단일로 - 기타,승용,남,65세,경상,승용,여,48세,경상
2023031500100444,2023년 3월 15일 19시,수요일,경상남도 창원시 마산합포구 오동동,경상사고,0,0,1,0,차대차 - 기타,안전운전불이행,건조,맑음,교차로 - 교차로안,승용,남,39세,상해없음,개인형이동수단(PM),남,34세,경상
2023031500100445,2023년 3월 15일 19시,수요일,경상남도 거창군 거창읍,경상사고,0,0,1,0,차대차 - 정면충돌,안전운전불이행,건조,맑음,단일로 - 기타,승합,남,38세,상해없음,승용,여,62세,경상
2023031500100446,2023년 3월 15일 19시,수요일,경상남도 거제시 아주동,경상사고,0,0,2,0,차대차 - 측면충돌,안전거리미확보,젖음/습기,비,단일로 - 기타,화물,여,40세,상해없음,승용,남,49세,경상
2023031500100447,2023년 3월 15일 19시,수요일,경상남도 함안군 칠북면,중상사고,0,1,3,0,차대차 - 측면충돌,중앙선침범,건조,맑음,단일로 - 기타,승용,남,29세,상해없음,승용,여,55세,중상
2023031500100448,2023년 3월 15일 19시,수요일,경상남도 창원시 성산구 사파동,경상사고,0,0,1,0,차대차 - 측면충돌,안전운전불이행,건조,맑음,교차로 - 교차로안,승용,남,44세,상해없음,승용,여,32세,경상
2023031500100477,2023년 3월 15일 20시,수요일,경상남도 김해시 신문동,경상사고,0,0,1,0,차대차 - 측면충돌,안전운전불이행,건조,맑음,단일로 - 기타,승용,남,62세,상해없음,승합,남,61세,경상
2023031500100503,2023년 3월 15일 21시,수요일,경상남도 밀양시 교동,부상신고사고,0,0,0,1,차대사람 - 횡단중,안전운전불이행,건조,흐림,단일로 - 기타,승용,남,65세,상해없음,보행자,여,42세,부상신고
2023031500100504,2023년 3월 15일 21시,수요일,경상남도 김해시 외동,경상사고,0,0,1,0,차대차 - 추돌,안전운전불이행,건조,맑음,교차로 - 교차로부근,승용,여,57세,상해없음,승용,남,55세,경상
2023031500100537,2023년 3월 15일 23시,수요일,경상남도 창원시 성산구 반지동,중상사고,0,1,0,0,차대사람 - 차도통행중,안전운전불이행,건조,맑음,단일로 - 기타,승용,남,50세,상해없음,보행자,남,61세,중상
2023031600100005,2023년 3월 16일 00시,목요일,경상남도 김해시 안동,중상사고,0,1,2,0,차대차 - 정면충돌,신호위반,건조,맑음,교차로 - 교차로안,승용,여,70세,상해없음,승용,남,67세,경상
2023031600100006,2023년 3월 16일 00시,목요일,경상남도 창원시 의창구 대산면,경상사고,0,0,1,0,차대차 - 추돌,안전거리미확보,건조,맑음,단일로 - 기타,승용,남,54세,상해없음,화물,남,48세,경상
2023031600100102,2023년 3월 16일 08시,목요일,경상남도 밀양시 삼문동,중상사고,0,2,0,0,차대차 - 기타,안전운전불이행,건조,맑음,단일로 - 기타,승용,남,35세,상해없음,승합,남,38세,중상
2023031600100103,2023년 3월 16일 08시,목요일,경상남도 밀양시 내이동,경상사고,0,0,1,0,차대차 - 기타,안전운전불이행,건조,맑음,단일로 - 기타,승용,남,35세,상해없음,승용,남,41세,경상
2023031600100104,2023년 3월 16일 08시,목요일,경상남도 창원시 의창구 소답동,경상사고,0,0,1,0,차대차 - 측면충돌,차로위반,건조,맑음,교차로 - 교차로안,승용,남,53세,상해없음,승용,남,32세,경상
2023031600100135,2023년 3월 16일 09시,목요일,경상남도 진주시 호탄동,부상신고사고,0,0,0,1,차대사람 - 차도통행중,안전운전불이행,건조,맑음,기타 - 기타,자전거,남,65세,상해없음,보행자,여,73세,부상신고
2023031600100136,2023년 3월 16일 09시,목요일,경상남도 창원시 의창구 북면,경상사고,0,0,3,0,차대차 - 기타,안전운전불이행,건조,맑음,단일로 - 기타,특수,남,55세,상해없음,승용,남,73세,경상
2023031600100184,2023년 3월 16일 11시,목요일,경상남도 거제시 동부면,경상사고,0,0,1,0,차대차 - 기타,신호위반,건조,맑음,교차로 - 교차로안,승용,남,22세,상해없음,화물,남,41세,경상
2023031600100185,2023년 3월 16일 11시,목요일,경상남도 산청군 신안면,중상사고,0,1,0,0,차대차 - 정면충돌,신호위반,건조,맑음,단일로 - 기타,승용,여,71세,기타불명,자전거,남,17세,중상
2023031600100211,2023년 3월 16일 12시,목요일,경상남도 양산시 북부동,부상신고사고,0,0,0,1,차대차 - 측면충돌,직진우회전진행방해,건조,맑음,교차로 - 교차로안,화물,남,34세,상해없음,승용,남,69세,부상신고
2023031600100212,2023년 3월 16일 12시,목요일,경상남도 함안군 칠원읍,경상사고,0,0,1,0,차대차 - 추돌,안전거리미확보,건조,맑음,단일로 - 교량,화물,남,62세,상해없음,승용,여,40세,경상