사고번호,사고일시,요일,시군구,사고내용,사망자수,중상자수,경상자수,부상신고자수,사고유형,법규위반,노면상태,기상상태,도로형태,가해운전자 차종,가해운전자 성별,가해운전자 연령,가해운전자 상해정도,피해운전자 차종,피해운전자 성별,피해운전자 연령,피해운전자 상해정도
2023032400100356,2023년 3월 24일 15시,금요일,경상남도 양산시 물금읍,경상사고,0,0,1,0,차대사람 - 기타,교차로운행방법위반,건조,맑음,교차로 - 교차로안,승용,여,70세,상해없음,보행자,남,62세,경상
2023032400100357,2023년 3월 24일 15시,금요일,경상남도 창원시 마산회원구 양덕동,경상사고,0,0,1,0,차대차 - 측면충돌,신호위반,건조,맑음,교차로 - 교차로부근,승용,여,52세,상해없음,승용,여,64세,경상
2023032400100391,2023년 3월 24일 16시,금요일,경상남도 창원시 마산합포구 신포동2가,중상사고,0,1,0,0,차대차 - 정면충돌,안전운전불이행,젖음/습기,맑음,교차로 - 교차로안,승용,남,71세,상해없음,이륜,남,15세,중상
2023032400100392,2023년 3월 24일 16시,금요일,경상남도 김해시 봉황동,경상사고,0,0,1,0,차대사람 - 보도통행중,신호위반,건조,맑음,교차로 - 교차로부근,이륜,남,42세,상해없음,보행자,여,22세,경상
2023032400100393,2023년 3월 24일 16시,금요일,경상남도 김해시 어방동,중상사고,0,1,0,0,차대차 - 기타,안전운전불이행,건조,맑음,교차로 - 교차로안,승용,남,42세,상해없음,승용,여,25세,중상
2023032400100394,2023년 3월 24일 16시,금요일,경상남도 김해시 진례면,경상사고,0,0,1,0,차대차 - 측면충돌,안전운전불이행,건조,흐림,단일로 - 기타,승용,남,32세,상해없음,승용,여,35세,경상
2023032400100395,2023년 3월 24일 16시,금요일,경상남도 김해시 장유동,중상사고,0,1,0,0,차대차 - 정면충돌,안전운전불이행,젖음/습기,비,주차장 - 주차장,승용,여,30세,상해없음,승용,여,38세,중상
2023032400100449,2023년 3월 24일 17시,금요일,경상남도 밀양시 초동면,경상사고,0,0,1,0,차대차 - 추돌,안전운전불이행,젖음/습기,비,교차로 - 교차로부근,승용,여,52세,상해없음,승용,여,58세,경상
2023032400100450,2023년 3월 24일 17시,금요일,경상남도 김해시 삼방동,경상사고,0,0,2,0,차대차 - 기타,교차로운행방법위반,젖음/습기,비,교차로 - 교차로안,승용,여,64세,상해없음,승용,남,53세,경상
2023032400100451,2023년 3월 24일 17시,금요일,경상남도 김해시 율하동,경상사고,0,0,1,0,차대차 - 정면충돌,신호위반,건조,맑음,교차로 - 교차로안,승용,남,39세,기타불명,승용,남,28세,경상
2023032400100493,2023년 3월 24일 18시,금요일,경상남도 사천시 용현면,중상사고,0,1,1,0,차대차 - 기타,교차로운행방법위반,젖음/습기,비,교차로 - 교차로부근,화물,남,76세,상해없음,승용,여,42세,중상
2023032400100494,2023년 3월 24일 18시,금요일,경상남도 창녕군 남지읍,중상사고,0,1,0,0,차대차 - 측면충돌,신호위반,젖음/습기,비,교차로 - 교차로안,승용,남,26세,상해없음,이륜,남,58세,중상
2023032400100495,2023년 3월 24일 18시,금요일,경상남도 양산시 산막동,경상사고,0,0,1,0,차대차 - 추돌,안전거리미확보,건조,맑음,단일로 - 기타,승용,남,43세,상해없음,승용,남,30세,경상
2023032400100537,2023년 3월 24일 19시,금요일,경상남도 창원시 진해구 용원동,경상사고,0,0,1,0,차대차 - 측면충돌,교차로운행방법위반,젖음/습기,비,교차로 - 교차로안,이륜,남,41세,경상,승용,여,25세,상해없음
2023032400100538,2023년 3월 24일 19시,금요일,경상남도 사천시 사천읍,경상사고,0,0,3,0,차대차 - 추돌,안전운전불이행,젖음/습기,비,단일로 - 지하차도(도로)내,화물,남,24세,상해없음,승용,여,49세,경상
2023032400100539,2023년 3월 24일 19시,금요일,경상남도 김해시 삼계동,중상사고,0,1,1,0,차대차 - 측면충돌,신호위반,젖음/습기,비,교차로 - 교차로안,승용,남,76세,중상,화물,남,59세,경상
2023032400100540,2023년 3월 24일 19시,금요일,경상남도 합천군 가회면,경상사고,0,0,1,0,차량단독 - 공작물충돌,안전운전불이행,젖음/습기,흐림,단일로 - 기타,승용,남,65세,경상,,,,
2023032400100541,2023년 3월 24일 19시,금요일,경상남도 양산시 하북면,중상사고,0,1,0,0,차대차 - 측면충돌,중앙선침범,젖음/습기,맑음,교차로 - 교차로안,승합,남,58세,상해없음,자전거,남,63세,중상
2023032400100542,2023년 3월 24일 19시,금요일,경상남도 거제시 장승포동,중상사고,0,1,0,0,차대사람 - 횡단중,보행자보호의무위반,젖음/습기,비,교차로 - 교차로횡단보도내,이륜,남,58세,상해없음,보행자,남,50세,중상
2023032400100604,2023년 3월 24일 21시,금요일,경상남도 창원시 마산합포구 완월동,경상사고,0,0,1,0,차대사람 - 차도통행중,신호위반,젖음/습기,비,교차로 - 교차로안,승용,남,52세,상해없음,보행자,여,15세,경상
2023032400100645,2023년 3월 24일 23시,금요일,경상남도 김해시 동상동,중상사고,0,1,0,0,차대차 - 측면충돌,안전운전불이행,젖음/습기,비,교차로 - 교차로안,승용,남,24세,상해없음,이륜,남,36세,중상
2023032400100646,2023년 3월 24일 23시,금요일,경상남도 양산시 물금읍,부상신고사고,0,0,0,3,차대차 - 측면충돌,교차로운행방법위반,건조,맑음,교차로 - 교차로안,승용,남,63세,상해없음,승용,남,18세,부상신고
2023032500100036,2023년 3월 25일 03시,토요일,경상남도 창원시 진해구 경화동,중상사고,0,1,0,0,차대사람 - 횡단중,안전운전불이행,젖음/습기,흐림,단일로 - 기타,승용,남,36세,상해없음,보행자,여,87세,중상
2023032500100047,2023년 3월 25일 05시,토요일,경상남도 김해시 부원동,중상사고,0,1,2,0,차대차 - 추돌,안전거리미확보,건조,맑음,기타 - 기타,화물,남,50세,경상,승용,남,58세,중상
2023032500100056,2023년 3월 25일 06시,토요일,경상남도 함안군 대산면,경상사고,0,0,2,0,차대차 - 측면충돌,기타,젖음/습기,맑음,단일로 - 기타,승용,남,56세,경상,승용,남,62세,경상
2023032500100063,2023년 3월 25일 07시,토요일,경상남도 고성군 마암면,중상사고,0,1,1,0,차대사람 - 횡단중,안전운전불이행,건조,맑음,단일로 - 기타,화물,남,68세,경상,보행자,여,81세,중상
2023032500100078,2023년 3월 25일 08시,토요일,경상남도 통영시 정량동,경상사고,0,0,1,0,차대차 - 기타,중앙선침범,건조,맑음,교차로 - 교차로안,화물,남,74세,상해없음,승용,여,48세,경상
2023032500100079,2023년 3월 25일 08시,토요일,경상남도 김해시 내동,경상사고,0,0,2,0,차대차 - 추돌,안전운전불이행,건조,맑음,기타 - 기타,승용,남,41세,기타불명,승용,남,77세,경상
2023032500100102,2023년 3월 25일 09시,토요일,경상남도 김해시 동상동,경상사고,0,0,2,0,차대차 - 추돌,안전운전불이행,건조,맑음,교차로 - 교차로부근,화물,남,39세,상해없음,승용,남,52세,경상
2023032500100127,2023년 3월 25일 10시,토요일,경상남도 하동군 고전면,중상사고,0,1,0,0,차대차 - 추돌,안전운전불이행,건조,맑음,교차로 - 교차로안,승용,여,57세,상해없음,이륜,남,33세,중상
2023032500100128,2023년 3월 25일 10시,토요일,경상남도 창원시 의창구 중동,경상사고,0,0,2,0,차대차 - 기타,안전운전불이행,건조,맑음,교차로 - 교차로부근,승용,여,49세,상해없음,승용,남,30세,경상
2023032500100158,2023년 3월 25일 11시,토요일,경상남도 창원시 의창구 대산면,경상사고,0,0,1,0,차대차 - 측면충돌,교차로운행방법위반,건조,맑음,교차로 - 교차로안,승용,여,62세,상해없음,화물,남,69세,경상
2023032500100159,2023년 3월 25일 11시,토요일,경상남도 김해시 한림면,중상사고,0,1,0,0,차대차 - 측면충돌,교차로운행방법위반,건조,맑음,교차로 - 교차로부근,화물,남,57세,상해없음,승용,남,47세,중상
2023032500100189,2023년 3월 25일 12시,토요일,경상남도 창원시 진해구 여좌동,경상사고,0,0,1,0,차대차 - 측면충돌,안전운전불이행,건조,맑음,단일로 - 기타,승용,남,49세,상해없음,자전거,남,44세,경상
2023032500100190,2023년 3월 25일 12시,토요일,경상남도 김해시 대동면,경상사고,0,0,2,0,차대차 - 추돌,안전운전불이행,건조,맑음,단일로 - 고가도로위,특수,남,63세,상해없음,승용,남,24세,경상
2023032500100225,2023년 3월 25일 13시,토요일,경상남도 하동군 고전면,중상사고,0,1,0,0,차대사람 - 기타,안전운전불이행,건조,맑음,교차로 - 교차로부근,화물,남,58세,상해없음,보행자,여,18세,중상
2023032500100226,2023년 3월 25일 13시,토요일,경상남도 창원시 의창구 팔용동,경상사고,0,0,1,0,차대차 - 측면충돌,안전운전불이행,건조,맑음,단일로 - 기타,화물,남,42세,상해없음,승용,여,60세,경상
2023032500100257,2023년 3월 25일 14시,토요일,경상남도 함안군 가야읍,경상사고,0,0,2,0,차대차 - 측면충돌,안전운전불이행,건조,맑음,단일로 - 기타,승용,여,61세,경상,승용,남,24세,경상
2023032500100320,2023년 3월 25일 16시,토요일,경상남도 창원시 진해구 경화동,경상사고,0,0,1,0,차대차 - 측면충돌,차로위반,건조,맑음,단일로 - 기타,승용,남,63세,상해없음,승용,남,45세,경상
2023032500100360,2023년 3월 25일 17시,토요일,경상남도 진주시 충무공동,중상사고,0,1,0,0,차대차 - 측면충돌,안전거리미확보,건조,맑음,단일로 - 기타,승용,남,22세,상해없음,이륜,남,27세,중상
2023032500100361,2023년 3월 25일 17시,토요일,경상남도 하동군 금남면,경상사고,0,0,3,0,차대차 - 추돌,안전거리미확보,건조,흐림,교차로 - 교차로부근,승용,남,75세,상해없음,승용,여,31세,경상
2023032500100392,2023년 3월 25일 18시,토요일,경상남도 양산시 삼호동,경상사고,0,0,1,0,차대차 - 측면충돌,교차로운행방법위반,건조,맑음,교차로 - 교차로안,승용,남,31세,상해없음,승용,남,59세,경상
2023032500100445,2023년 3월 25일 20시,토요일,경상남도 산청군 신안면,경상사고,0,0,1,0,차대차 - 추돌,안전운전불이행,건조,맑음,단일로 - 기타,승용,남,50세,경상,화물,남,52세,기타불명
2023032500100475,2023년 3월 25일 21시,토요일,경상남도 김해시 율하동,경상사고,0,0,2,0,차대차 - 정면충돌,신호위반,건조,흐림,교차로 - 교차로안,승용,남,43세,상해없음,승용,남,37세,경상
2023032500100508,2023년 3월 25일 23시,토요일,경상남도 창녕군 영산면,중상사고,0,1,0,0,차대차 - 기타,안전운전불이행,건조,맑음,단일로 - 기타,원동기,여,43세,중상,승합,남,57세,기타불명
2023032500100509,2023년 3월 25일 23시,토요일,경상남도 김해시 대청동,경상사고,0,0,1,0,차대차 - 추돌,안전운전불이행,건조,맑음,교차로 - 교차로부근,이륜,남,17세,기타불명,화물,남,33세,경상
2023032600100006,2023년 3월 26일 00시,일요일,경상남도 김해시 내동,경상사고,0,0,2,0,차대차 - 추돌,안전운전불이행,건조,맑음,교차로 - 교차로부근,승용,남,55세,상해없음,승용,남,55세,경상
2023032600100016,2023년 3월 26일 01시,일요일,경상남도 함안군 가야읍,경상사고,0,0,2,0,차대차 - 기타,신호위반,건조,맑음,교차로 - 교차로안,승용,남,53세,기타불명,승용,남,21세,경상
2023032600100024,2023년 3월 26일 02시,일요일,경상남도 창원시 진해구 석동,중상사고,0,2,1,0,차대차 - 측면충돌,신호위반,건조,맑음,교차로 - 교차로안,승용,남,65세,상해없음,승용,남,27세,중상
2023032600100025,2023년 3월 26일 02시,일요일,경상남도 거제시 문동동,경상사고,0,0,1,0,차대차 - 후진중충돌,안전운전불이행,건조,기타,단일로 - 기타,기타불명,기타불명,미분류,기타불명,자전거,남,46세,경상
2023032600100045,2023년 3월 26일 04시,일요일,경상남도 창원시 마산합포구 월남동3가,경상사고,0,0,1,0,차대차 - 기타,안전운전불이행,건조,맑음,단일로 - 기타,승용,남,55세,상해없음,이륜,남,29세,경상
2023032600100068,2023년 3월 26일 08시,일요일,경상남도 창원시 진해구 자은동,중상사고,0,1,0,0,차대차 - 기타,교차로운행방법위반,건조,맑음,교차로 - 교차로안,승용,남,51세,상해없음,이륜,남,41세,중상
2023032600100084,2023년 3월 26일 09시,일요일,경상남도 사천시 신벽동,중상사고,0,1,0,0,차대사람 - 기타,기타,건조,맑음,단일로 - 기타,승합,남,61세,상해없음,보행자,여,85세,중상
2023032600100085,2023년 3월 26일 09시,일요일,경상남도 하동군 화개면,중상사고,0,3,0,0,차대차 - 정면충돌,신호위반,건조,맑음,교차로 - 교차로안,승용,여,73세,상해없음,승용,여,36세,중상
2023032600100101,2023년 3월 26일 10시,일요일,경상남도 통영시 정량동,중상사고,0,3,0,0,차대차 - 측면충돌,직진우회전진행방해,건조,맑음,교차로 - 교차로안,이륜,여,46세,중상,승용,남,56세,중상
2023032600100126,2023년 3월 26일 11시,일요일,경상남도 하동군 화개면,경상사고,0,0,1,0,차대사람 - 길가장자리구역통행중,안전운전불이행,건조,맑음,단일로 - 기타,승용,남,73세,상해없음,보행자,남,45세,경상
2023032600100189,2023년 3월 26일 13시,일요일,경상남도 김해시 구산동,경상사고,0,0,1,0,차대차 - 정면충돌,교차로운행방법위반,건조,맑음,교차로 - 교차로안,승용,여,38세,상해없음,이륜,남,48세,경상
2023032600100190,2023년 3월 26일 13시,일요일,경상남도 합천군 초계면,중상사고,0,1,1,0,차대차 - 측면충돌,교차로운행방법위반,건조,맑음,교차로 - 교차로안,화물,여,64세,경상,이륜,남,47세,중상
2023032600100222,2023년 3월 26일 14시,일요일,경상남도 밀양시 무안면,경상사고,0,0,2,0,차대차 - 후진중충돌,안전운전불이행,건조,맑음,단일로 - 기타,화물,남,63세,상해없음,승용,남,63세,경상
2023032600100223,2023년 3월 26일 14시,일요일,경상남도 남해군 삼동면,경상사고,0,0,1,0,차대차 - 추돌,안전운전불이행,건조,맑음,단일로 - 기타,이륜,남,58세,상해없음,승용,여,49세,경상
2023032600100269,2023년 3월 26일 15시,일요일,경상남도 진주시 금산면,경상사고,0,0,3,0,차대차 - 측면충돌,신호위반,건조,맑음,교차로 - 교차로안,승용,남,23세,상해없음,승용,남,41세,경상
2023032600100270,2023년 3월 26일 15시,일요일,경상남도 사천시 용현면,중상사고,0,1,1,0,차대차 - 측면충돌,안전운전불이행,건조,맑음,단일로 - 기타,승용,여,51세,상해없음,승용,남,53세,경상
2023032600100271,2023년 3월 26일 15시,일요일,경상남도 밀양시 삼랑진읍,중상사고,0,1,0,0,차대사람 - 기타,안전운전불이행,건조,맑음,단일로 - 기타,승용,남,56세,상해없음,보행자,여,80세,중상
2023032600100272,2023년 3월 26일 15시,일요일,경상남도 의령군 의령읍,경상사고,0,0,3,0,차대차 - 측면충돌,안전운전불이행,건조,맑음,교차로 - 교차로안,승용,여,71세,경상,승용,여,53세,경상
2023032600100307,2023년 3월 26일 16시,일요일,경상남도 창원시 진해구 광화동,경상사고,0,0,2,0,차대차 - 기타,신호위반,건조,맑음,교차로 - 교차로안,승용,남,28세,상해없음,승용,남,19세,경상
2023032600100308,2023년 3월 26일 16시,일요일,경상남도 창녕군 남지읍,경상사고,0,0,1,0,차대차 - 기타,기타,젖음/습기,흐림,단일로 - 기타,승용,여,42세,상해없음,승용,남,42세,경상
2023032600100309,2023년 3월 26일 16시,일요일,경상남도 창원시 의창구 북면,경상사고,0,0,1,0,차대차 - 추돌,안전거리미확보,건조,맑음,단일로 - 기타,승합,남,18세,상해없음,승용,남,35세,경상
2023032600100364,2023년 3월 26일 18시,일요일,경상남도 거제시 고현동,경상사고,0,0,1,0,차대사람 - 차도통행중,안전운전불이행,건조,맑음,교차로 - 교차로안,화물,남,41세,상해없음,보행자,여,71세,경상
2023032600100414,2023년 3월 26일 20시,일요일,경상남도 창원시 마산합포구 우산동,경상사고,0,0,1,0,차대차 - 추돌,안전거리미확보,건조,맑음,교차로 - 교차로부근,승용,남,52세,상해없음,승용,남,30세,경상
2023032600100415,2023년 3월 26일 20시,일요일,경상남도 김해시 서상동,경상사고,0,0,1,0,차량단독 - 공작물충돌,안전운전불이행,건조,맑음,단일로 - 기타,이륜,여,66세,경상,,,,
2023032600100416,2023년 3월 26일 20시,일요일,경상남도 창원시 성산구 신촌동,경상사고,0,0,1,0,차대차 - 측면충돌,안전거리미확보,건조,맑음,단일로 - 기타,승용,남,54세,상해없음,승용,남,31세,경상
2023032600100440,2023년 3월 26일 21시,일요일,경상남도 거창군 거창읍,중상사고,0,1,0,0,차대사람 - 차도통행중,안전운전불이행,건조,맑음,단일로 - 기타,이륜,남,49세,상해없음,보행자,남,55세,중상
2023032700100021,2023년 3월 27일 04시,월요일,경상남도 창원시 마산합포구 진전면,부상신고사고,0,0,0,1,차량단독 - 공작물충돌,안전운전불이행,건조,맑음,교차로 - 교차로안,화물,남,67세,부상신고,,,,
2023032700100039,2023년 3월 27일 06시,월요일,경상남도 양산시 동면,중상사고,0,1,0,0,차대차 - 측면충돌,불법유턴,건조,맑음,교차로 - 교차로안,승용,남,66세,상해없음,승용,남,32세,중상
2023032700100058,2023년 3월 27일 07시,월요일,경상남도 김해시 외동,부상신고사고,0,0,0,1,차대차 - 측면충돌,안전운전불이행,건조,맑음,단일로 - 기타,화물,남,61세,상해없음,승용,남,25세,부상신고
2023032700100100,2023년 3월 27일 08시,월요일,경상남도 진주시 금산면,경상사고,0,0,2,0,차대차 - 기타,안전운전불이행,건조,맑음,교차로 - 교차로안,자전거,여,9세,경상,승용,남,33세,경상
2023032700100101,2023년 3월 27일 08시,월요일,경상남도 밀양시 하남읍,중상사고,0,1,0,0,차대차 - 측면충돌,안전운전불이행,건조,맑음,단일로 - 기타,자전거,여,65세,중상,승용,남,50세,상해없음
2023032700100102,2023년 3월 27일 08시,월요일,경상남도 거창군 가조면,경상사고,0,0,1,0,차대차 - 측면충돌,직진우회전진행방해,건조,맑음,교차로 - 교차로안,승용,여,54세,상해없음,승용,여,65세,경상
2023032700100103,2023년 3월 27일 08시,월요일,경상남도 창녕군 계성면,중상사고,0,1,0,0,차대차 - 추돌,안전운전불이행,건조,맑음,교차로 - 교차로부근,승용,남,44세,상해없음,화물,남,54세,중상
2023032700100135,2023년 3월 27일 09시,월요일,경상남도 통영시 항남동,중상사고,0,1,0,0,차대사람 - 횡단중,안전운전불이행,건조,맑음,교차로 - 교차로부근,화물,남,74세,상해없음,보행자,남,71세,중상
2023032700100136,2023년 3월 27일 09시,월요일,경상남도 거제시 연초면,경상사고,0,0,1,0,차량단독 - 전도전복 - 전도,안전운전불이행,건조,맑음,단일로 - 기타,이륜,남,56세,경상,,,,
2023032700100185,2023년 3월 27일 11시,월요일,경상남도 김해시 어방동,경상사고,0,0,2,0,차대사람 - 횡단중,보행자보호의무위반,건조,맑음,교차로 - 교차로횡단보도내,승용,남,40세,상해없음,보행자,여,38세,경상
2023032700100211,2023년 3월 27일 12시,월요일,경상남도 밀양시 내이동,경상사고,0,0,2,0,차대차 - 정면충돌,교차로운행방법위반,건조,맑음,교차로 - 교차로안,승용,여,71세,경상,화물,남,50세,경상
2023032700100212,2023년 3월 27일 12시,월요일,경상남도 창녕군 길곡면,경상사고,0,0,2,0,차대차 - 기타,기타,건조,맑음,단일로 - 기타,승용,남,63세,기타불명,승용,남,60세,경상
2023032700100213,2023년 3월 27일 12시,월요일,경상남도 창원시 의창구 팔용동,경상사고,0,0,1,0,차량단독 - 기타,안전운전불이행,건조,맑음,단일로 - 기타,승용,남,65세,상해없음,,,,
2023032700100245,2023년 3월 27일 13시,월요일,경상남도 창원시 진해구 석동,중상사고,0,4,0,0,차대차 - 추돌,안전운전불이행,건조,맑음,단일로 - 터널,화물,남,48세,상해없음,승용,남,29세,중상
2023032700100246,2023년 3월 27일 13시,월요일,경상남도 양산시 물금읍,중상사고,0,1,2,0,차대차 - 추돌,안전운전불이행,건조,맑음,교차로 - 교차로부근,승용,여,32세,상해없음,승용,남,48세,중상
2023032700100275,2023년 3월 27일 14시,월요일,경상남도 창원시 진해구 통신동,경상사고,0,0,1,0,차대사람 - 횡단중,보행자보호의무위반,건조,맑음,단일로 - 기타,승용,여,41세,상해없음,보행자,남,88세,경상
2023032700100276,2023년 3월 27일 14시,월요일,경상남도 양산시 원동면,중상사고,0,1,2,0,차대차 - 정면충돌,중앙선침범,건조,맑음,단일로 - 기타,화물,남,49세,상해없음,승용,남,28세,경상
2023032700100277,2023년 3월 27일 14시,월요일,경상남도 함안군 칠원읍,경상사고,0,0,1,0,차대차 - 기타,교차로운행방법위반,건조,맑음,교차로 - 교차로안,화물,남,73세,상해없음,승용,남,61세,상해없음
2023032700100278,2023년 3월 27일 14시,월요일,경상남도 창원시 의창구 동읍,경상사고,0,0,1,0,차대차 - 정면충돌,안전거리미확보,건조,맑음,단일로 - 기타,승용,남,37세,상해없음,승용,남,35세,경상
2023032700100279,2023년 3월 27일 14시,월요일,경상남도 김해시 대청동,경상사고,0,0,2,1,차대차 - 추돌,안전운전불이행,건조,맑음,단일로 - 기타,화물,남,37세,경상,화물,남,44세,부상신고
2023032700100280,2023년 3월 27일 14시,월요일,경상남도 김해시 대청동,경상사고,0,0,3,1,차대차 - 후진중충돌,기타,건조,맑음,단일로 - 기타,화물,남,58세,상해없음,승용,남,28세,부상신고
2023032700100316,2023년 3월 27일 15시,월요일,경상남도 양산시 물금읍,중상사고,0,1,0,0,차대차 - 후진중충돌,안전운전불이행,건조,맑음,주차장 - 주차장,승용,남,40세,기타불명,이륜,남,66세,중상
2023032700100317,2023년 3월 27일 15시,월요일,경상남도 양산시 남부동,경상사고,0,0,2,0,차대차 - 측면충돌,안전운전불이행,건조,맑음,교차로 - 교차로부근,이륜,여,70세,기타불명,승용,여,47세,경상
2023032700100318,2023년 3월 27일 15시,월요일,경상남도 의령군 의령읍,중상사고,0,1,0,0,차대차 - 측면충돌,안전운전불이행,건조,맑음,단일로 - 기타,승용,여,61세,상해없음,이륜,여,62세,중상
2023032700100319,2023년 3월 27일 15시,월요일,경상남도 창원시 마산회원구 석전동,중상사고,0,1,0,0,차량단독 - 기타,안전운전불이행,건조,맑음,단일로 - 기타,승합,남,51세,상해없음,,,,
2023032700100320,2023년 3월 27일 15시,월요일,경상남도 함안군 칠원읍,중상사고,0,2,0,0,차대차 - 추돌,안전운전불이행,건조,맑음,단일로 - 기타,특수,남,33세,상해없음,승용,남,45세,상해없음
2023032700100358,2023년 3월 27일 16시,월요일,경상남도 진주시 상평동,경상사고,0,0,1,0,차대차 - 측면충돌,중앙선침범,건조,맑음,단일로 - 기타,화물,남,62세,상해없음,이륜,남,22세,경상
2023032700100359,2023년 3월 27일 16시,월요일,경상남도 창원시 진해구 자은동,경상사고,0,0,1,0,차대차 - 측면충돌,직진우회전진행방해,건조,맑음,교차로 - 교차로안,승용,남,73세,상해없음,자전거,여,63세,경상
2023032700100360,2023년 3월 27일 16시,월요일,경상남도 통영시 무전동,경상사고,0,0,1,0,차량단독 - 공작물충돌,안전운전불이행,건조,맑음,단일로 - 기타,승용,여,39세,경상,,,,
2023032700100361,2023년 3월 27일 16시,월요일,경상남도 양산시 남부동,중상사고,0,1,0,0,차대사람 - 횡단중,안전운전불이행,건조,맑음,단일로 - 기타,승용,남,63세,상해없음,보행자,여,86세,중상
2023032700100362,2023년 3월 27일 16시,월요일,경상남도 창원시 성산구 성주동,중상사고,0,1,1,0,차대차 - 측면충돌,안전거리미확보,건조,맑음,단일로 - 기타,화물,남,58세,상해없음,승용,여,52세,경상
2023032700100407,2023년 3월 27일 17시,월요일,경상남도 고성군 고성읍,중상사고,0,1,0,0,차대차 - 기타,안전운전불이행,건조,맑음,단일로 - 기타,승용,여,58세,상해없음,승용,여,61세,상해없음
2023032700100408,2023년 3월 27일 17시,월요일,경상남도 창원시 의창구 북면,경상사고,0,0,1,0,차대차 - 정면충돌,안전운전불이행,건조,맑음,단일로 - 기타,화물,남,70세,상해없음,화물,남,57세,경상
2023032700100487,2023년 3월 27일 19시,월요일,경상남도 김해시 한림면,경상사고,0,0,1,1,차대차 - 추돌,안전운전불이행,건조,맑음,단일로 - 기타,승용,남,65세,부상신고,승용,여,26세,경상
2023032700100517,2023년 3월 27일 20시,월요일,경상남도 함안군 칠원읍,사망사고,1,0,0,0,차대사람 - 횡단중,안전운전불이행,건조,맑음,교차로 - 교차로부근,승용,남,62세,상해없음,보행자,여,80세,사망
2023032700100531,2023년 3월 27일 21시,월요일,경상남도 밀양시 하남읍,경상사고,0,0,1,0,차대사람 - 길가장자리구역통행중,안전운전불이행,건조,맑음,단일로 - 기타,승용,여,62세,상해없음,보행자,남,42세,경상
2023032700100547,2023년 3월 27일 22시,월요일,경상남도 거제시 일운면,경상사고,0,0,1,0,차대차 - 기타,안전운전불이행,건조,맑음,교차로 - 교차로안,승용,남,44세,상해없음,화물,남,38세,경상
2023032800100010,2023년 3월 28일 01시,화요일,경상남도 통영시 용남면,중상사고,0,1,0,0,차량단독 - 공작물충돌,안전운전불이행,건조,맑음,단일로 - 기타,승용,여,41세,중상,,,,
2023032800100042,2023년 3월 28일 06시,화요일,경상남도 양산시 남부동,경상사고,0,0,1,0,차대차 - 정면충돌,신호위반,건조,맑음,교차로 - 교차로안,승용,여,49세,상해없음,승용,남,36세,경상
2023032800100067,2023년 3월 28일 07시,화요일,경상남도 김해시 외동,경상사고,0,0,2,0,차대차 - 추돌,안전거리미확보,건조,맑음,단일로 - 기타,화물,남,65세,상해없음,승용,여,57세,경상
2023032800100068,2023년 3월 28일 07시,화요일,경상남도 의령군 가례면,중상사고,0,2,0,0,차량단독 - 도로외이탈 - 추락,안전운전불이행,건조,맑음,단일로 - 기타,화물,남,75세,중상,,,,
2023032800100118,2023년 3월 28일 08시,화요일,경상남도 양산시 북부동,중상사고,0,1,0,0,차대사람 - 횡단중,보행자보호의무위반,건조,맑음,단일로 - 기타,승용,남,62세,상해없음,보행자,여,67세,중상
2023032800100150,2023년 3월 28일 09시,화요일,경상남도 창원시 마산회원구 내서읍,경상사고,0,0,2,0,차대차 - 정면충돌,안전운전불이행,건조,맑음,단일로 - 기타,승용,여,63세,상해없음,화물,남,66세,경상
2023032800100182,2023년 3월 28일 10시,화요일,경상남도 김해시 외동,중상사고,0,1,0,0,차대사람 - 횡단중,신호위반,건조,맑음,교차로 - 교차로부근,승용,여,54세,상해없음,보행자,여,19세,중상
2023032800100183,2023년 3월 28일 10시,화요일,경상남도 창원시 마산회원구 봉암동,경상사고,0,0,2,0,차대차 - 측면충돌,신호위반,건조,맑음,교차로 - 교차로부근,승용,남,22세,상해없음,승용,여,51세,경상
2023032800100220,2023년 3월 28일 11시,화요일,경상남도 남해군 남면,부상신고사고,0,0,0,1,차대사람 - 기타,안전운전불이행,건조,맑음,단일로 - 기타,승합,여,61세,상해없음,보행자,여,58세,부상신고
2023032800100221,2023년 3월 28일 11시,화요일,경상남도 창원시 의창구 팔용동,경상사고,0,0,2,0,차대차 - 기타,안전운전불이행,기타,맑음,기타 - 기타,화물,남,36세,상해없음,화물,남,27세,경상
2023032800100286,2023년 3월 28일 13시,화요일,경상남도 진주시 봉곡동,경상사고,0,0,2,0,차대차 - 기타,신호위반,건조,맑음,교차로 - 교차로안,원동기,남,34세,상해없음,승용,남,73세,경상
2023032800100287,2023년 3월 28일 13시,화요일,경상남도 통영시 미수동,부상신고사고,0,0,0,1,차대사람 - 기타,안전운전불이행,건조,맑음,단일로 - 기타,기타불명,기타불명,미분류,기타불명,보행자,남,66세,부상신고
2023032800100288,2023년 3월 28일 13시,화요일,경상남도 밀양시 내이동,중상사고,0,1,0,0,차량단독 - 공작물충돌,안전운전불이행,건조,맑음,단일로 - 기타,승용,남,84세,중상,,,,