사고번호,사고일시,요일,시군구,사고내용,사망자수,중상자수,경상자수,부상신고자수,사고유형,법규위반,노면상태,기상상태,도로형태,가해운전자 차종,가해운전자 성별,가해운전자 연령,가해운전자 상해정도,피해운전자 차종,피해운전자 성별,피해운전자 연령,피해운전자 상해정도
2023032800100289,2023년 3월 28일 13시,화요일,경상남도 창원시 의창구 팔용동,중상사고,0,1,0,0,차대차 - 측면충돌,안전거리미확보,건조,맑음,기타 - 기타,화물,남,52세,상해없음,승용,남,44세,중상
2023032800100310,2023년 3월 28일 14시,화요일,경상남도 산청군 오부면,중상사고,0,1,0,0,차량단독 - 공작물충돌,안전운전불이행,건조,맑음,단일로 - 기타,화물,남,66세,중상,,,,
2023032800100343,2023년 3월 28일 15시,화요일,경상남도 창원시 진해구 경화동,경상사고,0,0,2,0,차대차 - 측면충돌,안전운전불이행,건조,맑음,단일로 - 기타,승용,남,30세,경상,승용,남,30세,경상
2023032800100345,2023년 3월 28일 15시,화요일,경상남도 밀양시 내이동,중상사고,0,1,0,0,차대차 - 측면충돌,교차로운행방법위반,건조,맑음,교차로 - 교차로안,승용,남,77세,상해없음,승용,남,75세,중상
2023032800100388,2023년 3월 28일 16시,화요일,경상남도 창원시 진해구 자은동,경상사고,0,0,1,0,차대차 - 추돌,안전운전불이행,건조,맑음,단일로 - 기타,승용,여,43세,상해없음,승용,여,39세,경상
2023032800100389,2023년 3월 28일 16시,화요일,경상남도 통영시 무전동,경상사고,0,0,1,0,차대차 - 정면충돌,중앙선침범,건조,맑음,교차로 - 교차로안,자전거,남,75세,경상,화물,남,55세,상해없음
2023032800100432,2023년 3월 28일 17시,화요일,경상남도 창원시 진해구 경화동,경상사고,0,0,1,0,차대차 - 후진중충돌,안전운전불이행,건조,맑음,교차로 - 교차로부근,승용,남,76세,상해없음,승용,남,41세,경상
2023032800100433,2023년 3월 28일 17시,화요일,경상남도 김해시 내동,경상사고,0,0,1,0,차대차 - 측면충돌,중앙선침범,건조,맑음,교차로 - 교차로안,자전거,남,26세,경상,승용,남,39세,상해없음
2023032800100434,2023년 3월 28일 17시,화요일,경상남도 거창군 거창읍,중상사고,0,1,0,0,차대차 - 측면충돌,신호위반,건조,맑음,교차로 - 교차로안,이륜,남,13세,중상,화물,남,79세,상해없음
2023032800100436,2023년 3월 28일 17시,화요일,경상남도 창원시 성산구 반림동,중상사고,0,1,0,0,차량단독 - 기타,안전운전불이행,건조,맑음,단일로 - 기타,승합,남,48세,상해없음,,,,
2023032800100437,2023년 3월 28일 17시,화요일,경상남도 창원시 마산회원구 양덕동,경상사고,0,0,1,0,차대차 - 측면충돌,안전운전불이행,건조,맑음,교차로 - 교차로안,승합,남,60세,상해없음,승용,여,54세,경상
2023032800100467,2023년 3월 28일 18시,화요일,경상남도 거제시 옥포동,경상사고,0,0,2,0,차대차 - 측면충돌,교차로운행방법위반,건조,맑음,교차로 - 교차로안,승용,남,69세,기타불명,승용,여,45세,경상
2023032800100468,2023년 3월 28일 18시,화요일,경상남도 창원시 마산회원구 양덕동,경상사고,0,0,2,0,차대차 - 측면충돌,안전운전불이행,건조,기타,단일로 - 기타,승용,남,64세,상해없음,승용,여,50세,경상
2023032800100508,2023년 3월 28일 19시,화요일,경상남도 진주시 유곡동,경상사고,0,0,3,0,차대차 - 추돌,안전운전불이행,건조,맑음,교차로 - 교차로부근,승용,남,62세,상해없음,화물,남,59세,경상
2023032800100528,2023년 3월 28일 20시,화요일,경상남도 창원시 마산합포구 중성동,경상사고,0,0,1,0,차대사람 - 횡단중,보행자보호의무위반,건조,맑음,단일로 - 기타,이륜,남,29세,상해없음,보행자,남,36세,경상
2023032800100529,2023년 3월 28일 20시,화요일,경상남도 창원시 진해구 경화동,경상사고,0,0,1,0,차대차 - 측면충돌,안전운전불이행,건조,맑음,기타 - 기타,승용,남,60세,상해없음,승용,남,42세,경상
2023032800100530,2023년 3월 28일 20시,화요일,경상남도 김해시 어방동,부상신고사고,0,0,0,1,차대사람 - 보도통행중,기타,건조,맑음,기타 - 기타,이륜,남,53세,상해없음,보행자,남,18세,부상신고
2023032800100531,2023년 3월 28일 20시,화요일,경상남도 김해시 주촌면,중상사고,0,2,0,0,차대차 - 측면충돌,안전운전불이행,건조,맑음,교차로 - 교차로안,승용,남,63세,상해없음,승용,남,30세,중상
2023032800100566,2023년 3월 28일 22시,화요일,경상남도 창원시 의창구 소답동,경상사고,0,0,1,0,차대차 - 기타,교차로운행방법위반,건조,맑음,교차로 - 교차로안,승용,남,47세,상해없음,개인형이동수단(PM),남,47세,경상
2023032900100029,2023년 3월 29일 05시,수요일,경상남도 김해시 삼정동,경상사고,0,0,1,0,차대사람 - 횡단중,안전운전불이행,건조,맑음,단일로 - 기타,승용,남,56세,상해없음,보행자,남,64세,경상
2023032900100030,2023년 3월 29일 05시,수요일,경상남도 창원시 의창구 동정동,사망사고,1,0,0,0,차대차 - 추돌,안전운전불이행,건조,맑음,기타 - 기타,화물,남,29세,사망,특수,남,63세,기타불명
2023032900100045,2023년 3월 29일 06시,수요일,경상남도 양산시 물금읍,중상사고,0,1,0,0,차대차 - 측면충돌,안전거리미확보,건조,맑음,단일로 - 기타,승용,남,63세,상해없음,승용,남,58세,중상
2023032900100063,2023년 3월 29일 07시,수요일,경상남도 통영시 정량동,중상사고,0,1,1,0,차대차 - 측면충돌,신호위반,건조,맑음,교차로 - 교차로안,승용,남,65세,상해없음,화물,남,40세,중상
2023032900100064,2023년 3월 29일 07시,수요일,경상남도 고성군 거류면,중상사고,0,1,1,0,차대차 - 측면충돌,중앙선침범,건조,맑음,단일로 - 기타,승용,여,41세,경상,이륜,남,32세,중상
2023032900100065,2023년 3월 29일 07시,수요일,경상남도 창원시 성산구 용호동,경상사고,0,0,1,0,차대사람 - 횡단중,교차로운행방법위반,건조,맑음,교차로 - 교차로안,승용,남,29세,상해없음,보행자,남,42세,경상
2023032900100101,2023년 3월 29일 08시,수요일,경상남도 진주시 금산면,중상사고,0,1,0,0,차대차 - 측면충돌,직진우회전진행방해,건조,맑음,교차로 - 교차로안,화물,남,42세,상해없음,승용,남,27세,중상
2023032900100102,2023년 3월 29일 08시,수요일,경상남도 합천군 삼가면,중상사고,0,1,0,0,차대차 - 측면충돌,안전운전불이행,건조,맑음,교차로 - 교차로안,화물,남,72세,상해없음,자전거,남,85세,중상
2023032900100103,2023년 3월 29일 08시,수요일,경상남도 창원시 의창구 대산면,경상사고,0,0,1,0,차대차 - 측면충돌,신호위반,건조,맑음,교차로 - 교차로안,승용,여,29세,상해없음,이륜,남,83세,경상
2023032900100132,2023년 3월 29일 09시,수요일,경상남도 양산시 상북면,경상사고,0,0,1,0,차대차 - 추돌,안전운전불이행,건조,맑음,교차로 - 교차로안,승용,남,67세,상해없음,화물,남,62세,경상
2023032900100142,2023년 3월 29일 10시,수요일,경상남도 밀양시 삼랑진읍,경상사고,0,0,1,0,차대차 - 추돌,안전거리미확보,건조,맑음,단일로 - 터널,화물,남,58세,상해없음,승용,남,61세,경상
2023032900100189,2023년 3월 29일 11시,수요일,경상남도 김해시 대청동,경상사고,0,0,1,0,차대차 - 측면충돌,교차로운행방법위반,건조,맑음,교차로 - 교차로부근,승용,여,48세,상해없음,승용,남,25세,경상
2023032900100214,2023년 3월 29일 12시,수요일,경상남도 창원시 의창구 팔용동,경상사고,0,0,2,0,차대차 - 추돌,안전운전불이행,건조,맑음,단일로 - 기타,승용,남,59세,상해없음,승용,여,41세,경상
2023032900100242,2023년 3월 29일 13시,수요일,경상남도 창원시 진해구 석동,중상사고,0,1,0,0,차대사람 - 횡단중,보행자보호의무위반,건조,맑음,교차로 - 교차로부근,화물,남,48세,상해없음,보행자,여,57세,중상
2023032900100243,2023년 3월 29일 13시,수요일,경상남도 창원시 의창구 봉곡동,경상사고,0,0,2,0,차대차 - 정면충돌,중앙선침범,건조,맑음,단일로 - 기타,승용,남,73세,상해없음,승용,여,57세,경상
2023032900100296,2023년 3월 29일 14시,수요일,경상남도 양산시 유산동,중상사고,0,1,0,0,차대차 - 추돌,안전운전불이행,건조,맑음,교차로 - 교차로부근,승용,여,51세,상해없음,승용,남,48세,중상
2023032900100361,2023년 3월 29일 16시,수요일,경상남도 김해시 불암동,중상사고,0,1,2,0,차대차 - 추돌,안전운전불이행,건조,맑음,단일로 - 기타,화물,남,60세,상해없음,화물,남,60세,중상
2023032900100362,2023년 3월 29일 16시,수요일,경상남도 하동군 적량면,경상사고,0,0,1,0,차대차 - 기타,안전운전불이행,건조,맑음,교차로 - 교차로부근,자전거,남,15세,경상,승용,남,67세,상해없음
2023032900100402,2023년 3월 29일 17시,수요일,경상남도 창원시 진해구 풍호동,경상사고,0,0,1,0,차대차 - 측면충돌,안전운전불이행,건조,맑음,단일로 - 기타,승용,남,31세,상해없음,이륜,남,65세,경상
2023032900100446,2023년 3월 29일 18시,수요일,경상남도 거창군 남상면,부상신고사고,0,0,0,1,차량단독 - 전도전복 - 전도,안전운전불이행,건조,맑음,단일로 - 기타,이륜,남,68세,부상신고,,,,
2023032900100447,2023년 3월 29일 18시,수요일,경상남도 거제시 문동동,경상사고,0,0,1,0,차대차 - 측면충돌,신호위반,건조,맑음,교차로 - 교차로횡단보도내,승용,남,57세,상해없음,자전거,남,51세,경상
2023032900100486,2023년 3월 29일 19시,수요일,경상남도 김해시 외동,경상사고,0,0,1,0,차대차 - 측면충돌,안전운전불이행,건조,맑음,교차로 - 교차로안,승용,남,47세,상해없음,화물,남,55세,경상
2023032900100487,2023년 3월 29일 19시,수요일,경상남도 김해시 진영읍,경상사고,0,0,1,0,차대차 - 측면충돌,안전거리미확보,건조,맑음,교차로 - 교차로안,승용,남,77세,상해없음,승용,남,31세,경상
2023032900100511,2023년 3월 29일 20시,수요일,경상남도 거제시 고현동,경상사고,0,0,1,0,차대차 - 측면충돌,안전운전불이행,건조,맑음,교차로 - 교차로부근,승용,남,54세,상해없음,승용,여,26세,경상
2023032900100526,2023년 3월 29일 21시,수요일,경상남도 창원시 마산회원구 석전동,경상사고,0,0,3,0,차대차 - 측면충돌,안전운전불이행,건조,기타,단일로 - 기타,승용,남,69세,기타불명,승용,남,36세,경상
2023032900100555,2023년 3월 29일 22시,수요일,경상남도 창원시 진해구 경화동,경상사고,0,0,1,0,차대차 - 추돌,안전운전불이행,건조,맑음,교차로 - 교차로부근,승용,여,26세,상해없음,승용,여,55세,경상
2023032900100569,2023년 3월 29일 23시,수요일,경상남도 진주시 초전동,경상사고,0,0,1,0,차대차 - 후진중충돌,안전운전불이행,건조,맑음,단일로 - 기타,승용,남,37세,상해없음,승용,남,37세,경상
2023033000100011,2023년 3월 30일 00시,목요일,경상남도 창원시 진해구 경화동,중상사고,0,1,0,0,차대차 - 정면충돌,신호위반,건조,맑음,교차로 - 교차로안,승용,남,49세,상해없음,이륜,남,55세,중상
2023033000100048,2023년 3월 30일 05시,목요일,경상남도 김해시 전하동,경상사고,0,0,2,0,차대차 - 측면충돌,교차로운행방법위반,건조,맑음,교차로 - 교차로안,승용,여,46세,상해없음,승용,남,47세,경상
2023033000100049,2023년 3월 30일 05시,목요일,경상남도 의령군 가례면,중상사고,0,1,1,0,차대차 - 추돌,안전운전불이행,건조,맑음,단일로 - 기타,건설기계,남,48세,상해없음,건설기계,남,45세,중상
2023033000100055,2023년 3월 30일 06시,목요일,경상남도 통영시 용남면,경상사고,0,0,2,0,차대차 - 측면충돌,안전운전불이행,건조,맑음,단일로 - 기타,승용,여,33세,상해없음,승합,남,62세,상해없음
2023033000100056,2023년 3월 30일 06시,목요일,경상남도 창원시 의창구 도계동,경상사고,0,0,1,0,차대차 - 추돌,안전운전불이행,건조,맑음,교차로 - 교차로부근,승용,남,61세,상해없음,승용,남,42세,경상
2023033000100079,2023년 3월 30일 07시,목요일,경상남도 창원시 성산구 내동,경상사고,0,0,1,0,차대차 - 측면충돌,안전운전불이행,건조,맑음,교차로 - 교차로부근,건설기계,남,58세,상해없음,승용,여,26세,경상
2023033000100080,2023년 3월 30일 07시,목요일,경상남도 김해시 주촌면,경상사고,0,0,1,0,차대차 - 측면충돌,안전운전불이행,건조,맑음,단일로 - 기타,승용,남,78세,상해없음,자전거,남,60세,경상
2023033000100112,2023년 3월 30일 08시,목요일,경상남도 통영시 도산면,경상사고,0,0,2,0,차대차 - 측면충돌,신호위반,건조,맑음,교차로 - 교차로안,화물,남,30세,경상,승용,여,34세,경상
2023033000100153,2023년 3월 30일 09시,목요일,경상남도 김해시 부원동,경상사고,0,0,2,0,차대차 - 추돌,안전거리미확보,건조,맑음,단일로 - 기타,화물,남,50세,상해없음,승용,여,43세,경상
2023033000100154,2023년 3월 30일 09시,목요일,경상남도 창원시 성산구 가음동,경상사고,0,0,1,0,차대차 - 기타,안전거리미확보,건조,맑음,교차로 - 교차로부근,승용,여,58세,상해없음,승합,남,48세,경상
2023033000100155,2023년 3월 30일 09시,목요일,경상남도 김해시 대청동,경상사고,0,0,1,0,차대차 - 측면충돌,차로위반,건조,맑음,단일로 - 기타,승용,남,54세,상해없음,승용,남,34세,경상
2023033000100183,2023년 3월 30일 10시,목요일,경상남도 김해시 서상동,경상사고,0,0,1,0,차대차 - 측면충돌,중앙선침범,건조,맑음,단일로 - 기타,승용,여,51세,상해없음,승용,여,48세,경상
2023033000100214,2023년 3월 30일 11시,목요일,경상남도 양산시 북정동,경상사고,0,0,1,0,차대차 - 추돌,안전거리미확보,건조,맑음,교차로 - 교차로부근,승용,남,47세,상해없음,승용,여,55세,경상
2023033000100242,2023년 3월 30일 12시,목요일,경상남도 거제시 아주동,중상사고,0,1,0,0,차대차 - 측면충돌,신호위반,건조,맑음,교차로 - 교차로안,이륜,남,43세,상해없음,자전거,남,72세,중상
2023033000100243,2023년 3월 30일 12시,목요일,경상남도 김해시 신문동,경상사고,0,0,1,0,차대차 - 측면충돌,안전운전불이행,건조,맑음,교차로 - 교차로부근,화물,남,51세,상해없음,승용,남,35세,경상
2023033000100325,2023년 3월 30일 15시,목요일,경상남도 창원시 마산합포구 신포동1가,경상사고,0,0,2,0,차대차 - 기타,교차로운행방법위반,건조,맑음,교차로 - 교차로안,승용,남,74세,상해없음,승용,여,45세,경상
2023033000100326,2023년 3월 30일 15시,목요일,경상남도 김해시 삼방동,경상사고,0,0,1,0,차대차 - 정면충돌,안전운전불이행,건조,맑음,단일로 - 기타,승합,남,23세,상해없음,승용,여,42세,경상
2023033000100327,2023년 3월 30일 15시,목요일,경상남도 창원시 성산구 신월동,경상사고,0,0,1,0,차대차 - 정면충돌,안전운전불이행,건조,맑음,교차로 - 교차로안,승용,여,75세,상해없음,자전거,여,43세,경상
2023033000100363,2023년 3월 30일 16시,목요일,경상남도 거제시 장승포동,경상사고,0,0,1,0,차대차 - 기타,안전거리미확보,건조,맑음,교차로 - 교차로부근,승용,남,70세,상해없음,승용,여,56세,경상
2023033000100448,2023년 3월 30일 18시,목요일,경상남도 창원시 진해구 경화동,경상사고,0,0,2,0,차대차 - 기타,안전거리미확보,건조,맑음,단일로 - 기타,승용,남,64세,상해없음,승용,남,48세,상해없음
2023033000100449,2023년 3월 30일 18시,목요일,경상남도 창녕군 남지읍,중상사고,0,1,0,0,차대사람 - 횡단중,신호위반,건조,맑음,교차로 - 교차로안,승용,여,36세,상해없음,보행자,남,16세,중상
2023033000100450,2023년 3월 30일 18시,목요일,경상남도 함양군 함양읍,경상사고,0,0,1,0,차대사람 - 횡단중,안전운전불이행,건조,맑음,단일로 - 기타,승용,여,35세,상해없음,보행자,여,71세,경상
2023033000100451,2023년 3월 30일 18시,목요일,경상남도 창원시 의창구 봉곡동,중상사고,0,1,0,0,차대차 - 기타,안전운전불이행,건조,맑음,단일로 - 기타,승용,남,53세,상해없음,자전거,남,71세,중상
2023033000100494,2023년 3월 30일 19시,목요일,경상남도 통영시 북신동,경상사고,0,0,1,0,차대사람 - 차도통행중,불법유턴,건조,맑음,단일로 - 기타,승용,여,33세,상해없음,보행자,여,47세,경상
2023033000100497,2023년 3월 30일 19시,목요일,경상남도 거제시 사등면,경상사고,0,0,1,0,차대사람 - 기타,보행자보호의무위반,건조,맑음,단일로 - 기타,승용,남,58세,상해없음,보행자,남,69세,경상
2023033000100498,2023년 3월 30일 19시,목요일,경상남도 산청군 단성면,중상사고,0,1,0,0,차대사람 - 횡단중,안전운전불이행,건조,맑음,단일로 - 기타,이륜,남,69세,상해없음,보행자,남,67세,중상
2023033000100522,2023년 3월 30일 20시,목요일,경상남도 사천시 대방동,경상사고,0,0,2,0,차대차 - 측면충돌,직진우회전진행방해,건조,맑음,교차로 - 교차로안,화물,남,29세,상해없음,승용,남,57세,경상
2023033000100548,2023년 3월 30일 21시,목요일,경상남도 창원시 성산구 웅남동,경상사고,0,0,1,0,차대차 - 측면충돌,안전거리미확보,건조,맑음,교차로 - 교차로부근,승합,남,67세,상해없음,승용,남,48세,경상
2023033000100569,2023년 3월 30일 22시,목요일,경상남도 밀양시 가곡동,경상사고,0,0,2,0,차대차 - 추돌,안전운전불이행,건조,맑음,교차로 - 교차로부근,승용,남,43세,상해없음,승용,여,54세,경상
2023033100100026,2023년 3월 31일 03시,금요일,경상남도 거제시 일운면,경상사고,0,0,2,0,차대차 - 정면충돌,신호위반,건조,맑음,교차로 - 교차로안,자전거,남,67세,경상,이륜,남,62세,경상
2023033100100038,2023년 3월 31일 05시,금요일,경상남도 통영시 항남동,경상사고,0,0,1,0,차대차 - 측면충돌,안전운전불이행,건조,맑음,교차로 - 교차로안,승용,남,20세,상해없음,이륜,남,38세,경상
2023033100100039,2023년 3월 31일 05시,금요일,경상남도 사천시 사천읍,경상사고,0,0,1,0,차대차 - 측면충돌,직진우회전진행방해,건조,맑음,교차로 - 교차로안,승용,남,66세,상해없음,승용,남,64세,경상
2023033100100059,2023년 3월 31일 07시,금요일,경상남도 통영시 광도면,경상사고,0,0,4,0,차대차 - 추돌,안전운전불이행,건조,맑음,교차로 - 교차로부근,승용,남,50세,기타불명,승용,남,54세,경상
2023033100100088,2023년 3월 31일 08시,금요일,경상남도 창원시 마산합포구 자산동,경상사고,0,0,1,0,차대사람 - 보도통행중,기타,건조,맑음,단일로 - 기타,이륜,남,80세,상해없음,보행자,남,66세,경상
2023033100100137,2023년 3월 31일 09시,금요일,경상남도 창원시 마산합포구 서성동,경상사고,0,0,3,0,차대차 - 측면충돌,신호위반,건조,맑음,교차로 - 교차로안,승용,여,57세,상해없음,승합,남,60세,경상
2023033100100138,2023년 3월 31일 09시,금요일,경상남도 김해시 진영읍,중상사고,0,1,0,0,차대차 - 측면충돌,안전거리미확보,건조,맑음,단일로 - 기타,화물,남,46세,상해없음,승용,여,30세,중상
2023033100100139,2023년 3월 31일 09시,금요일,경상남도 김해시 진영읍,경상사고,0,0,1,0,차대차 - 측면충돌,교차로운행방법위반,건조,맑음,교차로 - 교차로부근,화물,남,44세,상해없음,화물,남,48세,경상
2023033100100180,2023년 3월 31일 10시,금요일,경상남도 창원시 마산회원구 회원동,중상사고,0,1,1,0,차대차 - 추돌,안전운전불이행,건조,맑음,교차로 - 교차로안,승용,남,63세,상해없음,승용,남,76세,상해없음
2023033100100220,2023년 3월 31일 11시,금요일,경상남도 김해시 동상동,중상사고,0,2,0,0,차대차 - 측면충돌,불법유턴,건조,맑음,교차로 - 교차로안,승용,남,71세,상해없음,승용,남,68세,중상
2023033100100221,2023년 3월 31일 11시,금요일,경상남도 김해시 삼방동,경상사고,0,0,1,0,차대차 - 측면충돌,안전운전불이행,건조,맑음,교차로 - 교차로안,이륜,남,83세,상해없음,이륜,남,40세,경상
2023033100100280,2023년 3월 31일 13시,금요일,경상남도 남해군 남해읍,경상사고,0,0,1,1,차대차 - 측면충돌,교차로운행방법위반,건조,맑음,교차로 - 교차로안,화물,남,74세,부상신고,승용,남,32세,경상
2023033100100312,2023년 3월 31일 14시,금요일,경상남도 창원시 마산합포구 자산동,경상사고,0,0,3,0,차대차 - 정면충돌,중앙선침범,건조,맑음,교차로 - 교차로부근,승용,남,77세,경상,승용,남,22세,경상
2023033100100352,2023년 3월 31일 15시,금요일,경상남도 진주시 상대동,중상사고,0,1,0,0,차대차 - 측면충돌,안전운전불이행,건조,맑음,단일로 - 기타,승용,남,27세,상해없음,자전거,남,79세,중상
2023033100100353,2023년 3월 31일 15시,금요일,경상남도 거창군 거창읍,중상사고,0,1,0,0,차대차 - 측면충돌,안전운전불이행,건조,맑음,교차로 - 교차로안,승용,남,39세,상해없음,이륜,남,60세,중상
2023033100100394,2023년 3월 31일 16시,금요일,경상남도 김해시 삼방동,경상사고,0,0,2,0,차대차 - 정면충돌,직진우회전진행방해,건조,맑음,단일로 - 기타,이륜,남,22세,상해없음,승용,여,60세,경상
2023033100100395,2023년 3월 31일 16시,금요일,경상남도 의령군 부림면,경상사고,0,0,1,0,차대차 - 측면충돌,안전운전불이행,건조,맑음,단일로 - 기타,화물,남,67세,기타불명,자전거,여,79세,경상
2023033100100396,2023년 3월 31일 16시,금요일,경상남도 창원시 의창구 팔용동,경상사고,0,0,1,0,차대사람 - 기타,안전운전불이행,건조,맑음,교차로 - 교차로부근,승용,남,37세,상해없음,보행자,남,11세,경상
2023033100100499,2023년 3월 31일 18시,금요일,경상남도 통영시 광도면,경상사고,0,0,1,0,차대사람 - 기타,안전운전불이행,건조,맑음,주차장 - 주차장,승용,남,59세,상해없음,보행자,남,57세,경상
2023033100100543,2023년 3월 31일 19시,금요일,경상남도 통영시 광도면,경상사고,0,0,3,0,차대차 - 추돌,안전거리미확보,건조,맑음,단일로 - 기타,승용,남,57세,상해없음,승용,여,45세,경상
2023033100100577,2023년 3월 31일 20시,금요일,경상남도 거제시 고현동,중상사고,0,1,0,0,차대차 - 기타,신호위반,건조,맑음,교차로 - 교차로안,승용,여,66세,상해없음,승용,여,31세,중상
2023033100100578,2023년 3월 31일 20시,금요일,경상남도 창원시 마산회원구 내서읍,경상사고,0,0,1,0,차대차 - 정면충돌,신호위반,건조,맑음,교차로 - 교차로안,승용,남,44세,상해없음,승용,남,53세,경상
2023033100100616,2023년 3월 31일 22시,금요일,경상남도 창원시 성산구 반지동,중상사고,0,1,0,0,차대사람 - 횡단중,안전운전불이행,건조,맑음,교차로 - 교차로안,승용,여,59세,상해없음,보행자,남,71세,중상
2023040100100013,2023년 4월 1일 00시,토요일,경상남도 거제시 고현동,중상사고,0,1,0,0,차대차 - 기타,안전운전불이행,건조,맑음,단일로 - 기타,승용,남,44세,상해없음,자전거,남,68세,중상
2023040100100093,2023년 4월 1일 08시,토요일,경상남도 사천시 사천읍,경상사고,0,0,1,1,차대차 - 측면충돌,안전운전불이행,건조,맑음,교차로 - 교차로부근,화물,남,30세,상해없음,승용,여,33세,경상
2023040100100094,2023년 4월 1일 08시,토요일,경상남도 창원시 의창구 북면,경상사고,0,0,2,0,차대차 - 기타,기타,건조,맑음,단일로 - 기타,특수,남,40세,경상,특수,남,47세,경상
2023040100100114,2023년 4월 1일 09시,토요일,경상남도 밀양시 상남면,부상신고사고,0,0,0,1,차대차 - 기타,교차로운행방법위반,건조,맑음,교차로 - 교차로안,승용,여,54세,상해없음,자전거,남,10세,부상신고
2023040100100115,2023년 4월 1일 09시,토요일,경상남도 진주시 정촌면,중상사고,0,1,2,0,차대차 - 추돌,안전거리미확보,건조,맑음,단일로 - 기타,승합,남,62세,상해없음,승용,남,71세,중상
2023040100100144,2023년 4월 1일 10시,토요일,경상남도 창원시 진해구 여좌동,경상사고,0,0,2,0,차대차 - 후진중충돌,안전운전불이행,건조,맑음,교차로 - 교차로안,승용,남,53세,상해없음,승용,남,37세,경상
2023040100100145,2023년 4월 1일 10시,토요일,경상남도 고성군 고성읍,부상신고사고,0,0,0,2,차대차 - 추돌,안전운전불이행,건조,맑음,단일로 - 기타,화물,남,81세,부상신고,승용,남,56세,부상신고
2023040100100176,2023년 4월 1일 11시,토요일,경상남도 창원시 진해구 이동,경상사고,0,0,2,0,차대차 - 정면충돌,중앙선침범,건조,맑음,교차로 - 교차로부근,이륜,남,45세,경상,승합,남,36세,경상
2023040100100177,2023년 4월 1일 11시,토요일,경상남도 사천시 서포면,경상사고,0,0,3,0,차대차 - 측면충돌,신호위반,건조,맑음,교차로 - 교차로안,승용,여,22세,경상,승용,여,32세,경상
2023040100100178,2023년 4월 1일 11시,토요일,경상남도 사천시 동금동,경상사고,0,0,4,0,차대차 - 측면충돌,신호위반,건조,맑음,교차로 - 교차로안,화물,남,75세,상해없음,승용,여,28세,경상
2023040100100179,2023년 4월 1일 11시,토요일,경상남도 밀양시 내이동,경상사고,0,0,1,2,차대차 - 측면충돌,신호위반,건조,맑음,교차로 - 교차로안,승용,여,33세,상해없음,승용,남,46세,경상
2023040100100180,2023년 4월 1일 11시,토요일,경상남도 김해시 상동면,중상사고,0,2,4,0,차대차 - 측면충돌,신호위반,건조,맑음,교차로 - 교차로부근,승용,남,34세,상해없음,건설기계,남,59세,중상
2023040100100229,2023년 4월 1일 12시,토요일,경상남도 창원시 진해구 여좌동,경상사고,0,0,2,0,차대차 - 후진중충돌,안전운전불이행,건조,맑음,교차로 - 교차로부근,승합,남,50세,상해없음,승용,남,43세,경상
2023040100100230,2023년 4월 1일 12시,토요일,경상남도 밀양시 산외면,경상사고,0,0,1,0,차대사람 - 횡단중,보행자보호의무위반,건조,맑음,교차로 - 교차로횡단보도내,승합,남,71세,상해없음,보행자,여,23세,경상
2023040100100231,2023년 4월 1일 12시,토요일,경상남도 김해시 대성동,경상사고,0,0,2,0,차대차 - 정면충돌,기타,건조,맑음,교차로 - 교차로안,화물,남,70세,경상,승용,남,28세,경상
2023040100100272,2023년 4월 1일 13시,토요일,경상남도 진주시 상대동,경상사고,0,0,1,0,차대차 - 기타,안전거리미확보,건조,맑음,단일로 - 기타,승용,여,47세,상해없음,승합,남,61세,상해없음
2023040100100273,2023년 4월 1일 13시,토요일,경상남도 창녕군 대합면,중상사고,0,1,0,0,차대사람 - 차도통행중,안전운전불이행,건조,맑음,단일로 - 기타,승용,남,63세,상해없음,보행자,남,89세,중상
2023040100100274,2023년 4월 1일 13시,토요일,경상남도 고성군 상리면,중상사고,0,2,0,0,차량단독 - 기타,안전운전불이행,건조,맑음,단일로 - 기타,승용,여,72세,중상,,,,
2023040100100321,2023년 4월 1일 14시,토요일,경상남도 김해시 봉황동,경상사고,0,0,1,0,차대사람 - 차도통행중,안전운전불이행,건조,맑음,단일로 - 기타,이륜,남,60세,상해없음,보행자,남,11세,경상
2023040100100322,2023년 4월 1일 14시,토요일,경상남도 고성군 영오면,중상사고,0,1,0,0,차대사람 - 보도통행중,안전거리미확보,건조,맑음,단일로 - 기타,이륜,남,56세,상해없음,보행자,남,65세,중상
2023040100100356,2023년 4월 1일 15시,토요일,경상남도 창원시 진해구 경화동,경상사고,0,0,1,0,차대차 - 측면충돌,차로위반,건조,맑음,교차로 - 교차로안,승용,남,62세,상해없음,승합,남,45세,경상
2023040100100357,2023년 4월 1일 15시,토요일,경상남도 통영시 미수동,중상사고,0,1,0,0,차대사람 - 기타,안전운전불이행,건조,맑음,단일로 - 기타,승합,남,45세,상해없음,보행자,여,36세,중상
2023040100100396,2023년 4월 1일 16시,토요일,경상남도 사천시 용현면,경상사고,0,0,2,0,차대차 - 추돌,안전운전불이행,건조,맑음,단일로 - 기타,화물,남,48세,상해없음,승용,남,49세,경상
2023040100100398,2023년 4월 1일 16시,토요일,경상남도 하동군 고전면,중상사고,0,3,0,0,차대차 - 측면충돌,안전운전불이행,건조,맑음,기타 - 기타,화물,남,73세,상해없음,승용,여,55세,중상
2023040100100429,2023년 4월 1일 17시,토요일,경상남도 진주시 신안동,경상사고,0,0,1,0,차대차 - 측면충돌,신호위반,건조,맑음,교차로 - 교차로안,승용,여,56세,상해없음,이륜,남,61세,상해없음