사고번호,사고일시,요일,시군구,사고내용,사망자수,중상자수,경상자수,부상신고자수,사고유형,법규위반,노면상태,기상상태,도로형태,가해운전자 차종,가해운전자 성별,가해운전자 연령,가해운전자 상해정도,피해운전자 차종,피해운전자 성별,피해운전자 연령,피해운전자 상해정도
2023040500100444,2023년 4월 5일 18시,수요일,경상남도 남해군 남해읍,중상사고,0,1,0,0,차대사람 - 횡단중,안전운전불이행,젖음/습기,흐림,교차로 - 교차로안,화물,남,35세,상해없음,보행자,남,30세,중상
2023040500100445,2023년 4월 5일 18시,수요일,경상남도 김해시 대청동,경상사고,0,0,2,0,차대차 - 추돌,안전운전불이행,젖음/습기,비,단일로 - 기타,승용,남,28세,경상,승용,남,33세,상해없음
2023040500100486,2023년 4월 5일 19시,수요일,경상남도 창원시 마산합포구 예곡동,중상사고,0,1,0,0,차대차 - 정면충돌,중앙선침범,젖음/습기,흐림,교차로 - 교차로부근,승용,남,75세,상해없음,승용,남,47세,중상
2023040500100487,2023년 4월 5일 19시,수요일,경상남도 진주시 상대동,중상사고,0,1,0,0,차대차 - 측면충돌,중앙선침범,젖음/습기,비,단일로 - 기타,승용,여,32세,상해없음,이륜,남,43세,중상
2023040500100488,2023년 4월 5일 19시,수요일,경상남도 창원시 진해구 자은동,중상사고,0,1,1,0,차대차 - 정면충돌,중앙선침범,젖음/습기,비,교차로 - 교차로부근,승용,여,57세,상해없음,승용,남,50세,경상
2023040500100489,2023년 4월 5일 19시,수요일,경상남도 창원시 진해구 용원동,경상사고,0,0,1,0,차대차 - 추돌,안전운전불이행,젖음/습기,비,기타 - 기타,승용,남,41세,상해없음,승용,여,39세,경상
2023040500100490,2023년 4월 5일 19시,수요일,경상남도 창원시 진해구 이동,경상사고,0,0,1,0,차대차 - 추돌,안전운전불이행,젖음/습기,비,교차로 - 교차로부근,승용,남,70세,상해없음,승합,남,63세,경상
2023040500100491,2023년 4월 5일 19시,수요일,경상남도 김해시 구산동,경상사고,0,0,1,0,차대차 - 정면충돌,교차로운행방법위반,젖음/습기,흐림,교차로 - 교차로안,이륜,남,66세,경상,승용,남,60세,상해없음
2023040500100492,2023년 4월 5일 19시,수요일,경상남도 거창군 가조면,중상사고,0,1,0,0,차대차 - 측면충돌,안전거리미확보,건조,흐림,단일로 - 기타,화물,남,74세,상해없음,승용,여,47세,중상
2023040500100541,2023년 4월 5일 20시,수요일,경상남도 고성군 고성읍,중상사고,0,2,0,0,차대차 - 측면충돌,직진우회전진행방해,건조,맑음,교차로 - 교차로안,이륜,남,47세,상해없음,승용,남,60세,중상
2023040500100542,2023년 4월 5일 20시,수요일,경상남도 의령군 의령읍,경상사고,0,0,2,0,차대차 - 측면충돌,신호위반,젖음/습기,흐림,교차로 - 교차로안,승용,남,50세,상해없음,화물,남,70세,경상
2023040500100570,2023년 4월 5일 21시,수요일,경상남도 창원시 진해구 이동,부상신고사고,0,0,0,1,차대사람 - 기타,안전운전불이행,건조,맑음,단일로 - 기타,승용,여,56세,상해없음,보행자,남,44세,부상신고
2023040500100571,2023년 4월 5일 21시,수요일,경상남도 사천시 송포동,사망사고,1,1,0,0,차대사람 - 기타,안전운전불이행,건조,맑음,단일로 - 기타,승용,남,28세,상해없음,보행자,남,66세,중상
2023040500100572,2023년 4월 5일 21시,수요일,경상남도 양산시 물금읍,경상사고,0,0,1,0,차대사람 - 횡단중,안전운전불이행,건조,맑음,단일로 - 기타,승용,여,26세,상해없음,보행자,남,42세,경상
2023040500100599,2023년 4월 5일 22시,수요일,경상남도 김해시 한림면,경상사고,0,0,1,0,차대차 - 추돌,안전운전불이행,건조,맑음,단일로 - 기타,승용,남,25세,상해없음,화물,남,60세,경상
2023040500100626,2023년 4월 5일 23시,수요일,경상남도 김해시 풍유동,중상사고,0,1,0,0,차대사람 - 횡단중,안전운전불이행,건조,맑음,단일로 - 기타,승합,남,46세,상해없음,보행자,여,73세,중상
2023040600100011,2023년 4월 6일 00시,목요일,경상남도 창원시 성산구 내동,중상사고,0,2,1,0,차대차 - 추돌,안전운전불이행,건조,맑음,교차로 - 교차로부근,승용,남,43세,상해없음,승용,남,20세,경상
2023040600100012,2023년 4월 6일 00시,목요일,경상남도 창원시 의창구 소답동,경상사고,0,0,1,0,차대차 - 측면충돌,안전거리미확보,건조,맑음,기타 - 기타,승용,여,56세,상해없음,승용,여,52세,경상
2023040600100051,2023년 4월 6일 06시,목요일,경상남도 창원시 의창구 팔용동,경상사고,0,0,1,0,차대차 - 추돌,안전운전불이행,건조,맑음,교차로 - 교차로부근,승용,남,62세,상해없음,승용,남,42세,경상
2023040600100066,2023년 4월 6일 07시,목요일,경상남도 양산시 덕계동,경상사고,0,0,1,0,차대차 - 측면충돌,기타,건조,맑음,교차로 - 교차로안,승용,남,28세,경상,승용,남,21세,상해없음
2023040600100067,2023년 4월 6일 07시,목요일,경상남도 거제시 사등면,경상사고,0,0,1,0,차대차 - 측면충돌,안전거리미확보,건조,맑음,단일로 - 기타,승용,여,69세,상해없음,승용,남,74세,경상
2023040600100105,2023년 4월 6일 08시,목요일,경상남도 김해시 봉황동,경상사고,0,0,1,0,차대차 - 기타,안전운전불이행,건조,맑음,교차로 - 교차로안,승합,남,62세,상해없음,자전거,남,53세,경상
2023040600100106,2023년 4월 6일 08시,목요일,경상남도 김해시 진영읍,중상사고,0,1,0,0,차대사람 - 횡단중,보행자보호의무위반,건조,맑음,교차로 - 교차로부근,승용,남,74세,상해없음,보행자,남,6세,중상
2023040600100127,2023년 4월 6일 09시,목요일,경상남도 통영시 미수동,중상사고,0,1,1,0,차대차 - 추돌,안전거리미확보,건조,맑음,단일로 - 기타,화물,남,47세,상해없음,승용,여,54세,경상
2023040600100169,2023년 4월 6일 11시,목요일,경상남도 창원시 진해구 남양동,경상사고,0,0,1,0,차대차 - 측면충돌,직진우회전진행방해,건조,맑음,교차로 - 교차로안,건설기계,남,59세,상해없음,화물,남,71세,경상
2023040600100170,2023년 4월 6일 11시,목요일,경상남도 합천군 삼가면,중상사고,0,1,0,0,차대차 - 측면충돌,안전운전불이행,건조,맑음,단일로 - 기타,화물,남,52세,상해없음,이륜,남,84세,중상
2023040600100171,2023년 4월 6일 11시,목요일,경상남도 양산시 중부동,중상사고,0,1,0,0,차대차 - 정면충돌,안전운전불이행,건조,맑음,교차로 - 교차로안,승용,남,55세,상해없음,이륜,남,37세,중상
2023040600100189,2023년 4월 6일 12시,목요일,경상남도 양산시 물금읍,중상사고,0,1,0,0,차대차 - 정면충돌,중앙선침범,건조,맑음,기타 - 기타,승용,여,68세,상해없음,이륜,남,47세,중상
2023040600100215,2023년 4월 6일 13시,목요일,경상남도 양산시 동면,경상사고,0,0,1,0,차대사람 - 횡단중,신호위반,건조,맑음,교차로 - 교차로부근,승용,남,69세,기타불명,보행자,남,7세,경상
2023040600100247,2023년 4월 6일 14시,목요일,경상남도 사천시 동금동,경상사고,0,0,1,0,차대사람 - 기타,안전운전불이행,건조,맑음,기타 - 기타,승용,여,55세,상해없음,보행자,남,37세,경상
2023040600100248,2023년 4월 6일 14시,목요일,경상남도 남해군 남해읍,경상사고,0,0,1,0,차대차 - 측면충돌,안전운전불이행,건조,맑음,교차로 - 교차로부근,이륜,남,69세,경상,화물,남,58세,상해없음
2023040600100282,2023년 4월 6일 15시,목요일,경상남도 진주시 칠암동,경상사고,0,0,1,0,차대차 - 기타,안전운전불이행,건조,맑음,단일로 - 기타,승용,남,25세,상해없음,승용,남,35세,경상
2023040600100283,2023년 4월 6일 15시,목요일,경상남도 남해군 남해읍,부상신고사고,0,0,0,1,차대사람 - 기타,안전운전불이행,건조,맑음,단일로 - 기타,승용,여,66세,상해없음,보행자,남,8세,부상신고
2023040600100284,2023년 4월 6일 15시,목요일,경상남도 김해시 진영읍,중상사고,0,1,0,0,차대사람 - 횡단중,안전운전불이행,건조,맑음,교차로 - 교차로안,승용,여,44세,상해없음,보행자,남,75세,중상
2023040600100344,2023년 4월 6일 17시,목요일,경상남도 산청군 신안면,경상사고,0,0,1,0,차량단독 - 공작물충돌,안전운전불이행,건조,흐림,단일로 - 기타,화물,남,56세,경상,,,,
2023040600100345,2023년 4월 6일 17시,목요일,경상남도 창원시 성산구 남산동,경상사고,0,0,1,0,차대사람 - 차도통행중,안전운전불이행,건조,맑음,단일로 - 기타,승용,여,35세,상해없음,보행자,남,28세,경상
2023040600100436,2023년 4월 6일 19시,목요일,경상남도 함양군 함양읍,중상사고,0,1,1,0,차대사람 - 횡단중,보행자보호의무위반,젖음/습기,비,단일로 - 기타,원동기,남,18세,상해없음,보행자,남,56세,경상
2023040600100437,2023년 4월 6일 19시,목요일,경상남도 거제시 아주동,경상사고,0,0,1,0,차대차 - 기타,교차로운행방법위반,건조,맑음,교차로 - 교차로안,승용,남,53세,상해없음,이륜,남,33세,경상
2023040600100480,2023년 4월 6일 20시,목요일,경상남도 창원시 의창구 서상동,사망사고,1,0,0,0,차대사람 - 횡단중,안전운전불이행,건조,맑음,교차로 - 교차로부근,화물,남,64세,상해없음,보행자,남,51세,사망
2023040600100507,2023년 4월 6일 21시,목요일,경상남도 창원시 진해구 자은동,경상사고,0,0,1,0,차대차 - 추돌,안전거리미확보,젖음/습기,비,단일로 - 기타,원동기,남,54세,상해없음,승용,남,48세,경상
2023040600100508,2023년 4월 6일 21시,목요일,경상남도 김해시 삼정동,경상사고,0,0,2,0,차대차 - 측면충돌,중앙선침범,젖음/습기,비,교차로 - 교차로부근,승용,남,48세,상해없음,승용,여,58세,경상
2023040700100017,2023년 4월 7일 01시,금요일,경상남도 밀양시 내이동,중상사고,0,1,1,0,차대차 - 기타,안전거리미확보,젖음/습기,비,단일로 - 기타,승용,여,36세,상해없음,승합,남,60세,중상
2023040700100024,2023년 4월 7일 02시,금요일,경상남도 김해시 삼계동,중상사고,0,1,0,0,차대차 - 기타,안전운전불이행,젖음/습기,비,교차로 - 교차로안,원동기,남,57세,중상,화물,남,58세,기타불명
2023040700100039,2023년 4월 7일 04시,금요일,경상남도 함양군 안의면,경상사고,0,0,1,1,차량단독 - 공작물충돌,안전운전불이행,젖음/습기,흐림,교차로 - 교차로부근,승용,남,29세,부상신고,,,,
2023040700100040,2023년 4월 7일 04시,금요일,경상남도 양산시 물금읍,부상신고사고,0,0,0,1,차대차 - 정면충돌,안전운전불이행,젖음/습기,흐림,교차로 - 교차로안,승용,남,46세,부상신고,승용,남,64세,상해없음
2023040700100078,2023년 4월 7일 07시,금요일,경상남도 창원시 진해구 풍호동,경상사고,0,0,2,0,차대차 - 측면충돌,안전운전불이행,건조,맑음,단일로 - 기타,승용,여,37세,상해없음,승용,남,47세,경상
2023040700100079,2023년 4월 7일 07시,금요일,경상남도 창원시 진해구 여좌동,경상사고,0,0,1,0,차대차 - 측면충돌,안전운전불이행,건조,맑음,단일로 - 기타,화물,남,64세,상해없음,승용,남,37세,경상
2023040700100080,2023년 4월 7일 07시,금요일,경상남도 창원시 진해구 이동,중상사고,0,1,0,0,차대차 - 측면충돌,안전운전불이행,건조,맑음,교차로 - 교차로부근,승용,여,29세,상해없음,승합,남,66세,중상
2023040700100081,2023년 4월 7일 07시,금요일,경상남도 창원시 성산구 창곡동,경상사고,0,0,1,0,차대차 - 측면충돌,안전운전불이행,건조,맑음,단일로 - 기타,화물,남,40세,상해없음,승용,남,28세,경상
2023040700100121,2023년 4월 7일 08시,금요일,경상남도 양산시 물금읍,경상사고,0,0,1,0,차대사람 - 횡단중,보행자보호의무위반,건조,맑음,교차로 - 교차로횡단보도내,승용,남,51세,상해없음,보행자,여,8세,경상
2023040700100122,2023년 4월 7일 08시,금요일,경상남도 창원시 성산구 불모산동,경상사고,0,0,4,0,차대차 - 기타,안전운전불이행,건조,맑음,기타 - 기타,화물,남,61세,상해없음,승용,여,59세,경상
2023040700100163,2023년 4월 7일 09시,금요일,경상남도 진주시 상평동,중상사고,0,2,0,0,차대차 - 측면충돌,차로위반,건조,맑음,단일로 - 기타,승용,남,75세,상해없음,승용,남,30세,중상
2023040700100164,2023년 4월 7일 09시,금요일,경상남도 창원시 의창구 봉곡동,부상신고사고,0,0,0,1,차대사람 - 기타,안전운전불이행,건조,맑음,기타 - 기타,승용,남,58세,상해없음,보행자,남,57세,부상신고
2023040700100165,2023년 4월 7일 09시,금요일,경상남도 김해시 풍유동,경상사고,0,0,2,0,차대차 - 측면충돌,신호위반,건조,맑음,교차로 - 교차로안,화물,남,40세,상해없음,승용,여,35세,경상
2023040700100196,2023년 4월 7일 10시,금요일,경상남도 창원시 마산합포구 진동면,중상사고,0,1,0,0,차대사람 - 기타,기타,건조,맑음,단일로 - 기타,화물,남,53세,상해없음,보행자,여,76세,중상
2023040700100197,2023년 4월 7일 10시,금요일,경상남도 김해시 대동면,중상사고,0,1,0,0,차대차 - 정면충돌,중앙선침범,건조,맑음,단일로 - 기타,화물,남,73세,상해없음,승용,남,68세,중상
2023040700100198,2023년 4월 7일 10시,금요일,경상남도 함양군 서상면,경상사고,0,0,1,0,차대차 - 측면충돌,안전운전불이행,건조,맑음,단일로 - 기타,농기계,남,64세,경상,승용,여,52세,상해없음
2023040700100219,2023년 4월 7일 11시,금요일,경상남도 창원시 마산합포구 동성동,경상사고,0,0,2,0,차대차 - 추돌,안전운전불이행,건조,맑음,단일로 - 기타,승용,남,71세,상해없음,승합,남,55세,상해없음
2023040700100243,2023년 4월 7일 12시,금요일,경상남도 창원시 마산합포구 구산면,중상사고,0,1,0,0,차량단독 - 도로외이탈 - 추락,안전운전불이행,건조,맑음,단일로 - 기타,승용,남,84세,상해없음,,,,
2023040700100244,2023년 4월 7일 12시,금요일,경상남도 고성군 하이면,중상사고,0,1,0,0,차대차 - 측면충돌,기타,건조,맑음,교차로 - 교차로안,승용,남,43세,상해없음,농기계,남,82세,중상
2023040700100245,2023년 4월 7일 12시,금요일,경상남도 고성군 영오면,경상사고,0,0,1,0,차대차 - 측면충돌,신호위반,건조,맑음,교차로 - 교차로안,승용,남,73세,상해없음,승용,여,59세,경상
2023040700100246,2023년 4월 7일 12시,금요일,경상남도 김해시 관동동,경상사고,0,0,1,0,차대차 - 측면충돌,신호위반,건조,맑음,교차로 - 교차로안,승용,남,49세,상해없음,이륜,남,37세,경상
2023040700100318,2023년 4월 7일 14시,금요일,경상남도 김해시 풍유동,중상사고,0,1,2,0,차대차 - 측면충돌,신호위반,건조,맑음,교차로 - 교차로안,특수,남,50세,상해없음,승용,남,27세,경상
2023040700100352,2023년 4월 7일 15시,금요일,경상남도 김해시 내동,경상사고,0,0,1,0,차대차 - 측면충돌,안전운전불이행,건조,맑음,교차로 - 교차로부근,승용,여,55세,상해없음,이륜,남,67세,경상
2023040700100353,2023년 4월 7일 15시,금요일,경상남도 거제시 고현동,경상사고,0,0,1,0,차대사람 - 횡단중,보행자보호의무위반,건조,맑음,교차로 - 교차로횡단보도내,승용,여,53세,상해없음,보행자,여,13세,경상
2023040700100354,2023년 4월 7일 15시,금요일,경상남도 거제시 장평동,경상사고,0,0,1,0,차대차 - 기타,안전운전불이행,건조,맑음,교차로 - 교차로안,이륜,남,43세,경상,승용,여,37세,상해없음
2023040700100405,2023년 4월 7일 16시,금요일,경상남도 진주시 하대동,경상사고,0,0,1,0,차대사람 - 횡단중,안전운전불이행,건조,맑음,교차로 - 교차로안,승용,여,54세,상해없음,보행자,여,56세,경상
2023040700100406,2023년 4월 7일 16시,금요일,경상남도 창원시 진해구 용원동,경상사고,0,0,1,0,차대차 - 기타,안전운전불이행,건조,맑음,교차로 - 교차로안,승용,여,50세,상해없음,이륜,남,38세,경상
2023040700100407,2023년 4월 7일 16시,금요일,경상남도 사천시 동금동,중상사고,0,2,2,0,차대차 - 측면충돌,안전운전불이행,건조,맑음,교차로 - 교차로안,승용,남,49세,중상,승용,여,44세,중상
2023040700100408,2023년 4월 7일 16시,금요일,경상남도 양산시 동면,중상사고,0,1,0,0,차대사람 - 횡단중,안전운전불이행,건조,맑음,단일로 - 기타,승용,여,19세,상해없음,보행자,남,20세,중상
2023040700100468,2023년 4월 7일 17시,금요일,경상남도 거제시 사등면,경상사고,0,0,2,0,차대차 - 기타,안전운전불이행,건조,맑음,단일로 - 기타,기타불명,기타불명,미분류,기타불명,승용,남,41세,상해없음
2023040700100516,2023년 4월 7일 18시,금요일,경상남도 사천시 용현면,경상사고,0,0,2,0,차대차 - 추돌,안전운전불이행,건조,맑음,교차로 - 교차로부근,승용,남,76세,경상,화물,남,62세,경상
2023040700100517,2023년 4월 7일 18시,금요일,경상남도 창원시 의창구 팔용동,경상사고,0,0,1,0,차대차 - 추돌,안전거리미확보,건조,맑음,단일로 - 기타,화물,남,40세,상해없음,승용,남,32세,경상
2023040700100565,2023년 4월 7일 19시,금요일,경상남도 창원시 마산회원구 회원동,중상사고,0,1,0,0,차대사람 - 차도통행중,안전운전불이행,건조,맑음,단일로 - 기타,승용,여,44세,상해없음,보행자,여,60세,중상
2023040700100566,2023년 4월 7일 19시,금요일,경상남도 김해시 율하동,경상사고,0,0,1,0,차대사람 - 차도통행중,안전운전불이행,건조,맑음,기타 - 기타,승용,남,44세,기타불명,보행자,남,35세,경상
2023040700100604,2023년 4월 7일 20시,금요일,경상남도 진주시 옥봉동,중상사고,0,1,0,0,차대사람 - 횡단중,보행자보호의무위반,건조,맑음,교차로 - 교차로횡단보도내,승용,남,49세,상해없음,보행자,남,51세,중상
2023040700100605,2023년 4월 7일 20시,금요일,경상남도 거제시 일운면,중상사고,0,1,0,0,차대사람 - 기타,교차로운행방법위반,건조,맑음,교차로 - 교차로안,승용,남,59세,상해없음,보행자,여,20세,중상
2023040700100639,2023년 4월 7일 21시,금요일,경상남도 진주시 상봉동,중상사고,0,1,1,0,차대차 - 측면충돌,직진우회전진행방해,건조,맑음,교차로 - 교차로안,화물,남,64세,상해없음,승용,남,49세,중상
2023040700100640,2023년 4월 7일 21시,금요일,경상남도 통영시 미수동,경상사고,0,0,1,0,차대차 - 추돌,안전운전불이행,건조,맑음,단일로 - 기타,승용,남,63세,상해없음,승합,남,34세,경상
2023040700100641,2023년 4월 7일 21시,금요일,경상남도 김해시 구산동,중상사고,0,1,0,0,차대차 - 추돌,안전운전불이행,건조,맑음,교차로 - 교차로부근,승용,남,33세,상해없음,승합,남,63세,중상
2023040700100642,2023년 4월 7일 21시,금요일,경상남도 김해시 외동,부상신고사고,0,0,0,1,차대사람 - 기타,안전운전불이행,건조,맑음,기타 - 기타,원동기,남,19세,상해없음,보행자,남,46세,부상신고
2023040700100643,2023년 4월 7일 21시,금요일,경상남도 양산시 물금읍,중상사고,0,1,0,0,차대차 - 기타,신호위반,건조,맑음,단일로 - 기타,승용,남,38세,상해없음,이륜,남,17세,중상
2023040700100644,2023년 4월 7일 21시,금요일,경상남도 김해시 율하동,중상사고,0,1,0,0,차대차 - 측면충돌,중앙선침범,건조,맑음,단일로 - 기타,승합,남,64세,상해없음,이륜,남,17세,중상
2023040800100040,2023년 4월 8일 04시,토요일,경상남도 창원시 성산구 상남동,경상사고,0,0,1,0,차대차 - 추돌,안전운전불이행,건조,맑음,교차로 - 교차로부근,승용,남,24세,상해없음,승용,여,40세,경상
2023040800100097,2023년 4월 8일 08시,토요일,경상남도 산청군 산청읍,중상사고,0,1,0,0,차대차 - 정면충돌,직진우회전진행방해,건조,맑음,교차로 - 교차로안,승용,남,65세,상해없음,승용,여,65세,중상
2023040800100187,2023년 4월 8일 11시,토요일,경상남도 창원시 진해구 석동,경상사고,0,0,1,0,차대차 - 측면충돌,안전운전불이행,건조,맑음,교차로 - 교차로부근,승용,남,70세,상해없음,승용,여,70세,경상
2023040800100188,2023년 4월 8일 11시,토요일,경상남도 창원시 성산구 반림동,경상사고,0,0,1,0,차대차 - 추돌,안전운전불이행,건조,맑음,교차로 - 교차로부근,승용,남,33세,상해없음,승용,남,36세,경상
2023040800100189,2023년 4월 8일 11시,토요일,경상남도 김해시 진영읍,중상사고,0,1,0,0,차대차 - 측면충돌,안전운전불이행,건조,맑음,교차로 - 교차로안,승용,여,43세,상해없음,이륜,남,27세,중상
2023040800100231,2023년 4월 8일 12시,토요일,경상남도 김해시 봉황동,중상사고,0,1,0,0,차대차 - 측면충돌,안전운전불이행,건조,맑음,교차로 - 교차로안,승용,여,47세,상해없음,자전거,남,63세,중상
2023040800100275,2023년 4월 8일 13시,토요일,경상남도 양산시 북정동,경상사고,0,0,1,0,차대차 - 측면충돌,신호위반,건조,맑음,교차로 - 교차로부근,이륜,남,30세,상해없음,승용,여,41세,경상
2023040800100276,2023년 4월 8일 13시,토요일,경상남도 창원시 의창구 서상동,경상사고,0,0,1,0,차량단독 - 기타,안전운전불이행,건조,맑음,단일로 - 기타,승합,남,56세,상해없음,,,,
2023040800100313,2023년 4월 8일 14시,토요일,경상남도 창원시 마산합포구 월영동,중상사고,0,1,0,0,차량단독 - 기타,안전운전불이행,건조,맑음,교차로 - 교차로안,승합,남,57세,상해없음,,,,
2023040800100314,2023년 4월 8일 14시,토요일,경상남도 사천시 사천읍,경상사고,0,0,1,0,차대사람 - 횡단중,안전운전불이행,건조,맑음,교차로 - 교차로안,원동기,남,69세,상해없음,보행자,여,58세,경상
2023040800100315,2023년 4월 8일 14시,토요일,경상남도 양산시 상북면,중상사고,0,1,0,0,차대차 - 측면충돌,신호위반,건조,맑음,단일로 - 기타,승용,남,68세,상해없음,승용,남,50세,중상
2023040800100316,2023년 4월 8일 14시,토요일,경상남도 창원시 의창구 팔용동,경상사고,0,0,1,0,차대차 - 측면충돌,안전운전불이행,건조,맑음,교차로 - 교차로안,승용,여,58세,상해없음,이륜,남,42세,경상
2023040800100346,2023년 4월 8일 15시,토요일,경상남도 창원시 진해구 안골동,부상신고사고,0,0,0,1,차대차 - 측면충돌,안전운전불이행,건조,맑음,단일로 - 기타,자전거,남,9세,부상신고,승용,남,69세,상해없음
2023040800100347,2023년 4월 8일 15시,토요일,경상남도 양산시 북부동,중상사고,0,1,0,0,차대차 - 측면충돌,교차로운행방법위반,건조,맑음,교차로 - 교차로안,승용,여,31세,상해없음,이륜,남,40세,중상
2023040800100388,2023년 4월 8일 16시,토요일,경상남도 창원시 진해구 용원동,중상사고,0,1,0,0,차대차 - 기타,교차로운행방법위반,건조,맑음,교차로 - 교차로안,승용,남,39세,상해없음,이륜,남,70세,중상
2023040800100389,2023년 4월 8일 16시,토요일,경상남도 김해시 어방동,중상사고,0,1,1,0,차대차 - 측면충돌,안전운전불이행,건조,맑음,단일로 - 기타,승용,남,58세,경상,승용,여,63세,중상
2023040800100390,2023년 4월 8일 16시,토요일,경상남도 양산시 삼호동,경상사고,0,0,1,0,차대차 - 측면충돌,안전거리미확보,건조,맑음,교차로 - 교차로안,승용,남,42세,상해없음,승용,남,53세,경상
2023040800100431,2023년 4월 8일 17시,토요일,경상남도 통영시 당동,중상사고,0,1,5,0,차대차 - 추돌,안전거리미확보,건조,맑음,단일로 - 기타,승용,남,33세,상해없음,승용,남,60세,경상
2023040800100432,2023년 4월 8일 17시,토요일,경상남도 김해시 내동,중상사고,0,1,0,0,차대사람 - 길가장자리구역통행중,안전운전불이행,건조,맑음,교차로 - 교차로부근,이륜,남,31세,중상,보행자,여,49세,상해없음
2023040800100433,2023년 4월 8일 17시,토요일,경상남도 김해시 외동,경상사고,0,0,1,0,차대차 - 측면충돌,교차로운행방법위반,건조,맑음,교차로 - 교차로부근,승용,남,68세,상해없음,승용,남,51세,경상
2023040800100434,2023년 4월 8일 17시,토요일,경상남도 거창군 위천면,경상사고,0,0,1,0,차량단독 - 전도전복 - 전도,안전운전불이행,건조,맑음,단일로 - 기타,이륜,남,24세,경상,,,,
2023040800100435,2023년 4월 8일 17시,토요일,경상남도 합천군 초계면,중상사고,0,1,0,0,차대차 - 기타,안전운전불이행,건조,맑음,교차로 - 교차로부근,승용,여,64세,상해없음,이륜,여,66세,중상
2023040800100436,2023년 4월 8일 17시,토요일,경상남도 창원시 의창구 봉곡동,경상사고,0,0,1,0,차대사람 - 기타,안전운전불이행,건조,맑음,기타 - 기타,화물,남,33세,상해없음,보행자,여,31세,경상
2023040800100437,2023년 4월 8일 17시,토요일,경상남도 창원시 의창구 동정동,경상사고,0,0,4,0,차대차 - 추돌,안전운전불이행,건조,맑음,단일로 - 기타,승용,남,53세,상해없음,승용,남,65세,경상
2023040800100472,2023년 4월 8일 18시,토요일,경상남도 거제시 상동동,경상사고,0,0,1,0,차대차 - 기타,안전운전불이행,건조,맑음,교차로 - 교차로안,이륜,남,45세,경상,승용,남,45세,상해없음
2023040800100501,2023년 4월 8일 19시,토요일,경상남도 밀양시 삼랑진읍,사망사고,1,0,0,0,차대차 - 측면충돌,안전운전불이행,건조,흐림,단일로 - 기타,승용,여,66세,상해없음,자전거,남,83세,사망
2023040800100502,2023년 4월 8일 19시,토요일,경상남도 거제시 옥포동,중상사고,0,1,1,0,차대사람 - 차도통행중,안전운전불이행,건조,맑음,교차로 - 교차로안,승용,여,38세,상해없음,보행자,남,52세,중상
2023040800100503,2023년 4월 8일 19시,토요일,경상남도 남해군 남해읍,경상사고,0,0,2,0,차대차 - 추돌,안전운전불이행,건조,맑음,단일로 - 기타,이륜,남,56세,경상,특수,남,48세,경상
2023040800100537,2023년 4월 8일 20시,토요일,경상남도 김해시 외동,경상사고,0,0,2,0,차대사람 - 기타,안전운전불이행,건조,맑음,단일로 - 기타,승용,남,51세,상해없음,보행자,여,20세,상해없음
2023040900100008,2023년 4월 9일 00시,일요일,경상남도 김해시 율하동,중상사고,0,1,3,0,차대차 - 정면충돌,중앙선침범,건조,맑음,단일로 - 기타,승용,남,45세,상해없음,승용,남,47세,중상
2023040900100018,2023년 4월 9일 01시,일요일,경상남도 함양군 함양읍,중상사고,0,1,0,0,차량단독 - 공작물충돌,안전운전불이행,건조,맑음,교차로 - 교차로부근,승용,남,63세,중상,,,,
2023040900100027,2023년 4월 9일 02시,일요일,경상남도 양산시 남부동,경상사고,0,0,2,0,차대차 - 추돌,안전운전불이행,건조,맑음,교차로 - 교차로부근,승용,남,58세,상해없음,승용,여,27세,경상
2023040900100066,2023년 4월 9일 08시,일요일,경상남도 거제시 장평동,부상신고사고,0,0,0,1,차대차 - 기타,신호위반,건조,맑음,교차로 - 교차로안,이륜,남,33세,부상신고,승용,여,49세,기타불명
2023040900100080,2023년 4월 9일 09시,일요일,경상남도 사천시 사천읍,경상사고,0,0,2,0,차대차 - 측면충돌,신호위반,건조,맑음,교차로 - 교차로안,승용,여,45세,상해없음,승용,남,72세,경상
2023040900100081,2023년 4월 9일 09시,일요일,경상남도 사천시 동금동,경상사고,0,0,3,0,차대차 - 측면충돌,교차로운행방법위반,건조,맑음,교차로 - 교차로안,승용,여,55세,경상,승용,여,32세,상해없음
2023040900100082,2023년 4월 9일 09시,일요일,경상남도 밀양시 삼랑진읍,중상사고,0,3,2,1,차대차 - 측면충돌,안전운전불이행,건조,맑음,교차로 - 교차로부근,승용,남,72세,중상,승용,남,66세,부상신고
2023040900100083,2023년 4월 9일 09시,일요일,경상남도 김해시 내동,경상사고,0,0,2,0,차대차 - 측면충돌,기타,건조,맑음,단일로 - 기타,이륜,남,30세,경상,승용,남,28세,경상
2023040900100084,2023년 4월 9일 09시,일요일,경상남도 창원시 마산회원구 석전동,경상사고,0,0,1,0,차대차 - 측면충돌,안전운전불이행,건조,맑음,교차로 - 교차로부근,승용,남,71세,상해없음,승용,남,64세,경상
2023040900100104,2023년 4월 9일 10시,일요일,경상남도 창원시 마산합포구 가포동,경상사고,0,0,1,0,차대차 - 추돌,안전운전불이행,건조,맑음,단일로 - 터널,화물,남,56세,상해없음,승용,남,50세,경상
2023040900100122,2023년 4월 9일 11시,일요일,경상남도 통영시 중앙동,경상사고,0,0,1,0,차대차 - 측면충돌,중앙선침범,건조,맑음,단일로 - 기타,원동기,남,75세,상해없음,승용,남,60세,상해없음
2023040900100123,2023년 4월 9일 11시,일요일,경상남도 남해군 남면,경상사고,0,0,1,2,차대차 - 측면충돌,교차로운행방법위반,건조,맑음,교차로 - 교차로안,화물,남,64세,부상신고,승용,남,29세,경상