사고번호,사고일시,요일,시군구,사고내용,사망자수,중상자수,경상자수,부상신고자수,사고유형,법규위반,노면상태,기상상태,도로형태,가해운전자 차종,가해운전자 성별,가해운전자 연령,가해운전자 상해정도,피해운전자 차종,피해운전자 성별,피해운전자 연령,피해운전자 상해정도
2023041300100397,2023년 4월 13일 17시,목요일,경상남도 사천시 정동면,경상사고,0,0,1,0,차대사람 - 보도통행중,안전운전불이행,건조,맑음,단일로 - 기타,화물,남,23세,상해없음,보행자,여,44세,경상
2023041300100441,2023년 4월 13일 18시,목요일,경상남도 창원시 성산구 용호동,중상사고,0,1,0,0,차대차 - 측면충돌,신호위반,건조,맑음,단일로 - 기타,승용,남,43세,상해없음,승용,여,25세,중상
2023041300100552,2023년 4월 13일 22시,목요일,경상남도 창원시 마산합포구 가포동,부상신고사고,0,0,0,1,차량단독 - 기타,안전운전불이행,건조,맑음,단일로 - 기타,이륜,남,22세,부상신고,,,,
2023041300100561,2023년 4월 13일 23시,목요일,경상남도 창원시 성산구 상남동,경상사고,0,0,1,0,차대차 - 추돌,안전운전불이행,건조,맑음,교차로 - 교차로부근,승용,남,33세,상해없음,승용,남,44세,경상
2023041300100562,2023년 4월 13일 23시,목요일,경상남도 창원시 의창구 명서동,중상사고,0,2,0,0,차대차 - 기타,교차로운행방법위반,건조,맑음,교차로 - 교차로안,승용,남,50세,기타불명,승용,남,60세,중상
2023041400100009,2023년 4월 14일 00시,금요일,경상남도 김해시 봉황동,중상사고,0,1,0,0,차대차 - 측면충돌,신호위반,건조,맑음,교차로 - 교차로안,개인형이동수단(PM),남,53세,중상,승용,남,35세,상해없음
2023041400100027,2023년 4월 14일 03시,금요일,경상남도 김해시 어방동,경상사고,0,0,1,0,차대차 - 측면충돌,교차로운행방법위반,건조,맑음,교차로 - 교차로안,승용,남,26세,상해없음,이륜,여,22세,경상
2023041400100045,2023년 4월 14일 06시,금요일,경상남도 창원시 진해구 가주동,경상사고,0,0,1,0,차대차 - 기타,안전거리미확보,건조,맑음,단일로 - 교량,승합,남,61세,상해없음,승용,남,39세,경상
2023041400100066,2023년 4월 14일 07시,금요일,경상남도 창녕군 영산면,중상사고,0,1,0,0,차대사람 - 기타,안전운전불이행,건조,맑음,단일로 - 기타,승용,여,59세,상해없음,보행자,여,85세,중상
2023041400100067,2023년 4월 14일 07시,금요일,경상남도 양산시 북정동,중상사고,0,1,0,0,차대사람 - 횡단중,보행자보호의무위반,건조,맑음,교차로 - 교차로안,승합,남,40세,상해없음,보행자,여,64세,중상
2023041400100068,2023년 4월 14일 07시,금요일,경상남도 김해시 대청동,중상사고,0,1,0,0,차대사람 - 차도통행중,안전운전불이행,건조,맑음,교차로 - 교차로부근,승용,여,29세,상해없음,보행자,여,57세,중상
2023041400100096,2023년 4월 14일 08시,금요일,경상남도 함양군 함양읍,경상사고,0,0,1,0,차대차 - 측면충돌,교차로운행방법위반,건조,맑음,교차로 - 교차로안,화물,남,62세,상해없음,승용,여,32세,경상
2023041400100126,2023년 4월 14일 09시,금요일,경상남도 김해시 내동,경상사고,0,0,2,0,차대차 - 측면충돌,안전거리미확보,건조,맑음,교차로 - 교차로안,화물,남,52세,상해없음,승용,여,60세,경상
2023041400100127,2023년 4월 14일 09시,금요일,경상남도 양산시 물금읍,경상사고,0,0,1,0,차대차 - 측면충돌,안전운전불이행,건조,맑음,교차로 - 교차로안,승용,남,66세,상해없음,자전거,여,76세,경상
2023041400100169,2023년 4월 14일 11시,금요일,경상남도 창원시 진해구 풍호동,중상사고,0,1,0,0,차대사람 - 기타,안전운전불이행,젖음/습기,비,교차로 - 교차로안,승용,여,62세,상해없음,보행자,남,19세,중상
2023041400100207,2023년 4월 14일 12시,금요일,경상남도 창원시 진해구 광화동,경상사고,0,0,1,0,차대차 - 추돌,안전운전불이행,건조,맑음,단일로 - 기타,승용,남,76세,상해없음,이륜,남,45세,경상
2023041400100208,2023년 4월 14일 12시,금요일,경상남도 양산시 물금읍,경상사고,0,0,1,0,차대차 - 측면충돌,안전운전불이행,젖음/습기,비,교차로 - 교차로안,이륜,남,38세,경상,승용,여,43세,상해없음
2023041400100233,2023년 4월 14일 13시,금요일,경상남도 양산시 다방동,중상사고,0,1,0,0,차대차 - 측면충돌,신호위반,젖음/습기,비,교차로 - 교차로안,화물,남,56세,상해없음,승용,남,61세,중상
2023041400100273,2023년 4월 14일 14시,금요일,경상남도 양산시 평산동,경상사고,0,0,1,0,차대차 - 기타,안전운전불이행,건조,맑음,교차로 - 교차로안,화물,남,44세,상해없음,이륜,남,21세,경상
2023041400100314,2023년 4월 14일 15시,금요일,경상남도 창원시 마산합포구 중앙동2가,중상사고,0,1,0,0,차대차 - 측면충돌,안전운전불이행,젖음/습기,비,단일로 - 기타,승용,남,75세,상해없음,이륜,남,40세,중상
2023041400100315,2023년 4월 14일 15시,금요일,경상남도 진주시 충무공동,경상사고,0,0,1,0,차대사람 - 횡단중,신호위반,건조,맑음,단일로 - 기타,승용,남,53세,상해없음,보행자,여,29세,경상
2023041400100316,2023년 4월 14일 15시,금요일,경상남도 양산시 유산동,경상사고,0,0,1,0,차대차 - 추돌,안전운전불이행,건조,맑음,단일로 - 기타,화물,남,61세,상해없음,화물,남,62세,경상
2023041400100317,2023년 4월 14일 15시,금요일,경상남도 김해시 주촌면,경상사고,0,0,1,0,차대차 - 측면충돌,안전운전불이행,건조,맑음,교차로 - 교차로안,승용,여,63세,상해없음,승용,남,25세,경상
2023041400100352,2023년 4월 14일 16시,금요일,경상남도 창원시 마산합포구 중성동,중상사고,0,1,0,0,차대차 - 추돌,안전운전불이행,건조,흐림,단일로 - 기타,승용,남,56세,상해없음,승용,여,49세,중상
2023041400100353,2023년 4월 14일 16시,금요일,경상남도 산청군 신안면,경상사고,0,0,4,1,차대차 - 추돌,안전거리미확보,젖음/습기,비,단일로 - 기타,승용,남,55세,경상,승용,남,24세,경상
2023041400100401,2023년 4월 14일 17시,금요일,경상남도 양산시 동면,경상사고,0,0,2,0,차대차 - 측면충돌,안전운전불이행,젖음/습기,비,교차로 - 교차로안,승용,남,26세,상해없음,승용,남,48세,경상
2023041400100443,2023년 4월 14일 18시,금요일,경상남도 거제시 상동동,중상사고,0,1,0,0,차대사람 - 기타,보행자보호의무위반,젖음/습기,비,단일로 - 기타,승용,남,67세,상해없음,보행자,남,27세,중상
2023041400100485,2023년 4월 14일 19시,금요일,경상남도 양산시 소주동,경상사고,0,0,1,0,차대사람 - 차도통행중,안전운전불이행,젖음/습기,비,단일로 - 기타,이륜,남,65세,상해없음,보행자,남,77세,경상
2023041400100486,2023년 4월 14일 19시,금요일,경상남도 양산시 삼호동,중상사고,0,1,0,0,차대사람 - 횡단중,보행자보호의무위반,건조,맑음,교차로 - 교차로횡단보도내,승합,남,54세,상해없음,보행자,여,55세,중상
2023041400100487,2023년 4월 14일 19시,금요일,경상남도 거제시 고현동,경상사고,0,0,1,0,차대차 - 기타,직진우회전진행방해,젖음/습기,비,교차로 - 교차로안,승용,남,30세,상해없음,이륜,남,56세,경상
2023041400100524,2023년 4월 14일 20시,금요일,경상남도 김해시 진례면,중상사고,0,1,1,0,차대차 - 측면충돌,안전거리미확보,젖음/습기,비,단일로 - 기타,승용,여,61세,경상,승용,여,40세,중상
2023041400100545,2023년 4월 14일 20시,금요일,경상남도 진주시 하대동,경상사고,0,0,1,0,차대차 - 추돌,안전운전불이행,젖음/습기,비,단일로 - 기타,승용,여,46세,상해없음,이륜,남,24세,경상
2023041400100546,2023년 4월 14일 20시,금요일,경상남도 김해시 삼정동,중상사고,0,1,0,0,차대차 - 기타,기타,젖음/습기,비,교차로 - 교차로안,이륜,남,32세,중상,승용,남,54세,상해없음
2023041400100569,2023년 4월 14일 21시,금요일,경상남도 창원시 진해구 이동,경상사고,0,0,1,0,차대사람 - 기타,안전운전불이행,건조,맑음,교차로 - 교차로안,승용,남,58세,상해없음,보행자,남,53세,경상
2023041400100570,2023년 4월 14일 21시,금요일,경상남도 양산시 남부동,경상사고,0,0,1,0,차대차 - 측면충돌,교차로운행방법위반,젖음/습기,비,교차로 - 교차로안,승용,남,57세,상해없음,승용,남,30세,경상
2023041400100571,2023년 4월 14일 21시,금요일,경상남도 함안군 가야읍,경상사고,0,0,2,0,차대차 - 측면충돌,안전운전불이행,젖음/습기,비,교차로 - 교차로부근,승용,여,42세,상해없음,승용,남,54세,경상
2023041400100572,2023년 4월 14일 21시,금요일,경상남도 창원시 의창구 팔용동,경상사고,0,0,1,0,차대차 - 측면충돌,안전운전불이행,젖음/습기,비,단일로 - 기타,승용,남,70세,상해없음,승용,여,55세,경상
2023041400100573,2023년 4월 14일 21시,금요일,경상남도 창원시 의창구 봉곡동,부상신고사고,0,0,0,1,차대사람 - 횡단중,보행자보호의무위반,젖음/습기,비,단일로 - 기타,승용,남,64세,상해없음,보행자,남,12세,부상신고
2023041400100596,2023년 4월 14일 22시,금요일,경상남도 양산시 물금읍,중상사고,0,1,0,0,차대차 - 측면충돌,신호위반,젖음/습기,비,교차로 - 교차로안,승용,남,26세,상해없음,승용,남,28세,중상
2023041400100597,2023년 4월 14일 22시,금요일,경상남도 창원시 의창구 팔용동,경상사고,0,0,1,0,차대차 - 측면충돌,안전운전불이행,건조,맑음,단일로 - 기타,승용,남,29세,상해없음,원동기,남,31세,경상
2023041400100620,2023년 4월 14일 23시,금요일,경상남도 양산시 물금읍,부상신고사고,0,0,0,1,차대차 - 측면충돌,안전운전불이행,건조,맑음,교차로 - 교차로안,이륜,남,40세,상해없음,자전거,남,17세,부상신고
2023041400100621,2023년 4월 14일 23시,금요일,경상남도 거제시 고현동,중상사고,0,1,0,0,차량단독 - 전도전복 - 전도,안전운전불이행,건조,맑음,기타 - 기타,이륜,남,48세,중상,,,,
2023041500100017,2023년 4월 15일 00시,토요일,경상남도 김해시 외동,경상사고,0,0,1,0,차대차 - 기타,신호위반,건조,맑음,교차로 - 교차로안,승용,남,29세,상해없음,이륜,남,66세,경상
2023041500100041,2023년 4월 15일 02시,토요일,경상남도 양산시 물금읍,중상사고,0,1,0,0,차대차 - 측면충돌,신호위반,젖음/습기,비,교차로 - 교차로안,승용,남,62세,상해없음,승용,남,26세,중상
2023041500100077,2023년 4월 15일 07시,토요일,경상남도 창원시 진해구 두동,경상사고,0,0,1,0,차대차 - 정면충돌,신호위반,젖음/습기,흐림,교차로 - 교차로안,화물,남,70세,상해없음,화물,남,54세,경상
2023041500100093,2023년 4월 15일 08시,토요일,경상남도 김해시 삼계동,중상사고,0,1,0,0,차대차 - 기타,신호위반,젖음/습기,비,교차로 - 교차로안,승용,남,59세,상해없음,승용,남,31세,중상
2023041500100124,2023년 4월 15일 09시,토요일,경상남도 사천시 벌리동,중상사고,0,1,0,0,차대차 - 측면충돌,교차로운행방법위반,건조,맑음,교차로 - 교차로안,승용,남,75세,상해없음,승용,남,52세,상해없음
2023041500100125,2023년 4월 15일 09시,토요일,경상남도 양산시 동면,경상사고,0,0,1,0,차대차 - 측면충돌,안전운전불이행,젖음/습기,흐림,단일로 - 기타,화물,남,63세,상해없음,이륜,남,31세,경상
2023041500100126,2023년 4월 15일 09시,토요일,경상남도 창원시 의창구 팔용동,경상사고,0,0,2,0,차대차 - 추돌,안전거리미확보,건조,맑음,단일로 - 기타,화물,남,40세,상해없음,승용,남,63세,경상
2023041500100186,2023년 4월 15일 11시,토요일,경상남도 진주시 금산면,중상사고,0,1,1,0,차대차 - 추돌,안전운전불이행,건조,맑음,교차로 - 교차로부근,화물,남,73세,기타불명,승용,남,54세,경상
2023041500100187,2023년 4월 15일 11시,토요일,경상남도 창원시 진해구 자은동,중상사고,0,1,0,0,차대차 - 측면충돌,안전운전불이행,건조,맑음,단일로 - 기타,승용,남,33세,상해없음,이륜,남,65세,중상
2023041500100188,2023년 4월 15일 11시,토요일,경상남도 창원시 진해구 풍호동,경상사고,0,0,3,0,차대차 - 측면충돌,신호위반,젖음/습기,맑음,교차로 - 교차로안,승용,남,64세,상해없음,화물,남,66세,경상
2023041500100189,2023년 4월 15일 11시,토요일,경상남도 양산시 중부동,부상신고사고,0,0,0,1,차대차 - 기타,교차로운행방법위반,젖음/습기,비,교차로 - 교차로안,승용,남,54세,상해없음,이륜,남,51세,부상신고
2023041500100190,2023년 4월 15일 11시,토요일,경상남도 창원시 마산회원구 석전동,경상사고,0,0,1,0,차대사람 - 차도통행중,안전운전불이행,건조,맑음,교차로 - 교차로부근,화물,남,64세,상해없음,보행자,여,62세,경상
2023041500100191,2023년 4월 15일 11시,토요일,경상남도 창원시 마산회원구 회원동,경상사고,0,0,2,0,차대차 - 기타,안전운전불이행,건조,맑음,교차로 - 교차로안,화물,남,65세,상해없음,승용,남,66세,경상
2023041500100228,2023년 4월 15일 12시,토요일,경상남도 남해군 창선면,경상사고,0,0,1,0,차대차 - 추돌,안전운전불이행,건조,맑음,단일로 - 기타,자전거,남,43세,경상,화물,남,72세,상해없음
2023041500100229,2023년 4월 15일 12시,토요일,경상남도 창원시 성산구 가음동,중상사고,0,1,0,0,차대차 - 기타,신호위반,건조,맑음,교차로 - 교차로안,승용,남,73세,상해없음,승용,여,35세,중상
2023041500100266,2023년 4월 15일 13시,토요일,경상남도 진주시 평거동,경상사고,0,0,2,0,차대차 - 측면충돌,안전운전불이행,건조,맑음,단일로 - 기타,승용,여,37세,상해없음,승용,남,64세,경상
2023041500100267,2023년 4월 15일 13시,토요일,경상남도 김해시 삼계동,중상사고,0,1,0,0,차대차 - 기타,교차로운행방법위반,건조,흐림,교차로 - 교차로부근,승용,여,45세,상해없음,이륜,남,31세,중상
2023041500100268,2023년 4월 15일 13시,토요일,경상남도 거제시 옥포동,경상사고,0,0,1,0,차대사람 - 길가장자리구역통행중,안전운전불이행,건조,맑음,교차로 - 교차로안,승용,여,65세,상해없음,보행자,남,68세,경상
2023041500100269,2023년 4월 15일 13시,토요일,경상남도 산청군 시천면,중상사고,0,1,0,0,차대차 - 측면충돌,직진우회전진행방해,건조,맑음,교차로 - 교차로안,승용,여,58세,상해없음,이륜,남,43세,중상
2023041500100331,2023년 4월 15일 15시,토요일,경상남도 창원시 마산합포구 중앙동3가,경상사고,0,0,1,0,차대사람 - 차도통행중,안전운전불이행,건조,맑음,교차로 - 교차로부근,승용,남,45세,상해없음,보행자,남,16세,경상
2023041500100332,2023년 4월 15일 15시,토요일,경상남도 양산시 중부동,경상사고,0,0,1,0,차대차 - 측면충돌,신호위반,건조,맑음,교차로 - 교차로안,승용,여,37세,상해없음,자전거,남,51세,경상
2023041500100355,2023년 4월 15일 16시,토요일,경상남도 사천시 벌리동,경상사고,0,0,2,0,차대차 - 측면충돌,교차로운행방법위반,건조,맑음,교차로 - 교차로안,승합,여,41세,상해없음,승용,여,38세,경상
2023041500100356,2023년 4월 15일 16시,토요일,경상남도 양산시 동면,경상사고,0,0,1,0,차대차 - 추돌,안전운전불이행,건조,맑음,단일로 - 교량,이륜,남,20세,상해없음,승용,남,36세,경상
2023041500100392,2023년 4월 15일 17시,토요일,경상남도 김해시 어방동,경상사고,0,0,3,0,차대차 - 정면충돌,불법유턴,건조,흐림,단일로 - 기타,승용,여,57세,상해없음,승용,남,24세,경상
2023041500100421,2023년 4월 15일 18시,토요일,경상남도 김해시 내동,경상사고,0,0,1,0,차대사람 - 횡단중,안전운전불이행,젖음/습기,맑음,단일로 - 기타,이륜,남,39세,상해없음,보행자,남,16세,경상
2023041500100459,2023년 4월 15일 20시,토요일,경상남도 김해시 외동,경상사고,0,0,2,0,차대차 - 추돌,안전운전불이행,건조,맑음,교차로 - 교차로부근,승용,남,49세,상해없음,승용,남,39세,경상
2023041500100460,2023년 4월 15일 20시,토요일,경상남도 함안군 군북면,경상사고,0,0,1,0,차대차 - 측면충돌,안전운전불이행,건조,맑음,단일로 - 기타,승용,여,60세,상해없음,승용,남,37세,경상
2023041500100508,2023년 4월 15일 22시,토요일,경상남도 김해시 장유동,중상사고,0,1,0,0,차대사람 - 횡단중,보행자보호의무위반,건조,맑음,교차로 - 교차로횡단보도내,승용,남,38세,상해없음,보행자,남,27세,중상
2023041500100519,2023년 4월 15일 23시,토요일,경상남도 거제시 고현동,사망사고,1,0,1,0,차대차 - 추돌,안전운전불이행,건조,맑음,교차로 - 교차로부근,화물,남,46세,사망,승용,여,56세,경상
2023041500100520,2023년 4월 15일 23시,토요일,경상남도 거제시 장평동,경상사고,0,0,1,0,차대사람 - 기타,안전운전불이행,건조,맑음,단일로 - 기타,개인형이동수단(PM),남,18세,상해없음,보행자,여,32세,경상
2023041600100014,2023년 4월 16일 00시,일요일,경상남도 하동군 고전면,경상사고,0,0,5,0,차대차 - 기타,안전운전불이행,건조,맑음,단일로 - 기타,화물,남,53세,상해없음,승용,남,37세,경상
2023041600100033,2023년 4월 16일 02시,일요일,경상남도 진주시 상봉동,경상사고,0,0,1,1,차대차 - 정면충돌,안전운전불이행,건조,맑음,교차로 - 교차로안,개인형이동수단(PM),남,54세,부상신고,이륜,남,25세,경상
2023041600100034,2023년 4월 16일 02시,일요일,경상남도 김해시 안동,경상사고,0,0,5,0,차대차 - 정면충돌,신호위반,건조,맑음,교차로 - 교차로안,승용,여,24세,경상,승용,남,27세,경상
2023041600100041,2023년 4월 16일 04시,일요일,경상남도 통영시 당동,경상사고,0,0,1,0,차량단독 - 공작물충돌,안전운전불이행,젖음/습기,맑음,단일로 - 기타,이륜,남,19세,경상,,,,
2023041600100042,2023년 4월 16일 04시,일요일,경상남도 고성군 상리면,경상사고,0,0,2,0,차대차 - 측면충돌,교차로운행방법위반,건조,맑음,교차로 - 교차로안,화물,남,40세,상해없음,화물,여,74세,경상
2023041600100068,2023년 4월 16일 08시,일요일,경상남도 김해시 서상동,중상사고,0,1,0,0,차대사람 - 차도통행중,교차로운행방법위반,건조,맑음,교차로 - 교차로부근,화물,남,64세,상해없음,보행자,남,58세,중상
2023041600100069,2023년 4월 16일 08시,일요일,경상남도 거제시 연초면,중상사고,0,1,0,0,차량단독 - 도로외이탈 - 추락,안전운전불이행,건조,맑음,단일로 - 기타,화물,남,22세,중상,,,,
2023041600100099,2023년 4월 16일 10시,일요일,경상남도 창원시 진해구 용원동,경상사고,0,0,2,0,차대차 - 기타,안전운전불이행,건조,맑음,교차로 - 교차로안,승용,여,64세,경상,승용,남,59세,경상
2023041600100100,2023년 4월 16일 10시,일요일,경상남도 김해시 구산동,경상사고,0,0,1,0,차대차 - 정면충돌,안전운전불이행,건조,흐림,교차로 - 교차로안,승용,여,28세,상해없음,원동기,남,32세,경상
2023041600100101,2023년 4월 16일 10시,일요일,경상남도 양산시 하북면,경상사고,0,0,1,0,차대차 - 추돌,안전운전불이행,건조,맑음,단일로 - 기타,이륜,남,22세,기타불명,승용,여,18세,상해없음
2023041600100128,2023년 4월 16일 11시,일요일,경상남도 합천군 청덕면,중상사고,0,1,0,0,차량단독 - 공작물충돌,안전운전불이행,건조,맑음,단일로 - 기타,이륜,남,58세,중상,,,,
2023041600100129,2023년 4월 16일 11시,일요일,경상남도 창원시 마산합포구 산호동,경상사고,0,0,1,0,차대사람 - 보도통행중,기타,건조,맑음,단일로 - 기타,승용,여,61세,상해없음,보행자,남,50세,경상
2023041600100130,2023년 4월 16일 11시,일요일,경상남도 창원시 의창구 동읍,경상사고,0,0,2,0,차대차 - 측면충돌,안전운전불이행,건조,맑음,교차로 - 교차로안,승용,여,64세,상해없음,승용,여,51세,경상
2023041600100157,2023년 4월 16일 12시,일요일,경상남도 창원시 진해구 풍호동,경상사고,0,0,1,0,차대차 - 정면충돌,안전운전불이행,건조,맑음,단일로 - 기타,승용,여,33세,상해없음,화물,남,59세,기타불명
2023041600100158,2023년 4월 16일 12시,일요일,경상남도 창원시 마산회원구 석전동,사망사고,1,0,0,0,차대사람 - 차도통행중,안전운전불이행,건조,맑음,단일로 - 기타,승합,남,49세,상해없음,보행자,남,68세,사망
2023041600100185,2023년 4월 16일 13시,일요일,경상남도 김해시 동상동,경상사고,0,0,1,0,차대차 - 측면충돌,신호위반,건조,흐림,교차로 - 교차로안,승용,남,57세,상해없음,이륜,남,46세,경상
2023041600100216,2023년 4월 16일 14시,일요일,경상남도 김해시 삼방동,중상사고,0,1,0,0,차대차 - 기타,기타,젖음/습기,비,단일로 - 기타,승용,여,47세,상해없음,이륜,남,40세,중상
2023041600100217,2023년 4월 16일 14시,일요일,경상남도 양산시 물금읍,경상사고,0,0,1,0,차대차 - 기타,안전운전불이행,젖음/습기,비,교차로 - 교차로안,승용,여,58세,상해없음,자전거,여,51세,경상
2023041600100218,2023년 4월 16일 14시,일요일,경상남도 고성군 고성읍,중상사고,0,1,0,0,차량단독 - 전도전복 - 전복,안전운전불이행,기타,맑음,주차장 - 주차장,승용,여,50세,상해없음,,,,
2023041600100261,2023년 4월 16일 16시,일요일,경상남도 밀양시 산외면,사망사고,1,4,2,0,차대차 - 추돌,기타,건조,흐림,단일로 - 기타,승용,남,34세,상해없음,승용,여,34세,경상
2023041600100274,2023년 4월 16일 16시,일요일,경상남도 창원시 마산합포구 진동면,중상사고,0,1,0,0,차량단독 - 기타,안전운전불이행,건조,맑음,단일로 - 기타,승용,남,75세,중상,,,,
2023041600100275,2023년 4월 16일 16시,일요일,경상남도 통영시 광도면,경상사고,0,0,2,0,차대차 - 추돌,안전운전불이행,건조,맑음,단일로 - 기타,승용,기타불명,미분류,기타불명,승용,남,55세,경상
2023041600100276,2023년 4월 16일 16시,일요일,경상남도 김해시 삼방동,중상사고,0,1,0,0,차대차 - 정면충돌,불법유턴,젖음/습기,흐림,단일로 - 기타,화물,남,60세,상해없음,이륜,남,37세,중상
2023041600100277,2023년 4월 16일 16시,일요일,경상남도 양산시 물금읍,중상사고,0,1,2,0,차대차 - 정면충돌,중앙선침범,젖음/습기,흐림,단일로 - 기타,승용,남,78세,경상,화물,남,53세,중상
2023041600100278,2023년 4월 16일 16시,일요일,경상남도 거제시 남부면,중상사고,0,1,0,0,차량단독 - 전도전복 - 전도,안전운전불이행,건조,맑음,기타 - 기타,농기계,남,79세,중상,,,,
2023041600100308,2023년 4월 16일 17시,일요일,경상남도 고성군 고성읍,부상신고사고,0,0,0,2,차대차 - 기타,안전운전불이행,건조,맑음,단일로 - 기타,승용,남,46세,상해없음,승용,남,38세,상해없음
2023041600100309,2023년 4월 16일 17시,일요일,경상남도 함안군 칠서면,경상사고,0,0,2,0,차대차 - 추돌,안전운전불이행,건조,맑음,단일로 - 기타,승용,남,33세,상해없음,승용,남,61세,경상
2023041600100328,2023년 4월 16일 18시,일요일,경상남도 양산시 중부동,경상사고,0,0,1,1,차대차 - 측면충돌,교차로운행방법위반,젖음/습기,흐림,교차로 - 교차로안,자전거,여,57세,경상,자전거,여,16세,부상신고
2023041600100329,2023년 4월 16일 18시,일요일,경상남도 창원시 의창구 소계동,중상사고,0,1,0,0,차대사람 - 기타,안전운전불이행,건조,맑음,단일로 - 기타,승용,여,39세,상해없음,보행자,남,41세,중상
2023041600100355,2023년 4월 16일 19시,일요일,경상남도 창원시 마산회원구 양덕동,경상사고,0,0,2,0,차대차 - 측면충돌,안전운전불이행,건조,맑음,교차로 - 교차로안,승용,남,69세,상해없음,승용,남,42세,경상
2023041600100385,2023년 4월 16일 20시,일요일,경상남도 창원시 의창구 서상동,부상신고사고,0,0,0,1,차대차 - 기타,안전운전불이행,건조,맑음,교차로 - 교차로부근,기타불명,기타불명,미분류,기타불명,원동기,남,40세,부상신고
2023041600100417,2023년 4월 16일 22시,일요일,경상남도 통영시 용남면,경상사고,0,0,1,0,차대차 - 측면충돌,안전운전불이행,건조,맑음,단일로 - 기타,승용,남,23세,상해없음,승용,남,42세,경상
2023041700100035,2023년 4월 17일 05시,월요일,경상남도 통영시 광도면,중상사고,0,1,0,0,차대차 - 기타,안전운전불이행,건조,맑음,단일로 - 기타,승용,여,54세,상해없음,이륜,남,56세,중상
2023041700100036,2023년 4월 17일 05시,월요일,경상남도 의령군 부림면,중상사고,0,1,0,0,차대사람 - 차도통행중,안전운전불이행,건조,맑음,교차로 - 교차로부근,승용,여,60세,상해없음,보행자,여,87세,중상
2023041700100053,2023년 4월 17일 06시,월요일,경상남도 통영시 광도면,경상사고,0,0,3,0,차량단독 - 공작물충돌,안전운전불이행,건조,맑음,교차로 - 교차로부근,승합,남,61세,상해없음,,,,
2023041700100113,2023년 4월 17일 08시,월요일,경상남도 창원시 진해구 남문동,경상사고,0,0,1,0,차량단독 - 공작물충돌,안전운전불이행,건조,맑음,교차로 - 교차로부근,승용,남,46세,경상,,,,
2023041700100114,2023년 4월 17일 08시,월요일,경상남도 거창군 남상면,중상사고,0,2,1,0,차대차 - 측면충돌,안전운전불이행,건조,맑음,교차로 - 교차로안,승용,남,39세,경상,화물,남,76세,중상
2023041700100148,2023년 4월 17일 09시,월요일,경상남도 진주시 장대동,중상사고,0,1,0,0,차대사람 - 보도통행중,보행자보호의무위반,건조,맑음,단일로 - 기타,이륜,남,53세,상해없음,보행자,여,86세,중상
2023041700100149,2023년 4월 17일 09시,월요일,경상남도 통영시 당동,중상사고,0,3,0,0,차대차 - 기타,신호위반,건조,맑음,교차로 - 교차로안,승용,여,53세,상해없음,승용,남,57세,중상
2023041700100150,2023년 4월 17일 09시,월요일,경상남도 양산시 상북면,경상사고,0,0,2,0,차대차 - 측면충돌,안전운전불이행,건조,맑음,교차로 - 교차로안,승용,여,57세,경상,승용,여,62세,경상
2023041700100182,2023년 4월 17일 10시,월요일,경상남도 양산시 동면,경상사고,0,0,1,0,차대차 - 측면충돌,안전거리미확보,건조,맑음,단일로 - 기타,승용,남,61세,상해없음,승합,남,46세,경상
2023041700100218,2023년 4월 17일 11시,월요일,경상남도 김해시 삼계동,경상사고,0,0,1,0,차대차 - 측면충돌,안전운전불이행,건조,맑음,단일로 - 기타,승용,남,55세,상해없음,승용,여,65세,경상
2023041700100219,2023년 4월 17일 11시,월요일,경상남도 창원시 마산회원구 내서읍,중상사고,0,1,0,0,차량단독 - 기타,안전운전불이행,건조,맑음,단일로 - 기타,승합,남,46세,상해없음,,,,
2023041700100258,2023년 4월 17일 12시,월요일,경상남도 진주시 충무공동,경상사고,0,0,1,0,차대차 - 기타,안전거리미확보,건조,맑음,단일로 - 기타,사륜오토바이(ATV),남,80세,경상,승용,남,34세,상해없음
2023041700100259,2023년 4월 17일 12시,월요일,경상남도 함양군 함양읍,중상사고,0,1,0,0,차대차 - 측면충돌,안전운전불이행,건조,맑음,교차로 - 교차로부근,화물,남,61세,상해없음,승용,여,35세,중상
2023041700100271,2023년 4월 17일 13시,월요일,경상남도 김해시 전하동,중상사고,0,1,1,0,차대차 - 기타,안전거리미확보,건조,맑음,단일로 - 기타,승합,남,61세,상해없음,승용,남,45세,중상
2023041700100289,2023년 4월 17일 13시,월요일,경상남도 진주시 명석면,중상사고,0,1,1,0,차대차 - 정면충돌,중앙선침범,건조,맑음,단일로 - 기타,화물,남,75세,상해없음,승용,여,41세,중상
2023041700100290,2023년 4월 17일 13시,월요일,경상남도 고성군 상리면,경상사고,0,0,1,0,차대차 - 기타,안전운전불이행,건조,맑음,교차로 - 교차로안,승용,남,68세,상해없음,화물,남,45세,상해없음
2023041700100291,2023년 4월 17일 13시,월요일,경상남도 거제시 장평동,중상사고,0,2,0,0,차량단독 - 기타,기타,건조,맑음,교차로 - 교차로부근,승용,여,62세,중상,,,,
2023041700100369,2023년 4월 17일 15시,월요일,경상남도 양산시 물금읍,중상사고,0,1,0,0,차대사람 - 횡단중,보행자보호의무위반,건조,맑음,단일로 - 기타,승용,여,27세,상해없음,보행자,여,10세,중상