사고번호,사고일시,요일,시군구,사고내용,사망자수,중상자수,경상자수,부상신고자수,사고유형,법규위반,노면상태,기상상태,도로형태,가해운전자 차종,가해운전자 성별,가해운전자 연령,가해운전자 상해정도,피해운전자 차종,피해운전자 성별,피해운전자 연령,피해운전자 상해정도
2023042100100392,2023년 4월 21일 16시,금요일,경상남도 양산시 평산동,경상사고,0,0,1,0,차대차 - 측면충돌,안전운전불이행,건조,맑음,주차장 - 주차장,화물,남,75세,상해없음,이륜,남,30세,경상
2023042100100447,2023년 4월 21일 17시,금요일,경상남도 진주시 가좌동,경상사고,0,0,1,0,차대차 - 측면충돌,중앙선침범,건조,맑음,단일로 - 기타,승용,남,73세,상해없음,승용,여,31세,경상
2023042100100448,2023년 4월 21일 17시,금요일,경상남도 김해시 삼방동,중상사고,0,1,0,0,차대차 - 기타,안전운전불이행,건조,맑음,교차로 - 교차로안,승합,남,29세,상해없음,승합,남,51세,중상
2023042100100449,2023년 4월 21일 17시,금요일,경상남도 양산시 물금읍,경상사고,0,0,1,0,차대차 - 기타,교차로운행방법위반,건조,맑음,교차로 - 교차로안,승용,남,30세,상해없음,자전거,여,28세,경상
2023042100100502,2023년 4월 21일 18시,금요일,경상남도 창원시 진해구 석동,경상사고,0,0,2,0,차대사람 - 차도통행중,안전운전불이행,건조,맑음,단일로 - 기타,승용,남,53세,상해없음,보행자,남,12세,경상
2023042100100503,2023년 4월 21일 18시,금요일,경상남도 창원시 진해구 장천동,경상사고,0,0,1,0,차대차 - 기타,안전운전불이행,건조,맑음,교차로 - 교차로부근,승합,남,71세,상해없음,승용,남,41세,경상
2023042100100504,2023년 4월 21일 18시,금요일,경상남도 창원시 진해구 이동,경상사고,0,0,1,0,차대차 - 기타,안전운전불이행,건조,맑음,교차로 - 교차로안,자전거,남,22세,경상,화물,남,62세,상해없음
2023042100100506,2023년 4월 21일 18시,금요일,경상남도 창원시 의창구 소답동,중상사고,0,1,0,0,차대사람 - 횡단중,안전운전불이행,건조,맑음,교차로 - 교차로부근,이륜,남,22세,상해없음,보행자,여,54세,중상
2023042100100557,2023년 4월 21일 19시,금요일,경상남도 함양군 수동면,중상사고,0,1,0,0,차대차 - 추돌,안전운전불이행,건조,맑음,교차로 - 교차로안,승용,남,47세,상해없음,승용,여,64세,중상
2023042100100558,2023년 4월 21일 19시,금요일,경상남도 양산시 명동,경상사고,0,0,1,0,차대차 - 측면충돌,안전운전불이행,건조,맑음,교차로 - 교차로부근,승용,여,52세,상해없음,화물,남,38세,경상
2023042100100559,2023년 4월 21일 19시,금요일,경상남도 창원시 성산구 대방동,경상사고,0,0,1,0,차대사람 - 횡단중,신호위반,건조,맑음,교차로 - 교차로안,이륜,남,30세,상해없음,보행자,여,40세,경상
2023042100100606,2023년 4월 21일 20시,금요일,경상남도 창원시 마산합포구 완월동,중상사고,0,1,0,0,차대차 - 측면충돌,안전운전불이행,건조,맑음,단일로 - 기타,승용,여,67세,상해없음,승용,남,55세,중상
2023042100100607,2023년 4월 21일 20시,금요일,경상남도 창원시 진해구 덕산동,경상사고,0,0,1,0,차대사람 - 횡단중,안전운전불이행,건조,흐림,교차로 - 교차로부근,승용,남,58세,상해없음,보행자,남,56세,경상
2023042100100608,2023년 4월 21일 20시,금요일,경상남도 김해시 관동동,경상사고,0,0,1,0,차대차 - 추돌,안전운전불이행,건조,맑음,단일로 - 기타,이륜,남,35세,경상,승용,여,55세,상해없음
2023042100100636,2023년 4월 21일 21시,금요일,경상남도 창원시 진해구 대흥동,중상사고,0,1,0,0,차대사람 - 횡단중,보행자보호의무위반,건조,맑음,단일로 - 기타,승용,남,53세,상해없음,보행자,남,17세,중상
2023042200100009,2023년 4월 22일 00시,토요일,경상남도 창원시 성산구 가음정동,중상사고,0,2,0,0,차대차 - 측면충돌,신호위반,건조,맑음,교차로 - 교차로안,승용,남,26세,상해없음,승용,남,57세,상해없음
2023042200100045,2023년 4월 22일 04시,토요일,경상남도 사천시 서동,경상사고,0,0,1,0,차대사람 - 차도통행중,안전운전불이행,건조,맑음,교차로 - 교차로안,화물,남,62세,상해없음,보행자,여,69세,경상
2023042200100046,2023년 4월 22일 04시,토요일,경상남도 김해시 신문동,경상사고,0,0,2,0,차대차 - 측면충돌,안전운전불이행,건조,맑음,단일로 - 기타,승용,남,77세,상해없음,화물,남,39세,경상
2023042200100070,2023년 4월 22일 07시,토요일,경상남도 창녕군 고암면,경상사고,0,0,1,0,차대차 - 기타,안전운전불이행,건조,맑음,교차로 - 교차로안,화물,남,71세,상해없음,승용,남,36세,경상
2023042200100086,2023년 4월 22일 08시,토요일,경상남도 밀양시 산외면,경상사고,0,0,1,0,차대차 - 기타,기타,건조,맑음,단일로 - 기타,승용,남,46세,상해없음,승용,남,53세,상해없음
2023042200100087,2023년 4월 22일 08시,토요일,경상남도 김해시 삼계동,부상신고사고,0,0,0,1,차대차 - 측면충돌,교차로운행방법위반,건조,맑음,교차로 - 교차로안,승용,남,47세,상해없음,승용,남,50세,부상신고
2023042200100088,2023년 4월 22일 08시,토요일,경상남도 김해시 외동,경상사고,0,0,1,0,차대차 - 정면충돌,불법유턴,건조,맑음,단일로 - 기타,자전거,여,81세,경상,승용,남,63세,상해없음
2023042200100109,2023년 4월 22일 09시,토요일,경상남도 김해시 구산동,중상사고,0,1,1,0,차대차 - 측면충돌,교차로운행방법위반,건조,맑음,단일로 - 기타,이륜,남,72세,중상,승용,남,46세,경상
2023042200100141,2023년 4월 22일 10시,토요일,경상남도 진주시 평거동,경상사고,0,0,1,0,차대차 - 측면충돌,안전거리미확보,건조,맑음,단일로 - 기타,승용,여,73세,상해없음,승용,여,54세,경상
2023042200100142,2023년 4월 22일 10시,토요일,경상남도 고성군 고성읍,중상사고,0,1,0,0,차대차 - 측면충돌,안전운전불이행,건조,맑음,단일로 - 기타,승용,남,71세,상해없음,이륜,여,64세,중상
2023042200100176,2023년 4월 22일 11시,토요일,경상남도 창원시 진해구 석동,경상사고,0,0,1,0,차대사람 - 기타,안전운전불이행,건조,맑음,교차로 - 교차로안,화물,남,53세,상해없음,보행자,남,41세,경상
2023042200100177,2023년 4월 22일 11시,토요일,경상남도 김해시 전하동,경상사고,0,0,1,0,차대차 - 측면충돌,안전운전불이행,건조,맑음,교차로 - 교차로안,승용,여,33세,상해없음,승용,남,70세,경상
2023042200100178,2023년 4월 22일 11시,토요일,경상남도 거창군 신원면,경상사고,0,0,1,0,차대차 - 후진중충돌,안전운전불이행,건조,맑음,단일로 - 기타,화물,남,55세,상해없음,화물,남,58세,경상
2023042200100179,2023년 4월 22일 11시,토요일,경상남도 김해시 대청동,경상사고,0,0,1,0,차대차 - 후진중충돌,안전운전불이행,건조,맑음,교차로 - 교차로안,승용,여,45세,상해없음,승용,남,61세,경상
2023042200100211,2023년 4월 22일 12시,토요일,경상남도 통영시 도남동,중상사고,0,1,1,0,차대차 - 기타,안전운전불이행,건조,맑음,기타 - 기타,승용,남,56세,상해없음,승용,남,26세,경상
2023042200100212,2023년 4월 22일 12시,토요일,경상남도 통영시 욕지면,경상사고,0,0,1,0,차대차 - 후진중충돌,안전운전불이행,건조,맑음,기타 - 기타,승용,남,73세,상해없음,승용,남,31세,경상
2023042200100213,2023년 4월 22일 12시,토요일,경상남도 김해시 동상동,경상사고,0,0,2,0,차대차 - 측면충돌,교차로운행방법위반,건조,맑음,교차로 - 교차로안,이륜,남,43세,경상,이륜,남,23세,경상
2023042200100214,2023년 4월 22일 12시,토요일,경상남도 양산시 물금읍,중상사고,0,1,0,0,차대차 - 측면충돌,안전운전불이행,건조,맑음,교차로 - 교차로횡단보도내,기타불명,기타불명,미분류,기타불명,자전거,여,64세,중상
2023042200100347,2023년 4월 22일 15시,토요일,경상남도 진주시 금곡면,중상사고,0,1,0,0,차대사람 - 횡단중,안전운전불이행,건조,맑음,단일로 - 기타,이륜,남,29세,상해없음,보행자,여,86세,중상
2023042200100348,2023년 4월 22일 15시,토요일,경상남도 창원시 마산회원구 양덕동,경상사고,0,0,1,0,차대차 - 측면충돌,안전운전불이행,기타,기타,단일로 - 기타,승용,남,43세,기타불명,승용,여,30세,상해없음
2023042200100415,2023년 4월 22일 17시,토요일,경상남도 진주시 상대동,경상사고,0,0,4,0,차대차 - 정면충돌,신호위반,건조,맑음,교차로 - 교차로부근,승용,여,52세,상해없음,승용,여,52세,경상
2023042200100416,2023년 4월 22일 17시,토요일,경상남도 사천시 선구동,경상사고,0,0,2,0,차대차 - 측면충돌,안전운전불이행,건조,맑음,교차로 - 교차로부근,승용,여,71세,상해없음,승용,남,43세,경상
2023042200100417,2023년 4월 22일 17시,토요일,경상남도 거제시 사등면,경상사고,0,0,1,0,차대차 - 정면충돌,중앙선침범,건조,맑음,기타 - 기타,승용,여,39세,상해없음,승용,여,42세,경상
2023042200100456,2023년 4월 22일 18시,토요일,경상남도 통영시 용남면,중상사고,0,1,0,0,차대차 - 측면충돌,안전운전불이행,건조,맑음,단일로 - 기타,승용,남,80세,기타불명,승용,여,37세,중상
2023042200100457,2023년 4월 22일 18시,토요일,경상남도 김해시 동상동,경상사고,0,0,1,0,차대사람 - 길가장자리구역통행중,안전운전불이행,건조,맑음,단일로 - 기타,승용,남,58세,상해없음,보행자,여,51세,경상
2023042200100458,2023년 4월 22일 18시,토요일,경상남도 거제시 장목면,중상사고,0,1,0,1,차량단독 - 공작물충돌,안전운전불이행,건조,맑음,단일로 - 기타,승용,남,21세,부상신고,,,,
2023042200100459,2023년 4월 22일 18시,토요일,경상남도 창원시 성산구 상남동,경상사고,0,0,1,0,차대차 - 기타,안전운전불이행,건조,맑음,교차로 - 교차로부근,승용,남,34세,기타불명,승용,남,47세,경상
2023042200100504,2023년 4월 22일 19시,토요일,경상남도 거창군 거창읍,경상사고,0,0,1,0,차대차 - 정면충돌,중앙선침범,건조,맑음,단일로 - 기타,승용,남,34세,상해없음,이륜,남,69세,경상
2023042200100505,2023년 4월 22일 19시,토요일,경상남도 남해군 남면,중상사고,0,1,0,0,차대사람 - 차도통행중,안전운전불이행,건조,맑음,단일로 - 기타,화물,남,50세,상해없음,보행자,남,62세,중상
2023042200100506,2023년 4월 22일 19시,토요일,경상남도 창원시 마산회원구 합성동,중상사고,0,1,0,0,차대사람 - 기타,안전운전불이행,기타,기타,단일로 - 기타,승합,남,51세,상해없음,보행자,여,19세,중상
2023042200100507,2023년 4월 22일 19시,토요일,경상남도 김해시 대청동,경상사고,0,0,1,0,차대차 - 측면충돌,안전거리미확보,건조,맑음,단일로 - 기타,승용,여,25세,상해없음,승용,여,26세,경상
2023042200100530,2023년 4월 22일 20시,토요일,경상남도 함양군 함양읍,경상사고,0,0,1,0,차량단독 - 기타,안전운전불이행,건조,맑음,단일로 - 기타,이륜,남,22세,경상,,,,
2023042200100552,2023년 4월 22일 21시,토요일,경상남도 창원시 성산구 상남동,경상사고,0,0,1,0,차대차 - 측면충돌,안전운전불이행,건조,맑음,단일로 - 기타,승용,여,39세,상해없음,승용,남,30세,경상
2023042200100596,2023년 4월 22일 23시,토요일,경상남도 창원시 진해구 남문동,경상사고,0,0,1,0,차대차 - 측면충돌,교차로운행방법위반,건조,맑음,교차로 - 교차로안,승용,여,54세,상해없음,승용,여,61세,경상
2023042300100012,2023년 4월 23일 00시,일요일,경상남도 김해시 풍유동,중상사고,0,1,1,1,차대차 - 측면충돌,신호위반,건조,맑음,교차로 - 교차로안,승용,남,39세,부상신고,승용,남,54세,경상
2023042300100023,2023년 4월 23일 01시,일요일,경상남도 김해시 어방동,경상사고,0,0,2,0,차대차 - 측면충돌,신호위반,건조,맑음,교차로 - 교차로안,승용,여,60세,기타불명,승용,남,51세,경상
2023042300100048,2023년 4월 23일 06시,일요일,경상남도 창원시 마산합포구 월영동,중상사고,0,1,0,0,차대차 - 측면충돌,안전운전불이행,건조,맑음,교차로 - 교차로부근,승용,남,23세,상해없음,이륜,남,54세,중상
2023042300100049,2023년 4월 23일 06시,일요일,경상남도 창원시 의창구 팔용동,중상사고,0,3,0,0,차대차 - 측면충돌,중앙선침범,건조,맑음,단일로 - 기타,승용,남,33세,중상,승용,남,48세,중상
2023042300100078,2023년 4월 23일 09시,일요일,경상남도 창원시 마산합포구 중앙동2가,중상사고,0,1,0,0,차량단독 - 기타,기타,건조,맑음,단일로 - 기타,승합,남,48세,상해없음,,,,
2023042300100101,2023년 4월 23일 10시,일요일,경상남도 양산시 원동면,부상신고사고,0,0,0,1,차대차 - 측면충돌,안전거리미확보,건조,맑음,단일로 - 기타,원동기,남,48세,부상신고,화물,남,62세,상해없음
2023042300100102,2023년 4월 23일 10시,일요일,경상남도 창원시 의창구 서상동,경상사고,0,0,1,0,차대차 - 측면충돌,신호위반,건조,맑음,단일로 - 기타,이륜,남,41세,상해없음,이륜,남,27세,경상
2023042300100103,2023년 4월 23일 10시,일요일,경상남도 창원시 의창구 북면,경상사고,0,0,1,0,차대차 - 측면충돌,신호위반,건조,맑음,교차로 - 교차로안,승용,남,58세,기타불명,승용,남,39세,경상
2023042300100122,2023년 4월 23일 11시,일요일,경상남도 창원시 진해구 남양동,경상사고,0,0,2,0,차대차 - 기타,교차로운행방법위반,건조,맑음,교차로 - 교차로안,화물,남,51세,상해없음,승합,남,50세,상해없음
2023042300100123,2023년 4월 23일 11시,일요일,경상남도 김해시 서상동,경상사고,0,0,1,0,차대차 - 기타,안전운전불이행,건조,맑음,교차로 - 교차로부근,화물,남,56세,상해없음,승용,여,53세,경상
2023042300100149,2023년 4월 23일 12시,일요일,경상남도 사천시 정동면,중상사고,0,1,0,0,차대차 - 기타,안전운전불이행,건조,맑음,단일로 - 기타,승용,남,44세,상해없음,자전거,남,84세,중상
2023042300100183,2023년 4월 23일 13시,일요일,경상남도 김해시 어방동,중상사고,0,1,0,0,차대차 - 측면충돌,신호위반,건조,맑음,교차로 - 교차로안,이륜,남,47세,중상,이륜,남,24세,상해없음
2023042300100184,2023년 4월 23일 13시,일요일,경상남도 창녕군 도천면,사망사고,1,0,0,0,차대차 - 측면충돌,안전운전불이행,건조,맑음,단일로 - 기타,이륜,남,39세,사망,화물,남,70세,상해없음
2023042300100185,2023년 4월 23일 13시,일요일,경상남도 양산시 동면,중상사고,0,1,0,0,차대차 - 측면충돌,차로위반,건조,맑음,단일로 - 기타,승용,남,73세,상해없음,이륜,남,40세,중상
2023042300100186,2023년 4월 23일 13시,일요일,경상남도 양산시 삼호동,경상사고,0,0,1,0,차대차 - 측면충돌,안전운전불이행,건조,맑음,교차로 - 교차로안,승용,남,74세,경상,승용,여,47세,상해없음
2023042300100187,2023년 4월 23일 13시,일요일,경상남도 함안군 가야읍,중상사고,0,1,0,0,차대차 - 측면충돌,안전운전불이행,건조,흐림,단일로 - 기타,승용,남,69세,상해없음,이륜,남,22세,중상
2023042300100214,2023년 4월 23일 14시,일요일,경상남도 함양군 수동면,사망사고,1,1,0,0,차대차 - 기타,신호위반,건조,맑음,교차로 - 교차로안,이륜,남,18세,사망,승용,남,36세,상해없음
2023042300100264,2023년 4월 23일 16시,일요일,경상남도 김해시 동상동,경상사고,0,0,1,0,차대사람 - 기타,안전거리미확보,건조,맑음,교차로 - 교차로안,승용,여,56세,상해없음,보행자,여,46세,경상
2023042300100289,2023년 4월 23일 17시,일요일,경상남도 창원시 진해구 이동,경상사고,0,0,1,0,차대차 - 후진중충돌,안전운전불이행,건조,흐림,교차로 - 교차로부근,승용,여,40세,상해없음,이륜,남,29세,경상
2023042300100290,2023년 4월 23일 17시,일요일,경상남도 통영시 광도면,중상사고,0,2,0,0,차대차 - 정면충돌,중앙선침범,건조,맑음,단일로 - 기타,승용,남,45세,상해없음,화물,남,63세,중상
2023042300100291,2023년 4월 23일 17시,일요일,경상남도 통영시 미수동,중상사고,0,1,0,0,차대사람 - 횡단중,보행자보호의무위반,건조,맑음,단일로 - 기타,승용,남,52세,상해없음,보행자,여,70세,중상
2023042300100292,2023년 4월 23일 17시,일요일,경상남도 양산시 중부동,부상신고사고,0,0,0,1,차대차 - 기타,신호위반,건조,맑음,교차로 - 교차로안,원동기,남,21세,상해없음,이륜,남,20세,부상신고
2023042300100293,2023년 4월 23일 17시,일요일,경상남도 창원시 성산구 대원동,경상사고,0,0,1,0,차대차 - 기타,안전운전불이행,건조,맑음,기타 - 기타,승용,남,58세,상해없음,승용,여,27세,경상
2023042300100318,2023년 4월 23일 18시,일요일,경상남도 창원시 마산회원구 양덕동,경상사고,0,0,3,0,차대차 - 측면충돌,안전운전불이행,건조,맑음,교차로 - 교차로안,화물,남,23세,상해없음,승용,남,39세,경상
2023042300100319,2023년 4월 23일 18시,일요일,경상남도 김해시 관동동,경상사고,0,0,3,0,차대차 - 정면충돌,안전운전불이행,건조,맑음,단일로 - 기타,승용,남,56세,상해없음,승용,남,26세,경상
2023042300100329,2023년 4월 23일 19시,일요일,경상남도 김해시 안동,경상사고,0,0,1,1,차대차 - 측면충돌,안전거리미확보,건조,맑음,단일로 - 기타,승용,여,72세,상해없음,승합,남,49세,경상
2023042300100366,2023년 4월 23일 20시,일요일,경상남도 창원시 진해구 자은동,경상사고,0,0,6,0,차대차 - 추돌,안전운전불이행,건조,맑음,교차로 - 교차로부근,승용,여,54세,기타불명,승용,여,33세,경상
2023042300100367,2023년 4월 23일 20시,일요일,경상남도 창원시 진해구 풍호동,경상사고,0,0,1,0,차대사람 - 기타,안전운전불이행,건조,맑음,단일로 - 기타,승용,남,49세,상해없음,보행자,여,45세,상해없음
2023042300100368,2023년 4월 23일 20시,일요일,경상남도 창원시 의창구 도계동,중상사고,0,1,0,0,차대사람 - 기타,안전운전불이행,건조,맑음,주차장 - 주차장,승용,남,56세,상해없음,보행자,남,49세,중상
2023042300100383,2023년 4월 23일 21시,일요일,경상남도 창녕군 장마면,중상사고,0,1,0,0,차량단독 - 전도전복 - 전도,안전운전불이행,건조,맑음,단일로 - 기타,화물,남,51세,중상,,,,
2023042300100401,2023년 4월 23일 22시,일요일,경상남도 김해시 외동,사망사고,1,0,0,0,차대사람 - 횡단중,기타,건조,맑음,교차로 - 교차로안,승용,여,52세,상해없음,보행자,남,30세,사망
2023042300100402,2023년 4월 23일 22시,일요일,경상남도 창녕군 계성면,사망사고,1,0,0,0,차대차 - 추돌,안전운전불이행,건조,맑음,단일로 - 기타,화물,남,39세,상해없음,화물,남,67세,사망
2023042400100030,2023년 4월 24일 06시,월요일,경상남도 창원시 성산구 남산동,경상사고,0,0,1,0,차대차 - 기타,안전운전불이행,건조,맑음,기타 - 기타,승용,남,48세,상해없음,승용,여,39세,경상
2023042400100091,2023년 4월 24일 08시,월요일,경상남도 남해군 고현면,중상사고,0,1,0,1,차대사람 - 횡단중,안전운전불이행,건조,맑음,단일로 - 기타,승용,여,41세,부상신고,보행자,여,80세,중상
2023042400100126,2023년 4월 24일 09시,월요일,경상남도 진주시 장대동,부상신고사고,0,0,0,1,차대사람 - 차도통행중,안전운전불이행,건조,맑음,교차로 - 교차로안,승용,남,69세,상해없음,보행자,여,52세,부상신고
2023042400100127,2023년 4월 24일 09시,월요일,경상남도 사천시 서동,경상사고,0,0,1,0,차대차 - 측면충돌,안전운전불이행,건조,맑음,단일로 - 기타,승용,남,62세,상해없음,자전거,남,85세,경상
2023042400100128,2023년 4월 24일 09시,월요일,경상남도 고성군 고성읍,경상사고,0,0,1,0,차대차 - 측면충돌,신호위반,건조,맑음,교차로 - 교차로안,이륜,남,83세,경상,화물,남,74세,상해없음
2023042400100157,2023년 4월 24일 10시,월요일,경상남도 창원시 의창구 서상동,경상사고,0,0,1,0,차대차 - 측면충돌,교차로운행방법위반,건조,맑음,교차로 - 교차로안,승용,여,55세,상해없음,화물,남,49세,경상
2023042400100182,2023년 4월 24일 11시,월요일,경상남도 거창군 가조면,중상사고,0,1,0,0,차대차 - 측면충돌,안전운전불이행,건조,맑음,교차로 - 교차로안,화물,남,62세,상해없음,사륜오토바이(ATV),여,76세,중상
2023042400100183,2023년 4월 24일 11시,월요일,경상남도 양산시 북정동,경상사고,0,0,1,0,차대차 - 기타,신호위반,건조,맑음,교차로 - 교차로안,승용,여,50세,상해없음,승합,남,31세,경상
2023042400100212,2023년 4월 24일 12시,월요일,경상남도 밀양시 삼문동,중상사고,0,1,0,0,차대차 - 측면충돌,교차로운행방법위반,건조,맑음,교차로 - 교차로안,승용,남,55세,상해없음,이륜,남,65세,중상
2023042400100244,2023년 4월 24일 13시,월요일,경상남도 창원시 진해구 장천동,부상신고사고,0,0,0,1,차대차 - 측면충돌,안전운전불이행,건조,맑음,교차로 - 교차로안,승용,여,73세,상해없음,승용,남,45세,상해없음
2023042400100245,2023년 4월 24일 13시,월요일,경상남도 창녕군 대지면,중상사고,0,1,0,0,차대차 - 측면충돌,직진우회전진행방해,건조,맑음,교차로 - 교차로안,원동기,여,50세,중상,승용,남,72세,상해없음
2023042400100246,2023년 4월 24일 13시,월요일,경상남도 김해시 진영읍,중상사고,0,1,1,0,차대차 - 추돌,안전거리미확보,건조,흐림,교차로 - 교차로부근,화물,남,25세,상해없음,승용,여,57세,중상
2023042400100275,2023년 4월 24일 14시,월요일,경상남도 창원시 마산회원구 석전동,경상사고,0,0,1,0,차대차 - 추돌,안전운전불이행,건조,맑음,단일로 - 기타,승합,남,57세,상해없음,승용,남,57세,경상
2023042400100276,2023년 4월 24일 14시,월요일,경상남도 김해시 한림면,중상사고,0,2,0,0,차대차 - 추돌,안전거리미확보,건조,흐림,교차로 - 교차로부근,화물,남,59세,상해없음,화물,남,65세,중상
2023042400100311,2023년 4월 24일 15시,월요일,경상남도 창원시 진해구 이동,경상사고,0,0,2,0,차대차 - 정면충돌,교차로운행방법위반,건조,맑음,교차로 - 교차로안,승용,여,63세,경상,승용,여,48세,경상
2023042400100312,2023년 4월 24일 15시,월요일,경상남도 양산시 물금읍,중상사고,0,1,0,0,차대차 - 측면충돌,안전운전불이행,건조,맑음,단일로 - 기타,화물,남,60세,상해없음,이륜,남,27세,중상
2023042400100313,2023년 4월 24일 15시,월요일,경상남도 김해시 진영읍,경상사고,0,0,1,1,차대차 - 추돌,안전거리미확보,젖음/습기,흐림,교차로 - 교차로부근,승용,여,57세,부상신고,화물,남,35세,경상
2023042400100344,2023년 4월 24일 16시,월요일,경상남도 통영시 광도면,경상사고,0,0,1,0,차대차 - 측면충돌,안전운전불이행,건조,맑음,교차로 - 교차로부근,승용,여,56세,상해없음,화물,남,63세,경상
2023042400100345,2023년 4월 24일 16시,월요일,경상남도 하동군 금남면,경상사고,0,0,1,0,차대차 - 기타,안전운전불이행,건조,맑음,기타 - 기타,화물,남,63세,상해없음,화물,남,65세,상해없음
2023042400100346,2023년 4월 24일 16시,월요일,경상남도 거제시 연초면,중상사고,0,1,0,0,차대차 - 추돌,안전운전불이행,건조,맑음,단일로 - 기타,이륜,남,31세,중상,화물,여,55세,상해없음
2023042400100347,2023년 4월 24일 16시,월요일,경상남도 김해시 신문동,경상사고,0,0,2,0,차대차 - 기타,안전운전불이행,건조,맑음,교차로 - 교차로안,승용,남,56세,상해없음,승용,여,40세,경상
2023042400100379,2023년 4월 24일 17시,월요일,경상남도 사천시 용강동,경상사고,0,0,1,0,차대차 - 측면충돌,신호위반,건조,맑음,교차로 - 교차로안,이륜,남,58세,경상,승용,여,44세,상해없음
2023042400100380,2023년 4월 24일 17시,월요일,경상남도 김해시 전하동,경상사고,0,0,1,0,차대차 - 정면충돌,안전운전불이행,건조,맑음,단일로 - 기타,자전거,남,57세,상해없음,자전거,남,40세,경상
2023042400100381,2023년 4월 24일 17시,월요일,경상남도 김해시 한림면,중상사고,0,1,1,1,차대차 - 추돌,안전거리미확보,건조,맑음,단일로 - 기타,승용,여,56세,부상신고,승용,남,28세,경상
2023042400100382,2023년 4월 24일 17시,월요일,경상남도 김해시 주촌면,부상신고사고,0,0,0,1,차대차 - 기타,안전운전불이행,건조,맑음,교차로 - 교차로횡단보도내,승용,남,59세,상해없음,자전거,남,9세,부상신고
2023042400100422,2023년 4월 24일 18시,월요일,경상남도 창원시 진해구 용원동,경상사고,0,0,1,0,차대사람 - 차도통행중,안전운전불이행,건조,맑음,교차로 - 교차로부근,승용,남,20세,상해없음,보행자,여,38세,경상
2023042400100423,2023년 4월 24일 18시,월요일,경상남도 김해시 삼계동,경상사고,0,0,1,0,차대사람 - 횡단중,보행자보호의무위반,건조,흐림,단일로 - 기타,승용,여,53세,상해없음,보행자,여,41세,경상
2023042400100424,2023년 4월 24일 18시,월요일,경상남도 양산시 삼호동,부상신고사고,0,0,0,1,차대차 - 측면충돌,안전운전불이행,건조,맑음,교차로 - 교차로안,승합,남,37세,기타불명,승용,여,56세,부상신고
2023042400100425,2023년 4월 24일 18시,월요일,경상남도 양산시 물금읍,중상사고,0,1,0,0,차대사람 - 횡단중,보행자보호의무위반,건조,맑음,교차로 - 교차로횡단보도내,화물,남,56세,상해없음,보행자,여,35세,중상
2023042400100445,2023년 4월 24일 19시,월요일,경상남도 김해시 생림면,경상사고,0,0,1,0,차대차 - 측면충돌,안전운전불이행,건조,맑음,교차로 - 교차로안,승용,남,66세,상해없음,승용,여,39세,경상
2023042400100446,2023년 4월 24일 19시,월요일,경상남도 김해시 상동면,경상사고,0,0,1,0,차대차 - 측면충돌,신호위반,건조,흐림,교차로 - 교차로안,승용,남,54세,상해없음,승용,남,35세,경상
2023042400100481,2023년 4월 24일 20시,월요일,경상남도 창원시 진해구 경화동,경상사고,0,0,2,0,차대차 - 기타,직진우회전진행방해,건조,맑음,교차로 - 교차로안,승용,여,25세,경상,승용,여,57세,경상
2023042400100482,2023년 4월 24일 20시,월요일,경상남도 밀양시 내이동,경상사고,0,0,1,0,차대차 - 측면충돌,안전운전불이행,건조,흐림,교차로 - 교차로안,승용,남,67세,상해없음,승용,남,29세,경상
2023042400100500,2023년 4월 24일 21시,월요일,경상남도 양산시 북정동,중상사고,0,1,1,0,차대차 - 측면충돌,신호위반,건조,맑음,교차로 - 교차로안,승용,여,60세,상해없음,승용,남,52세,경상
2023042400100501,2023년 4월 24일 21시,월요일,경상남도 김해시 율하동,중상사고,0,1,0,0,차대차 - 추돌,안전운전불이행,건조,맑음,단일로 - 기타,이륜,남,39세,중상,승용,여,50세,상해없음
2023042400100516,2023년 4월 24일 22시,월요일,경상남도 창원시 성산구 남양동,경상사고,0,0,1,0,차대사람 - 횡단중,보행자보호의무위반,건조,맑음,교차로 - 교차로횡단보도내,승용,남,42세,상해없음,보행자,남,42세,경상
2023042500100008,2023년 4월 25일 01시,화요일,경상남도 창원시 진해구 남문동,중상사고,0,1,0,0,차대차 - 추돌,안전운전불이행,건조,맑음,교차로 - 교차로안,승용,여,44세,상해없음,화물,남,32세,중상
2023042500100009,2023년 4월 25일 01시,화요일,경상남도 김해시 내동,경상사고,0,0,1,0,차대차 - 측면충돌,안전거리미확보,건조,맑음,단일로 - 기타,승용,남,65세,상해없음,이륜,남,42세,경상
2023042500100035,2023년 4월 25일 05시,화요일,경상남도 창녕군 대합면,중상사고,0,1,1,0,차대차 - 후진중충돌,안전운전불이행,젖음/습기,안개,교차로 - 교차로부근,화물,남,63세,중상,특수,남,38세,경상
2023042500100056,2023년 4월 25일 07시,화요일,경상남도 김해시 구산동,경상사고,0,0,1,0,차대사람 - 횡단중,보행자보호의무위반,건조,맑음,단일로 - 기타,승용,남,61세,상해없음,보행자,여,55세,경상
2023042500100101,2023년 4월 25일 08시,화요일,경상남도 사천시 벌리동,경상사고,0,0,1,0,차대차 - 측면충돌,직진우회전진행방해,젖음/습기,비,교차로 - 교차로안,승용,남,32세,상해없음,승용,남,64세,경상