사고번호,사고일시,요일,시군구,사고내용,사망자수,중상자수,경상자수,부상신고자수,사고유형,법규위반,노면상태,기상상태,도로형태,가해운전자 차종,가해운전자 성별,가해운전자 연령,가해운전자 상해정도,피해운전자 차종,피해운전자 성별,피해운전자 연령,피해운전자 상해정도
2023050200100566,2023년 5월 2일 20시,화요일,경상남도 양산시 덕계동,경상사고,0,0,1,0,차대차 - 측면충돌,신호위반,건조,맑음,교차로 - 교차로안,승용,여,37세,상해없음,승용,남,64세,경상
2023050200100567,2023년 5월 2일 20시,화요일,경상남도 창원시 의창구 팔용동,경상사고,0,0,1,0,차대차 - 기타,기타,건조,맑음,단일로 - 기타,화물,남,56세,상해없음,승용,남,44세,경상
2023050200100599,2023년 5월 2일 21시,화요일,경상남도 진주시 인사동,중상사고,0,2,0,0,차대차 - 측면충돌,신호위반,건조,맑음,교차로 - 교차로안,승용,남,82세,중상,승용,남,61세,중상
2023050200100629,2023년 5월 2일 23시,화요일,경상남도 김해시 장유동,경상사고,0,0,1,0,차량단독 - 공작물충돌,안전운전불이행,건조,맑음,교차로 - 교차로부근,개인형이동수단(PM),남,32세,경상,,,,
2023050300100063,2023년 5월 3일 07시,수요일,경상남도 함안군 칠서면,중상사고,0,1,1,0,차대차 - 측면충돌,안전운전불이행,건조,맑음,교차로 - 교차로안,화물,남,64세,중상,화물,남,42세,경상
2023050300100101,2023년 5월 3일 08시,수요일,경상남도 창원시 마산회원구 회원동,중상사고,0,2,0,0,차대사람 - 횡단중,안전운전불이행,건조,맑음,교차로 - 교차로부근,승용,여,31세,상해없음,보행자,여,76세,중상
2023050300100102,2023년 5월 3일 08시,수요일,경상남도 창원시 마산회원구 봉암동,경상사고,0,0,1,0,차대차 - 측면충돌,안전운전불이행,건조,맑음,교차로 - 교차로안,화물,남,71세,상해없음,개인형이동수단(PM),남,26세,경상
2023050300100137,2023년 5월 3일 09시,수요일,경상남도 밀양시 상남면,경상사고,0,0,1,0,차대차 - 측면충돌,안전운전불이행,건조,맑음,단일로 - 기타,건설기계,남,41세,상해없음,승용,여,35세,경상
2023050300100138,2023년 5월 3일 09시,수요일,경상남도 양산시 물금읍,중상사고,0,1,0,0,차대사람 - 횡단중,신호위반,건조,맑음,단일로 - 기타,승용,여,37세,상해없음,보행자,여,38세,중상
2023050300100139,2023년 5월 3일 09시,수요일,경상남도 고성군 동해면,중상사고,0,1,0,0,차량단독 - 도로외이탈 - 추락,안전운전불이행,건조,맑음,단일로 - 기타,농기계,남,66세,중상,,,,
2023050300100140,2023년 5월 3일 09시,수요일,경상남도 창원시 의창구 도계동,중상사고,0,3,2,0,차대차 - 추돌,안전거리미확보,건조,맑음,단일로 - 기타,화물,남,51세,상해없음,승용,여,47세,경상
2023050300100181,2023년 5월 3일 11시,수요일,경상남도 김해시 주촌면,경상사고,0,0,2,0,차대차 - 측면충돌,안전거리미확보,건조,맑음,단일로 - 기타,화물,남,36세,상해없음,승용,남,71세,경상
2023050300100194,2023년 5월 3일 11시,수요일,경상남도 김해시 봉황동,부상신고사고,0,0,0,1,차대차 - 기타,안전운전불이행,건조,맑음,교차로 - 교차로부근,화물,남,45세,상해없음,자전거,남,81세,부상신고
2023050300100224,2023년 5월 3일 12시,수요일,경상남도 창원시 진해구 자은동,경상사고,0,0,1,0,차대차 - 정면충돌,안전운전불이행,건조,맑음,교차로 - 교차로안,승용,남,70세,상해없음,승용,여,42세,경상
2023050300100225,2023년 5월 3일 12시,수요일,경상남도 양산시 유산동,경상사고,0,0,2,0,차대차 - 측면충돌,안전운전불이행,건조,맑음,단일로 - 기타,화물,남,66세,상해없음,승용,남,28세,경상
2023050300100226,2023년 5월 3일 12시,수요일,경상남도 하동군 옥종면,경상사고,0,0,1,0,차대차 - 측면충돌,안전운전불이행,건조,맑음,기타 - 기타,화물,남,64세,상해없음,이륜,여,68세,경상
2023050300100227,2023년 5월 3일 12시,수요일,경상남도 의령군 의령읍,중상사고,0,1,0,0,차대사람 - 횡단중,안전운전불이행,건조,맑음,교차로 - 교차로안,승용,여,46세,상해없음,보행자,여,76세,중상
2023050300100228,2023년 5월 3일 12시,수요일,경상남도 창원시 의창구 팔용동,중상사고,0,1,0,0,차대차 - 정면충돌,신호위반,건조,맑음,교차로 - 교차로횡단보도내,이륜,남,37세,상해없음,자전거,남,24세,중상
2023050300100260,2023년 5월 3일 13시,수요일,경상남도 창원시 진해구 경화동,경상사고,0,0,1,0,차대차 - 측면충돌,차로위반,건조,맑음,단일로 - 기타,건설기계,남,46세,상해없음,승용,여,40세,경상
2023050300100261,2023년 5월 3일 13시,수요일,경상남도 거창군 북상면,경상사고,0,0,1,0,차대차 - 측면충돌,중앙선침범,건조,맑음,단일로 - 기타,화물,남,57세,상해없음,승용,여,53세,경상
2023050300100262,2023년 5월 3일 13시,수요일,경상남도 하동군 악양면,중상사고,0,1,0,0,차대차 - 기타,안전운전불이행,건조,맑음,단일로 - 기타,승용,남,39세,상해없음,자전거,남,84세,중상
2023050300100298,2023년 5월 3일 14시,수요일,경상남도 밀양시 교동,중상사고,0,1,0,0,차대차 - 측면충돌,안전거리미확보,건조,맑음,단일로 - 기타,화물,남,52세,상해없음,승용,남,53세,중상
2023050300100299,2023년 5월 3일 14시,수요일,경상남도 김해시 진영읍,경상사고,0,0,2,0,차대차 - 추돌,안전운전불이행,건조,맑음,단일로 - 기타,화물,남,67세,상해없음,승용,여,39세,경상
2023050300100322,2023년 5월 3일 15시,수요일,경상남도 고성군 고성읍,중상사고,0,1,0,0,차대사람 - 기타,안전운전불이행,건조,맑음,단일로 - 기타,승용,남,74세,상해없음,보행자,여,73세,중상
2023050300100323,2023년 5월 3일 15시,수요일,경상남도 창원시 마산회원구 회성동,중상사고,0,1,1,0,차대차 - 측면충돌,신호위반,건조,맑음,교차로 - 교차로안,승용,남,23세,상해없음,승합,남,48세,경상
2023050300100324,2023년 5월 3일 15시,수요일,경상남도 창원시 의창구 팔용동,중상사고,0,1,0,0,차대차 - 기타,신호위반,건조,맑음,교차로 - 교차로횡단보도내,승용,남,36세,상해없음,자전거,남,67세,중상
2023050300100325,2023년 5월 3일 15시,수요일,경상남도 김해시 장유동,경상사고,0,0,1,0,차대차 - 측면충돌,신호위반,건조,맑음,교차로 - 교차로횡단보도내,승용,남,36세,상해없음,자전거,남,11세,경상
2023050300100368,2023년 5월 3일 16시,수요일,경상남도 창원시 마산회원구 회원동,경상사고,0,0,1,0,차대차 - 측면충돌,중앙선침범,건조,맑음,단일로 - 기타,승합,남,65세,상해없음,이륜,남,46세,경상
2023050300100411,2023년 5월 3일 17시,수요일,경상남도 창원시 진해구 이동,경상사고,0,0,1,0,차량단독 - 전도전복 - 전도,안전운전불이행,건조,맑음,교차로 - 교차로안,이륜,남,52세,경상,,,,
2023050300100442,2023년 5월 3일 18시,수요일,경상남도 김해시 진영읍,경상사고,0,0,1,0,차대차 - 측면충돌,안전거리미확보,건조,맑음,교차로 - 교차로횡단보도내,승용,남,38세,상해없음,승용,남,62세,경상
2023050300100482,2023년 5월 3일 19시,수요일,경상남도 통영시 도남동,중상사고,0,1,1,0,차대차 - 측면충돌,안전거리미확보,건조,맑음,단일로 - 기타,승용,남,49세,기타불명,승합,남,43세,상해없음
2023050300100483,2023년 5월 3일 19시,수요일,경상남도 양산시 물금읍,부상신고사고,0,0,0,2,차대차 - 측면충돌,중앙선침범,건조,맑음,단일로 - 기타,승용,남,27세,상해없음,승용,여,24세,부상신고
2023050300100484,2023년 5월 3일 19시,수요일,경상남도 창원시 마산회원구 두척동,중상사고,0,1,0,0,차대차 - 측면충돌,안전운전불이행,건조,맑음,단일로 - 기타,기타불명,기타불명,미분류,기타불명,승용,여,66세,중상
2023050300100501,2023년 5월 3일 20시,수요일,경상남도 진주시 수정동,경상사고,0,0,2,0,차대차 - 추돌,안전운전불이행,건조,맑음,단일로 - 기타,승용,남,54세,상해없음,승용,여,41세,경상
2023050300100502,2023년 5월 3일 20시,수요일,경상남도 진주시 신안동,경상사고,0,0,1,0,차대차 - 정면충돌,중앙선침범,건조,맑음,단일로 - 기타,승용,남,54세,상해없음,이륜,남,27세,경상
2023050300100503,2023년 5월 3일 20시,수요일,경상남도 양산시 북부동,중상사고,0,1,0,0,차대차 - 측면충돌,신호위반,건조,맑음,단일로 - 기타,승용,남,55세,상해없음,이륜,남,34세,중상
2023050300100504,2023년 5월 3일 20시,수요일,경상남도 양산시 북정동,경상사고,0,0,2,0,차대차 - 추돌,안전거리미확보,건조,맑음,단일로 - 기타,승용,여,28세,상해없음,승합,여,53세,경상
2023050300100505,2023년 5월 3일 20시,수요일,경상남도 김해시 대청동,중상사고,0,1,0,0,차대차 - 측면충돌,안전운전불이행,건조,맑음,단일로 - 기타,승용,남,48세,상해없음,화물,여,43세,중상
2023050300100524,2023년 5월 3일 21시,수요일,경상남도 창녕군 도천면,중상사고,0,1,0,0,차대사람 - 차도통행중,안전운전불이행,건조,맑음,단일로 - 기타,승용,여,62세,상해없음,보행자,남,42세,중상
2023050300100525,2023년 5월 3일 21시,수요일,경상남도 거제시 고현동,중상사고,0,1,0,0,차대차 - 기타,신호위반,건조,맑음,교차로 - 교차로안,승용,여,60세,상해없음,승용,여,39세,중상
2023050300100526,2023년 5월 3일 21시,수요일,경상남도 김해시 내덕동,경상사고,0,0,1,0,차대차 - 추돌,안전운전불이행,건조,맑음,단일로 - 기타,기타불명,기타불명,미분류,기타불명,승용,남,39세,경상
2023050300100543,2023년 5월 3일 22시,수요일,경상남도 창원시 진해구 용원동,중상사고,0,1,0,0,차대사람 - 기타,안전운전불이행,건조,맑음,단일로 - 기타,원동기,남,42세,상해없음,보행자,남,35세,중상
2023050400100021,2023년 5월 4일 02시,목요일,경상남도 사천시 서동,중상사고,0,1,0,0,차대사람 - 횡단중,안전운전불이행,건조,맑음,단일로 - 기타,승용,남,48세,상해없음,보행자,남,61세,중상
2023050400100032,2023년 5월 4일 05시,목요일,경상남도 창원시 의창구 팔용동,경상사고,0,0,1,0,차대차 - 측면충돌,안전운전불이행,건조,맑음,교차로 - 교차로안,원동기,남,15세,경상,승용,남,58세,상해없음
2023050400100041,2023년 5월 4일 06시,목요일,경상남도 김해시 삼방동,경상사고,0,0,1,0,차량단독 - 공작물충돌,안전운전불이행,건조,맑음,단일로 - 기타,이륜,남,20세,경상,,,,
2023050400100042,2023년 5월 4일 06시,목요일,경상남도 거제시 양정동,중상사고,0,1,0,0,차대차 - 추돌,안전운전불이행,건조,맑음,단일로 - 기타,승용,남,41세,상해없음,승용,남,54세,중상
2023050400100063,2023년 5월 4일 07시,목요일,경상남도 양산시 어곡동,경상사고,0,0,1,0,차대차 - 측면충돌,신호위반,건조,맑음,교차로 - 교차로안,승용,여,51세,상해없음,승용,남,64세,경상
2023050400100064,2023년 5월 4일 07시,목요일,경상남도 진주시 지수면,중상사고,0,1,0,0,차대차 - 추돌,안전운전불이행,건조,맑음,단일로 - 기타,화물,남,65세,상해없음,승용,여,38세,상해없음
2023050400100104,2023년 5월 4일 08시,목요일,경상남도 창원시 진해구 용원동,경상사고,0,0,1,0,차대차 - 기타,안전운전불이행,건조,맑음,단일로 - 기타,승용,여,48세,상해없음,승합,남,30세,경상
2023050400100105,2023년 5월 4일 08시,목요일,경상남도 양산시 북정동,경상사고,0,0,1,0,차대사람 - 횡단중,교차로운행방법위반,건조,맑음,교차로 - 교차로안,승용,남,54세,상해없음,보행자,남,40세,경상
2023050400100137,2023년 5월 4일 09시,목요일,경상남도 김해시 삼계동,경상사고,0,0,2,0,차대차 - 측면충돌,신호위반,건조,맑음,교차로 - 교차로안,화물,남,51세,경상,승용,여,30세,경상
2023050400100138,2023년 5월 4일 09시,목요일,경상남도 김해시 신문동,부상신고사고,0,0,0,1,차대차 - 기타,안전운전불이행,건조,흐림,단일로 - 기타,기타불명,기타불명,미분류,기타불명,자전거,여,76세,부상신고
2023050400100172,2023년 5월 4일 10시,목요일,경상남도 거제시 사등면,중상사고,0,1,0,0,차대사람 - 기타,안전운전불이행,건조,맑음,기타 - 기타,승용,여,41세,상해없음,보행자,여,90세,중상
2023050400100244,2023년 5월 4일 12시,목요일,경상남도 김해시 서상동,경상사고,0,0,1,0,차대사람 - 차도통행중,안전운전불이행,건조,맑음,기타 - 기타,승용,남,70세,상해없음,보행자,남,44세,경상
2023050400100245,2023년 5월 4일 12시,목요일,경상남도 거창군 거창읍,중상사고,0,1,0,0,차대차 - 측면충돌,신호위반,건조,맑음,단일로 - 터널,화물,남,70세,상해없음,승용,여,50세,중상
2023050400100276,2023년 5월 4일 13시,목요일,경상남도 창원시 마산합포구 오동동,경상사고,0,0,3,0,차대차 - 추돌,안전운전불이행,건조,흐림,교차로 - 교차로부근,승용,남,36세,상해없음,승용,남,63세,경상
2023050400100277,2023년 5월 4일 13시,목요일,경상남도 양산시 북정동,중상사고,0,1,0,0,차대사람 - 횡단중,신호위반,건조,맑음,교차로 - 교차로안,승용,여,40세,상해없음,보행자,여,60세,중상
2023050400100344,2023년 5월 4일 15시,목요일,경상남도 김해시 구산동,중상사고,0,1,0,0,차대차 - 추돌,안전운전불이행,건조,맑음,기타 - 기타,승용,여,52세,상해없음,승용,남,66세,중상
2023050400100345,2023년 5월 4일 15시,목요일,경상남도 거창군 가조면,경상사고,0,0,1,0,차대차 - 측면충돌,직진우회전진행방해,건조,맑음,교차로 - 교차로안,승합,남,55세,상해없음,화물,남,74세,경상
2023050400100346,2023년 5월 4일 15시,목요일,경상남도 고성군 하이면,경상사고,0,0,1,0,차대차 - 측면충돌,중앙선침범,젖음/습기,비,교차로 - 교차로부근,승용,여,42세,상해없음,화물,남,41세,경상
2023050400100392,2023년 5월 4일 16시,목요일,경상남도 통영시 광도면,중상사고,0,1,0,0,차대차 - 측면충돌,중앙선침범,젖음/습기,비,교차로 - 교차로안,승용,남,66세,상해없음,이륜,남,23세,중상
2023050400100432,2023년 5월 4일 17시,목요일,경상남도 거제시 사등면,경상사고,0,0,1,0,차대차 - 추돌,안전운전불이행,건조,맑음,기타 - 기타,화물,남,54세,상해없음,승용,여,64세,상해없음
2023050400100486,2023년 5월 4일 18시,목요일,경상남도 창원시 의창구 명서동,경상사고,0,0,2,0,차대차 - 측면충돌,안전거리미확보,건조,맑음,단일로 - 기타,승용,남,27세,상해없음,승용,남,30세,경상
2023050400100552,2023년 5월 4일 20시,목요일,경상남도 진주시 수정동,중상사고,0,1,0,0,차대사람 - 횡단중,안전운전불이행,젖음/습기,비,단일로 - 기타,이륜,남,39세,상해없음,보행자,여,62세,중상
2023050400100553,2023년 5월 4일 20시,목요일,경상남도 김해시 동상동,부상신고사고,0,0,0,1,차대차 - 추돌,안전운전불이행,젖음/습기,비,단일로 - 기타,승용,남,58세,상해없음,이륜,남,33세,부상신고
2023050400100554,2023년 5월 4일 20시,목요일,경상남도 양산시 중부동,부상신고사고,0,0,0,1,차대사람 - 횡단중,보행자보호의무위반,젖음/습기,비,교차로 - 교차로횡단보도내,승용,남,62세,기타불명,보행자,여,57세,부상신고
2023050400100585,2023년 5월 4일 21시,목요일,경상남도 창원시 마산합포구 남성동,사망사고,1,0,0,0,차대사람 - 횡단중,안전운전불이행,젖음/습기,비,교차로 - 교차로횡단보도내,승용,남,67세,상해없음,보행자,여,51세,사망
2023050400100586,2023년 5월 4일 21시,목요일,경상남도 김해시 동상동,경상사고,0,0,1,0,차대차 - 측면충돌,안전운전불이행,건조,맑음,교차로 - 교차로안,승용,여,49세,상해없음,승용,여,49세,경상
2023050400100630,2023년 5월 4일 23시,목요일,경상남도 거제시 고현동,경상사고,0,0,1,0,차대차 - 정면충돌,중앙선침범,젖음/습기,비,교차로 - 교차로부근,승용,남,38세,상해없음,승용,여,55세,경상
2023050500100014,2023년 5월 5일 00시,금요일,경상남도 진주시 칠암동,중상사고,0,1,0,0,차대사람 - 횡단중,보행자보호의무위반,젖음/습기,비,교차로 - 교차로안,승용,남,66세,상해없음,보행자,남,39세,중상
2023050500100015,2023년 5월 5일 00시,금요일,경상남도 통영시 항남동,경상사고,0,0,1,0,차대사람 - 기타,안전운전불이행,젖음/습기,비,단일로 - 기타,승용,남,61세,상해없음,보행자,남,43세,경상
2023050500100031,2023년 5월 5일 01시,금요일,경상남도 진주시 평거동,경상사고,0,0,1,0,차대차 - 측면충돌,신호위반,젖음/습기,비,교차로 - 교차로안,승용,남,57세,상해없음,승용,여,43세,경상
2023050500100086,2023년 5월 5일 08시,금요일,경상남도 고성군 마암면,중상사고,0,1,0,0,차대차 - 측면충돌,신호위반,젖음/습기,비,교차로 - 교차로안,승합,남,66세,상해없음,승용,남,60세,중상
2023050500100098,2023년 5월 5일 09시,금요일,경상남도 통영시 도산면,중상사고,0,1,0,0,차량단독 - 전도전복 - 전도,안전운전불이행,젖음/습기,비,단일로 - 기타,승용,남,63세,중상,,,,
2023050500100131,2023년 5월 5일 11시,금요일,경상남도 통영시 무전동,경상사고,0,0,2,0,차대차 - 측면충돌,신호위반,젖음/습기,비,교차로 - 교차로안,승용,남,48세,상해없음,승용,남,67세,경상
2023050500100154,2023년 5월 5일 12시,금요일,경상남도 사천시 벌리동,중상사고,0,1,0,0,차대차 - 측면충돌,중앙선침범,젖음/습기,비,교차로 - 교차로안,승용,남,23세,상해없음,승용,남,58세,중상
2023050500100188,2023년 5월 5일 13시,금요일,경상남도 창녕군 남지읍,경상사고,0,0,3,0,차대차 - 추돌,안전운전불이행,젖음/습기,비,단일로 - 기타,승용,남,48세,기타불명,승용,여,41세,경상
2023050500100234,2023년 5월 5일 15시,금요일,경상남도 양산시 북부동,경상사고,0,0,1,0,차대차 - 기타,직진우회전진행방해,젖음/습기,비,교차로 - 교차로부근,승용,여,67세,상해없음,이륜,남,43세,경상
2023050500100290,2023년 5월 5일 17시,금요일,경상남도 거제시 고현동,경상사고,0,0,2,0,차대차 - 기타,안전운전불이행,젖음/습기,비,교차로 - 교차로안,승용,남,61세,상해없음,이륜,남,47세,경상
2023050500100313,2023년 5월 5일 18시,금요일,경상남도 창원시 진해구 석동,중상사고,0,1,0,0,차대차 - 측면충돌,안전운전불이행,건조,맑음,단일로 - 기타,승용,여,35세,상해없음,이륜,남,37세,중상
2023050500100345,2023년 5월 5일 19시,금요일,경상남도 사천시 축동면,경상사고,0,0,2,0,차대차 - 측면충돌,안전운전불이행,젖음/습기,비,단일로 - 기타,화물,남,79세,상해없음,승용,남,41세,경상
2023050500100346,2023년 5월 5일 19시,금요일,경상남도 김해시 삼계동,중상사고,0,1,0,0,차대사람 - 횡단중,보행자보호의무위반,젖음/습기,비,단일로 - 기타,승용,남,62세,상해없음,보행자,여,46세,중상
2023050500100414,2023년 5월 5일 21시,금요일,경상남도 양산시 물금읍,중상사고,0,1,0,0,차대차 - 측면충돌,신호위반,젖음/습기,비,교차로 - 교차로안,승용,여,58세,상해없음,승용,여,26세,중상
2023050500100415,2023년 5월 5일 21시,금요일,경상남도 창원시 의창구 서상동,경상사고,0,0,1,0,차대사람 - 횡단중,보행자보호의무위반,젖음/습기,비,교차로 - 교차로횡단보도내,승용,여,65세,상해없음,보행자,여,57세,경상
2023050500100416,2023년 5월 5일 21시,금요일,경상남도 김해시 진영읍,중상사고,0,1,0,0,차대차 - 기타,안전운전불이행,젖음/습기,비,단일로 - 기타,이륜,남,63세,상해없음,이륜,남,33세,중상
2023050500100417,2023년 5월 5일 21시,금요일,경상남도 창원시 의창구 동읍,경상사고,0,0,1,0,차대차 - 측면충돌,안전운전불이행,젖음/습기,비,단일로 - 기타,특수,남,41세,상해없음,승용,여,51세,경상
2023050500100440,2023년 5월 5일 22시,금요일,경상남도 진주시 봉곡동,중상사고,0,1,0,0,차대사람 - 횡단중,보행자보호의무위반,젖음/습기,비,단일로 - 기타,승용,남,33세,상해없음,보행자,여,72세,중상
2023050500100456,2023년 5월 5일 23시,금요일,경상남도 양산시 평산동,경상사고,0,0,1,0,차대사람 - 차도통행중,안전운전불이행,젖음/습기,비,기타 - 기타,이륜,남,21세,상해없음,보행자,남,30세,경상
2023050600100010,2023년 5월 6일 00시,토요일,경상남도 창원시 진해구 남양동,경상사고,0,0,1,0,차대차 - 측면충돌,안전거리미확보,젖음/습기,비,교차로 - 교차로부근,승용,남,29세,상해없음,승용,여,22세,경상
2023050600100024,2023년 5월 6일 02시,토요일,경상남도 사천시 사천읍,경상사고,0,0,1,0,차대차 - 기타,안전운전불이행,젖음/습기,비,단일로 - 기타,승용,남,46세,상해없음,승용,남,29세,경상
2023050600100044,2023년 5월 6일 04시,토요일,경상남도 통영시 용남면,경상사고,0,0,1,0,차대차 - 측면충돌,중앙선침범,젖음/습기,비,단일로 - 기타,승용,여,46세,상해없음,승용,남,38세,경상
2023050600100080,2023년 5월 6일 08시,토요일,경상남도 통영시 평림동,중상사고,0,1,0,0,차대사람 - 횡단중,안전운전불이행,젖음/습기,비,단일로 - 기타,화물,남,60세,상해없음,보행자,남,77세,중상
2023050600100109,2023년 5월 6일 10시,토요일,경상남도 창원시 진해구 석동,경상사고,0,0,3,0,차대차 - 추돌,안전운전불이행,젖음/습기,맑음,단일로 - 기타,화물,남,63세,상해없음,승용,여,33세,경상
2023050600100110,2023년 5월 6일 10시,토요일,경상남도 통영시 용남면,중상사고,0,1,0,0,차대차 - 측면충돌,직진우회전진행방해,젖음/습기,비,교차로 - 교차로안,화물,남,54세,상해없음,승용,여,62세,중상
2023050600100111,2023년 5월 6일 10시,토요일,경상남도 사천시 축동면,경상사고,0,0,1,0,차대차 - 추돌,안전운전불이행,젖음/습기,비,교차로 - 교차로부근,승용,여,46세,상해없음,승용,남,30세,경상
2023050600100112,2023년 5월 6일 10시,토요일,경상남도 창원시 의창구 팔용동,중상사고,0,3,0,0,차대차 - 측면충돌,교차로운행방법위반,젖음/습기,비,교차로 - 교차로부근,승용,남,64세,상해없음,승용,남,61세,중상
2023050600100113,2023년 5월 6일 10시,토요일,경상남도 김해시 진영읍,경상사고,0,0,2,0,차대차 - 추돌,안전거리미확보,젖음/습기,비,단일로 - 기타,승용,남,63세,경상,승용,남,39세,상해없음
2023050600100114,2023년 5월 6일 10시,토요일,경상남도 김해시 무계동,경상사고,0,0,2,0,차대차 - 측면충돌,신호위반,젖음/습기,비,교차로 - 교차로안,승용,여,45세,상해없음,승용,여,42세,경상
2023050600100144,2023년 5월 6일 11시,토요일,경상남도 밀양시 내이동,경상사고,0,0,1,0,차대사람 - 차도통행중,안전운전불이행,건조,흐림,교차로 - 교차로안,승용,여,62세,상해없음,보행자,여,53세,경상
2023050600100145,2023년 5월 6일 11시,토요일,경상남도 함양군 마천면,부상신고사고,0,0,0,1,차량단독 - 공작물충돌,안전운전불이행,젖음/습기,비,단일로 - 기타,승용,여,53세,부상신고,,,,
2023050600100175,2023년 5월 6일 12시,토요일,경상남도 진주시 충무공동,경상사고,0,0,1,0,차대차 - 기타,신호위반,건조,맑음,교차로 - 교차로안,승합,남,40세,상해없음,승용,남,57세,상해없음
2023050600100176,2023년 5월 6일 12시,토요일,경상남도 김해시 내동,경상사고,0,0,2,0,차대차 - 추돌,안전운전불이행,젖음/습기,비,단일로 - 기타,화물,남,27세,경상,승용,여,44세,경상
2023050600100177,2023년 5월 6일 12시,토요일,경상남도 창녕군 남지읍,경상사고,0,0,1,0,차대차 - 추돌,안전거리미확보,젖음/습기,비,교차로 - 교차로안,승용,남,64세,상해없음,승용,남,52세,기타불명
2023050600100178,2023년 5월 6일 12시,토요일,경상남도 산청군 오부면,사망사고,1,0,0,0,차량단독 - 공작물충돌,안전운전불이행,젖음/습기,비,단일로 - 기타,특수,남,64세,사망,,,,
2023050600100179,2023년 5월 6일 12시,토요일,경상남도 김해시 진영읍,중상사고,0,1,0,0,차량단독 - 기타,안전운전불이행,건조,맑음,단일로 - 기타,승합,남,64세,상해없음,,,,
2023050600100240,2023년 5월 6일 14시,토요일,경상남도 창원시 마산합포구 장군동5가,경상사고,0,0,1,0,차대차 - 측면충돌,교차로운행방법위반,젖음/습기,비,교차로 - 교차로안,승용,여,32세,상해없음,이륜,남,41세,경상
2023050600100241,2023년 5월 6일 14시,토요일,경상남도 창원시 마산합포구 월영동,경상사고,0,0,2,1,차대차 - 추돌,안전거리미확보,젖음/습기,비,단일로 - 기타,화물,남,52세,상해없음,승용,남,35세,경상
2023050600100242,2023년 5월 6일 14시,토요일,경상남도 창원시 마산합포구 오동동,경상사고,0,0,2,0,차대차 - 후진중충돌,안전운전불이행,건조,맑음,단일로 - 교량,승용,남,59세,상해없음,승용,남,51세,경상
2023050600100243,2023년 5월 6일 14시,토요일,경상남도 통영시 무전동,경상사고,0,0,1,0,차대차 - 기타,신호위반,건조,맑음,교차로 - 교차로안,승용,남,70세,상해없음,이륜,남,30세,경상
2023050600100244,2023년 5월 6일 14시,토요일,경상남도 김해시 외동,경상사고,0,0,2,0,차대차 - 측면충돌,신호위반,젖음/습기,비,교차로 - 교차로안,승용,여,29세,경상,이륜,남,41세,경상
2023050600100272,2023년 5월 6일 15시,토요일,경상남도 창원시 마산회원구 회원동,중상사고,0,1,0,0,차대사람 - 차도통행중,안전운전불이행,젖음/습기,비,교차로 - 교차로안,승용,여,54세,상해없음,보행자,여,54세,중상
2023050600100306,2023년 5월 6일 16시,토요일,경상남도 창원시 마산합포구 월남동5가,중상사고,0,1,0,0,차대사람 - 기타,안전운전불이행,건조,맑음,단일로 - 기타,승용,남,72세,상해없음,보행자,여,51세,중상
2023050600100307,2023년 5월 6일 16시,토요일,경상남도 밀양시 하남읍,중상사고,0,1,0,0,차대차 - 측면충돌,교차로운행방법위반,젖음/습기,비,교차로 - 교차로안,승용,여,45세,상해없음,자전거,남,71세,중상
2023050600100336,2023년 5월 6일 17시,토요일,경상남도 밀양시 교동,경상사고,0,0,1,0,차대차 - 추돌,안전운전불이행,건조,맑음,교차로 - 교차로부근,승용,남,27세,상해없음,승용,남,53세,상해없음
2023050600100337,2023년 5월 6일 17시,토요일,경상남도 거창군 거창읍,중상사고,0,1,0,0,차대차 - 측면충돌,안전운전불이행,젖음/습기,비,교차로 - 교차로부근,화물,남,75세,상해없음,승용,남,51세,중상
2023050600100338,2023년 5월 6일 17시,토요일,경상남도 창원시 마산회원구 내서읍,경상사고,0,0,1,0,차대차 - 기타,안전운전불이행,건조,맑음,교차로 - 교차로안,승용,남,33세,상해없음,화물,남,75세,경상
2023050600100359,2023년 5월 6일 18시,토요일,경상남도 합천군 합천읍,중상사고,0,1,1,0,차대차 - 측면충돌,중앙선침범,젖음/습기,흐림,단일로 - 기타,승용,남,71세,상해없음,승용,남,45세,경상
2023050600100360,2023년 5월 6일 18시,토요일,경상남도 고성군 삼산면,중상사고,0,1,1,0,차대차 - 측면충돌,안전운전불이행,젖음/습기,비,단일로 - 기타,승합,남,66세,상해없음,화물,남,41세,경상
2023050600100379,2023년 5월 6일 19시,토요일,경상남도 창원시 마산합포구 남성동,경상사고,0,0,1,0,차대차 - 정면충돌,중앙선침범,건조,맑음,단일로 - 기타,승용,남,62세,상해없음,이륜,남,55세,경상
2023050600100380,2023년 5월 6일 19시,토요일,경상남도 양산시 명동,경상사고,0,0,1,0,차대차 - 추돌,안전거리미확보,젖음/습기,비,단일로 - 기타,승합,남,52세,상해없음,승용,여,57세,경상
2023050600100381,2023년 5월 6일 19시,토요일,경상남도 김해시 한림면,부상신고사고,0,0,0,1,차대차 - 측면충돌,신호위반,건조,맑음,교차로 - 교차로부근,이륜,남,43세,부상신고,승용,남,48세,상해없음
2023050600100411,2023년 5월 6일 20시,토요일,경상남도 창원시 마산합포구 상남동,경상사고,0,0,1,0,차대차 - 측면충돌,신호위반,건조,맑음,교차로 - 교차로안,이륜,남,37세,상해없음,승용,남,56세,경상
2023050600100412,2023년 5월 6일 20시,토요일,경상남도 진주시 하대동,경상사고,0,0,1,0,차량단독 - 공작물충돌,안전운전불이행,건조,맑음,단일로 - 기타,승용,남,56세,상해없음,,,,