사고번호,사고일시,요일,시군구,사고내용,사망자수,중상자수,경상자수,부상신고자수,사고유형,법규위반,노면상태,기상상태,도로형태,가해운전자 차종,가해운전자 성별,가해운전자 연령,가해운전자 상해정도,피해운전자 차종,피해운전자 성별,피해운전자 연령,피해운전자 상해정도
2023051000100635,2023년 5월 10일 22시,수요일,경상남도 거창군 가조면,중상사고,0,1,0,0,차대차 - 추돌,안전운전불이행,건조,맑음,단일로 - 기타,특수,남,60세,상해없음,화물,남,40세,중상
2023051000100649,2023년 5월 10일 23시,수요일,경상남도 창원시 성산구 대원동,부상신고사고,0,0,0,1,차대사람 - 차도통행중,안전운전불이행,건조,맑음,단일로 - 기타,승용,남,58세,상해없음,보행자,남,50세,부상신고
2023051100100011,2023년 5월 11일 00시,목요일,경상남도 창원시 진해구 석동,경상사고,0,0,1,0,차대사람 - 기타,안전운전불이행,건조,흐림,단일로 - 기타,승용,남,34세,상해없음,보행자,남,32세,경상
2023051100100044,2023년 5월 11일 06시,목요일,경상남도 양산시 북정동,중상사고,0,1,0,0,차대차 - 기타,신호위반,건조,맑음,교차로 - 교차로안,승용,여,41세,상해없음,승용,여,58세,중상
2023051100100045,2023년 5월 11일 06시,목요일,경상남도 김해시 진례면,중상사고,0,1,1,0,차대차 - 측면충돌,직진우회전진행방해,건조,맑음,교차로 - 교차로안,화물,남,68세,중상,승용,여,66세,경상
2023051100100074,2023년 5월 11일 07시,목요일,경상남도 밀양시 산외면,중상사고,0,1,0,0,차대차 - 측면충돌,안전운전불이행,건조,맑음,단일로 - 기타,승용,남,74세,상해없음,화물,남,53세,중상
2023051100100075,2023년 5월 11일 07시,목요일,경상남도 김해시 주촌면,경상사고,0,0,2,0,차대차 - 추돌,안전거리미확보,건조,맑음,단일로 - 기타,승용,남,34세,상해없음,승용,남,37세,경상
2023051100100076,2023년 5월 11일 07시,목요일,경상남도 김해시 진영읍,부상신고사고,0,0,0,2,차대차 - 측면충돌,신호위반,건조,맑음,교차로 - 교차로안,승용,남,50세,상해없음,승용,남,65세,부상신고
2023051100100123,2023년 5월 11일 08시,목요일,경상남도 밀양시 상남면,경상사고,0,0,1,0,차대차 - 추돌,안전운전불이행,건조,맑음,단일로 - 기타,승용,여,67세,상해없음,승용,여,48세,경상
2023051100100124,2023년 5월 11일 08시,목요일,경상남도 밀양시 교동,경상사고,0,0,2,0,차대차 - 측면충돌,안전운전불이행,건조,맑음,교차로 - 교차로안,승용,여,38세,경상,승용,여,71세,경상
2023051100100125,2023년 5월 11일 08시,목요일,경상남도 창녕군 대합면,경상사고,0,0,1,0,차대차 - 정면충돌,안전운전불이행,건조,맑음,단일로 - 기타,승용,여,57세,기타불명,승용,남,24세,경상
2023051100100127,2023년 5월 11일 08시,목요일,경상남도 김해시 화목동,중상사고,0,1,1,0,차대차 - 측면충돌,신호위반,건조,맑음,단일로 - 기타,승용,여,42세,상해없음,승용,남,39세,경상
2023051100100162,2023년 5월 11일 09시,목요일,경상남도 김해시 삼계동,중상사고,0,1,4,0,차대차 - 측면충돌,안전운전불이행,건조,맑음,교차로 - 교차로안,승용,여,60세,경상,승합,남,61세,중상
2023051100100163,2023년 5월 11일 09시,목요일,경상남도 합천군 합천읍,경상사고,0,0,1,0,차대차 - 측면충돌,중앙선침범,건조,맑음,교차로 - 교차로안,자전거,여,85세,경상,승용,남,75세,상해없음
2023051100100164,2023년 5월 11일 09시,목요일,경상남도 함안군 대산면,중상사고,0,1,0,0,차대차 - 기타,교차로운행방법위반,건조,맑음,교차로 - 교차로안,화물,남,72세,상해없음,이륜,여,67세,중상
2023051100100165,2023년 5월 11일 09시,목요일,경상남도 창원시 마산회원구 석전동,중상사고,0,1,1,0,차대차 - 측면충돌,안전운전불이행,건조,맑음,교차로 - 교차로안,승용,남,81세,상해없음,승용,여,39세,중상
2023051100100166,2023년 5월 11일 09시,목요일,경상남도 창원시 의창구 소답동,경상사고,0,0,3,0,차대차 - 추돌,안전거리미확보,건조,맑음,단일로 - 기타,승용,여,61세,상해없음,승용,여,49세,상해없음
2023051100100201,2023년 5월 11일 10시,목요일,경상남도 진주시 정촌면,경상사고,0,0,1,0,차대차 - 측면충돌,안전운전불이행,건조,맑음,주차장 - 주차장,승용,남,50세,상해없음,승용,남,35세,경상
2023051100100202,2023년 5월 11일 10시,목요일,경상남도 고성군 영오면,중상사고,0,1,0,0,차대차 - 측면충돌,기타,건조,맑음,교차로 - 교차로안,화물,남,63세,상해없음,농기계,남,80세,중상
2023051100100203,2023년 5월 11일 10시,목요일,경상남도 함안군 산인면,중상사고,0,1,2,0,차대차 - 기타,중앙선침범,건조,맑음,단일로 - 기타,승용,여,59세,경상,승용,남,50세,중상
2023051100100231,2023년 5월 11일 11시,목요일,경상남도 창원시 진해구 석동,경상사고,0,0,1,0,차대차 - 측면충돌,중앙선침범,건조,맑음,교차로 - 교차로부근,승용,여,53세,상해없음,승용,여,63세,경상
2023051100100232,2023년 5월 11일 11시,목요일,경상남도 밀양시 내일동,경상사고,0,0,1,0,차대차 - 정면충돌,안전운전불이행,건조,맑음,교차로 - 교차로안,승용,남,77세,상해없음,원동기,남,66세,경상
2023051100100233,2023년 5월 11일 11시,목요일,경상남도 양산시 북부동,중상사고,0,1,2,0,차대차 - 기타,신호위반,건조,맑음,교차로 - 교차로안,승용,남,73세,상해없음,승합,남,51세,상해없음
2023051100100234,2023년 5월 11일 11시,목요일,경상남도 산청군 신안면,경상사고,0,0,1,0,차대사람 - 차도통행중,안전운전불이행,건조,맑음,단일로 - 기타,승용,여,70세,상해없음,보행자,여,80세,경상
2023051100100246,2023년 5월 11일 12시,목요일,경상남도 밀양시 용평동,경상사고,0,0,1,0,차대차 - 추돌,안전거리미확보,건조,흐림,단일로 - 기타,화물,남,41세,상해없음,승용,여,41세,경상
2023051100100260,2023년 5월 11일 12시,목요일,경상남도 김해시 삼방동,경상사고,0,0,1,0,차대차 - 후진중충돌,안전운전불이행,건조,맑음,단일로 - 기타,승용,남,52세,상해없음,이륜,남,46세,경상
2023051100100261,2023년 5월 11일 12시,목요일,경상남도 양산시 중부동,경상사고,0,0,1,0,차대차 - 기타,안전운전불이행,건조,맑음,단일로 - 기타,승용,여,58세,상해없음,자전거,남,67세,경상
2023051100100262,2023년 5월 11일 12시,목요일,경상남도 거제시 문동동,경상사고,0,0,2,0,차대차 - 측면충돌,안전거리미확보,건조,맑음,교차로 - 교차로안,승용,여,42세,경상,승용,남,44세,경상
2023051100100263,2023년 5월 11일 12시,목요일,경상남도 산청군 시천면,경상사고,0,0,1,0,차대차 - 측면충돌,안전운전불이행,건조,맑음,단일로 - 기타,승용,여,65세,상해없음,승용,여,43세,경상
2023051100100264,2023년 5월 11일 12시,목요일,경상남도 김해시 주촌면,중상사고,0,1,0,0,차대차 - 측면충돌,안전운전불이행,건조,맑음,단일로 - 기타,화물,남,41세,상해없음,이륜,남,59세,중상
2023051100100325,2023년 5월 11일 14시,목요일,경상남도 창녕군 유어면,경상사고,0,0,3,0,차대차 - 추돌,안전운전불이행,건조,맑음,단일로 - 기타,화물,남,45세,기타불명,승용,남,47세,경상
2023051100100392,2023년 5월 11일 16시,목요일,경상남도 창원시 마산합포구 월영동,중상사고,0,1,0,0,차대차 - 기타,신호위반,건조,맑음,교차로 - 교차로안,승용,여,69세,상해없음,자전거,남,66세,중상
2023051100100438,2023년 5월 11일 17시,목요일,경상남도 창원시 마산합포구 월영동,중상사고,0,2,1,0,차대사람 - 기타,기타,건조,맑음,단일로 - 기타,승용,여,40세,중상,보행자,여,52세,중상
2023051100100439,2023년 5월 11일 17시,목요일,경상남도 창녕군 남지읍,경상사고,0,0,1,0,차대차 - 측면충돌,안전운전불이행,건조,맑음,단일로 - 기타,승용,여,40세,상해없음,이륜,남,82세,경상
2023051100100440,2023년 5월 11일 17시,목요일,경상남도 함양군 함양읍,중상사고,0,1,0,0,차대차 - 측면충돌,안전운전불이행,건조,맑음,단일로 - 기타,승용,여,60세,상해없음,이륜,남,34세,중상
2023051100100441,2023년 5월 11일 17시,목요일,경상남도 양산시 물금읍,경상사고,0,0,1,0,차대차 - 측면충돌,안전운전불이행,건조,맑음,단일로 - 기타,승용,남,29세,상해없음,승용,남,27세,경상
2023051100100491,2023년 5월 11일 18시,목요일,경상남도 창원시 마산합포구 해운동,부상신고사고,0,0,0,1,차대차 - 측면충돌,안전운전불이행,건조,맑음,교차로 - 교차로횡단보도내,개인형이동수단(PM),남,80세,부상신고,승용,남,75세,상해없음
2023051100100492,2023년 5월 11일 18시,목요일,경상남도 창원시 마산합포구 월남동5가,중상사고,0,1,0,0,차대차 - 정면충돌,신호위반,건조,맑음,교차로 - 교차로안,승용,여,34세,상해없음,이륜,남,39세,중상
2023051100100493,2023년 5월 11일 18시,목요일,경상남도 김해시 율하동,경상사고,0,0,1,0,차대차 - 기타,안전운전불이행,건조,맑음,단일로 - 기타,승용,여,49세,기타불명,승용,남,53세,경상
2023051100100529,2023년 5월 11일 19시,목요일,경상남도 창원시 의창구 팔용동,경상사고,0,0,1,0,차대차 - 정면충돌,안전운전불이행,건조,맑음,단일로 - 기타,승용,여,59세,상해없음,승용,남,35세,경상
2023051100100530,2023년 5월 11일 19시,목요일,경상남도 김해시 진례면,중상사고,0,1,0,0,차대차 - 추돌,안전운전불이행,건조,맑음,교차로 - 교차로부근,승용,남,55세,상해없음,농기계,남,76세,중상
2023051100100531,2023년 5월 11일 19시,목요일,경상남도 김해시 삼문동,중상사고,0,1,0,0,차대사람 - 차도통행중,안전운전불이행,건조,맑음,단일로 - 터널,이륜,남,34세,상해없음,보행자,남,17세,중상
2023051100100532,2023년 5월 11일 19시,목요일,경상남도 김해시 관동동,중상사고,0,1,0,0,차대차 - 측면충돌,안전운전불이행,건조,맑음,교차로 - 교차로부근,승용,남,22세,상해없음,이륜,남,36세,중상
2023051100100567,2023년 5월 11일 20시,목요일,경상남도 진주시 정촌면,중상사고,0,1,1,0,차대차 - 추돌,안전운전불이행,건조,맑음,단일로 - 기타,화물,기타불명,미분류,기타불명,승용,남,42세,경상
2023051100100568,2023년 5월 11일 20시,목요일,경상남도 밀양시 상남면,경상사고,0,0,1,0,차대사람 - 횡단중,신호위반,건조,맑음,교차로 - 교차로횡단보도내,승용,여,31세,상해없음,보행자,여,26세,경상
2023051100100620,2023년 5월 11일 23시,목요일,경상남도 김해시 삼방동,중상사고,0,1,0,0,차대사람 - 횡단중,신호위반,건조,맑음,교차로 - 교차로횡단보도내,이륜,남,31세,상해없음,보행자,여,56세,중상
2023051100100621,2023년 5월 11일 23시,목요일,경상남도 창원시 성산구 상남동,경상사고,0,0,1,0,차대사람 - 보도통행중,안전운전불이행,건조,맑음,단일로 - 기타,승용,남,38세,상해없음,보행자,남,25세,경상
2023051200100016,2023년 5월 12일 01시,금요일,경상남도 창원시 진해구 두동,중상사고,0,1,0,0,차대차 - 측면충돌,안전운전불이행,건조,맑음,교차로 - 교차로안,승합,남,45세,상해없음,승용,여,49세,중상
2023051200100017,2023년 5월 12일 01시,금요일,경상남도 함안군 산인면,경상사고,0,0,1,0,차대차 - 기타,안전운전불이행,건조,맑음,단일로 - 기타,기타불명,기타불명,미분류,기타불명,승용,남,55세,경상
2023051200100044,2023년 5월 12일 06시,금요일,경상남도 김해시 대성동,중상사고,0,1,0,0,차대차 - 후진중충돌,안전운전불이행,건조,맑음,단일로 - 기타,승용,남,60세,중상,승용,남,39세,기타불명
2023051200100045,2023년 5월 12일 06시,금요일,경상남도 거창군 남상면,경상사고,0,0,1,0,차량단독 - 도로외이탈 - 추락,안전운전불이행,건조,맑음,단일로 - 기타,특수,남,68세,경상,,,,
2023051200100069,2023년 5월 12일 07시,금요일,경상남도 사천시 사천읍,경상사고,0,0,1,0,차대차 - 측면충돌,교차로운행방법위반,건조,맑음,교차로 - 교차로안,화물,남,41세,상해없음,승용,남,39세,경상
2023051200100070,2023년 5월 12일 07시,금요일,경상남도 양산시 주진동,경상사고,0,0,1,0,차대차 - 정면충돌,안전운전불이행,건조,맑음,단일로 - 기타,승용,남,71세,기타불명,승용,여,56세,경상
2023051200100108,2023년 5월 12일 08시,금요일,경상남도 진주시 신안동,경상사고,0,0,1,0,차대차 - 측면충돌,신호위반,건조,맑음,교차로 - 교차로부근,승용,남,37세,상해없음,승용,여,63세,경상
2023051200100109,2023년 5월 12일 08시,금요일,경상남도 밀양시 삼랑진읍,중상사고,0,2,1,0,차대차 - 정면충돌,교차로운행방법위반,건조,맑음,교차로 - 교차로안,화물,남,54세,상해없음,승용,남,76세,중상
2023051200100110,2023년 5월 12일 08시,금요일,경상남도 김해시 안동,중상사고,0,1,0,0,차대차 - 측면충돌,신호위반,건조,맑음,단일로 - 기타,승용,여,44세,상해없음,자전거,남,38세,중상
2023051200100111,2023년 5월 12일 08시,금요일,경상남도 거창군 신원면,중상사고,0,1,0,0,차대차 - 측면충돌,기타,건조,맑음,교차로 - 교차로안,화물,남,66세,상해없음,농기계,남,73세,중상
2023051200100112,2023년 5월 12일 08시,금요일,경상남도 창원시 성산구 삼정자동,경상사고,0,0,1,0,차대차 - 추돌,안전운전불이행,건조,맑음,기타 - 기타,승용,여,66세,상해없음,승용,여,40세,경상
2023051200100147,2023년 5월 12일 09시,금요일,경상남도 창원시 진해구 석동,경상사고,0,0,1,0,차대차 - 후진중충돌,안전운전불이행,건조,맑음,기타 - 기타,승용,여,55세,상해없음,자전거,남,35세,경상
2023051200100178,2023년 5월 12일 10시,금요일,경상남도 창원시 마산합포구 해운동,경상사고,0,0,2,0,차대차 - 측면충돌,중앙선침범,건조,맑음,교차로 - 교차로부근,승용,남,72세,상해없음,승용,여,55세,경상
2023051200100179,2023년 5월 12일 10시,금요일,경상남도 창원시 진해구 용원동,사망사고,1,0,0,0,차대사람 - 횡단중,안전운전불이행,건조,맑음,교차로 - 교차로횡단보도내,승용,여,49세,상해없음,보행자,여,68세,사망
2023051200100180,2023년 5월 12일 10시,금요일,경상남도 김해시 생림면,사망사고,1,0,0,0,차량단독 - 전도전복 - 전도,안전운전불이행,건조,맑음,단일로 - 기타,건설기계,남,68세,사망,,,,
2023051200100207,2023년 5월 12일 11시,금요일,경상남도 진주시 대곡면,경상사고,0,0,2,0,차대차 - 측면충돌,직진우회전진행방해,건조,맑음,교차로 - 교차로안,승용,남,58세,경상,승용,남,52세,경상
2023051200100208,2023년 5월 12일 11시,금요일,경상남도 양산시 중부동,경상사고,0,0,1,0,차대차 - 측면충돌,신호위반,건조,맑음,교차로 - 교차로안,자전거,남,81세,경상,승용,남,70세,상해없음
2023051200100209,2023년 5월 12일 11시,금요일,경상남도 창원시 마산회원구 양덕동,경상사고,0,0,1,0,차대차 - 측면충돌,신호위반,건조,맑음,교차로 - 교차로안,승용,남,50세,상해없음,이륜,남,56세,경상
2023051200100210,2023년 5월 12일 11시,금요일,경상남도 창원시 의창구 중동,경상사고,0,0,2,0,차대차 - 측면충돌,교차로운행방법위반,건조,맑음,교차로 - 교차로안,승용,남,67세,상해없음,승용,남,38세,경상
2023051200100247,2023년 5월 12일 12시,금요일,경상남도 창원시 진해구 용원동,경상사고,0,0,1,0,차대차 - 측면충돌,안전거리미확보,건조,맑음,단일로 - 기타,화물,남,60세,상해없음,승용,남,59세,경상
2023051200100248,2023년 5월 12일 12시,금요일,경상남도 밀양시 삼랑진읍,중상사고,0,1,0,0,차대차 - 측면충돌,중앙선침범,건조,맑음,단일로 - 기타,승용,여,68세,상해없음,원동기,남,77세,중상
2023051200100249,2023년 5월 12일 12시,금요일,경상남도 김해시 부원동,경상사고,0,0,1,0,차대차 - 측면충돌,신호위반,건조,맑음,교차로 - 교차로안,승용,남,78세,상해없음,승용,여,64세,경상
2023051200100250,2023년 5월 12일 12시,금요일,경상남도 하동군 금남면,부상신고사고,0,0,0,1,차량단독 - 기타,안전운전불이행,건조,맑음,단일로 - 기타,이륜,남,60세,부상신고,,,,
2023051200100287,2023년 5월 12일 13시,금요일,경상남도 창원시 진해구 석동,경상사고,0,0,1,0,차대사람 - 차도통행중,안전운전불이행,건조,맑음,교차로 - 교차로부근,승용,남,62세,상해없음,보행자,여,64세,경상
2023051200100289,2023년 5월 12일 13시,금요일,경상남도 창원시 마산회원구 구암동,경상사고,0,0,1,0,차대차 - 기타,신호위반,건조,맑음,단일로 - 고가도로위,화물,남,61세,상해없음,승용,남,62세,상해없음
2023051200100331,2023년 5월 12일 14시,금요일,경상남도 창원시 마산합포구 진전면,중상사고,0,1,0,0,차량단독 - 기타,안전운전불이행,건조,맑음,단일로 - 기타,이륜,남,65세,중상,,,,
2023051200100332,2023년 5월 12일 14시,금요일,경상남도 거제시 장평동,경상사고,0,0,2,0,차대차 - 측면충돌,교차로운행방법위반,건조,맑음,교차로 - 교차로안,승용,여,52세,경상,승용,남,40세,경상
2023051200100333,2023년 5월 12일 14시,금요일,경상남도 김해시 주촌면,중상사고,0,1,0,0,차대차 - 측면충돌,교차로운행방법위반,건조,맑음,교차로 - 교차로안,승용,남,26세,상해없음,이륜,남,41세,중상
2023051200100364,2023년 5월 12일 15시,금요일,경상남도 창원시 마산합포구 진전면,사망사고,1,0,0,1,차대차 - 추돌,안전운전불이행,건조,맑음,교차로 - 교차로부근,화물,남,57세,사망,건설기계,남,56세,부상신고
2023051200100365,2023년 5월 12일 15시,금요일,경상남도 김해시 외동,중상사고,0,1,0,0,차대차 - 정면충돌,신호위반,건조,맑음,교차로 - 교차로횡단보도내,화물,남,60세,상해없음,자전거,남,78세,중상
2023051200100366,2023년 5월 12일 15시,금요일,경상남도 양산시 동면,중상사고,0,1,0,0,차대차 - 측면충돌,중앙선침범,건조,맑음,교차로 - 교차로부근,승용,남,56세,상해없음,승용,남,43세,중상
2023051200100367,2023년 5월 12일 15시,금요일,경상남도 거제시 일운면,중상사고,0,1,0,0,차대사람 - 횡단중,보행자보호의무위반,건조,맑음,교차로 - 교차로안,승용,남,62세,상해없음,보행자,여,13세,중상
2023051200100399,2023년 5월 12일 16시,금요일,경상남도 양산시 소주동,부상신고사고,0,0,0,1,차대사람 - 길가장자리구역통행중,안전운전불이행,건조,맑음,단일로 - 기타,이륜,남,17세,상해없음,보행자,여,56세,부상신고
2023051200100400,2023년 5월 12일 16시,금요일,경상남도 김해시 율하동,중상사고,0,1,0,0,차대사람 - 횡단중,보행자보호의무위반,건조,맑음,교차로 - 교차로횡단보도내,이륜,남,45세,상해없음,보행자,여,48세,중상
2023051200100401,2023년 5월 12일 16시,금요일,경상남도 진주시 내동면,중상사고,0,2,0,0,차대차 - 추돌,안전운전불이행,건조,맑음,단일로 - 교량,화물,남,51세,상해없음,화물,남,56세,중상
2023051200100454,2023년 5월 12일 17시,금요일,경상남도 진주시 가좌동,경상사고,0,0,1,0,차대차 - 측면충돌,교차로운행방법위반,건조,맑음,교차로 - 교차로안,승용,남,26세,상해없음,승용,여,42세,경상
2023051200100455,2023년 5월 12일 17시,금요일,경상남도 김해시 안동,중상사고,0,1,1,0,차대사람 - 횡단중,안전운전불이행,건조,맑음,교차로 - 교차로안,승용,남,69세,상해없음,보행자,여,45세,경상
2023051200100503,2023년 5월 12일 18시,금요일,경상남도 창원시 마산합포구 월영동,경상사고,0,0,1,0,차대차 - 측면충돌,안전운전불이행,건조,맑음,기타 - 기타,승용,여,59세,상해없음,승합,남,57세,경상
2023051200100504,2023년 5월 12일 18시,금요일,경상남도 김해시 부곡동,중상사고,0,1,0,0,차대차 - 추돌,안전운전불이행,건조,맑음,단일로 - 기타,승용,남,26세,상해없음,이륜,남,56세,중상
2023051200100543,2023년 5월 12일 19시,금요일,경상남도 창원시 진해구 석동,경상사고,0,0,1,0,차대차 - 측면충돌,신호위반,건조,맑음,교차로 - 교차로안,이륜,남,30세,경상,승용,남,72세,상해없음
2023051200100544,2023년 5월 12일 19시,금요일,경상남도 창원시 의창구 중동,중상사고,0,1,1,0,차대사람 - 횡단중,교차로운행방법위반,건조,맑음,교차로 - 교차로안,승용,남,37세,상해없음,보행자,여,53세,중상
2023051200100595,2023년 5월 12일 21시,금요일,경상남도 함양군 수동면,경상사고,0,0,1,0,차량단독 - 공작물충돌,안전운전불이행,건조,맑음,단일로 - 기타,원동기,남,42세,경상,,,,
2023051200100596,2023년 5월 12일 21시,금요일,경상남도 양산시 북정동,경상사고,0,0,2,0,차대사람 - 횡단중,안전운전불이행,건조,맑음,교차로 - 교차로안,승용,남,61세,상해없음,보행자,여,25세,경상
2023051200100623,2023년 5월 12일 22시,금요일,경상남도 거제시 고현동,중상사고,0,2,0,0,차대사람 - 기타,안전운전불이행,젖음/습기,흐림,단일로 - 기타,승용,남,33세,상해없음,보행자,남,47세,중상
2023051200100624,2023년 5월 12일 22시,금요일,경상남도 창원시 성산구 상남동,경상사고,0,0,1,0,차대사람 - 차도통행중,안전운전불이행,건조,맑음,단일로 - 기타,승용,남,47세,상해없음,보행자,남,48세,경상
2023051200100652,2023년 5월 12일 23시,금요일,경상남도 양산시 삼호동,중상사고,0,1,0,0,차대차 - 측면충돌,교차로운행방법위반,건조,맑음,교차로 - 교차로안,승용,남,60세,상해없음,이륜,남,33세,중상
2023051200100653,2023년 5월 12일 23시,금요일,경상남도 창원시 성산구 신월동,중상사고,0,2,0,0,차대사람 - 기타,안전운전불이행,젖음/습기,비,기타 - 기타,이륜,남,55세,중상,보행자,남,40세,중상
2023051200100654,2023년 5월 12일 23시,금요일,경상남도 창원시 의창구 도계동,경상사고,0,0,1,0,차대차 - 측면충돌,안전운전불이행,건조,맑음,단일로 - 기타,승용,남,50세,상해없음,승용,남,26세,경상
2023051300100047,2023년 5월 13일 04시,토요일,경상남도 창원시 진해구 충무동,사망사고,1,0,0,0,차대사람 - 기타,안전운전불이행,건조,흐림,단일로 - 기타,승용,남,25세,상해없음,보행자,남,54세,사망
2023051300100056,2023년 5월 13일 05시,토요일,경상남도 사천시 사남면,경상사고,0,0,2,0,차대차 - 측면충돌,신호위반,젖음/습기,흐림,단일로 - 지하차도(도로)내,승용,남,61세,상해없음,승용,남,58세,경상
2023051300100062,2023년 5월 13일 06시,토요일,경상남도 김해시 삼방동,중상사고,0,1,0,0,차대차 - 정면충돌,직진우회전진행방해,젖음/습기,비,교차로 - 교차로안,개인형이동수단(PM),남,69세,중상,승용,남,35세,상해없음
2023051300100071,2023년 5월 13일 07시,토요일,경상남도 양산시 명동,경상사고,0,0,2,0,차대차 - 측면충돌,안전운전불이행,건조,맑음,단일로 - 기타,승용,남,60세,상해없음,승용,남,55세,경상
2023051300100125,2023년 5월 13일 09시,토요일,경상남도 양산시 신기동,사망사고,1,0,0,0,차대사람 - 횡단중,중앙선침범,젖음/습기,비,교차로 - 교차로안,승용,여,54세,상해없음,보행자,남,70세,사망
2023051300100126,2023년 5월 13일 09시,토요일,경상남도 거제시 연초면,경상사고,0,0,1,0,차대차 - 측면충돌,교차로운행방법위반,젖음/습기,비,교차로 - 교차로안,승용,여,64세,경상,화물,남,68세,상해없음
2023051300100127,2023년 5월 13일 09시,토요일,경상남도 창원시 의창구 대산면,중상사고,0,1,0,0,차대차 - 기타,중앙선침범,건조,맑음,단일로 - 기타,승용,여,70세,상해없음,이륜,남,87세,중상
2023051300100158,2023년 5월 13일 10시,토요일,경상남도 창원시 마산합포구 남성동,경상사고,0,0,2,0,차대차 - 측면충돌,교차로운행방법위반,젖음/습기,비,교차로 - 교차로부근,승용,남,77세,상해없음,승용,여,59세,경상
2023051300100159,2023년 5월 13일 10시,토요일,경상남도 남해군 삼동면,중상사고,0,1,0,0,차대차 - 측면충돌,안전운전불이행,건조,맑음,단일로 - 기타,자전거,남,57세,상해없음,자전거,남,49세,중상
2023051300100198,2023년 5월 13일 11시,토요일,경상남도 창원시 의창구 동읍,경상사고,0,0,4,0,차대차 - 추돌,안전운전불이행,건조,맑음,단일로 - 터널,승용,남,20세,상해없음,승용,남,37세,경상
2023051300100275,2023년 5월 13일 13시,토요일,경상남도 김해시 내동,경상사고,0,0,3,0,차대차 - 정면충돌,안전운전불이행,건조,맑음,교차로 - 교차로안,승용,여,51세,경상,승용,여,35세,경상
2023051300100276,2023년 5월 13일 13시,토요일,경상남도 함양군 지곡면,중상사고,0,1,0,4,차대차 - 측면충돌,교차로운행방법위반,건조,맑음,교차로 - 교차로안,승용,남,78세,부상신고,화물,남,54세,부상신고
2023051300100277,2023년 5월 13일 13시,토요일,경상남도 남해군 남해읍,중상사고,0,1,0,0,차대사람 - 차도통행중,안전운전불이행,건조,맑음,단일로 - 기타,승용,남,44세,상해없음,보행자,여,83세,중상
2023051300100278,2023년 5월 13일 13시,토요일,경상남도 함양군 지곡면,중상사고,0,1,2,0,차대차 - 기타,기타,건조,맑음,단일로 - 기타,승용,여,58세,상해없음,승합,남,51세,상해없음
2023051300100330,2023년 5월 13일 14시,토요일,경상남도 창녕군 남지읍,경상사고,0,0,1,0,차대차 - 기타,안전운전불이행,건조,맑음,단일로 - 기타,개인형이동수단(PM),남,31세,경상,승합,남,54세,상해없음
2023051300100393,2023년 5월 13일 16시,토요일,경상남도 남해군 미조면,중상사고,0,1,0,0,차대사람 - 기타,안전운전불이행,건조,맑음,단일로 - 기타,화물,남,73세,상해없음,보행자,여,57세,중상
2023051300100394,2023년 5월 13일 16시,토요일,경상남도 창원시 성산구 성주동,중상사고,0,1,0,0,차대사람 - 기타,안전운전불이행,건조,맑음,단일로 - 기타,화물,남,61세,상해없음,보행자,남,45세,중상
2023051300100395,2023년 5월 13일 16시,토요일,경상남도 김해시 풍유동,경상사고,0,0,2,0,차대차 - 정면충돌,신호위반,건조,맑음,교차로 - 교차로안,승용,여,58세,경상,승용,여,52세,경상
2023051300100428,2023년 5월 13일 17시,토요일,경상남도 진주시 하대동,경상사고,0,0,1,0,차대차 - 측면충돌,차로위반,건조,맑음,단일로 - 기타,승용,여,28세,상해없음,원동기,남,25세,경상
2023051300100429,2023년 5월 13일 17시,토요일,경상남도 사천시 용현면,경상사고,0,0,1,0,차대차 - 측면충돌,안전운전불이행,젖음/습기,흐림,교차로 - 교차로안,화물,남,22세,상해없음,이륜,남,69세,경상
2023051300100430,2023년 5월 13일 17시,토요일,경상남도 사천시 봉남동,경상사고,0,0,2,0,차량단독 - 공작물충돌,안전운전불이행,젖음/습기,흐림,단일로 - 기타,승용,남,19세,상해없음,,,,
2023051300100431,2023년 5월 13일 17시,토요일,경상남도 창원시 의창구 명서동,경상사고,0,0,3,0,차대차 - 측면충돌,안전운전불이행,건조,맑음,교차로 - 교차로안,승용,남,67세,상해없음,승용,남,71세,상해없음
2023051300100466,2023년 5월 13일 18시,토요일,경상남도 양산시 덕계동,경상사고,0,0,3,0,차대차 - 측면충돌,안전운전불이행,건조,맑음,단일로 - 지하차도(도로)내,승용,여,49세,상해없음,승용,남,46세,경상
2023051300100467,2023년 5월 13일 18시,토요일,경상남도 함안군 칠원읍,중상사고,0,1,1,0,차대차 - 추돌,안전거리미확보,건조,맑음,교차로 - 교차로부근,이륜,남,39세,중상,승용,여,56세,경상
2023051300100491,2023년 5월 13일 19시,토요일,경상남도 창원시 진해구 석동,중상사고,0,1,0,0,차대사람 - 기타,안전운전불이행,건조,맑음,단일로 - 기타,승용,여,46세,상해없음,보행자,남,8세,중상
2023051300100492,2023년 5월 13일 19시,토요일,경상남도 거제시 고현동,경상사고,0,0,1,0,차대차 - 측면충돌,안전거리미확보,건조,맑음,단일로 - 기타,승용,남,22세,상해없음,승용,여,50세,경상
2023051300100563,2023년 5월 13일 22시,토요일,경상남도 사천시 향촌동,경상사고,0,0,1,0,차대사람 - 횡단중,안전운전불이행,젖음/습기,비,교차로 - 교차로안,승용,남,69세,상해없음,보행자,남,43세,경상