사고번호,사고일시,요일,시군구,사고내용,사망자수,중상자수,경상자수,부상신고자수,사고유형,법규위반,노면상태,기상상태,도로형태,가해운전자 차종,가해운전자 성별,가해운전자 연령,가해운전자 상해정도,피해운전자 차종,피해운전자 성별,피해운전자 연령,피해운전자 상해정도
2023051700100528,2023년 5월 17일 17시,수요일,경상남도 김해시 생림면,중상사고,0,1,0,0,차량단독 - 전도전복 - 전도,안전운전불이행,건조,맑음,단일로 - 기타,자전거,남,69세,중상,,,,
2023051700100529,2023년 5월 17일 17시,수요일,경상남도 의령군 의령읍,중상사고,0,1,0,0,차대차 - 측면충돌,안전운전불이행,건조,맑음,교차로 - 교차로부근,이륜,여,75세,중상,승용,여,54세,상해없음
2023051700100530,2023년 5월 17일 17시,수요일,경상남도 창원시 의창구 사화동,경상사고,0,0,2,0,차대차 - 추돌,안전거리미확보,건조,맑음,단일로 - 기타,승용,남,39세,상해없음,승용,여,24세,경상
2023051700100580,2023년 5월 17일 18시,수요일,경상남도 사천시 사천읍,경상사고,0,0,1,0,차대차 - 추돌,안전거리미확보,건조,맑음,단일로 - 기타,화물,남,72세,상해없음,화물,남,55세,상해없음
2023051700100620,2023년 5월 17일 19시,수요일,경상남도 창원시 마산합포구 중앙동2가,중상사고,0,1,0,0,차대사람 - 횡단중,보행자보호의무위반,건조,맑음,교차로 - 교차로횡단보도내,승용,남,52세,상해없음,보행자,남,63세,중상
2023051700100621,2023년 5월 17일 19시,수요일,경상남도 통영시 정량동,중상사고,0,1,0,0,차대사람 - 횡단중,안전운전불이행,건조,맑음,교차로 - 교차로부근,화물,남,29세,기타불명,보행자,남,63세,중상
2023051700100622,2023년 5월 17일 19시,수요일,경상남도 양산시 북정동,중상사고,0,1,0,0,차대사람 - 차도통행중,안전운전불이행,건조,맑음,단일로 - 기타,화물,남,47세,상해없음,보행자,남,63세,중상
2023051700100623,2023년 5월 17일 19시,수요일,경상남도 창원시 의창구 동읍,중상사고,0,1,0,0,차대차 - 측면충돌,교차로운행방법위반,건조,맑음,교차로 - 교차로부근,승용,남,48세,상해없음,개인형이동수단(PM),남,42세,중상
2023051700100672,2023년 5월 17일 21시,수요일,경상남도 밀양시 하남읍,중상사고,0,1,1,0,차대사람 - 기타,안전운전불이행,건조,맑음,단일로 - 기타,자전거,남,39세,경상,보행자,남,67세,중상
2023051700100673,2023년 5월 17일 21시,수요일,경상남도 양산시 물금읍,경상사고,0,0,1,0,차대차 - 측면충돌,안전운전불이행,건조,맑음,교차로 - 교차로안,승용,여,58세,상해없음,승용,여,58세,경상
2023051800100045,2023년 5월 18일 05시,목요일,경상남도 창원시 마산합포구 남성동,경상사고,0,0,1,0,차대차 - 기타,신호위반,건조,맑음,교차로 - 교차로안,자전거,남,44세,상해없음,자전거,남,42세,상해없음
2023051800100087,2023년 5월 18일 07시,목요일,경상남도 창원시 진해구 장천동,중상사고,0,1,0,0,차대차 - 추돌,안전운전불이행,젖음/습기,비,교차로 - 교차로부근,특수,남,54세,상해없음,승용,남,72세,중상
2023051800100125,2023년 5월 18일 08시,목요일,경상남도 창원시 마산합포구 월영동,경상사고,0,0,1,0,차대차 - 기타,안전운전불이행,젖음/습기,비,단일로 - 기타,승용,남,62세,상해없음,화물,남,54세,기타불명
2023051800100175,2023년 5월 18일 09시,목요일,경상남도 창원시 성산구 성주동,중상사고,0,1,0,0,차대차 - 측면충돌,신호위반,젖음/습기,비,교차로 - 교차로안,화물,남,52세,상해없음,승용,남,73세,중상
2023051800100176,2023년 5월 18일 09시,목요일,경상남도 창원시 의창구 도계동,경상사고,0,0,1,0,차대차 - 기타,교차로운행방법위반,젖음/습기,비,교차로 - 교차로안,승용,여,48세,상해없음,이륜,남,28세,경상
2023051800100197,2023년 5월 18일 10시,목요일,경상남도 통영시 용남면,경상사고,0,0,2,0,차대차 - 측면충돌,차로위반,젖음/습기,비,단일로 - 기타,특수,남,49세,상해없음,승용,남,53세,경상
2023051800100198,2023년 5월 18일 10시,목요일,경상남도 김해시 동상동,경상사고,0,0,2,0,차대차 - 측면충돌,신호위반,젖음/습기,비,교차로 - 교차로안,승용,여,54세,상해없음,승용,남,52세,경상
2023051800100199,2023년 5월 18일 10시,목요일,경상남도 거창군 주상면,중상사고,0,1,0,0,차대차 - 측면충돌,안전운전불이행,젖음/습기,비,교차로 - 교차로부근,화물,남,64세,상해없음,승용,남,73세,중상
2023051800100257,2023년 5월 18일 12시,목요일,경상남도 거제시 옥포동,경상사고,0,0,1,0,차대사람 - 길가장자리구역통행중,안전운전불이행,젖음/습기,비,단일로 - 기타,승용,남,65세,상해없음,보행자,여,53세,경상
2023051800100258,2023년 5월 18일 12시,목요일,경상남도 창원시 의창구 동읍,경상사고,0,0,3,0,차대차 - 측면충돌,안전운전불이행,젖음/습기,흐림,교차로 - 교차로안,승용,여,64세,상해없음,승합,남,58세,경상
2023051800100291,2023년 5월 18일 13시,목요일,경상남도 통영시 광도면,경상사고,0,0,2,0,차대차 - 측면충돌,안전운전불이행,젖음/습기,맑음,교차로 - 교차로안,승용,여,46세,경상,화물,남,62세,상해없음
2023051800100368,2023년 5월 18일 15시,목요일,경상남도 양산시 중부동,중상사고,0,1,0,0,차대차 - 측면충돌,안전운전불이행,젖음/습기,비,교차로 - 교차로안,이륜,남,27세,상해없음,이륜,남,44세,중상
2023051800100407,2023년 5월 18일 16시,목요일,경상남도 양산시 북부동,중상사고,0,1,0,0,차대차 - 측면충돌,안전운전불이행,젖음/습기,비,교차로 - 교차로안,이륜,여,20세,상해없음,승용,여,32세,상해없음
2023051800100455,2023년 5월 18일 17시,목요일,경상남도 진주시 문산읍,경상사고,0,0,1,0,차대차 - 추돌,안전거리미확보,젖음/습기,흐림,단일로 - 기타,승용,여,52세,상해없음,승용,남,39세,경상
2023051800100456,2023년 5월 18일 17시,목요일,경상남도 함안군 가야읍,경상사고,0,0,1,1,차대차 - 기타,교차로운행방법위반,젖음/습기,비,교차로 - 교차로안,화물,남,29세,부상신고,승용,남,59세,경상
2023051800100457,2023년 5월 18일 17시,목요일,경상남도 진주시 정촌면,경상사고,0,0,1,0,차대차 - 추돌,안전운전불이행,젖음/습기,비,단일로 - 기타,특수,남,60세,상해없음,화물,남,65세,경상
2023051800100506,2023년 5월 18일 18시,목요일,경상남도 창원시 마산합포구 덕동동,사망사고,1,0,0,1,차대차 - 정면충돌,중앙선침범,젖음/습기,비,단일로 - 기타,승용,남,60세,사망,승합,남,58세,부상신고
2023051800100507,2023년 5월 18일 18시,목요일,경상남도 밀양시 상동면,중상사고,0,1,0,0,차대차 - 측면충돌,교차로운행방법위반,젖음/습기,비,교차로 - 교차로안,승용,남,40세,상해없음,승용,남,76세,중상
2023051800100508,2023년 5월 18일 18시,목요일,경상남도 거창군 거창읍,중상사고,0,1,0,0,차대사람 - 기타,안전운전불이행,젖음/습기,비,교차로 - 교차로안,승용,여,58세,상해없음,보행자,남,13세,중상
2023051800100509,2023년 5월 18일 18시,목요일,경상남도 창원시 성산구 신촌동,경상사고,0,0,1,0,차대차 - 정면충돌,중앙선침범,젖음/습기,비,단일로 - 기타,화물,남,58세,상해없음,승용,남,43세,경상
2023051800100510,2023년 5월 18일 18시,목요일,경상남도 김해시 장유동,경상사고,0,0,3,0,차대차 - 측면충돌,교차로운행방법위반,젖음/습기,비,교차로 - 교차로안,승용,여,47세,경상,승용,남,42세,경상
2023051800100542,2023년 5월 18일 19시,목요일,경상남도 창원시 마산합포구 산호동,경상사고,0,0,1,0,차대차 - 측면충돌,안전운전불이행,건조,맑음,단일로 - 기타,승용,남,64세,상해없음,승용,남,33세,경상
2023051800100569,2023년 5월 18일 20시,목요일,경상남도 김해시 진례면,경상사고,0,0,1,0,차대차 - 측면충돌,신호위반,젖음/습기,비,교차로 - 교차로부근,승용,여,52세,상해없음,승용,남,37세,경상
2023051800100585,2023년 5월 18일 21시,목요일,경상남도 창원시 성산구 대방동,중상사고,0,1,0,0,차대사람 - 횡단중,보행자보호의무위반,젖음/습기,비,단일로 - 기타,승용,여,51세,상해없음,보행자,남,38세,중상
2023051800100586,2023년 5월 18일 21시,목요일,경상남도 창원시 의창구 명서동,중상사고,0,1,2,0,차대차 - 기타,안전운전불이행,젖음/습기,비,단일로 - 기타,승용,남,25세,상해없음,승합,남,52세,경상
2023051800100611,2023년 5월 18일 22시,목요일,경상남도 창원시 성산구 상남동,중상사고,0,1,0,1,차대사람 - 차도통행중,안전운전불이행,젖음/습기,비,교차로 - 교차로안,승용,여,53세,상해없음,보행자,남,53세,중상
2023051900100058,2023년 5월 19일 06시,금요일,경상남도 사천시 송포동,경상사고,0,0,2,0,차대차 - 측면충돌,신호위반,건조,맑음,교차로 - 교차로안,승용,남,60세,경상,화물,남,55세,경상
2023051900100085,2023년 5월 19일 07시,금요일,경상남도 사천시 축동면,경상사고,0,0,1,0,차대차 - 측면충돌,직진우회전진행방해,건조,맑음,교차로 - 교차로안,승용,여,49세,상해없음,승용,여,47세,경상
2023051900100105,2023년 5월 19일 08시,금요일,경상남도 양산시 하북면,중상사고,0,1,0,0,차량단독 - 공작물충돌,안전운전불이행,젖음/습기,흐림,단일로 - 기타,승용,남,43세,상해없음,,,,
2023051900100128,2023년 5월 19일 08시,금요일,경상남도 진주시 주약동,중상사고,0,1,0,0,차대사람 - 횡단중,보행자보호의무위반,건조,맑음,교차로 - 교차로안,승용,여,30세,상해없음,보행자,여,11세,중상
2023051900100171,2023년 5월 19일 09시,금요일,경상남도 밀양시 무안면,경상사고,0,0,1,0,차대차 - 정면충돌,안전운전불이행,건조,맑음,교차로 - 교차로안,화물,남,64세,상해없음,사륜오토바이(ATV),남,80세,경상
2023051900100172,2023년 5월 19일 09시,금요일,경상남도 창녕군 창녕읍,중상사고,0,1,0,0,차대차 - 측면충돌,신호위반,건조,흐림,교차로 - 교차로안,원동기,남,83세,중상,승용,여,55세,상해없음
2023051900100215,2023년 5월 19일 10시,금요일,경상남도 창원시 의창구 명서동,경상사고,0,0,1,0,차대차 - 추돌,안전운전불이행,건조,맑음,교차로 - 교차로안,승용,여,49세,상해없음,승합,남,61세,상해없음
2023051900100259,2023년 5월 19일 11시,금요일,경상남도 거제시 고현동,중상사고,0,1,0,0,차대차 - 측면충돌,신호위반,건조,맑음,교차로 - 교차로안,승용,여,57세,상해없음,이륜,남,38세,중상
2023051900100260,2023년 5월 19일 11시,금요일,경상남도 창원시 성산구 상남동,중상사고,0,1,0,0,차대차 - 측면충돌,교차로운행방법위반,건조,맑음,교차로 - 교차로부근,승용,여,61세,상해없음,자전거,남,56세,중상
2023051900100283,2023년 5월 19일 12시,금요일,경상남도 김해시 진례면,중상사고,0,1,4,7,차대차 - 측면충돌,안전거리미확보,건조,맑음,단일로 - 기타,화물,남,43세,상해없음,승합,남,52세,상해없음
2023051900100306,2023년 5월 19일 12시,금요일,경상남도 거제시 장승포동,경상사고,0,0,1,0,차대차 - 기타,교차로운행방법위반,건조,맑음,교차로 - 교차로안,승용,여,66세,상해없음,승합,남,60세,상해없음
2023051900100307,2023년 5월 19일 12시,금요일,경상남도 의령군 의령읍,중상사고,0,1,0,0,차대차 - 정면충돌,신호위반,건조,맑음,교차로 - 교차로안,화물,남,27세,상해없음,이륜,남,60세,중상
2023051900100308,2023년 5월 19일 12시,금요일,경상남도 창원시 의창구 동정동,중상사고,0,1,0,0,차대사람 - 횡단중,보행자보호의무위반,건조,맑음,교차로 - 교차로횡단보도내,승용,남,71세,상해없음,보행자,여,66세,중상
2023051900100309,2023년 5월 19일 12시,금요일,경상남도 창원시 의창구 도계동,경상사고,0,0,1,0,차대사람 - 차도통행중,안전운전불이행,건조,맑음,단일로 - 기타,승용,남,49세,상해없음,보행자,여,77세,경상
2023051900100350,2023년 5월 19일 13시,금요일,경상남도 사천시 곤양면,사망사고,1,1,0,0,차대차 - 정면충돌,중앙선침범,건조,맑음,단일로 - 지하차도(도로)내,화물,여,62세,사망,화물,남,54세,중상
2023051900100351,2023년 5월 19일 13시,금요일,경상남도 거제시 거제면,경상사고,0,0,1,0,차대차 - 추돌,안전운전불이행,건조,맑음,단일로 - 기타,승용,남,52세,상해없음,승용,남,64세,경상
2023051900100385,2023년 5월 19일 14시,금요일,경상남도 밀양시 삼문동,중상사고,0,1,2,0,차대차 - 추돌,안전운전불이행,건조,맑음,단일로 - 기타,화물,남,68세,상해없음,승용,남,40세,경상
2023051900100386,2023년 5월 19일 14시,금요일,경상남도 창원시 마산회원구 석전동,경상사고,0,0,2,0,차대차 - 추돌,안전운전불이행,건조,맑음,교차로 - 교차로부근,승합,남,52세,상해없음,승용,여,41세,경상
2023051900100416,2023년 5월 19일 15시,금요일,경상남도 창원시 진해구 용원동,경상사고,0,0,1,0,차대차 - 측면충돌,차로위반,건조,맑음,교차로 - 교차로안,특수,남,42세,상해없음,화물,남,51세,경상
2023051900100418,2023년 5월 19일 15시,금요일,경상남도 함안군 칠서면,경상사고,0,0,1,0,차대차 - 추돌,안전운전불이행,건조,맑음,교차로 - 교차로부근,화물,남,53세,기타불명,화물,남,45세,경상
2023051900100463,2023년 5월 19일 16시,금요일,경상남도 김해시 흥동,경상사고,0,0,2,0,차대차 - 측면충돌,차로위반,건조,맑음,단일로 - 기타,승용,남,57세,상해없음,승용,남,30세,경상
2023051900100516,2023년 5월 19일 17시,금요일,경상남도 창원시 마산합포구 우산동,경상사고,0,0,1,0,차대차 - 추돌,안전거리미확보,건조,맑음,단일로 - 기타,승용,남,55세,상해없음,승용,여,49세,경상
2023051900100517,2023년 5월 19일 17시,금요일,경상남도 통영시 미수동,경상사고,0,0,3,0,차대차 - 측면충돌,안전운전불이행,건조,맑음,교차로 - 교차로안,승용,여,61세,상해없음,승용,남,63세,경상
2023051900100518,2023년 5월 19일 17시,금요일,경상남도 김해시 구산동,중상사고,0,1,0,0,차대차 - 기타,안전운전불이행,건조,맑음,기타 - 기타,자전거,남,26세,상해없음,자전거,남,76세,중상
2023051900100519,2023년 5월 19일 17시,금요일,경상남도 창원시 의창구 중동,중상사고,0,1,0,0,차대차 - 측면충돌,신호위반,건조,맑음,교차로 - 교차로안,승용,여,35세,상해없음,승용,여,23세,중상
2023051900100572,2023년 5월 19일 18시,금요일,경상남도 양산시 평산동,경상사고,0,0,1,1,차대차 - 기타,안전운전불이행,건조,맑음,교차로 - 교차로안,승용,남,41세,경상,이륜,남,19세,부상신고
2023051900100611,2023년 5월 19일 19시,금요일,경상남도 하동군 하동읍,중상사고,0,1,0,0,차대사람 - 기타,안전운전불이행,건조,맑음,기타 - 기타,화물,남,78세,상해없음,보행자,여,77세,중상
2023051900100612,2023년 5월 19일 19시,금요일,경상남도 김해시 진영읍,부상신고사고,0,0,0,1,차대사람 - 기타,안전운전불이행,건조,맑음,기타 - 기타,승용,여,36세,상해없음,보행자,남,41세,부상신고
2023051900100649,2023년 5월 19일 20시,금요일,경상남도 밀양시 내이동,중상사고,0,1,0,0,차대차 - 측면충돌,직진우회전진행방해,건조,맑음,교차로 - 교차로안,승용,남,78세,상해없음,자전거,남,55세,중상
2023051900100675,2023년 5월 19일 21시,금요일,경상남도 창원시 마산합포구 월영동,경상사고,0,0,2,0,차대차 - 측면충돌,안전거리미확보,건조,맑음,교차로 - 교차로부근,승용,남,62세,경상,승용,남,60세,경상
2023051900100676,2023년 5월 19일 21시,금요일,경상남도 창원시 진해구 안골동,경상사고,0,0,1,0,차대차 - 측면충돌,신호위반,건조,맑음,교차로 - 교차로안,자전거,남,15세,경상,승용,남,27세,상해없음
2023051900100677,2023년 5월 19일 21시,금요일,경상남도 양산시 소주동,중상사고,0,1,0,0,차대사람 - 횡단중,보행자보호의무위반,건조,맑음,단일로 - 기타,이륜,남,26세,상해없음,보행자,남,66세,중상
2023051900100678,2023년 5월 19일 21시,금요일,경상남도 거제시 고현동,경상사고,0,0,1,0,차대차 - 정면충돌,신호위반,건조,맑음,교차로 - 교차로안,승용,남,45세,상해없음,이륜,남,40세,경상
2023051900100704,2023년 5월 19일 22시,금요일,경상남도 밀양시 가곡동,경상사고,0,0,1,0,차대차 - 측면충돌,교차로운행방법위반,건조,맑음,교차로 - 교차로안,승용,남,74세,상해없음,승용,여,44세,경상
2023051900100705,2023년 5월 19일 22시,금요일,경상남도 김해시 서상동,경상사고,0,0,2,0,차대차 - 측면충돌,교차로운행방법위반,건조,맑음,교차로 - 교차로안,화물,남,64세,경상,이륜,여,76세,경상
2023051900100731,2023년 5월 19일 23시,금요일,경상남도 김해시 삼방동,경상사고,0,0,1,0,차대사람 - 기타,안전운전불이행,건조,맑음,단일로 - 기타,승용,남,63세,상해없음,보행자,여,48세,경상
2023052000100010,2023년 5월 20일 00시,토요일,경상남도 창원시 의창구 봉곡동,경상사고,0,0,1,0,차대차 - 추돌,안전운전불이행,건조,맑음,단일로 - 기타,승용,남,35세,상해없음,승용,여,54세,경상
2023052000100040,2023년 5월 20일 03시,토요일,경상남도 김해시 봉황동,중상사고,0,2,2,1,차대차 - 기타,신호위반,건조,맑음,교차로 - 교차로안,원동기,남,18세,중상,승용,남,22세,경상
2023052000100055,2023년 5월 20일 05시,토요일,경상남도 창원시 마산회원구 합성동,중상사고,0,1,0,0,차대차 - 측면충돌,안전운전불이행,건조,맑음,기타 - 기타,승용,남,51세,중상,화물,남,50세,기타불명
2023052000100068,2023년 5월 20일 06시,토요일,경상남도 사천시 사천읍,경상사고,0,0,1,0,차대차 - 측면충돌,안전거리미확보,건조,맑음,단일로 - 기타,화물,남,59세,상해없음,승용,여,44세,경상
2023052000100069,2023년 5월 20일 06시,토요일,경상남도 김해시 동상동,중상사고,0,1,1,0,차대차 - 측면충돌,신호위반,건조,맑음,교차로 - 교차로횡단보도내,승용,남,62세,중상,화물,남,48세,경상
2023052000100079,2023년 5월 20일 07시,토요일,경상남도 통영시 무전동,중상사고,0,1,0,0,차량단독 - 공작물충돌,안전운전불이행,건조,맑음,교차로 - 교차로부근,승용,남,44세,중상,,,,
2023052000100123,2023년 5월 20일 09시,토요일,경상남도 김해시 삼계동,중상사고,0,1,0,0,차대차 - 측면충돌,교차로운행방법위반,건조,맑음,교차로 - 교차로부근,승용,여,57세,기타불명,승용,남,77세,중상
2023052000100124,2023년 5월 20일 09시,토요일,경상남도 산청군 단성면,부상신고사고,0,0,0,1,차대차 - 추돌,안전운전불이행,건조,맑음,단일로 - 기타,이륜,남,72세,부상신고,승용,남,54세,상해없음
2023052000100125,2023년 5월 20일 09시,토요일,경상남도 함안군 함안면,중상사고,0,1,0,0,차대차 - 기타,안전운전불이행,건조,맑음,교차로 - 교차로안,자전거,남,79세,중상,화물,남,66세,상해없음
2023052000100168,2023년 5월 20일 10시,토요일,경상남도 진주시 금산면,경상사고,0,0,1,0,차대차 - 정면충돌,신호위반,건조,맑음,교차로 - 교차로안,승용,남,37세,상해없음,승용,남,62세,경상
2023052000100205,2023년 5월 20일 11시,토요일,경상남도 진주시 내동면,경상사고,0,0,1,0,차대차 - 추돌,안전운전불이행,건조,맑음,단일로 - 기타,승용,남,26세,상해없음,승용,남,28세,경상
2023052000100206,2023년 5월 20일 11시,토요일,경상남도 김해시 진례면,중상사고,0,1,0,0,차대차 - 측면충돌,안전운전불이행,건조,맑음,교차로 - 교차로안,원동기,남,60세,중상,화물,남,33세,상해없음
2023052000100258,2023년 5월 20일 12시,토요일,경상남도 창원시 마산합포구 상남동,중상사고,0,1,0,0,차대차 - 측면충돌,안전운전불이행,건조,맑음,단일로 - 기타,승용,남,50세,상해없음,자전거,남,66세,중상
2023052000100259,2023년 5월 20일 12시,토요일,경상남도 진주시 상대동,경상사고,0,0,6,0,차대차 - 측면충돌,안전운전불이행,건조,맑음,교차로 - 교차로안,화물,남,59세,상해없음,승용,남,51세,경상
2023052000100260,2023년 5월 20일 12시,토요일,경상남도 통영시 광도면,경상사고,0,0,1,0,차대차 - 측면충돌,안전운전불이행,건조,맑음,교차로 - 교차로횡단보도내,승용,남,48세,상해없음,자전거,남,12세,경상
2023052000100261,2023년 5월 20일 12시,토요일,경상남도 김해시 부원동,경상사고,0,0,1,0,차대차 - 정면충돌,교차로운행방법위반,건조,맑음,교차로 - 교차로부근,승용,남,29세,상해없음,원동기,남,31세,경상
2023052000100262,2023년 5월 20일 12시,토요일,경상남도 함양군 함양읍,경상사고,0,0,2,0,차대차 - 추돌,안전운전불이행,건조,맑음,교차로 - 교차로부근,승용,여,41세,상해없음,승용,남,54세,경상
2023052000100306,2023년 5월 20일 13시,토요일,경상남도 김해시 내동,경상사고,0,0,2,0,차대차 - 측면충돌,교차로운행방법위반,건조,맑음,교차로 - 교차로안,승용,남,68세,상해없음,승용,남,44세,경상
2023052000100307,2023년 5월 20일 13시,토요일,경상남도 양산시 삼호동,경상사고,0,0,1,0,차대차 - 측면충돌,안전거리미확보,건조,맑음,단일로 - 기타,승용,남,58세,상해없음,이륜,남,38세,경상
2023052000100351,2023년 5월 20일 14시,토요일,경상남도 창원시 진해구 자은동,경상사고,0,0,1,0,차대차 - 측면충돌,신호위반,건조,맑음,교차로 - 교차로부근,승용,남,78세,상해없음,승용,여,35세,경상
2023052000100352,2023년 5월 20일 14시,토요일,경상남도 밀양시 삼랑진읍,경상사고,0,0,1,0,차대차 - 정면충돌,중앙선침범,건조,맑음,단일로 - 기타,승용,남,71세,상해없음,승용,여,57세,경상
2023052000100353,2023년 5월 20일 14시,토요일,경상남도 함양군 함양읍,경상사고,0,0,2,0,차대차 - 측면충돌,신호위반,건조,맑음,교차로 - 교차로안,승용,남,81세,상해없음,승용,여,46세,경상
2023052000100354,2023년 5월 20일 14시,토요일,경상남도 남해군 삼동면,경상사고,0,0,1,0,차대차 - 추돌,안전운전불이행,건조,맑음,교차로 - 교차로부근,승용,남,65세,상해없음,이륜,남,41세,경상
2023052000100400,2023년 5월 20일 15시,토요일,경상남도 산청군 단성면,경상사고,0,0,1,0,차대사람 - 기타,안전운전불이행,건조,맑음,단일로 - 기타,화물,남,56세,상해없음,보행자,남,60세,경상
2023052000100420,2023년 5월 20일 16시,토요일,경상남도 김해시 대동면,중상사고,0,1,0,0,차대차 - 측면충돌,안전운전불이행,건조,맑음,단일로 - 기타,승합,남,69세,상해없음,승용,여,19세,중상
2023052000100438,2023년 5월 20일 16시,토요일,경상남도 밀양시 삼문동,경상사고,0,0,2,0,차대차 - 추돌,안전운전불이행,건조,맑음,단일로 - 기타,승용,여,51세,상해없음,승용,남,61세,경상
2023052000100439,2023년 5월 20일 16시,토요일,경상남도 하동군 하동읍,중상사고,0,1,1,0,차대차 - 기타,교차로운행방법위반,건조,맑음,교차로 - 교차로안,승용,남,82세,상해없음,화물,남,33세,경상
2023052000100475,2023년 5월 20일 17시,토요일,경상남도 창원시 진해구 용원동,중상사고,0,1,0,0,차대차 - 정면충돌,안전운전불이행,건조,맑음,교차로 - 교차로안,승용,여,33세,상해없음,이륜,남,38세,중상
2023052000100476,2023년 5월 20일 17시,토요일,경상남도 합천군 대양면,부상신고사고,0,0,0,1,차량단독 - 공작물충돌,안전운전불이행,건조,맑음,주차장 - 주차장,승용,남,32세,부상신고,,,,
2023052000100498,2023년 5월 20일 18시,토요일,경상남도 창원시 마산합포구 청계동,경상사고,0,0,2,0,차대차 - 측면충돌,안전운전불이행,건조,맑음,교차로 - 교차로안,승용,여,50세,상해없음,승용,남,55세,경상
2023052000100499,2023년 5월 20일 18시,토요일,경상남도 통영시 무전동,경상사고,0,0,2,0,차대차 - 추돌,안전거리미확보,건조,맑음,기타 - 기타,승용,여,62세,상해없음,승합,남,63세,상해없음
2023052000100500,2023년 5월 20일 18시,토요일,경상남도 김해시 삼계동,중상사고,0,1,0,0,차대사람 - 횡단중,안전운전불이행,건조,맑음,단일로 - 기타,승용,남,55세,상해없음,보행자,여,82세,중상
2023052000100527,2023년 5월 20일 19시,토요일,경상남도 창원시 의창구 도계동,부상신고사고,0,0,0,1,차대사람 - 기타,안전운전불이행,건조,맑음,단일로 - 기타,승합,여,52세,상해없음,보행자,남,25세,부상신고
2023052000100563,2023년 5월 20일 20시,토요일,경상남도 진주시 평거동,경상사고,0,0,3,0,차대차 - 정면충돌,신호위반,건조,맑음,교차로 - 교차로안,승용,여,51세,상해없음,승용,여,62세,경상
2023052000100564,2023년 5월 20일 20시,토요일,경상남도 통영시 태평동,경상사고,0,0,3,0,차대차 - 추돌,안전거리미확보,건조,맑음,교차로 - 교차로안,승용,남,70세,상해없음,승용,남,53세,경상
2023052000100565,2023년 5월 20일 20시,토요일,경상남도 밀양시 상남면,중상사고,0,1,2,0,차대차 - 기타,안전운전불이행,건조,맑음,단일로 - 기타,승용,남,36세,상해없음,승용,여,37세,중상
2023052000100594,2023년 5월 20일 21시,토요일,경상남도 진주시 봉곡동,중상사고,0,1,0,0,차대사람 - 횡단중,보행자보호의무위반,건조,맑음,단일로 - 기타,승용,남,43세,상해없음,보행자,여,72세,중상
2023052000100595,2023년 5월 20일 21시,토요일,경상남도 창원시 의창구 명서동,경상사고,0,0,1,0,차대차 - 측면충돌,불법유턴,건조,맑음,교차로 - 교차로부근,승용,남,27세,상해없음,이륜,남,26세,경상
2023052100100010,2023년 5월 21일 00시,일요일,경상남도 양산시 신기동,중상사고,0,2,0,0,차량단독 - 공작물충돌,안전운전불이행,건조,맑음,단일로 - 기타,이륜,남,17세,중상,,,,
2023052100100100,2023년 5월 21일 10시,일요일,경상남도 합천군 대병면,중상사고,0,1,0,0,차대차 - 추돌,불법유턴,건조,맑음,단일로 - 기타,화물,남,55세,상해없음,이륜,남,22세,중상
2023052100100101,2023년 5월 21일 10시,일요일,경상남도 거제시 고현동,중상사고,0,1,0,0,차대사람 - 횡단중,보행자보호의무위반,건조,맑음,교차로 - 교차로안,화물,남,51세,상해없음,보행자,여,71세,중상
2023052100100122,2023년 5월 21일 11시,일요일,경상남도 밀양시 산내면,중상사고,0,1,0,0,차량단독 - 전도전복 - 전복,안전운전불이행,건조,맑음,단일로 - 기타,승용,남,86세,상해없음,,,,
2023052100100123,2023년 5월 21일 11시,일요일,경상남도 양산시 덕계동,부상신고사고,0,0,0,2,차대차 - 기타,안전운전불이행,건조,맑음,교차로 - 교차로부근,화물,남,71세,기타불명,승용,남,32세,부상신고
2023052100100186,2023년 5월 21일 13시,일요일,경상남도 진주시 금산면,경상사고,0,0,2,0,차대차 - 추돌,안전거리미확보,건조,맑음,단일로 - 기타,원동기,남,20세,상해없음,승용,남,24세,경상
2023052100100187,2023년 5월 21일 13시,일요일,경상남도 사천시 용현면,경상사고,0,0,1,1,차대차 - 추돌,안전운전불이행,건조,맑음,단일로 - 기타,승용,남,41세,상해없음,승용,여,55세,경상
2023052100100188,2023년 5월 21일 13시,일요일,경상남도 밀양시 상남면,경상사고,0,0,2,0,차대차 - 추돌,안전운전불이행,건조,맑음,단일로 - 기타,승용,남,57세,상해없음,승용,여,44세,경상
2023052100100189,2023년 5월 21일 13시,일요일,경상남도 창녕군 창녕읍,경상사고,0,0,1,0,차대차 - 추돌,안전거리미확보,건조,맑음,단일로 - 기타,승용,여,54세,상해없음,승용,여,51세,경상
2023052100100191,2023년 5월 21일 13시,일요일,경상남도 김해시 풍유동,경상사고,0,0,2,0,차대차 - 기타,안전운전불이행,건조,맑음,단일로 - 기타,승용,여,54세,상해없음,승용,남,46세,경상
2023052100100216,2023년 5월 21일 14시,일요일,경상남도 진주시 장대동,경상사고,0,0,1,0,차대차 - 기타,안전운전불이행,건조,맑음,교차로 - 교차로안,승용,남,28세,상해없음,이륜,남,26세,경상