사고번호,사고일시,요일,시군구,사고내용,사망자수,중상자수,경상자수,부상신고자수,사고유형,법규위반,노면상태,기상상태,도로형태,가해운전자 차종,가해운전자 성별,가해운전자 연령,가해운전자 상해정도,피해운전자 차종,피해운전자 성별,피해운전자 연령,피해운전자 상해정도
2023052500100478,2023년 5월 25일 18시,목요일,경상남도 거제시 상동동,중상사고,0,1,1,0,차대차 - 기타,교차로운행방법위반,건조,맑음,교차로 - 교차로안,승용,남,70세,경상,이륜,남,67세,중상
2023052500100516,2023년 5월 25일 19시,목요일,경상남도 밀양시 내이동,경상사고,0,0,1,0,차대차 - 추돌,안전운전불이행,건조,맑음,교차로 - 교차로부근,승용,여,55세,상해없음,승용,여,56세,경상
2023052500100517,2023년 5월 25일 19시,목요일,경상남도 하동군 진교면,경상사고,0,0,1,0,차대사람 - 길가장자리구역통행중,안전운전불이행,건조,맑음,단일로 - 기타,화물,여,55세,상해없음,보행자,여,70세,경상
2023052500100544,2023년 5월 25일 20시,목요일,경상남도 밀양시 내이동,경상사고,0,0,2,0,차대차 - 추돌,안전운전불이행,건조,맑음,교차로 - 교차로부근,승합,남,43세,상해없음,화물,남,54세,경상
2023052500100545,2023년 5월 25일 20시,목요일,경상남도 하동군 청암면,경상사고,0,0,1,0,차대차 - 정면충돌,안전운전불이행,건조,맑음,교차로 - 교차로안,화물,남,58세,상해없음,이륜,남,54세,경상
2023052500100546,2023년 5월 25일 20시,목요일,경상남도 김해시 관동동,중상사고,0,1,0,0,차대차 - 측면충돌,안전운전불이행,건조,맑음,단일로 - 기타,개인형이동수단(PM),남,16세,중상,승용,여,37세,상해없음
2023052500100581,2023년 5월 25일 21시,목요일,경상남도 양산시 하북면,중상사고,0,1,0,0,차대차 - 측면충돌,안전운전불이행,건조,맑음,교차로 - 교차로안,승용,남,67세,상해없음,승용,남,68세,중상
2023052500100602,2023년 5월 25일 22시,목요일,경상남도 창원시 진해구 용원동,경상사고,0,0,2,0,차대차 - 측면충돌,신호위반,건조,맑음,교차로 - 교차로안,이륜,남,40세,경상,승용,남,40세,경상
2023052500100603,2023년 5월 25일 22시,목요일,경상남도 고성군 마암면,중상사고,0,2,2,0,차대차 - 측면충돌,신호위반,건조,맑음,교차로 - 교차로안,승용,남,73세,경상,승용,남,22세,경상
2023052600100025,2023년 5월 26일 02시,금요일,경상남도 창원시 마산회원구 양덕동,경상사고,0,0,4,0,차대차 - 측면충돌,안전운전불이행,건조,맑음,단일로 - 기타,승용,남,18세,상해없음,승용,남,21세,경상
2023052600100047,2023년 5월 26일 05시,금요일,경상남도 김해시 어방동,중상사고,0,1,2,0,차대차 - 측면충돌,신호위반,건조,맑음,교차로 - 교차로안,승용,남,52세,상해없음,승용,남,59세,경상
2023052600100052,2023년 5월 26일 06시,금요일,경상남도 창원시 진해구 마천동,중상사고,0,1,0,0,차량단독 - 전도전복 - 전도,안전운전불이행,건조,맑음,교차로 - 교차로안,이륜,남,22세,중상,,,,
2023052600100070,2023년 5월 26일 07시,금요일,경상남도 통영시 광도면,경상사고,0,0,1,0,차대차 - 측면충돌,신호위반,건조,맑음,교차로 - 교차로안,승용,남,24세,상해없음,승합,남,57세,상해없음
2023052600100071,2023년 5월 26일 07시,금요일,경상남도 창원시 의창구 서상동,경상사고,0,0,1,0,차대차 - 후진중충돌,안전운전불이행,건조,맑음,단일로 - 기타,승용,남,49세,상해없음,승용,남,30세,경상
2023052600100116,2023년 5월 26일 08시,금요일,경상남도 김해시 삼방동,경상사고,0,0,3,0,차대차 - 측면충돌,안전거리미확보,건조,맑음,교차로 - 교차로부근,승용,남,31세,기타불명,승합,남,51세,경상
2023052600100117,2023년 5월 26일 08시,금요일,경상남도 창녕군 부곡면,중상사고,0,2,0,0,차대차 - 정면충돌,직진우회전진행방해,건조,맑음,교차로 - 교차로안,승용,여,41세,중상,승용,여,62세,중상
2023052600100118,2023년 5월 26일 08시,금요일,경상남도 양산시 동면,경상사고,0,0,2,0,차대차 - 측면충돌,교차로운행방법위반,건조,맑음,교차로 - 교차로안,승용,여,44세,상해없음,승용,남,40세,경상
2023052600100119,2023년 5월 26일 08시,금요일,경상남도 고성군 영오면,경상사고,0,0,1,0,차대사람 - 차도통행중,안전운전불이행,건조,맑음,단일로 - 기타,승용,남,45세,상해없음,보행자,여,85세,경상
2023052600100154,2023년 5월 26일 09시,금요일,경상남도 창원시 의창구 동읍,중상사고,0,1,1,0,차대차 - 측면충돌,안전운전불이행,건조,맑음,단일로 - 기타,건설기계,남,56세,상해없음,승용,여,49세,경상
2023052600100190,2023년 5월 26일 10시,금요일,경상남도 사천시 서동,경상사고,0,0,1,0,차대사람 - 횡단중,보행자보호의무위반,건조,맑음,교차로 - 교차로안,화물,남,48세,상해없음,보행자,여,72세,경상
2023052600100191,2023년 5월 26일 10시,금요일,경상남도 김해시 대동면,경상사고,0,0,1,0,차대차 - 기타,안전운전불이행,건조,맑음,교차로 - 교차로부근,승용,여,58세,기타불명,건설기계,남,54세,경상
2023052600100192,2023년 5월 26일 10시,금요일,경상남도 창녕군 부곡면,중상사고,0,2,1,0,차대차 - 측면충돌,직진우회전진행방해,건조,맑음,교차로 - 교차로안,승용,여,60세,중상,승용,남,66세,경상
2023052600100193,2023년 5월 26일 10시,금요일,경상남도 창원시 마산회원구 회원동,경상사고,0,0,1,0,차대차 - 측면충돌,안전운전불이행,건조,맑음,교차로 - 교차로안,승용,여,71세,상해없음,승용,남,41세,경상
2023052600100271,2023년 5월 26일 12시,금요일,경상남도 창원시 마산합포구 대내동,경상사고,0,0,3,0,차대차 - 기타,안전운전불이행,건조,맑음,단일로 - 기타,화물,남,34세,경상,승용,여,40세,경상
2023052600100272,2023년 5월 26일 12시,금요일,경상남도 통영시 광도면,경상사고,0,0,1,0,차대차 - 기타,안전운전불이행,건조,맑음,단일로 - 기타,승용,여,45세,경상,승합,남,44세,기타불명
2023052600100311,2023년 5월 26일 13시,금요일,경상남도 김해시 구산동,경상사고,0,0,1,0,차대차 - 측면충돌,안전거리미확보,건조,맑음,기타 - 기타,이륜,남,72세,상해없음,승용,남,54세,상해없음
2023052600100312,2023년 5월 26일 13시,금요일,경상남도 창원시 의창구 봉곡동,부상신고사고,0,0,0,1,차대사람 - 기타,안전운전불이행,건조,맑음,교차로 - 교차로부근,원동기,남,49세,상해없음,보행자,여,71세,부상신고
2023052600100347,2023년 5월 26일 14시,금요일,경상남도 창원시 진해구 용원동,중상사고,0,7,0,0,차량단독 - 기타,안전운전불이행,건조,맑음,교차로 - 교차로부근,승합,남,47세,상해없음,,,,
2023052600100349,2023년 5월 26일 14시,금요일,경상남도 남해군 삼동면,중상사고,0,1,0,0,차대사람 - 차도통행중,안전운전불이행,건조,맑음,단일로 - 기타,승용,여,54세,상해없음,보행자,여,82세,중상
2023052600100389,2023년 5월 26일 15시,금요일,경상남도 김해시 풍유동,경상사고,0,0,1,0,차대차 - 기타,신호위반,건조,맑음,단일로 - 기타,승용,남,71세,상해없음,특수,남,41세,경상
2023052600100390,2023년 5월 26일 15시,금요일,경상남도 김해시 흥동,경상사고,0,0,1,0,차대차 - 측면충돌,안전운전불이행,건조,맑음,교차로 - 교차로부근,승용,남,76세,상해없음,승용,남,27세,경상
2023052600100429,2023년 5월 26일 16시,금요일,경상남도 통영시 사량면,사망사고,1,0,0,0,차량단독 - 기타,안전운전불이행,건조,맑음,단일로 - 기타,사륜오토바이(ATV),남,60세,사망,,,,
2023052600100430,2023년 5월 26일 16시,금요일,경상남도 통영시 북신동,경상사고,0,0,1,0,차대차 - 측면충돌,안전운전불이행,건조,맑음,교차로 - 교차로안,화물,남,64세,상해없음,승용,여,65세,경상
2023052600100494,2023년 5월 26일 17시,금요일,경상남도 사천시 사천읍,경상사고,0,0,1,0,차대차 - 측면충돌,직진우회전진행방해,건조,흐림,교차로 - 교차로안,승용,여,27세,상해없음,승용,여,33세,경상
2023052600100496,2023년 5월 26일 17시,금요일,경상남도 창원시 마산회원구 내서읍,경상사고,0,0,1,0,차대차 - 측면충돌,안전운전불이행,건조,맑음,단일로 - 기타,화물,남,71세,상해없음,승용,여,35세,경상
2023052600100545,2023년 5월 26일 18시,금요일,경상남도 함양군 지곡면,경상사고,0,0,1,1,차대차 - 측면충돌,교차로운행방법위반,건조,맑음,교차로 - 교차로안,화물,남,62세,부상신고,승용,여,56세,경상
2023052600100546,2023년 5월 26일 18시,금요일,경상남도 양산시 물금읍,중상사고,0,1,0,0,차대차 - 정면충돌,안전운전불이행,건조,맑음,기타 - 기타,개인형이동수단(PM),여,38세,기타불명,자전거,여,8세,중상
2023052600100547,2023년 5월 26일 18시,금요일,경상남도 창원시 의창구 서상동,중상사고,0,1,0,0,차대차 - 추돌,안전운전불이행,건조,맑음,단일로 - 기타,원동기,남,63세,상해없음,승용,여,45세,중상
2023052600100594,2023년 5월 26일 19시,금요일,경상남도 창원시 마산합포구 자산동,경상사고,0,0,1,0,차대차 - 측면충돌,차로위반,건조,맑음,교차로 - 교차로안,승용,남,46세,상해없음,승용,남,46세,경상
2023052600100595,2023년 5월 26일 19시,금요일,경상남도 사천시 축동면,경상사고,0,0,2,0,차대차 - 추돌,안전운전불이행,건조,맑음,단일로 - 기타,화물,남,35세,상해없음,승용,남,54세,경상
2023052600100650,2023년 5월 26일 21시,금요일,경상남도 창원시 의창구 명서동,경상사고,0,0,1,0,차량단독 - 기타,안전운전불이행,건조,맑음,단일로 - 기타,승합,남,44세,상해없음,,,,
2023052600100687,2023년 5월 26일 23시,금요일,경상남도 김해시 어방동,경상사고,0,0,1,0,차대차 - 측면충돌,교차로운행방법위반,건조,맑음,교차로 - 교차로안,승용,남,55세,상해없음,승용,여,62세,경상
2023052700100037,2023년 5월 27일 03시,토요일,경상남도 창원시 의창구 대산면,경상사고,0,0,1,0,차대차 - 추돌,안전운전불이행,건조,맑음,교차로 - 교차로부근,승용,여,65세,상해없음,승용,여,54세,경상
2023052700100138,2023년 5월 27일 10시,토요일,경상남도 진주시 문산읍,경상사고,0,0,1,0,차대차 - 기타,안전운전불이행,건조,맑음,기타 - 기타,자전거,남,64세,경상,승용,남,42세,상해없음
2023052700100139,2023년 5월 27일 10시,토요일,경상남도 사천시 용현면,경상사고,0,0,1,0,차대차 - 측면충돌,안전운전불이행,건조,맑음,단일로 - 지하차도(도로)내,승용,여,59세,상해없음,승용,여,35세,경상
2023052700100140,2023년 5월 27일 10시,토요일,경상남도 함안군 군북면,중상사고,0,1,0,0,차대차 - 측면충돌,안전운전불이행,건조,맑음,교차로 - 교차로부근,화물,남,54세,상해없음,자전거,여,79세,중상
2023052700100180,2023년 5월 27일 11시,토요일,경상남도 진주시 옥봉동,중상사고,0,1,0,0,차대사람 - 횡단중,안전운전불이행,건조,맑음,교차로 - 교차로횡단보도내,승용,여,62세,상해없음,보행자,남,14세,중상
2023052700100220,2023년 5월 27일 12시,토요일,경상남도 진주시 상봉동,경상사고,0,0,1,0,차대차 - 측면충돌,교차로운행방법위반,건조,맑음,교차로 - 교차로안,승용,남,68세,상해없음,이륜,남,47세,경상
2023052700100221,2023년 5월 27일 12시,토요일,경상남도 통영시 서호동,경상사고,0,0,1,0,차대차 - 측면충돌,안전운전불이행,건조,맑음,단일로 - 기타,이륜,남,67세,경상,승용,남,70세,상해없음
2023052700100262,2023년 5월 27일 13시,토요일,경상남도 통영시 광도면,경상사고,0,0,3,0,차대차 - 추돌,안전거리미확보,건조,맑음,교차로 - 교차로부근,승용,남,53세,상해없음,승용,여,37세,경상
2023052700100296,2023년 5월 27일 14시,토요일,경상남도 진주시 내동면,중상사고,0,1,1,0,차대차 - 측면충돌,중앙선침범,건조,맑음,단일로 - 기타,승용,여,42세,상해없음,승용,여,61세,경상
2023052700100297,2023년 5월 27일 14시,토요일,경상남도 남해군 남면,경상사고,0,0,4,0,차대차 - 추돌,안전운전불이행,건조,맑음,교차로 - 교차로부근,승용,남,48세,상해없음,승용,여,33세,경상
2023052700100298,2023년 5월 27일 14시,토요일,경상남도 함안군 칠북면,중상사고,0,1,1,0,차량단독 - 기타,안전운전불이행,건조,맑음,기타 - 기타,승용,남,71세,경상,,,,
2023052700100335,2023년 5월 27일 15시,토요일,경상남도 하동군 적량면,경상사고,0,0,1,0,차량단독 - 기타,안전운전불이행,건조,맑음,주차장 - 주차장,사륜오토바이(ATV),남,79세,경상,,,,
2023052700100336,2023년 5월 27일 15시,토요일,경상남도 함안군 대산면,경상사고,0,0,5,0,차대차 - 측면충돌,중앙선침범,건조,맑음,교차로 - 교차로부근,승용,여,69세,상해없음,승용,남,64세,경상
2023052700100337,2023년 5월 27일 15시,토요일,경상남도 함안군 함안면,경상사고,0,0,2,0,차대차 - 추돌,안전운전불이행,건조,맑음,단일로 - 기타,승용,남,33세,기타불명,승용,남,29세,경상
2023052700100338,2023년 5월 27일 15시,토요일,경상남도 창원시 의창구 북면,경상사고,0,0,1,0,차대차 - 측면충돌,안전거리미확보,건조,맑음,단일로 - 기타,승용,여,77세,상해없음,화물,남,40세,경상
2023052700100369,2023년 5월 27일 16시,토요일,경상남도 진주시 가좌동,경상사고,0,0,4,0,차대차 - 측면충돌,안전거리미확보,건조,맑음,단일로 - 기타,승용,남,68세,상해없음,승용,남,35세,경상
2023052700100370,2023년 5월 27일 16시,토요일,경상남도 양산시 하북면,경상사고,0,0,5,0,차대차 - 측면충돌,안전운전불이행,건조,맑음,교차로 - 교차로안,승용,여,69세,경상,승용,여,29세,경상
2023052700100405,2023년 5월 27일 17시,토요일,경상남도 양산시 북정동,경상사고,0,0,1,0,차대차 - 측면충돌,안전운전불이행,건조,맑음,교차로 - 교차로안,승용,남,70세,상해없음,승용,여,46세,경상
2023052700100406,2023년 5월 27일 17시,토요일,경상남도 양산시 평산동,경상사고,0,0,1,0,차대차 - 측면충돌,안전운전불이행,건조,맑음,교차로 - 교차로안,승용,여,50세,상해없음,승용,남,72세,경상
2023052700100407,2023년 5월 27일 17시,토요일,경상남도 창원시 의창구 소답동,경상사고,0,0,1,0,차대사람 - 횡단중,보행자보호의무위반,건조,흐림,교차로 - 교차로횡단보도내,승용,남,40세,상해없음,보행자,여,44세,경상
2023052700100437,2023년 5월 27일 18시,토요일,경상남도 사천시 선구동,경상사고,0,0,1,0,차대차 - 기타,교차로운행방법위반,건조,맑음,교차로 - 교차로안,승용,남,55세,상해없음,승용,여,33세,경상
2023052700100438,2023년 5월 27일 18시,토요일,경상남도 김해시 생림면,경상사고,0,0,1,0,차대차 - 측면충돌,안전운전불이행,건조,맑음,교차로 - 교차로부근,승용,남,67세,상해없음,승용,여,35세,경상
2023052700100469,2023년 5월 27일 19시,토요일,경상남도 진주시 상평동,중상사고,0,1,0,0,차대사람 - 횡단중,안전운전불이행,건조,맑음,단일로 - 기타,승용,남,34세,상해없음,보행자,남,64세,중상
2023052700100470,2023년 5월 27일 19시,토요일,경상남도 진주시 평거동,경상사고,0,0,1,0,차량단독 - 기타,안전운전불이행,건조,맑음,단일로 - 기타,승합,남,53세,상해없음,,,,
2023052700100471,2023년 5월 27일 19시,토요일,경상남도 함안군 함안면,경상사고,0,0,1,0,차대차 - 측면충돌,안전운전불이행,건조,기타,단일로 - 기타,승합,남,51세,기타불명,승용,남,23세,경상
2023052700100472,2023년 5월 27일 19시,토요일,경상남도 함안군 함안면,경상사고,0,0,2,0,차대차 - 측면충돌,안전운전불이행,건조,맑음,기타 - 기타,이륜,남,37세,상해없음,승용,여,24세,경상
2023052700100510,2023년 5월 27일 20시,토요일,경상남도 사천시 봉남동,중상사고,0,1,0,0,차대사람 - 기타,안전운전불이행,건조,맑음,단일로 - 기타,승용,남,56세,상해없음,보행자,남,66세,중상
2023052700100511,2023년 5월 27일 20시,토요일,경상남도 남해군 서면,사망사고,1,0,0,0,차대사람 - 횡단중,안전운전불이행,건조,맑음,단일로 - 기타,승용,남,54세,상해없음,보행자,여,76세,사망
2023052700100552,2023년 5월 27일 21시,토요일,경상남도 진주시 충무공동,경상사고,0,0,1,0,차대사람 - 횡단중,보행자보호의무위반,건조,맑음,단일로 - 기타,승용,남,50세,상해없음,보행자,남,68세,경상
2023052800100028,2023년 5월 28일 01시,일요일,경상남도 창원시 진해구 자은동,사망사고,1,0,0,0,차대사람 - 횡단중,기타,건조,맑음,단일로 - 기타,승용,남,38세,상해없음,보행자,남,50세,사망
2023052800100029,2023년 5월 28일 01시,일요일,경상남도 양산시 남부동,중상사고,0,1,0,0,차대차 - 측면충돌,신호위반,건조,맑음,교차로 - 교차로안,승용,여,70세,상해없음,승용,남,26세,중상
2023052800100030,2023년 5월 28일 01시,일요일,경상남도 김해시 부곡동,경상사고,0,0,1,0,차량단독 - 도로외이탈 - 추락,안전운전불이행,건조,맑음,단일로 - 기타,승용,남,31세,경상,,,,
2023052800100071,2023년 5월 28일 07시,일요일,경상남도 밀양시 삼문동,중상사고,0,1,0,0,차대차 - 추돌,안전운전불이행,건조,맑음,단일로 - 기타,승용,여,27세,상해없음,승용,남,72세,중상
2023052800100085,2023년 5월 28일 08시,일요일,경상남도 양산시 평산동,부상신고사고,0,0,0,1,차대차 - 정면충돌,안전운전불이행,건조,맑음,단일로 - 기타,승용,여,58세,부상신고,승용,남,45세,상해없음
2023052800100136,2023년 5월 28일 11시,일요일,경상남도 함양군 함양읍,부상신고사고,0,0,0,2,차대차 - 측면충돌,교차로운행방법위반,건조,맑음,교차로 - 교차로안,승용,남,75세,상해없음,승용,남,39세,부상신고
2023052800100137,2023년 5월 28일 11시,일요일,경상남도 산청군 신안면,부상신고사고,0,0,0,1,차대차 - 측면충돌,안전운전불이행,건조,맑음,단일로 - 기타,이륜,남,44세,부상신고,승용,남,52세,상해없음
2023052800100138,2023년 5월 28일 11시,일요일,경상남도 의령군 가례면,경상사고,0,0,1,0,차대차 - 기타,안전거리미확보,건조,맑음,단일로 - 기타,승용,여,57세,상해없음,승용,남,60세,기타불명
2023052800100159,2023년 5월 28일 12시,일요일,경상남도 창녕군 창녕읍,중상사고,0,1,0,0,차대차 - 측면충돌,안전운전불이행,젖음/습기,비,교차로 - 교차로안,승용,남,46세,기타불명,승용,여,62세,중상
2023052800100187,2023년 5월 28일 13시,일요일,경상남도 통영시 용남면,경상사고,0,0,1,0,차대차 - 추돌,안전거리미확보,젖음/습기,비,기타 - 기타,승용,남,47세,상해없음,승용,남,53세,상해없음
2023052800100188,2023년 5월 28일 13시,일요일,경상남도 양산시 평산동,부상신고사고,0,0,0,1,차대차 - 측면충돌,교차로운행방법위반,건조,맑음,교차로 - 교차로안,승용,여,66세,상해없음,승용,남,73세,부상신고
2023052800100189,2023년 5월 28일 13시,일요일,경상남도 거제시 연초면,중상사고,0,2,0,0,차량단독 - 도로외이탈 - 추락,안전운전불이행,젖음/습기,흐림,단일로 - 기타,사륜오토바이(ATV),남,27세,중상,,,,
2023052800100190,2023년 5월 28일 13시,일요일,경상남도 창원시 성산구 대방동,경상사고,0,0,1,0,차대차 - 후진중충돌,안전운전불이행,젖음/습기,비,교차로 - 교차로부근,승용,남,71세,상해없음,승용,여,40세,경상
2023052800100220,2023년 5월 28일 14시,일요일,경상남도 창원시 의창구 도계동,중상사고,0,2,5,1,차대차 - 추돌,안전운전불이행,젖음/습기,비,교차로 - 교차로부근,승합,남,56세,상해없음,승용,여,53세,경상
2023052800100256,2023년 5월 28일 15시,일요일,경상남도 남해군 삼동면,경상사고,0,0,3,0,차대차 - 측면충돌,중앙선침범,젖음/습기,비,단일로 - 기타,승용,남,50세,기타불명,승용,남,61세,경상
2023052800100257,2023년 5월 28일 15시,일요일,경상남도 김해시 율하동,경상사고,0,0,1,0,차대사람 - 횡단중,신호위반,젖음/습기,비,교차로 - 교차로안,승합,남,32세,상해없음,보행자,여,15세,경상
2023052800100303,2023년 5월 28일 17시,일요일,경상남도 진주시 상평동,중상사고,0,2,0,0,차대차 - 측면충돌,신호위반,젖음/습기,비,단일로 - 기타,승용,남,46세,중상,승용,남,40세,중상
2023052800100304,2023년 5월 28일 17시,일요일,경상남도 진주시 내동면,중상사고,0,4,1,0,차대차 - 정면충돌,중앙선침범,젖음/습기,흐림,단일로 - 기타,승용,여,27세,상해없음,승용,남,62세,중상
2023052800100305,2023년 5월 28일 17시,일요일,경상남도 창원시 의창구 북면,경상사고,0,0,1,0,차대차 - 측면충돌,교차로운행방법위반,건조,맑음,교차로 - 교차로부근,승용,남,65세,상해없음,승용,남,28세,경상
2023052800100350,2023년 5월 28일 19시,일요일,경상남도 양산시 북정동,중상사고,0,1,0,0,차대차 - 기타,안전운전불이행,건조,맑음,단일로 - 기타,승용,남,25세,상해없음,이륜,여,21세,중상
2023052800100420,2023년 5월 28일 21시,일요일,경상남도 창원시 진해구 태평동,경상사고,0,0,1,0,차대사람 - 차도통행중,안전운전불이행,젖음/습기,비,단일로 - 기타,승용,남,54세,상해없음,보행자,남,87세,경상
2023052800100421,2023년 5월 28일 21시,일요일,경상남도 거제시 일운면,중상사고,0,1,2,0,차량단독 - 공작물충돌,안전운전불이행,젖음/습기,비,단일로 - 기타,승용,여,50세,상해없음,,,,
2023052800100445,2023년 5월 28일 22시,일요일,경상남도 통영시 광도면,부상신고사고,0,0,0,1,차량단독 - 전도전복 - 전도,안전운전불이행,젖음/습기,비,단일로 - 기타,이륜,남,48세,부상신고,,,,
2023052800100446,2023년 5월 28일 22시,일요일,경상남도 김해시 안동,경상사고,0,0,1,0,차대사람 - 횡단중,안전운전불이행,젖음/습기,비,교차로 - 교차로안,승용,여,49세,상해없음,보행자,여,46세,경상
2023052800100447,2023년 5월 28일 22시,일요일,경상남도 거제시 상동동,경상사고,0,0,1,0,차대차 - 측면충돌,신호위반,젖음/습기,비,단일로 - 기타,이륜,남,55세,경상,승용,남,51세,상해없음
2023052800100463,2023년 5월 28일 23시,일요일,경상남도 통영시 광도면,중상사고,0,3,3,0,차대차 - 측면충돌,신호위반,젖음/습기,흐림,교차로 - 교차로안,승용,남,53세,경상,승용,남,57세,중상
2023052900100012,2023년 5월 29일 00시,월요일,경상남도 창원시 진해구 이동,부상신고사고,0,0,0,1,차량단독 - 기타,안전운전불이행,젖음/습기,흐림,단일로 - 기타,개인형이동수단(PM),여,16세,부상신고,,,,
2023052900100044,2023년 5월 29일 05시,월요일,경상남도 김해시 진례면,경상사고,0,0,2,0,차대차 - 측면충돌,안전운전불이행,젖음/습기,비,단일로 - 기타,승용,남,50세,상해없음,화물,남,60세,경상
2023052900100052,2023년 5월 29일 06시,월요일,경상남도 김해시 진례면,경상사고,0,0,2,0,차대차 - 추돌,안전거리미확보,젖음/습기,비,단일로 - 기타,승용,남,69세,상해없음,화물,남,45세,경상
2023052900100058,2023년 5월 29일 06시,월요일,경상남도 김해시 내동,경상사고,0,0,1,0,차대차 - 기타,차로위반,젖음/습기,비,기타 - 기타,승용,남,58세,상해없음,화물,남,40세,경상
2023052900100129,2023년 5월 29일 11시,월요일,경상남도 양산시 하북면,경상사고,0,0,2,0,차대차 - 측면충돌,교차로운행방법위반,건조,맑음,교차로 - 교차로안,승용,남,71세,기타불명,승용,여,60세,경상
2023052900100152,2023년 5월 29일 12시,월요일,경상남도 통영시 무전동,경상사고,0,0,1,0,차대차 - 추돌,안전운전불이행,젖음/습기,비,단일로 - 기타,화물,남,44세,상해없음,승용,여,46세,경상
2023052900100153,2023년 5월 29일 12시,월요일,경상남도 거창군 마리면,경상사고,0,0,1,0,차량단독 - 공작물충돌,안전운전불이행,젖음/습기,비,단일로 - 기타,화물,남,52세,경상,,,,
2023052900100177,2023년 5월 29일 13시,월요일,경상남도 함안군 함안면,중상사고,0,3,0,0,차대차 - 측면충돌,신호위반,젖음/습기,비,교차로 - 교차로안,화물,남,43세,상해없음,승용,여,67세,중상
2023052900100213,2023년 5월 29일 14시,월요일,경상남도 진주시 가좌동,경상사고,0,0,2,0,차대차 - 추돌,안전운전불이행,젖음/습기,비,교차로 - 교차로안,승용,남,25세,상해없음,승용,남,56세,경상
2023052900100214,2023년 5월 29일 14시,월요일,경상남도 창원시 진해구 경화동,경상사고,0,0,3,0,차대차 - 측면충돌,신호위반,젖음/습기,비,교차로 - 교차로부근,승용,여,61세,상해없음,승용,남,63세,경상
2023052900100215,2023년 5월 29일 14시,월요일,경상남도 창원시 진해구 석동,경상사고,0,0,3,0,차대차 - 측면충돌,교차로운행방법위반,건조,맑음,교차로 - 교차로안,승용,여,33세,경상,승용,남,31세,경상
2023052900100216,2023년 5월 29일 14시,월요일,경상남도 양산시 삼호동,사망사고,1,0,0,0,차량단독 - 공작물충돌,안전운전불이행,젖음/습기,비,단일로 - 기타,이륜,남,63세,사망,,,,
2023052900100217,2023년 5월 29일 14시,월요일,경상남도 고성군 고성읍,경상사고,0,0,2,0,차대차 - 측면충돌,교차로운행방법위반,젖음/습기,비,교차로 - 교차로안,승용,남,78세,상해없음,승용,여,55세,경상
2023052900100283,2023년 5월 29일 16시,월요일,경상남도 김해시 외동,경상사고,0,0,1,0,차대차 - 정면충돌,직진우회전진행방해,젖음/습기,비,교차로 - 교차로안,이륜,남,16세,상해없음,승용,남,28세,경상
2023052900100284,2023년 5월 29일 16시,월요일,경상남도 김해시 내동,경상사고,0,0,3,0,차대차 - 추돌,안전운전불이행,젖음/습기,비,교차로 - 교차로횡단보도내,승용,남,59세,상해없음,승용,여,44세,경상
2023052900100397,2023년 5월 29일 19시,월요일,경상남도 김해시 어방동,경상사고,0,0,2,0,차대차 - 측면충돌,직진우회전진행방해,젖음/습기,비,교차로 - 교차로안,승용,남,67세,경상,승용,여,26세,상해없음
2023052900100419,2023년 5월 29일 20시,월요일,경상남도 김해시 동상동,중상사고,0,1,0,0,차대차 - 정면충돌,신호위반,젖음/습기,비,교차로 - 교차로안,화물,남,32세,상해없음,승용,남,59세,중상
2023052900100458,2023년 5월 29일 22시,월요일,경상남도 통영시 북신동,경상사고,0,0,1,0,차대사람 - 횡단중,안전운전불이행,젖음/습기,비,단일로 - 기타,승용,남,45세,상해없음,보행자,여,81세,경상
2023052900100459,2023년 5월 29일 22시,월요일,경상남도 거제시 아주동,경상사고,0,0,4,0,차대차 - 추돌,안전거리미확보,젖음/습기,비,교차로 - 교차로부근,승용,남,24세,경상,승용,여,25세,경상
2023053000100007,2023년 5월 30일 00시,화요일,경상남도 김해시 삼문동,경상사고,0,0,1,0,차대사람 - 횡단중,안전운전불이행,젖음/습기,비,단일로 - 기타,이륜,남,32세,상해없음,보행자,남,53세,경상
2023053000100052,2023년 5월 30일 07시,화요일,경상남도 양산시 동면,경상사고,0,0,1,0,차대차 - 추돌,안전운전불이행,건조,맑음,단일로 - 기타,건설기계,남,51세,상해없음,화물,남,63세,경상
2023053000100146,2023년 5월 30일 09시,화요일,경상남도 양산시 물금읍,중상사고,0,2,0,0,차대차 - 추돌,안전운전불이행,건조,맑음,단일로 - 기타,이륜,남,41세,중상,승용,남,66세,상해없음
2023053000100173,2023년 5월 30일 10시,화요일,경상남도 진주시 상대동,경상사고,0,0,1,0,차대차 - 정면충돌,교차로운행방법위반,건조,맑음,교차로 - 교차로안,승용,남,31세,상해없음,화물,남,44세,상해없음
2023053000100212,2023년 5월 30일 11시,화요일,경상남도 통영시 광도면,경상사고,0,0,2,0,차대차 - 후진중충돌,불법유턴,젖음/습기,비,단일로 - 기타,승용,여,59세,상해없음,승용,여,53세,경상
2023053000100213,2023년 5월 30일 11시,화요일,경상남도 함양군 함양읍,부상신고사고,0,0,0,1,차대차 - 정면충돌,중앙선침범,건조,맑음,기타 - 기타,자전거,남,62세,부상신고,승용,여,61세,상해없음
2023053000100214,2023년 5월 30일 11시,화요일,경상남도 함안군 군북면,경상사고,0,0,1,0,차대차 - 측면충돌,안전운전불이행,건조,맑음,단일로 - 기타,화물,남,48세,경상,승용,남,53세,상해없음