사고번호,사고일시,요일,시군구,사고내용,사망자수,중상자수,경상자수,부상신고자수,사고유형,법규위반,노면상태,기상상태,도로형태,가해운전자 차종,가해운전자 성별,가해운전자 연령,가해운전자 상해정도,피해운전자 차종,피해운전자 성별,피해운전자 연령,피해운전자 상해정도
2023060300100109,2023년 6월 3일 09시,토요일,경상남도 창원시 마산합포구 중앙동2가,중상사고,0,1,0,0,차대사람 - 기타,안전운전불이행,건조,맑음,단일로 - 기타,승용,여,43세,상해없음,보행자,여,71세,중상
2023060300100110,2023년 6월 3일 09시,토요일,경상남도 거제시 장승포동,중상사고,0,1,0,0,차대차 - 기타,교차로운행방법위반,건조,맑음,교차로 - 교차로안,승용,남,68세,상해없음,원동기,남,17세,중상
2023060300100136,2023년 6월 3일 10시,토요일,경상남도 김해시 풍유동,경상사고,0,0,2,0,차대차 - 측면충돌,신호위반,건조,맑음,교차로 - 교차로안,승합,여,74세,상해없음,승용,남,44세,경상
2023060300100170,2023년 6월 3일 11시,토요일,경상남도 합천군 율곡면,중상사고,0,1,0,0,차대차 - 기타,안전운전불이행,건조,맑음,주차장 - 주차장,화물,남,58세,상해없음,자전거,여,74세,중상
2023060300100263,2023년 6월 3일 13시,토요일,경상남도 창원시 진해구 용원동,중상사고,0,1,1,0,차대차 - 측면충돌,안전운전불이행,건조,맑음,교차로 - 교차로횡단보도내,승용,남,50세,상해없음,이륜,남,18세,경상
2023060300100265,2023년 6월 3일 13시,토요일,경상남도 김해시 삼계동,중상사고,0,1,0,0,차대사람 - 횡단중,안전운전불이행,건조,맑음,교차로 - 교차로횡단보도내,승용,남,74세,상해없음,보행자,남,73세,중상
2023060300100293,2023년 6월 3일 14시,토요일,경상남도 통영시 당동,경상사고,0,0,1,0,차대차 - 추돌,안전거리미확보,건조,맑음,단일로 - 기타,승용,남,66세,상해없음,승용,남,20세,경상
2023060300100294,2023년 6월 3일 14시,토요일,경상남도 합천군 봉산면,사망사고,1,0,0,0,차량단독 - 전도전복 - 전복,안전운전불이행,건조,맑음,단일로 - 기타,원동기,남,60세,사망,,,,
2023060300100296,2023년 6월 3일 14시,토요일,경상남도 창원시 의창구 북면,중상사고,0,1,0,0,차대사람 - 기타,안전운전불이행,건조,맑음,단일로 - 기타,자전거,남,71세,상해없음,보행자,여,59세,중상
2023060300100339,2023년 6월 3일 15시,토요일,경상남도 창녕군 남지읍,중상사고,0,1,0,0,차대차 - 측면충돌,안전운전불이행,건조,맑음,교차로 - 교차로부근,승용,여,39세,상해없음,자전거,남,13세,중상
2023060300100340,2023년 6월 3일 15시,토요일,경상남도 창원시 의창구 동읍,중상사고,0,1,0,0,차대차 - 기타,안전운전불이행,건조,맑음,단일로 - 기타,승용,여,59세,상해없음,이륜,남,81세,중상
2023060300100341,2023년 6월 3일 15시,토요일,경상남도 김해시 진영읍,부상신고사고,0,0,0,1,차대사람 - 기타,안전운전불이행,건조,맑음,단일로 - 기타,화물,남,69세,상해없음,보행자,여,76세,부상신고
2023060300100342,2023년 6월 3일 15시,토요일,경상남도 김해시 무계동,중상사고,0,1,0,0,차대사람 - 기타,안전운전불이행,건조,맑음,단일로 - 기타,승용,남,38세,상해없음,보행자,남,62세,중상
2023060300100369,2023년 6월 3일 16시,토요일,경상남도 통영시 산양읍,중상사고,0,1,0,0,차대사람 - 기타,안전운전불이행,건조,맑음,교차로 - 교차로부근,승용,여,59세,상해없음,보행자,여,92세,중상
2023060300100408,2023년 6월 3일 17시,토요일,경상남도 창녕군 대지면,중상사고,0,1,0,0,차대차 - 추돌,안전운전불이행,건조,맑음,교차로 - 교차로부근,화물,남,68세,상해없음,승용,여,61세,중상
2023060300100409,2023년 6월 3일 17시,토요일,경상남도 양산시 중부동,경상사고,0,0,1,0,차대차 - 측면충돌,안전운전불이행,건조,맑음,교차로 - 교차로안,승용,여,67세,상해없음,승용,여,44세,경상
2023060300100410,2023년 6월 3일 17시,토요일,경상남도 남해군 삼동면,경상사고,0,0,1,0,차대차 - 기타,안전운전불이행,건조,맑음,주차장 - 주차장,승용,남,53세,상해없음,이륜,남,47세,경상
2023060300100449,2023년 6월 3일 18시,토요일,경상남도 남해군 미조면,사망사고,1,1,0,0,차량단독 - 공작물충돌,안전운전불이행,건조,맑음,단일로 - 기타,화물,남,77세,사망,,,,
2023060300100450,2023년 6월 3일 18시,토요일,경상남도 의령군 부림면,부상신고사고,0,0,0,1,차량단독 - 전도전복 - 전도,안전운전불이행,건조,맑음,교차로 - 교차로부근,이륜,남,78세,부상신고,,,,
2023060300100451,2023년 6월 3일 18시,토요일,경상남도 창원시 의창구 팔용동,중상사고,0,1,1,0,차대차 - 기타,신호위반,건조,맑음,교차로 - 교차로안,승용,여,60세,상해없음,승용,남,66세,중상
2023060300100452,2023년 6월 3일 18시,토요일,경상남도 김해시 삼문동,경상사고,0,0,1,0,차대사람 - 횡단중,신호위반,건조,맑음,교차로 - 교차로안,승용,남,62세,상해없음,보행자,여,6세,경상
2023060300100478,2023년 6월 3일 19시,토요일,경상남도 통영시 무전동,경상사고,0,0,1,0,차대사람 - 기타,안전운전불이행,건조,맑음,단일로 - 기타,승용,여,62세,상해없음,보행자,남,65세,경상
2023060300100501,2023년 6월 3일 20시,토요일,경상남도 창원시 마산합포구 교방동,경상사고,0,0,2,0,차대차 - 측면충돌,안전운전불이행,건조,맑음,단일로 - 기타,승용,여,55세,경상,화물,남,59세,경상
2023060300100526,2023년 6월 3일 21시,토요일,경상남도 창원시 진해구 용원동,경상사고,0,0,1,0,차대차 - 측면충돌,중앙선침범,건조,맑음,단일로 - 기타,이륜,남,38세,경상,승용,남,64세,상해없음
2023060300100527,2023년 6월 3일 21시,토요일,경상남도 밀양시 가곡동,중상사고,0,1,0,0,차대사람 - 횡단중,보행자보호의무위반,건조,흐림,단일로 - 기타,승용,남,57세,상해없음,보행자,여,53세,중상
2023060400100030,2023년 6월 4일 03시,일요일,경상남도 창원시 성산구 상남동,부상신고사고,0,0,0,1,차대사람 - 차도통행중,안전운전불이행,건조,맑음,단일로 - 기타,승용,기타불명,미분류,기타불명,보행자,남,30세,부상신고
2023060400100040,2023년 6월 4일 04시,일요일,경상남도 창원시 마산합포구 진동면,중상사고,0,1,0,0,차량단독 - 공작물충돌,안전운전불이행,건조,맑음,단일로 - 기타,이륜,남,62세,중상,,,,
2023060400100045,2023년 6월 4일 05시,일요일,경상남도 진주시 신안동,경상사고,0,0,1,0,차대차 - 추돌,안전운전불이행,건조,맑음,단일로 - 기타,승용,여,35세,상해없음,승용,여,55세,경상
2023060400100046,2023년 6월 4일 05시,일요일,경상남도 김해시 한림면,사망사고,1,0,0,0,차대차 - 기타,안전운전불이행,건조,맑음,단일로 - 기타,이륜,남,46세,사망,승용,남,69세,상해없음
2023060400100053,2023년 6월 4일 06시,일요일,경상남도 밀양시 상남면,중상사고,0,1,0,0,차대사람 - 횡단중,안전운전불이행,건조,맑음,단일로 - 기타,건설기계,남,34세,상해없음,보행자,남,59세,중상
2023060400100060,2023년 6월 4일 07시,일요일,경상남도 거창군 마리면,경상사고,0,0,1,0,차대차 - 측면충돌,직진우회전진행방해,건조,맑음,교차로 - 교차로안,사륜오토바이(ATV),남,86세,경상,승용,여,56세,기타불명
2023060400100092,2023년 6월 4일 09시,일요일,경상남도 남해군 창선면,경상사고,0,0,2,0,차대차 - 추돌,안전거리미확보,건조,맑음,단일로 - 기타,이륜,남,43세,경상,사륜오토바이(ATV),남,70세,상해없음
2023060400100121,2023년 6월 4일 10시,일요일,경상남도 밀양시 단장면,경상사고,0,0,1,0,차대차 - 측면충돌,안전운전불이행,건조,맑음,단일로 - 기타,승용,남,37세,상해없음,자전거,남,54세,경상
2023060400100122,2023년 6월 4일 10시,일요일,경상남도 밀양시 초동면,경상사고,0,0,1,0,차대차 - 측면충돌,안전운전불이행,건조,맑음,교차로 - 교차로안,승용,여,60세,상해없음,승용,남,48세,경상
2023060400100144,2023년 6월 4일 11시,일요일,경상남도 양산시 물금읍,부상신고사고,0,0,0,2,차대차 - 기타,신호위반,건조,맑음,교차로 - 교차로안,승용,남,58세,상해없음,승용,여,33세,부상신고
2023060400100192,2023년 6월 4일 13시,일요일,경상남도 김해시 무계동,경상사고,0,0,1,0,차대차 - 측면충돌,신호위반,건조,맑음,단일로 - 기타,승용,남,62세,상해없음,승용,남,32세,경상
2023060400100207,2023년 6월 4일 13시,일요일,경상남도 진주시 하대동,경상사고,0,0,1,0,차대사람 - 횡단중,안전운전불이행,건조,맑음,교차로 - 교차로횡단보도내,화물,남,55세,상해없음,보행자,여,76세,경상
2023060400100208,2023년 6월 4일 13시,일요일,경상남도 창녕군 성산면,중상사고,0,2,0,0,차대차 - 측면충돌,교차로운행방법위반,건조,맑음,교차로 - 교차로안,승용,여,31세,상해없음,화물,여,64세,중상
2023060400100209,2023년 6월 4일 13시,일요일,경상남도 양산시 어곡동,중상사고,0,2,0,0,차대차 - 정면충돌,중앙선침범,건조,맑음,단일로 - 기타,승용,여,63세,상해없음,승용,남,49세,중상
2023060400100210,2023년 6월 4일 13시,일요일,경상남도 하동군 화개면,중상사고,0,1,0,0,차대차 - 추돌,안전운전불이행,건조,맑음,단일로 - 기타,화물,남,49세,상해없음,원동기,남,84세,중상
2023060400100211,2023년 6월 4일 13시,일요일,경상남도 창원시 마산회원구 내서읍,경상사고,0,0,2,0,차대차 - 추돌,안전운전불이행,건조,맑음,단일로 - 기타,승용,남,53세,상해없음,승용,남,42세,경상
2023060400100248,2023년 6월 4일 14시,일요일,경상남도 통영시 무전동,경상사고,0,0,1,1,차대차 - 추돌,안전운전불이행,건조,맑음,단일로 - 터널,승용,여,36세,상해없음,승용,여,44세,경상
2023060400100249,2023년 6월 4일 14시,일요일,경상남도 거창군 거창읍,중상사고,0,2,0,0,차대차 - 측면충돌,기타,건조,맑음,교차로 - 교차로부근,승용,남,40세,상해없음,승용,남,66세,중상
2023060400100250,2023년 6월 4일 14시,일요일,경상남도 창원시 의창구 명서동,경상사고,0,0,1,0,차대차 - 측면충돌,신호위반,건조,맑음,교차로 - 교차로안,승용,남,40세,상해없음,승용,남,62세,경상
2023060400100251,2023년 6월 4일 14시,일요일,경상남도 창원시 의창구 봉곡동,경상사고,0,0,2,0,차대차 - 측면충돌,안전운전불이행,건조,맑음,교차로 - 교차로안,이륜,남,75세,상해없음,승용,남,71세,경상
2023060400100315,2023년 6월 4일 16시,일요일,경상남도 창원시 마산합포구 남성동,경상사고,0,0,1,0,차량단독 - 기타,기타,건조,맑음,단일로 - 기타,승합,남,60세,상해없음,,,,
2023060400100316,2023년 6월 4일 16시,일요일,경상남도 창원시 진해구 남양동,경상사고,0,0,1,0,차량단독 - 공작물충돌,안전운전불이행,건조,맑음,단일로 - 기타,승용,남,37세,경상,,,,
2023060400100317,2023년 6월 4일 16시,일요일,경상남도 사천시 사남면,경상사고,0,0,2,0,차대차 - 측면충돌,안전거리미확보,건조,맑음,단일로 - 기타,승용,남,62세,상해없음,승용,남,68세,경상
2023060400100318,2023년 6월 4일 16시,일요일,경상남도 합천군 봉산면,중상사고,0,2,0,0,차대차 - 추돌,중앙선침범,건조,맑음,단일로 - 기타,승용,남,61세,상해없음,이륜,남,45세,중상
2023060400100319,2023년 6월 4일 16시,일요일,경상남도 거제시 상동동,경상사고,0,0,2,0,차대차 - 측면충돌,교차로운행방법위반,건조,맑음,교차로 - 교차로부근,승용,남,63세,상해없음,승용,여,52세,경상
2023060400100320,2023년 6월 4일 16시,일요일,경상남도 창원시 의창구 서상동,경상사고,0,0,1,0,차대사람 - 기타,안전운전불이행,건조,맑음,단일로 - 기타,승용,남,73세,상해없음,보행자,남,32세,경상
2023060400100379,2023년 6월 4일 18시,일요일,경상남도 산청군 생비량면,부상신고사고,0,0,0,1,차량단독 - 공작물충돌,안전운전불이행,건조,흐림,단일로 - 기타,승용,여,27세,부상신고,,,,
2023060400100398,2023년 6월 4일 19시,일요일,경상남도 창원시 마산회원구 양덕동,경상사고,0,0,3,0,차대차 - 측면충돌,안전운전불이행,건조,맑음,교차로 - 교차로부근,승용,남,21세,상해없음,승용,남,27세,경상
2023060400100422,2023년 6월 4일 20시,일요일,경상남도 밀양시 삼문동,중상사고,0,1,0,0,차대차 - 정면충돌,안전운전불이행,건조,맑음,교차로 - 교차로안,승용,남,27세,상해없음,이륜,남,54세,중상
2023060400100423,2023년 6월 4일 20시,일요일,경상남도 김해시 삼방동,경상사고,0,0,2,0,차대차 - 측면충돌,안전운전불이행,건조,맑음,교차로 - 교차로부근,승합,남,53세,상해없음,승용,여,60세,경상
2023060400100460,2023년 6월 4일 22시,일요일,경상남도 양산시 북부동,경상사고,0,0,1,0,차대차 - 측면충돌,안전거리미확보,건조,맑음,단일로 - 기타,승용,남,31세,상해없음,승용,남,31세,경상
2023060400100471,2023년 6월 4일 23시,일요일,경상남도 진주시 하대동,경상사고,0,0,1,0,차대차 - 측면충돌,안전운전불이행,건조,맑음,교차로 - 교차로안,승용,여,62세,상해없음,승용,여,36세,경상
2023060400100472,2023년 6월 4일 23시,일요일,경상남도 양산시 산막동,경상사고,0,0,1,0,차량단독 - 전도전복 - 전도,안전운전불이행,건조,맑음,단일로 - 기타,이륜,남,45세,경상,,,,
2023060500100023,2023년 6월 5일 03시,월요일,경상남도 합천군 용주면,경상사고,0,0,1,0,차량단독 - 도로외이탈 - 기타,안전운전불이행,건조,맑음,단일로 - 기타,화물,남,58세,경상,,,,
2023060500100063,2023년 6월 5일 07시,월요일,경상남도 창원시 성산구 가음동,중상사고,0,1,2,0,차대차 - 측면충돌,신호위반,건조,맑음,교차로 - 교차로안,승용,남,55세,상해없음,승용,남,61세,중상
2023060500100088,2023년 6월 5일 08시,월요일,경상남도 창원시 진해구 용원동,경상사고,0,0,1,0,차대차 - 측면충돌,안전운전불이행,건조,맑음,기타 - 기타,승용,여,62세,상해없음,화물,남,56세,상해없음
2023060500100089,2023년 6월 5일 08시,월요일,경상남도 사천시 정동면,경상사고,0,0,1,1,차량단독 - 공작물충돌,안전운전불이행,건조,맑음,단일로 - 기타,승용,남,38세,경상,,,,
2023060500100090,2023년 6월 5일 08시,월요일,경상남도 함안군 대산면,중상사고,0,1,0,0,차대차 - 기타,중앙선침범,건조,맑음,교차로 - 교차로부근,자전거,여,79세,중상,화물,남,50세,상해없음
2023060500100091,2023년 6월 5일 08시,월요일,경상남도 창원시 성산구 반림동,경상사고,0,0,1,0,차대사람 - 기타,안전운전불이행,건조,맑음,기타 - 기타,승용,남,76세,상해없음,보행자,여,33세,경상
2023060500100115,2023년 6월 5일 09시,월요일,경상남도 통영시 당동,경상사고,0,0,2,0,차대차 - 측면충돌,중앙선침범,건조,맑음,기타 - 기타,화물,남,62세,상해없음,승용,남,28세,경상
2023060500100117,2023년 6월 5일 09시,월요일,경상남도 창원시 의창구 도계동,중상사고,0,1,5,1,차대차 - 추돌,안전거리미확보,건조,맑음,단일로 - 기타,건설기계,남,50세,상해없음,승합,남,66세,부상신고
2023060500100150,2023년 6월 5일 10시,월요일,경상남도 창원시 마산합포구 진동면,경상사고,0,0,1,0,차대사람 - 기타,안전운전불이행,건조,맑음,단일로 - 기타,화물,남,52세,상해없음,보행자,남,11세,경상
2023060500100151,2023년 6월 5일 10시,월요일,경상남도 진주시 가좌동,경상사고,0,0,1,0,차대차 - 기타,안전운전불이행,건조,맑음,교차로 - 교차로부근,화물,남,22세,상해없음,승용,여,45세,경상
2023060500100152,2023년 6월 5일 10시,월요일,경상남도 밀양시 부북면,중상사고,0,1,1,0,차대차 - 측면충돌,신호위반,건조,맑음,교차로 - 교차로안,화물,남,30세,상해없음,승합,남,52세,중상
2023060500100153,2023년 6월 5일 10시,월요일,경상남도 양산시 삼호동,경상사고,0,0,1,0,차대사람 - 횡단중,안전운전불이행,건조,맑음,단일로 - 기타,승용,남,39세,상해없음,보행자,남,78세,경상
2023060500100154,2023년 6월 5일 10시,월요일,경상남도 남해군 남해읍,중상사고,0,1,0,0,차대사람 - 차도통행중,안전운전불이행,건조,맑음,단일로 - 기타,승용,남,22세,상해없음,보행자,여,59세,중상
2023060500100155,2023년 6월 5일 10시,월요일,경상남도 산청군 산청읍,경상사고,0,0,2,0,차대차 - 추돌,안전거리미확보,건조,맑음,단일로 - 기타,이륜,여,55세,경상,승용,여,49세,경상
2023060500100191,2023년 6월 5일 11시,월요일,경상남도 창원시 마산합포구 월남동3가,부상신고사고,0,0,0,1,차대차 - 정면충돌,신호위반,건조,맑음,교차로 - 교차로안,승용,남,32세,상해없음,승용,남,63세,부상신고
2023060500100192,2023년 6월 5일 11시,월요일,경상남도 통영시 북신동,경상사고,0,0,1,0,차대차 - 측면충돌,안전운전불이행,건조,맑음,교차로 - 교차로안,승용,남,59세,상해없음,승용,남,65세,경상
2023060500100193,2023년 6월 5일 11시,월요일,경상남도 밀양시 산외면,부상신고사고,0,0,0,1,차대차 - 측면충돌,교차로운행방법위반,건조,맑음,교차로 - 교차로안,승용,남,43세,상해없음,승용,남,47세,부상신고
2023060500100226,2023년 6월 5일 12시,월요일,경상남도 김해시 부원동,중상사고,0,1,1,0,차대사람 - 횡단중,보행자보호의무위반,건조,흐림,교차로 - 교차로횡단보도내,승용,남,61세,상해없음,보행자,여,78세,중상
2023060500100227,2023년 6월 5일 12시,월요일,경상남도 거제시 아주동,중상사고,0,1,0,0,차대차 - 측면충돌,직진우회전진행방해,건조,맑음,교차로 - 교차로안,승용,여,34세,상해없음,원동기,남,74세,중상
2023060500100258,2023년 6월 5일 13시,월요일,경상남도 진주시 상대동,중상사고,0,1,0,0,차대차 - 정면충돌,신호위반,건조,맑음,교차로 - 교차로안,승합,남,61세,상해없음,이륜,남,63세,중상
2023060500100259,2023년 6월 5일 13시,월요일,경상남도 거제시 옥포동,경상사고,0,0,1,0,차대차 - 기타,안전운전불이행,기타,기타,단일로 - 기타,이륜,남,44세,경상,기타불명,기타불명,미분류,기타불명
2023060500100298,2023년 6월 5일 14시,월요일,경상남도 김해시 구산동,경상사고,0,0,1,0,차대차 - 정면충돌,안전운전불이행,건조,맑음,교차로 - 교차로안,원동기,남,17세,경상,승용,남,47세,기타불명
2023060500100299,2023년 6월 5일 14시,월요일,경상남도 함양군 서상면,사망사고,1,0,0,0,차대사람 - 차도통행중,안전운전불이행,건조,맑음,단일로 - 기타,승용,남,30세,상해없음,보행자,여,78세,사망
2023060500100343,2023년 6월 5일 15시,월요일,경상남도 남해군 고현면,중상사고,0,1,3,0,차대차 - 측면충돌,안전운전불이행,건조,맑음,교차로 - 교차로안,승용,여,57세,상해없음,승용,남,48세,경상
2023060500100344,2023년 6월 5일 15시,월요일,경상남도 창원시 마산회원구 합성동,중상사고,0,1,0,0,차대사람 - 횡단중,안전운전불이행,건조,맑음,교차로 - 교차로부근,승용,남,66세,기타불명,보행자,여,15세,중상
2023060500100382,2023년 6월 5일 16시,월요일,경상남도 밀양시 내이동,경상사고,0,0,1,0,차대차 - 후진중충돌,안전운전불이행,건조,맑음,단일로 - 기타,승용,남,78세,상해없음,승용,여,58세,경상
2023060500100383,2023년 6월 5일 16시,월요일,경상남도 밀양시 삼문동,경상사고,0,0,1,0,차대차 - 기타,교차로운행방법위반,건조,맑음,교차로 - 교차로안,자전거,남,14세,경상,승용,남,50세,상해없음
2023060500100384,2023년 6월 5일 16시,월요일,경상남도 거제시 문동동,경상사고,0,0,3,0,차대차 - 정면충돌,중앙선침범,건조,맑음,단일로 - 기타,승용,남,53세,상해없음,승용,여,37세,경상
2023060500100474,2023년 6월 5일 18시,월요일,경상남도 산청군 신안면,중상사고,0,1,0,0,차대사람 - 횡단중,안전운전불이행,건조,맑음,단일로 - 기타,승용,여,41세,상해없음,보행자,여,89세,중상
2023060500100519,2023년 6월 5일 19시,월요일,경상남도 양산시 유산동,경상사고,0,0,2,0,차대차 - 정면충돌,신호위반,건조,맑음,교차로 - 교차로안,승용,남,32세,경상,화물,남,41세,경상
2023060500100520,2023년 6월 5일 19시,월요일,경상남도 함안군 가야읍,경상사고,0,0,1,0,차대사람 - 기타,안전운전불이행,건조,맑음,교차로 - 교차로부근,화물,남,54세,상해없음,보행자,여,57세,경상
2023060500100541,2023년 6월 5일 20시,월요일,경상남도 창녕군 영산면,사망사고,1,0,0,0,차대차 - 추돌,안전운전불이행,건조,맑음,단일로 - 기타,승용,남,42세,상해없음,농기계,남,58세,사망
2023060500100542,2023년 6월 5일 20시,월요일,경상남도 양산시 물금읍,경상사고,0,0,1,0,차대차 - 기타,안전운전불이행,건조,맑음,교차로 - 교차로안,승용,남,55세,상해없음,이륜,남,39세,경상
2023060500100543,2023년 6월 5일 20시,월요일,경상남도 양산시 삼호동,경상사고,0,0,1,0,차대차 - 추돌,안전거리미확보,건조,맑음,단일로 - 기타,승용,남,65세,상해없음,이륜,남,46세,경상
2023060600100009,2023년 6월 6일 00시,화요일,경상남도 양산시 삼호동,경상사고,0,0,1,0,차대차 - 측면충돌,교차로운행방법위반,건조,맑음,교차로 - 교차로안,화물,남,46세,상해없음,승용,남,54세,경상
2023060600100010,2023년 6월 6일 00시,화요일,경상남도 거제시 수월동,부상신고사고,0,0,0,1,차대사람 - 기타,안전운전불이행,건조,기타,단일로 - 기타,기타불명,기타불명,미분류,기타불명,보행자,남,21세,부상신고
2023060600100021,2023년 6월 6일 02시,화요일,경상남도 창원시 진해구 여좌동,경상사고,0,0,2,0,차대차 - 추돌,안전운전불이행,건조,맑음,단일로 - 기타,승용,남,20세,상해없음,승용,남,25세,경상
2023060600100022,2023년 6월 6일 02시,화요일,경상남도 통영시 무전동,경상사고,0,0,3,0,차대차 - 측면충돌,안전운전불이행,건조,맑음,교차로 - 교차로안,이륜,남,17세,경상,이륜,남,16세,경상
2023060600100041,2023년 6월 6일 05시,화요일,경상남도 김해시 어방동,중상사고,0,1,0,0,차대차 - 후진중충돌,안전운전불이행,건조,맑음,기타 - 기타,승합,남,67세,상해없음,승용,남,68세,중상
2023060600100073,2023년 6월 6일 08시,화요일,경상남도 거제시 장승포동,부상신고사고,0,0,0,1,차대사람 - 기타,안전운전불이행,건조,맑음,단일로 - 기타,승합,남,55세,상해없음,보행자,여,69세,부상신고
2023060600100098,2023년 6월 6일 09시,화요일,경상남도 고성군 구만면,경상사고,0,0,2,0,차량단독 - 전도전복 - 전도,안전운전불이행,건조,맑음,단일로 - 기타,화물,남,65세,경상,,,,
2023060600100124,2023년 6월 6일 10시,화요일,경상남도 통영시 무전동,중상사고,0,1,0,0,차대사람 - 차도통행중,안전운전불이행,건조,맑음,단일로 - 기타,승용,여,49세,상해없음,보행자,여,65세,중상
2023060600100125,2023년 6월 6일 10시,화요일,경상남도 함양군 마천면,부상신고사고,0,0,0,1,차량단독 - 전도전복 - 전도,안전운전불이행,건조,맑음,단일로 - 기타,농기계,남,82세,부상신고,,,,
2023060600100183,2023년 6월 6일 12시,화요일,경상남도 사천시 향촌동,경상사고,0,0,1,0,차대차 - 측면충돌,교차로운행방법위반,건조,맑음,교차로 - 교차로안,승용,남,61세,상해없음,이륜,남,65세,경상
2023060600100200,2023년 6월 6일 13시,화요일,경상남도 김해시 대동면,경상사고,0,0,5,0,차대차 - 추돌,안전거리미확보,건조,맑음,단일로 - 기타,승용,남,21세,경상,승용,남,64세,상해없음
2023060600100221,2023년 6월 6일 13시,화요일,경상남도 김해시 삼정동,경상사고,0,0,1,0,차대차 - 측면충돌,신호위반,건조,맑음,교차로 - 교차로안,화물,남,59세,기타불명,승용,여,66세,경상
2023060600100222,2023년 6월 6일 13시,화요일,경상남도 양산시 동면,경상사고,0,0,2,0,차대차 - 측면충돌,직진우회전진행방해,건조,맑음,교차로 - 교차로안,화물,남,57세,상해없음,승용,남,25세,경상
2023060600100223,2023년 6월 6일 13시,화요일,경상남도 양산시 동면,중상사고,0,2,0,0,차대차 - 측면충돌,신호위반,건조,맑음,단일로 - 기타,승용,남,32세,상해없음,승용,여,59세,중상
2023060600100249,2023년 6월 6일 14시,화요일,경상남도 양산시 중부동,경상사고,0,0,1,0,차대사람 - 횡단중,보행자보호의무위반,건조,맑음,단일로 - 기타,승용,여,58세,상해없음,보행자,여,11세,경상
2023060600100311,2023년 6월 6일 16시,화요일,경상남도 거제시 장평동,중상사고,0,1,0,0,차대차 - 측면충돌,안전거리미확보,건조,맑음,단일로 - 기타,이륜,남,25세,중상,승용,여,32세,상해없음
2023060600100312,2023년 6월 6일 16시,화요일,경상남도 창원시 의창구 도계동,경상사고,0,0,1,0,차대차 - 추돌,안전운전불이행,건조,맑음,교차로 - 교차로부근,승용,여,53세,상해없음,승용,남,58세,경상
2023060600100351,2023년 6월 6일 17시,화요일,경상남도 창원시 진해구 남문동,경상사고,0,0,1,0,차대차 - 측면충돌,안전운전불이행,건조,맑음,단일로 - 기타,화물,남,66세,상해없음,이륜,남,41세,경상
2023060600100352,2023년 6월 6일 17시,화요일,경상남도 거창군 거창읍,중상사고,0,1,0,0,차대사람 - 차도통행중,중앙선침범,건조,맑음,단일로 - 기타,화물,남,81세,상해없음,보행자,남,83세,중상
2023060600100353,2023년 6월 6일 17시,화요일,경상남도 고성군 대가면,경상사고,0,0,1,0,차량단독 - 도로외이탈 - 추락,안전운전불이행,건조,맑음,단일로 - 기타,원동기,남,54세,경상,,,,
2023060600100354,2023년 6월 6일 17시,화요일,경상남도 창원시 의창구 북면,경상사고,0,0,1,0,차대차 - 측면충돌,차로위반,건조,맑음,교차로 - 교차로부근,승용,남,37세,상해없음,승용,여,28세,경상
2023060600100387,2023년 6월 6일 18시,화요일,경상남도 사천시 벌리동,중상사고,0,1,0,0,차대사람 - 횡단중,보행자보호의무위반,건조,맑음,교차로 - 교차로횡단보도내,승용,남,70세,상해없음,보행자,여,6세,중상
2023060600100388,2023년 6월 6일 18시,화요일,경상남도 양산시 물금읍,경상사고,0,0,1,0,차대차 - 측면충돌,신호위반,건조,맑음,교차로 - 교차로안,승용,여,26세,상해없음,자전거,여,70세,경상
2023060600100417,2023년 6월 6일 19시,화요일,경상남도 사천시 정동면,중상사고,0,1,1,0,차대차 - 측면충돌,안전운전불이행,건조,맑음,교차로 - 교차로안,승용,여,55세,경상,이륜,남,16세,중상
2023060600100433,2023년 6월 6일 20시,화요일,경상남도 거제시 장평동,중상사고,0,1,0,0,차대차 - 기타,직진우회전진행방해,건조,맑음,교차로 - 교차로안,승용,남,50세,상해없음,이륜,남,46세,중상
2023060600100434,2023년 6월 6일 20시,화요일,경상남도 창원시 의창구 북면,경상사고,0,0,3,0,차대차 - 기타,교차로운행방법위반,건조,맑음,교차로 - 교차로안,승용,남,44세,상해없음,승용,남,46세,경상
2023060600100485,2023년 6월 6일 23시,화요일,경상남도 김해시 삼문동,경상사고,0,0,1,0,차대차 - 정면충돌,신호위반,건조,맑음,교차로 - 교차로안,승용,남,46세,상해없음,승용,남,38세,경상
2023060700100034,2023년 6월 7일 06시,수요일,경상남도 거제시 장평동,경상사고,0,0,1,0,차대차 - 기타,안전운전불이행,건조,맑음,교차로 - 교차로안,이륜,남,50세,경상,승용,여,69세,상해없음
2023060700100057,2023년 6월 7일 07시,수요일,경상남도 김해시 동상동,경상사고,0,0,1,0,차대차 - 측면충돌,교차로운행방법위반,건조,맑음,교차로 - 교차로안,승용,남,47세,상해없음,자전거,여,31세,경상
2023060700100097,2023년 6월 7일 08시,수요일,경상남도 양산시 물금읍,중상사고,0,2,0,0,차대차 - 측면충돌,직진우회전진행방해,건조,맑음,교차로 - 교차로안,승용,남,26세,상해없음,승용,남,62세,중상
2023060700100098,2023년 6월 7일 08시,수요일,경상남도 창원시 의창구 서상동,경상사고,0,0,1,0,차대차 - 측면충돌,신호위반,건조,맑음,단일로 - 기타,자전거,남,80세,경상,자전거,남,65세,상해없음
2023060700100099,2023년 6월 7일 08시,수요일,경상남도 창원시 의창구 팔용동,경상사고,0,0,4,0,차대차 - 측면충돌,차로위반,건조,맑음,단일로 - 기타,승용,여,32세,상해없음,승합,남,50세,경상