사고번호,사고일시,요일,시군구,사고내용,사망자수,중상자수,경상자수,부상신고자수,사고유형,법규위반,노면상태,기상상태,도로형태,가해운전자 차종,가해운전자 성별,가해운전자 연령,가해운전자 상해정도,피해운전자 차종,피해운전자 성별,피해운전자 연령,피해운전자 상해정도
2023060700100143,2023년 6월 7일 09시,수요일,경상남도 창원시 마산회원구 내서읍,경상사고,0,0,2,0,차대차 - 기타,안전운전불이행,건조,맑음,교차로 - 교차로부근,승용,남,55세,상해없음,승용,여,67세,경상
2023060700100179,2023년 6월 7일 10시,수요일,경상남도 김해시 구산동,경상사고,0,0,1,0,차대사람 - 횡단중,보행자보호의무위반,건조,맑음,교차로 - 교차로횡단보도내,승용,남,80세,상해없음,보행자,여,66세,경상
2023060700100180,2023년 6월 7일 10시,수요일,경상남도 창녕군 도천면,사망사고,1,0,0,0,차대차 - 추돌,안전운전불이행,건조,맑음,단일로 - 기타,특수,남,56세,사망,특수,남,42세,기타불명
2023060700100181,2023년 6월 7일 10시,수요일,경상남도 김해시 진영읍,중상사고,0,1,0,0,차대차 - 측면충돌,안전운전불이행,건조,맑음,단일로 - 기타,원동기,남,54세,중상,승용,남,46세,상해없음
2023060700100214,2023년 6월 7일 11시,수요일,경상남도 진주시 칠암동,중상사고,0,1,0,0,차대차 - 측면충돌,신호위반,건조,맑음,교차로 - 교차로안,자전거,남,67세,중상,승용,남,71세,상해없음
2023060700100215,2023년 6월 7일 11시,수요일,경상남도 고성군 상리면,중상사고,0,1,0,0,차대차 - 측면충돌,직진우회전진행방해,건조,맑음,교차로 - 교차로안,화물,남,74세,상해없음,자전거,남,80세,중상
2023060700100250,2023년 6월 7일 12시,수요일,경상남도 창원시 성산구 상남동,경상사고,0,0,1,0,차대차 - 측면충돌,안전거리미확보,건조,맑음,기타 - 기타,승용,남,77세,기타불명,승용,남,47세,경상
2023060700100277,2023년 6월 7일 13시,수요일,경상남도 창원시 마산합포구 월영동,경상사고,0,0,1,0,차대차 - 측면충돌,안전거리미확보,건조,맑음,단일로 - 기타,승용,여,66세,상해없음,승용,여,51세,경상
2023060700100278,2023년 6월 7일 13시,수요일,경상남도 창원시 진해구 경화동,중상사고,0,1,0,0,차대차 - 기타,안전운전불이행,건조,맑음,단일로 - 기타,승용,여,57세,상해없음,개인형이동수단(PM),여,37세,중상
2023060700100279,2023년 6월 7일 13시,수요일,경상남도 김해시 전하동,경상사고,0,0,1,0,차대차 - 기타,안전거리미확보,건조,맑음,단일로 - 기타,승용,남,69세,상해없음,승용,남,28세,경상
2023060700100280,2023년 6월 7일 13시,수요일,경상남도 함안군 군북면,경상사고,0,0,1,0,차대차 - 추돌,안전운전불이행,건조,맑음,교차로 - 교차로부근,승용,남,32세,상해없음,승용,여,43세,경상
2023060700100311,2023년 6월 7일 14시,수요일,경상남도 양산시 용당동,경상사고,0,0,2,0,차대차 - 추돌,안전운전불이행,건조,맑음,교차로 - 교차로안,승용,남,56세,상해없음,승용,남,62세,경상
2023060700100312,2023년 6월 7일 14시,수요일,경상남도 창원시 의창구 도계동,중상사고,0,1,0,0,차량단독 - 기타,안전운전불이행,건조,맑음,단일로 - 기타,승합,남,49세,상해없음,,,,
2023060700100349,2023년 6월 7일 15시,수요일,경상남도 통영시 용남면,경상사고,0,0,1,0,차대차 - 측면충돌,안전운전불이행,건조,맑음,교차로 - 교차로부근,승용,여,44세,상해없음,이륜,남,19세,경상
2023060700100350,2023년 6월 7일 15시,수요일,경상남도 밀양시 내이동,경상사고,0,0,1,0,차대차 - 측면충돌,안전운전불이행,건조,맑음,교차로 - 교차로부근,원동기,남,81세,경상,승용,남,55세,상해없음
2023060700100351,2023년 6월 7일 15시,수요일,경상남도 김해시 삼계동,중상사고,0,1,0,0,차대사람 - 횡단중,보행자보호의무위반,건조,맑음,교차로 - 교차로횡단보도내,개인형이동수단(PM),남,19세,상해없음,보행자,여,53세,중상
2023060700100352,2023년 6월 7일 15시,수요일,경상남도 함양군 유림면,중상사고,0,1,0,0,차량단독 - 공작물충돌,안전운전불이행,건조,맑음,단일로 - 기타,이륜,남,45세,중상,,,,
2023060700100398,2023년 6월 7일 16시,수요일,경상남도 합천군 덕곡면,경상사고,0,0,1,0,차대사람 - 길가장자리구역통행중,안전운전불이행,건조,맑음,단일로 - 기타,화물,남,61세,상해없음,보행자,남,47세,경상
2023060700100399,2023년 6월 7일 16시,수요일,경상남도 양산시 북정동,중상사고,0,1,1,0,차대차 - 측면충돌,안전운전불이행,건조,맑음,교차로 - 교차로안,승용,여,63세,중상,승용,남,32세,경상
2023060700100400,2023년 6월 7일 16시,수요일,경상남도 김해시 율하동,부상신고사고,0,0,0,1,차대사람 - 보도통행중,안전운전불이행,건조,맑음,기타 - 기타,개인형이동수단(PM),남,16세,기타불명,보행자,여,12세,부상신고
2023060700100439,2023년 6월 7일 17시,수요일,경상남도 김해시 외동,경상사고,0,0,4,0,차대차 - 추돌,안전운전불이행,건조,맑음,교차로 - 교차로부근,승합,남,57세,상해없음,이륜,남,40세,경상
2023060700100440,2023년 6월 7일 17시,수요일,경상남도 창원시 성산구 외동,중상사고,0,1,0,0,차대차 - 측면충돌,신호위반,건조,맑음,교차로 - 교차로안,화물,남,51세,상해없음,원동기,남,50세,중상
2023060700100478,2023년 6월 7일 18시,수요일,경상남도 창원시 진해구 풍호동,경상사고,0,0,1,0,차대차 - 기타,안전운전불이행,건조,맑음,단일로 - 기타,승용,여,45세,상해없음,승용,남,71세,경상
2023060700100479,2023년 6월 7일 18시,수요일,경상남도 김해시 외동,경상사고,0,0,1,0,차대사람 - 횡단중,보행자보호의무위반,건조,맑음,교차로 - 교차로횡단보도내,승용,남,50세,상해없음,보행자,여,11세,경상
2023060700100480,2023년 6월 7일 18시,수요일,경상남도 산청군 단성면,경상사고,0,0,1,0,차대차 - 측면충돌,신호위반,건조,맑음,교차로 - 교차로안,화물,남,62세,상해없음,승용,남,63세,경상
2023060700100481,2023년 6월 7일 18시,수요일,경상남도 의령군 부림면,중상사고,0,1,0,0,차대차 - 기타,안전운전불이행,건조,맑음,교차로 - 교차로안,승용,여,45세,상해없음,이륜,여,72세,중상
2023060700100482,2023년 6월 7일 18시,수요일,경상남도 창원시 의창구 서상동,경상사고,0,0,1,0,차대차 - 기타,교차로운행방법위반,건조,맑음,교차로 - 교차로안,승용,남,50세,상해없음,자전거,남,70세,경상
2023060700100519,2023년 6월 7일 19시,수요일,경상남도 거제시 옥포동,경상사고,0,0,1,0,차대차 - 기타,교차로운행방법위반,건조,맑음,교차로 - 교차로안,승용,남,63세,상해없음,이륜,남,42세,경상
2023060800100012,2023년 6월 8일 00시,목요일,경상남도 창원시 마산회원구 회원동,중상사고,0,2,0,0,차량단독 - 공작물충돌,안전운전불이행,건조,맑음,단일로 - 기타,이륜,남,17세,중상,,,,
2023060800100075,2023년 6월 8일 07시,목요일,경상남도 창원시 진해구 용원동,경상사고,0,0,1,0,차대차 - 측면충돌,신호위반,건조,맑음,교차로 - 교차로횡단보도내,승용,남,50세,상해없음,자전거,여,29세,경상
2023060800100148,2023년 6월 8일 09시,목요일,경상남도 창원시 마산합포구 진동면,경상사고,0,0,1,0,차대차 - 추돌,안전운전불이행,건조,맑음,단일로 - 기타,승용,여,47세,상해없음,화물,여,66세,기타불명
2023060800100181,2023년 6월 8일 10시,목요일,경상남도 거창군 거창읍,중상사고,0,1,0,0,차대차 - 측면충돌,신호위반,건조,맑음,교차로 - 교차로안,화물,남,62세,상해없음,승용,남,66세,중상
2023060800100183,2023년 6월 8일 10시,목요일,경상남도 창원시 의창구 동읍,경상사고,0,0,1,0,차대차 - 추돌,안전운전불이행,건조,맑음,기타 - 기타,화물,남,63세,상해없음,승용,여,38세,경상
2023060800100207,2023년 6월 8일 11시,목요일,경상남도 김해시 구산동,중상사고,0,1,0,0,차대사람 - 횡단중,신호위반,건조,맑음,교차로 - 교차로횡단보도내,승합,남,67세,상해없음,보행자,남,62세,중상
2023060800100231,2023년 6월 8일 12시,목요일,경상남도 창원시 진해구 자은동,경상사고,0,0,1,0,차대차 - 측면충돌,안전거리미확보,건조,맑음,단일로 - 기타,이륜,남,35세,상해없음,승용,여,28세,경상
2023060800100232,2023년 6월 8일 12시,목요일,경상남도 김해시 한림면,경상사고,0,0,1,0,차대차 - 측면충돌,안전운전불이행,건조,맑음,교차로 - 교차로안,승용,남,75세,상해없음,화물,남,27세,경상
2023060800100261,2023년 6월 8일 13시,목요일,경상남도 창원시 진해구 충무동,경상사고,0,0,2,0,차대차 - 추돌,안전운전불이행,건조,맑음,교차로 - 교차로부근,승용,남,62세,상해없음,승용,여,62세,경상
2023060800100262,2023년 6월 8일 13시,목요일,경상남도 사천시 용현면,경상사고,0,0,3,0,차대차 - 추돌,안전운전불이행,건조,맑음,단일로 - 기타,승용,남,60세,경상,승용,남,44세,경상
2023060800100289,2023년 6월 8일 14시,목요일,경상남도 사천시 사천읍,경상사고,0,0,1,0,차대차 - 측면충돌,안전운전불이행,건조,맑음,교차로 - 교차로안,승용,남,73세,경상,건설기계,남,36세,상해없음
2023060800100290,2023년 6월 8일 14시,목요일,경상남도 창원시 성산구 남양동,경상사고,0,0,1,0,차대차 - 후진중충돌,안전운전불이행,건조,맑음,교차로 - 교차로부근,승용,여,62세,상해없음,승용,여,35세,경상
2023060800100291,2023년 6월 8일 14시,목요일,경상남도 김해시 진영읍,사망사고,1,0,1,0,차대차 - 정면충돌,교차로운행방법위반,건조,맑음,교차로 - 교차로안,화물,남,68세,사망,건설기계,남,47세,경상
2023060800100320,2023년 6월 8일 15시,목요일,경상남도 사천시 정동면,경상사고,0,0,1,0,차대차 - 측면충돌,안전운전불이행,건조,맑음,교차로 - 교차로안,승용,남,56세,상해없음,승용,여,48세,경상
2023060800100353,2023년 6월 8일 16시,목요일,경상남도 밀양시 하남읍,경상사고,0,0,1,0,차대차 - 추돌,안전운전불이행,건조,맑음,단일로 - 기타,건설기계,남,48세,상해없음,농기계,남,41세,경상
2023060800100354,2023년 6월 8일 16시,목요일,경상남도 김해시 구산동,중상사고,0,1,0,0,차대차 - 추돌,안전운전불이행,건조,맑음,기타 - 기타,승용,남,33세,상해없음,승용,남,58세,중상
2023060800100355,2023년 6월 8일 16시,목요일,경상남도 창원시 의창구 소계동,중상사고,0,1,0,0,차대차 - 기타,안전운전불이행,건조,맑음,단일로 - 터널,자전거,남,80세,중상,기타불명,기타불명,미분류,기타불명
2023060800100371,2023년 6월 8일 17시,목요일,경상남도 양산시 동면,경상사고,0,0,2,0,차대차 - 측면충돌,안전거리미확보,건조,맑음,단일로 - 기타,화물,남,60세,상해없음,승용,남,24세,경상
2023060800100392,2023년 6월 8일 17시,목요일,경상남도 김해시 내동,경상사고,0,0,1,0,차대차 - 측면충돌,교차로운행방법위반,건조,맑음,교차로 - 교차로안,승용,남,63세,상해없음,승용,여,43세,경상
2023060800100393,2023년 6월 8일 17시,목요일,경상남도 거창군 거창읍,중상사고,0,1,0,0,차대차 - 정면충돌,안전운전불이행,건조,맑음,단일로 - 기타,승용,여,60세,상해없음,이륜,여,70세,중상
2023060800100428,2023년 6월 8일 18시,목요일,경상남도 창원시 진해구 석동,경상사고,0,0,1,0,차대차 - 측면충돌,안전운전불이행,건조,맑음,교차로 - 교차로안,이륜,남,46세,경상,승용,남,63세,상해없음
2023060800100429,2023년 6월 8일 18시,목요일,경상남도 창원시 진해구 덕산동,경상사고,0,0,2,0,차대차 - 측면충돌,안전운전불이행,건조,맑음,단일로 - 기타,승용,여,30세,경상,승용,남,27세,경상
2023060800100430,2023년 6월 8일 18시,목요일,경상남도 김해시 부원동,중상사고,0,1,0,0,차대차 - 측면충돌,안전운전불이행,건조,맑음,교차로 - 교차로안,승용,여,46세,상해없음,승용,여,62세,중상
2023060800100456,2023년 6월 8일 19시,목요일,경상남도 창원시 진해구 화천동,부상신고사고,0,0,0,1,차량단독 - 기타,안전운전불이행,건조,맑음,단일로 - 기타,개인형이동수단(PM),남,61세,부상신고,,,,
2023060800100457,2023년 6월 8일 19시,목요일,경상남도 김해시 어방동,중상사고,0,1,0,0,차대차 - 측면충돌,안전운전불이행,건조,맑음,단일로 - 기타,승용,여,53세,상해없음,이륜,남,40세,중상
2023060800100458,2023년 6월 8일 19시,목요일,경상남도 김해시 삼계동,경상사고,0,0,2,0,차대차 - 측면충돌,신호위반,건조,맑음,교차로 - 교차로안,승용,남,56세,상해없음,승합,남,44세,경상
2023060800100459,2023년 6월 8일 19시,목요일,경상남도 김해시 한림면,중상사고,0,1,1,0,차량단독 - 공작물충돌,안전운전불이행,건조,맑음,교차로 - 교차로부근,승용,남,64세,경상,,,,
2023060800100485,2023년 6월 8일 20시,목요일,경상남도 창원시 진해구 두동,부상신고사고,0,0,0,1,차대차 - 추돌,안전운전불이행,건조,맑음,단일로 - 기타,이륜,남,58세,부상신고,승용,여,65세,상해없음
2023060800100486,2023년 6월 8일 20시,목요일,경상남도 통영시 광도면,경상사고,0,0,1,0,차대차 - 기타,신호위반,건조,맑음,교차로 - 교차로안,승용,여,33세,상해없음,이륜,남,40세,경상
2023060800100487,2023년 6월 8일 20시,목요일,경상남도 사천시 사천읍,경상사고,0,0,1,0,차대차 - 추돌,안전운전불이행,건조,맑음,단일로 - 기타,승용,남,54세,상해없음,승용,남,43세,경상
2023060800100488,2023년 6월 8일 20시,목요일,경상남도 양산시 삼호동,경상사고,0,0,1,0,차대차 - 측면충돌,안전운전불이행,건조,맑음,교차로 - 교차로안,승합,남,36세,상해없음,화물,남,56세,경상
2023060800100489,2023년 6월 8일 20시,목요일,경상남도 거제시 옥포동,중상사고,0,1,0,1,차대차 - 추돌,안전운전불이행,건조,맑음,교차로 - 교차로부근,승용,여,27세,부상신고,승용,남,39세,중상
2023060800100527,2023년 6월 8일 21시,목요일,경상남도 진주시 상대동,경상사고,0,0,1,0,차대차 - 정면충돌,중앙선침범,건조,맑음,단일로 - 기타,이륜,남,45세,기타불명,이륜,남,24세,경상
2023060800100569,2023년 6월 8일 23시,목요일,경상남도 거제시 고현동,사망사고,1,0,0,0,차대사람 - 기타,안전운전불이행,건조,맑음,단일로 - 기타,승용,남,66세,상해없음,보행자,남,65세,사망
2023060900100050,2023년 6월 9일 06시,금요일,경상남도 김해시 한림면,경상사고,0,0,2,0,차대차 - 추돌,안전거리미확보,건조,맑음,단일로 - 기타,승용,남,49세,경상,승용,남,68세,경상
2023060900100054,2023년 6월 9일 07시,금요일,경상남도 김해시 주촌면,경상사고,0,0,1,0,차대차 - 측면충돌,안전거리미확보,건조,맑음,단일로 - 기타,특수,남,55세,상해없음,승용,남,40세,경상
2023060900100066,2023년 6월 9일 07시,금요일,경상남도 창원시 마산회원구 내서읍,중상사고,0,2,4,0,차대차 - 추돌,안전운전불이행,건조,맑음,단일로 - 기타,승합,남,73세,상해없음,승합,남,47세,중상
2023060900100097,2023년 6월 9일 08시,금요일,경상남도 창원시 마산합포구 자산동,중상사고,0,1,0,0,차대차 - 추돌,안전운전불이행,건조,맑음,단일로 - 기타,화물,남,64세,상해없음,원동기,남,29세,중상
2023060900100098,2023년 6월 9일 08시,금요일,경상남도 김해시 안동,중상사고,0,1,0,0,차대차 - 측면충돌,신호위반,건조,맑음,교차로 - 교차로안,승용,여,55세,상해없음,원동기,남,52세,중상
2023060900100099,2023년 6월 9일 08시,금요일,경상남도 거제시 아주동,중상사고,0,1,0,0,차대사람 - 차도통행중,교차로운행방법위반,건조,맑음,교차로 - 교차로안,승용,여,45세,상해없음,보행자,여,42세,중상
2023060900100138,2023년 6월 9일 09시,금요일,경상남도 통영시 광도면,중상사고,0,1,0,0,차대차 - 측면충돌,중앙선침범,건조,맑음,교차로 - 교차로부근,승용,남,68세,상해없음,승용,여,55세,중상
2023060900100139,2023년 6월 9일 09시,금요일,경상남도 사천시 사천읍,중상사고,0,1,1,0,차대차 - 측면충돌,안전운전불이행,건조,맑음,단일로 - 기타,승용,남,40세,경상,승용,여,49세,중상
2023060900100173,2023년 6월 9일 10시,금요일,경상남도 창원시 진해구 용원동,경상사고,0,0,1,0,차대차 - 측면충돌,신호위반,건조,맑음,교차로 - 교차로안,특수,남,48세,상해없음,화물,남,49세,경상
2023060900100174,2023년 6월 9일 10시,금요일,경상남도 양산시 물금읍,경상사고,0,0,1,0,차대사람 - 기타,안전운전불이행,건조,맑음,기타 - 기타,자전거,여,66세,상해없음,보행자,남,51세,경상
2023060900100175,2023년 6월 9일 10시,금요일,경상남도 하동군 악양면,부상신고사고,0,0,0,1,차량단독 - 전도전복 - 전복,안전운전불이행,건조,맑음,단일로 - 기타,사륜오토바이(ATV),남,85세,부상신고,,,,
2023060900100176,2023년 6월 9일 10시,금요일,경상남도 남해군 남면,경상사고,0,0,1,0,차량단독 - 전도전복 - 전도,안전운전불이행,건조,맑음,단일로 - 기타,농기계,남,85세,경상,,,,
2023060900100177,2023년 6월 9일 10시,금요일,경상남도 김해시 진영읍,경상사고,0,0,1,0,차대차 - 측면충돌,교차로운행방법위반,건조,맑음,교차로 - 교차로안,화물,남,58세,상해없음,승용,남,53세,경상
2023060900100213,2023년 6월 9일 11시,금요일,경상남도 사천시 용현면,경상사고,0,0,2,0,차대차 - 추돌,안전운전불이행,건조,맑음,교차로 - 교차로부근,화물,남,81세,경상,승용,남,46세,경상
2023060900100214,2023년 6월 9일 11시,금요일,경상남도 김해시 부원동,경상사고,0,0,1,0,차대차 - 추돌,안전운전불이행,건조,맑음,교차로 - 교차로부근,화물,남,27세,상해없음,화물,남,54세,경상
2023060900100215,2023년 6월 9일 11시,금요일,경상남도 양산시 삼호동,중상사고,0,1,0,0,차대사람 - 기타,안전운전불이행,건조,맑음,단일로 - 기타,승용,남,64세,상해없음,보행자,여,54세,중상
2023060900100254,2023년 6월 9일 12시,금요일,경상남도 의령군 유곡면,중상사고,0,1,0,0,차대차 - 측면충돌,안전운전불이행,건조,맑음,교차로 - 교차로안,승용,남,72세,상해없음,이륜,남,90세,중상
2023060900100276,2023년 6월 9일 13시,금요일,경상남도 김해시 내동,중상사고,0,1,0,0,차대사람 - 기타,안전운전불이행,건조,맑음,단일로 - 기타,자전거,남,64세,상해없음,보행자,여,65세,중상
2023060900100307,2023년 6월 9일 14시,금요일,경상남도 밀양시 하남읍,경상사고,0,0,1,0,차대차 - 기타,안전운전불이행,건조,맑음,단일로 - 기타,이륜,남,52세,경상,화물,남,65세,상해없음
2023060900100308,2023년 6월 9일 14시,금요일,경상남도 창원시 성산구 안민동,경상사고,0,0,1,0,차대사람 - 횡단중,안전운전불이행,건조,맑음,단일로 - 기타,승용,남,40세,상해없음,보행자,남,9세,경상
2023060900100395,2023년 6월 9일 16시,금요일,경상남도 진주시 상대동,경상사고,0,0,2,0,차대차 - 추돌,안전운전불이행,건조,맑음,단일로 - 기타,승용,남,70세,상해없음,승용,남,54세,경상
2023060900100396,2023년 6월 9일 16시,금요일,경상남도 진주시 대곡면,중상사고,0,2,1,0,차대차 - 정면충돌,중앙선침범,건조,맑음,단일로 - 기타,승용,여,65세,경상,화물,남,68세,중상
2023060900100450,2023년 6월 9일 17시,금요일,경상남도 합천군 용주면,중상사고,0,1,0,0,차대차 - 측면충돌,교차로운행방법위반,건조,맑음,교차로 - 교차로안,승용,남,57세,상해없음,이륜,남,48세,중상
2023060900100451,2023년 6월 9일 17시,금요일,경상남도 함양군 지곡면,중상사고,0,1,1,1,차대차 - 측면충돌,교차로운행방법위반,건조,맑음,교차로 - 교차로안,화물,남,32세,부상신고,승용,남,70세,경상
2023060900100452,2023년 6월 9일 17시,금요일,경상남도 양산시 어곡동,경상사고,0,0,1,0,차대차 - 측면충돌,교차로운행방법위반,건조,맑음,교차로 - 교차로안,특수,남,64세,상해없음,승용,남,27세,경상
2023060900100453,2023년 6월 9일 17시,금요일,경상남도 함안군 군북면,중상사고,0,1,0,0,차대차 - 기타,중앙선침범,건조,맑음,단일로 - 기타,기타불명,기타불명,미분류,기타불명,화물,남,32세,중상
2023060900100454,2023년 6월 9일 17시,금요일,경상남도 창원시 성산구 용호동,경상사고,0,0,1,0,차대차 - 측면충돌,안전운전불이행,건조,맑음,교차로 - 교차로부근,승용,여,63세,상해없음,승용,여,31세,경상
2023060900100509,2023년 6월 9일 18시,금요일,경상남도 진주시 신안동,중상사고,0,1,0,0,차대차 - 측면충돌,안전운전불이행,건조,맑음,교차로 - 교차로안,승용,여,27세,상해없음,자전거,여,70세,중상
2023060900100510,2023년 6월 9일 18시,금요일,경상남도 창원시 진해구 경화동,경상사고,0,0,1,0,차대사람 - 길가장자리구역통행중,안전운전불이행,건조,맑음,단일로 - 기타,승용,여,67세,상해없음,보행자,남,37세,경상
2023060900100511,2023년 6월 9일 18시,금요일,경상남도 양산시 평산동,중상사고,0,1,0,0,차대차 - 측면충돌,교차로운행방법위반,건조,맑음,교차로 - 교차로안,승용,남,60세,상해없음,이륜,남,31세,중상
2023060900100512,2023년 6월 9일 18시,금요일,경상남도 김해시 대청동,중상사고,0,1,0,0,차대차 - 기타,안전운전불이행,건조,맑음,교차로 - 교차로안,이륜,남,43세,중상,승용,여,45세,상해없음
2023060900100513,2023년 6월 9일 18시,금요일,경상남도 김해시 진영읍,경상사고,0,0,1,0,차대차 - 측면충돌,안전운전불이행,건조,맑음,단일로 - 기타,승용,남,58세,상해없음,승용,남,25세,경상
2023060900100548,2023년 6월 9일 19시,금요일,경상남도 양산시 삼호동,경상사고,0,0,2,0,차대차 - 측면충돌,교차로운행방법위반,건조,맑음,교차로 - 교차로안,승용,여,57세,상해없음,승용,남,27세,경상
2023060900100582,2023년 6월 9일 20시,금요일,경상남도 창원시 진해구 경화동,경상사고,0,0,1,0,차대사람 - 차도통행중,안전운전불이행,건조,맑음,교차로 - 교차로부근,승용,남,69세,상해없음,보행자,남,59세,경상
2023060900100606,2023년 6월 9일 21시,금요일,경상남도 창원시 성산구 사파정동,중상사고,0,1,0,1,차대차 - 측면충돌,안전운전불이행,건조,맑음,단일로 - 기타,승용,여,31세,중상,승용,여,30세,부상신고
2023060900100647,2023년 6월 9일 23시,금요일,경상남도 함양군 함양읍,부상신고사고,0,0,0,1,차대사람 - 기타,안전운전불이행,건조,맑음,단일로 - 기타,승용,남,40세,상해없음,보행자,남,42세,부상신고
2023061000100028,2023년 6월 10일 01시,토요일,경상남도 통영시 정량동,경상사고,0,0,1,0,차대차 - 정면충돌,신호위반,건조,맑음,교차로 - 교차로부근,승용,남,51세,상해없음,승용,남,70세,경상
2023061000100045,2023년 6월 10일 03시,토요일,경상남도 양산시 남부동,경상사고,0,0,1,0,차량단독 - 공작물충돌,안전운전불이행,건조,맑음,단일로 - 고가도로위,승용,여,35세,경상,,,,
2023061000100086,2023년 6월 10일 08시,토요일,경상남도 양산시 주진동,중상사고,0,2,0,0,차량단독 - 기타,안전운전불이행,건조,맑음,교차로 - 교차로부근,승용,남,20세,중상,,,,
2023061000100105,2023년 6월 10일 09시,토요일,경상남도 통영시 무전동,중상사고,0,1,0,0,차대사람 - 차도통행중,안전운전불이행,건조,맑음,단일로 - 기타,승용,여,38세,상해없음,보행자,여,59세,중상
2023061000100172,2023년 6월 10일 11시,토요일,경상남도 사천시 사천읍,부상신고사고,0,0,0,1,차대차 - 정면충돌,안전운전불이행,건조,맑음,교차로 - 교차로부근,자전거,남,12세,부상신고,승용,여,65세,상해없음
2023061000100173,2023년 6월 10일 11시,토요일,경상남도 창원시 마산회원구 내서읍,중상사고,0,1,0,0,차대사람 - 횡단중,보행자보호의무위반,건조,맑음,교차로 - 교차로횡단보도내,승용,여,56세,상해없음,보행자,여,72세,중상
2023061000100175,2023년 6월 10일 11시,토요일,경상남도 김해시 대청동,경상사고,0,0,2,0,차대차 - 추돌,안전운전불이행,건조,맑음,단일로 - 기타,승용,남,59세,상해없음,승용,여,34세,경상
2023061000100240,2023년 6월 10일 13시,토요일,경상남도 진주시 하대동,경상사고,0,0,2,0,차대차 - 측면충돌,안전운전불이행,건조,맑음,교차로 - 교차로안,화물,남,62세,상해없음,승용,여,33세,경상
2023061000100241,2023년 6월 10일 13시,토요일,경상남도 창원시 진해구 태백동,경상사고,0,0,1,0,차대차 - 기타,안전운전불이행,건조,맑음,교차로 - 교차로횡단보도내,승용,여,37세,기타불명,승용,남,76세,경상
2023061000100242,2023년 6월 10일 13시,토요일,경상남도 김해시 대동면,경상사고,0,0,1,0,차대차 - 기타,안전운전불이행,건조,맑음,교차로 - 교차로안,승용,남,27세,상해없음,자전거,남,53세,경상
2023061000100243,2023년 6월 10일 13시,토요일,경상남도 양산시 물금읍,중상사고,0,1,0,0,차대차 - 측면충돌,신호위반,건조,맑음,교차로 - 교차로안,이륜,남,49세,중상,승용,남,51세,상해없음
2023061000100316,2023년 6월 10일 15시,토요일,경상남도 창원시 진해구 자은동,경상사고,0,0,4,0,차대차 - 측면충돌,안전운전불이행,건조,맑음,단일로 - 기타,화물,남,65세,상해없음,승용,여,42세,경상
2023061000100317,2023년 6월 10일 15시,토요일,경상남도 김해시 어방동,중상사고,0,1,0,0,차대사람 - 횡단중,신호위반,건조,맑음,교차로 - 교차로횡단보도내,승용,여,57세,상해없음,보행자,여,16세,중상
2023061000100318,2023년 6월 10일 15시,토요일,경상남도 거제시 옥포동,경상사고,0,0,1,0,차대차 - 추돌,안전운전불이행,건조,맑음,단일로 - 기타,승용,남,59세,상해없음,승용,남,43세,경상
2023061000100319,2023년 6월 10일 15시,토요일,경상남도 창녕군 영산면,경상사고,0,0,2,0,차대차 - 측면충돌,안전운전불이행,건조,맑음,단일로 - 기타,승합,남,66세,상해없음,승용,남,55세,경상
2023061000100320,2023년 6월 10일 15시,토요일,경상남도 창원시 의창구 북면,중상사고,0,1,0,0,차대차 - 측면충돌,안전운전불이행,건조,맑음,단일로 - 기타,승용,남,32세,상해없음,화물,남,59세,중상
2023061000100339,2023년 6월 10일 16시,토요일,경상남도 김해시 상동면,중상사고,0,1,3,0,차대차 - 기타,안전운전불이행,건조,맑음,단일로 - 기타,승용,남,55세,상해없음,승용,여,59세,중상
2023061000100347,2023년 6월 10일 16시,토요일,경상남도 양산시 북정동,경상사고,0,0,1,0,차대차 - 측면충돌,신호위반,건조,맑음,교차로 - 교차로안,승용,남,63세,상해없음,승용,남,43세,경상
2023061000100348,2023년 6월 10일 16시,토요일,경상남도 양산시 덕계동,경상사고,0,0,1,0,차대차 - 추돌,안전운전불이행,건조,맑음,교차로 - 교차로부근,승용,남,23세,기타불명,승용,남,23세,경상
2023061000100350,2023년 6월 10일 16시,토요일,경상남도 거제시 옥포동,경상사고,0,0,1,0,차대차 - 후진중충돌,안전운전불이행,건조,맑음,주차장 - 주차장,승용,남,24세,상해없음,승용,여,67세,경상
2023061000100385,2023년 6월 10일 17시,토요일,경상남도 통영시 광도면,경상사고,0,0,1,0,차대차 - 후진중충돌,안전운전불이행,건조,맑음,교차로 - 교차로부근,승용,남,61세,상해없음,이륜,남,19세,경상
2023061000100386,2023년 6월 10일 17시,토요일,경상남도 밀양시 단장면,중상사고,0,1,4,0,차대차 - 측면충돌,중앙선침범,건조,맑음,교차로 - 교차로부근,화물,남,57세,중상,건설기계,남,53세,경상
2023061000100387,2023년 6월 10일 17시,토요일,경상남도 김해시 진영읍,경상사고,0,0,1,0,차대차 - 기타,안전거리미확보,건조,맑음,단일로 - 기타,승용,남,36세,기타불명,승합,여,63세,경상
2023061000100442,2023년 6월 10일 19시,토요일,경상남도 창녕군 창녕읍,중상사고,0,1,0,0,차대차 - 측면충돌,안전운전불이행,건조,맑음,단일로 - 기타,승용,여,66세,상해없음,이륜,남,70세,중상
2023061000100443,2023년 6월 10일 19시,토요일,경상남도 창원시 성산구 신촌동,경상사고,0,0,1,0,차대차 - 측면충돌,신호위반,건조,맑음,교차로 - 교차로안,승용,남,44세,상해없음,승용,남,44세,경상