사고번호,사고일시,요일,시군구,사고내용,사망자수,중상자수,경상자수,부상신고자수,사고유형,법규위반,노면상태,기상상태,도로형태,가해운전자 차종,가해운전자 성별,가해운전자 연령,가해운전자 상해정도,피해운전자 차종,피해운전자 성별,피해운전자 연령,피해운전자 상해정도
2023061000100444,2023년 6월 10일 19시,토요일,경상남도 김해시 대청동,중상사고,0,2,0,0,차대사람 - 횡단중,보행자보호의무위반,건조,맑음,단일로 - 기타,화물,남,62세,상해없음,보행자,남,54세,중상
2023061000100469,2023년 6월 10일 20시,토요일,경상남도 진주시 인사동,중상사고,0,1,0,0,차대차 - 측면충돌,불법유턴,건조,맑음,교차로 - 교차로안,원동기,남,51세,상해없음,이륜,남,25세,중상
2023061000100470,2023년 6월 10일 20시,토요일,경상남도 사천시 향촌동,중상사고,0,1,0,0,차대사람 - 횡단중,안전운전불이행,젖음/습기,비,교차로 - 교차로안,승용,여,51세,상해없음,보행자,여,83세,중상
2023061000100491,2023년 6월 10일 21시,토요일,경상남도 창원시 진해구 태평동,중상사고,0,1,0,0,차량단독 - 전도전복 - 전도,기타,건조,맑음,교차로 - 교차로안,원동기,남,18세,중상,,,,
2023061000100519,2023년 6월 10일 22시,토요일,경상남도 통영시 도천동,경상사고,0,0,3,0,차대차 - 추돌,안전운전불이행,건조,맑음,단일로 - 기타,승용,남,62세,상해없음,승합,남,51세,경상
2023061000100520,2023년 6월 10일 22시,토요일,경상남도 양산시 남부동,부상신고사고,0,0,0,1,차대차 - 기타,안전거리미확보,건조,맑음,교차로 - 교차로안,승용,여,54세,상해없음,승용,남,28세,부상신고
2023061000100535,2023년 6월 10일 23시,토요일,경상남도 의령군 봉수면,중상사고,0,1,0,0,차량단독 - 기타,기타,건조,흐림,단일로 - 기타,승용,여,60세,중상,,,,
2023061100100008,2023년 6월 11일 00시,일요일,경상남도 창녕군 영산면,중상사고,0,1,4,0,차대차 - 후진중충돌,안전운전불이행,건조,맑음,단일로 - 기타,화물,남,37세,상해없음,승용,남,63세,상해없음
2023061100100034,2023년 6월 11일 02시,일요일,경상남도 창원시 의창구 사림동,부상신고사고,0,0,0,2,차대차 - 측면충돌,안전운전불이행,건조,맑음,교차로 - 교차로부근,승용,남,27세,상해없음,승용,기타불명,미분류,기타불명
2023061100100045,2023년 6월 11일 03시,일요일,경상남도 진주시 하대동,중상사고,0,1,2,0,차대차 - 정면충돌,불법유턴,건조,맑음,단일로 - 기타,승용,여,33세,상해없음,승용,여,58세,경상
2023061100100055,2023년 6월 11일 04시,일요일,경상남도 김해시 전하동,경상사고,0,0,1,0,차량단독 - 기타,안전운전불이행,건조,맑음,단일로 - 기타,원동기,남,34세,경상,,,,
2023061100100064,2023년 6월 11일 06시,일요일,경상남도 양산시 명동,중상사고,0,1,0,1,차대차 - 정면충돌,안전운전불이행,건조,맑음,기타 - 기타,화물,남,37세,부상신고,승용,여,56세,중상
2023061100100076,2023년 6월 11일 07시,일요일,경상남도 창원시 성산구 상남동,경상사고,0,0,2,0,차대차 - 추돌,안전운전불이행,건조,맑음,교차로 - 교차로부근,승용,남,25세,상해없음,승용,남,66세,경상
2023061100100092,2023년 6월 11일 09시,일요일,경상남도 김해시 생림면,중상사고,0,1,0,0,차대차 - 추돌,안전운전불이행,건조,맑음,단일로 - 기타,승용,남,26세,상해없음,자전거,남,42세,중상
2023061100100093,2023년 6월 11일 09시,일요일,경상남도 김해시 지내동,경상사고,0,0,2,1,차량단독 - 공작물충돌,안전운전불이행,건조,맑음,교차로 - 교차로부근,승합,남,43세,상해없음,,,,
2023061100100094,2023년 6월 11일 09시,일요일,경상남도 창원시 마산회원구 양덕동,경상사고,0,0,1,0,차대차 - 측면충돌,안전운전불이행,젖음/습기,흐림,교차로 - 교차로부근,승용,남,79세,상해없음,승용,남,41세,경상
2023061100100111,2023년 6월 11일 10시,일요일,경상남도 함안군 칠서면,경상사고,0,0,1,0,차대차 - 추돌,안전운전불이행,건조,맑음,기타 - 기타,승용,남,48세,상해없음,농기계,남,69세,경상
2023061100100129,2023년 6월 11일 11시,일요일,경상남도 거제시 장목면,경상사고,0,0,2,0,차대차 - 측면충돌,안전운전불이행,건조,맑음,단일로 - 기타,승용,남,23세,기타불명,승용,남,34세,경상
2023061100100130,2023년 6월 11일 11시,일요일,경상남도 창원시 성산구 용호동,경상사고,0,0,1,0,차대차 - 추돌,안전운전불이행,건조,맑음,교차로 - 교차로부근,승용,남,34세,상해없음,승용,남,21세,경상
2023061100100131,2023년 6월 11일 11시,일요일,경상남도 창원시 의창구 소답동,경상사고,0,0,1,0,차대차 - 측면충돌,교차로운행방법위반,건조,맑음,교차로 - 교차로안,승용,여,27세,상해없음,이륜,남,47세,경상
2023061100100132,2023년 6월 11일 11시,일요일,경상남도 김해시 진영읍,경상사고,0,0,1,0,차대차 - 측면충돌,안전운전불이행,건조,맑음,교차로 - 교차로부근,승용,여,66세,상해없음,이륜,남,50세,경상
2023061100100189,2023년 6월 11일 13시,일요일,경상남도 창녕군 성산면,경상사고,0,0,3,0,차대차 - 추돌,안전운전불이행,건조,맑음,단일로 - 기타,승용,남,70세,상해없음,승용,여,42세,경상
2023061100100214,2023년 6월 11일 14시,일요일,경상남도 김해시 어방동,경상사고,0,0,1,0,차대차 - 측면충돌,안전운전불이행,건조,맑음,단일로 - 기타,승용,여,40세,기타불명,승용,여,39세,경상
2023061100100216,2023년 6월 11일 14시,일요일,경상남도 거제시 장목면,중상사고,0,1,0,0,차대사람 - 횡단중,보행자보호의무위반,건조,맑음,교차로 - 교차로횡단보도내,승용,남,42세,상해없음,보행자,여,82세,중상
2023061100100257,2023년 6월 11일 15시,일요일,경상남도 함안군 가야읍,경상사고,0,0,1,0,차대차 - 추돌,안전운전불이행,건조,맑음,주차장 - 주차장,화물,남,62세,상해없음,승용,여,45세,경상
2023061100100283,2023년 6월 11일 16시,일요일,경상남도 진주시 가좌동,부상신고사고,0,0,0,1,차대차 - 후진중충돌,안전운전불이행,건조,맑음,단일로 - 기타,승용,남,44세,상해없음,이륜,남,49세,부상신고
2023061100100311,2023년 6월 11일 17시,일요일,경상남도 창원시 진해구 풍호동,중상사고,0,1,1,0,차대차 - 추돌,안전운전불이행,건조,맑음,단일로 - 기타,이륜,남,18세,중상,승용,남,46세,경상
2023061100100312,2023년 6월 11일 17시,일요일,경상남도 창원시 마산회원구 내서읍,경상사고,0,0,1,0,차대사람 - 기타,안전운전불이행,건조,맑음,단일로 - 기타,이륜,남,26세,상해없음,보행자,남,5세,경상
2023061100100338,2023년 6월 11일 18시,일요일,경상남도 진주시 강남동,경상사고,0,0,1,0,차대차 - 정면충돌,신호위반,건조,맑음,단일로 - 기타,승용,남,54세,상해없음,이륜,남,23세,경상
2023061100100339,2023년 6월 11일 18시,일요일,경상남도 창원시 진해구 용원동,중상사고,0,1,0,0,차대사람 - 기타,안전운전불이행,건조,맑음,교차로 - 교차로부근,화물,남,56세,상해없음,보행자,남,72세,중상
2023061100100388,2023년 6월 11일 20시,일요일,경상남도 통영시 미수동,경상사고,0,0,1,0,차대사람 - 기타,안전운전불이행,건조,맑음,단일로 - 기타,승용,남,49세,상해없음,보행자,남,62세,경상
2023061100100398,2023년 6월 11일 21시,일요일,경상남도 김해시 삼정동,경상사고,0,0,1,0,차대차 - 측면충돌,신호위반,건조,맑음,교차로 - 교차로안,승용,남,33세,상해없음,승용,여,53세,경상
2023061100100399,2023년 6월 11일 21시,일요일,경상남도 양산시 삼호동,경상사고,0,0,1,0,차대차 - 측면충돌,안전운전불이행,건조,맑음,교차로 - 교차로부근,이륜,남,56세,경상,승용,여,49세,상해없음
2023061100100415,2023년 6월 11일 22시,일요일,경상남도 진주시 하대동,중상사고,0,1,0,0,차대사람 - 횡단중,보행자보호의무위반,건조,맑음,교차로 - 교차로횡단보도내,승용,남,78세,상해없음,보행자,여,66세,중상
2023061100100416,2023년 6월 11일 22시,일요일,경상남도 김해시 동상동,경상사고,0,0,1,0,차대차 - 추돌,안전운전불이행,건조,맑음,교차로 - 교차로부근,승용,남,28세,상해없음,승용,남,27세,경상
2023061100100417,2023년 6월 11일 22시,일요일,경상남도 김해시 진영읍,경상사고,0,0,1,0,차대사람 - 기타,안전운전불이행,건조,맑음,교차로 - 교차로안,화물,남,27세,상해없음,보행자,남,64세,경상
2023061200100016,2023년 6월 12일 03시,월요일,경상남도 창원시 마산회원구 양덕동,경상사고,0,0,1,0,차대차 - 측면충돌,안전운전불이행,건조,맑음,단일로 - 기타,승용,남,56세,상해없음,승용,남,60세,상해없음
2023061200100020,2023년 6월 12일 04시,월요일,경상남도 거제시 고현동,중상사고,0,3,1,0,차대차 - 추돌,안전운전불이행,건조,맑음,교차로 - 교차로부근,승용,여,57세,상해없음,승합,남,67세,상해없음
2023061200100061,2023년 6월 12일 07시,월요일,경상남도 거제시 아주동,중상사고,0,1,0,0,차대차 - 정면충돌,중앙선침범,건조,맑음,단일로 - 기타,승용,남,46세,상해없음,원동기,남,39세,중상
2023061200100062,2023년 6월 12일 07시,월요일,경상남도 산청군 신안면,중상사고,0,1,1,0,차대차 - 측면충돌,안전운전불이행,건조,맑음,단일로 - 기타,승용,여,70세,경상,승합,남,51세,중상
2023061200100063,2023년 6월 12일 07시,월요일,경상남도 창원시 성산구 내동,경상사고,0,0,1,0,차대차 - 측면충돌,안전운전불이행,건조,맑음,단일로 - 기타,화물,남,60세,상해없음,승용,남,64세,경상
2023061200100107,2023년 6월 12일 08시,월요일,경상남도 창원시 마산합포구 진북면,중상사고,0,1,0,0,차대차 - 추돌,안전운전불이행,건조,맑음,단일로 - 터널,화물,남,46세,상해없음,화물,남,24세,중상
2023061200100108,2023년 6월 12일 08시,월요일,경상남도 통영시 무전동,경상사고,0,0,2,0,차대차 - 추돌,안전운전불이행,건조,맑음,단일로 - 기타,이륜,남,31세,경상,승용,남,34세,경상
2023061200100159,2023년 6월 12일 09시,월요일,경상남도 사천시 곤양면,경상사고,0,0,1,0,차대차 - 측면충돌,교차로운행방법위반,건조,맑음,교차로 - 교차로안,승용,여,69세,경상,건설기계,남,49세,상해없음
2023061200100160,2023년 6월 12일 09시,월요일,경상남도 양산시 동면,경상사고,0,0,1,0,차대차 - 측면충돌,안전운전불이행,건조,맑음,단일로 - 기타,승용,여,34세,상해없음,화물,남,46세,경상
2023061200100185,2023년 6월 12일 10시,월요일,경상남도 김해시 주촌면,경상사고,0,0,1,0,차대차 - 측면충돌,교차로운행방법위반,건조,맑음,교차로 - 교차로안,화물,남,29세,상해없음,승용,남,28세,경상
2023061200100201,2023년 6월 12일 11시,월요일,경상남도 양산시 중부동,경상사고,0,0,1,0,차대차 - 기타,안전운전불이행,건조,맑음,단일로 - 기타,화물,남,69세,상해없음,승용,남,69세,경상
2023061200100215,2023년 6월 12일 11시,월요일,경상남도 통영시 도산면,경상사고,0,0,1,0,차대차 - 기타,기타,건조,맑음,단일로 - 기타,화물,남,54세,상해없음,화물,남,56세,경상
2023061200100216,2023년 6월 12일 11시,월요일,경상남도 사천시 서동,중상사고,0,1,0,0,차대차 - 측면충돌,직진우회전진행방해,건조,맑음,교차로 - 교차로안,이륜,남,66세,중상,승용,남,53세,상해없음
2023061200100217,2023년 6월 12일 11시,월요일,경상남도 거제시 고현동,중상사고,0,1,0,0,차대차 - 측면충돌,신호위반,건조,맑음,교차로 - 교차로안,승용,여,52세,상해없음,이륜,남,43세,중상
2023061200100252,2023년 6월 12일 12시,월요일,경상남도 창원시 마산합포구 동성동,중상사고,0,1,0,0,차대사람 - 횡단중,보행자보호의무위반,젖음/습기,비,교차로 - 교차로안,승용,남,74세,상해없음,보행자,여,85세,중상
2023061200100253,2023년 6월 12일 12시,월요일,경상남도 창원시 진해구 경화동,경상사고,0,0,1,0,차대차 - 후진중충돌,안전운전불이행,건조,맑음,교차로 - 교차로안,승용,남,74세,상해없음,승용,여,45세,경상
2023061200100284,2023년 6월 12일 13시,월요일,경상남도 김해시 한림면,경상사고,0,0,2,0,차대차 - 측면충돌,안전운전불이행,건조,맑음,교차로 - 교차로안,승용,남,67세,상해없음,승합,남,57세,경상
2023061200100314,2023년 6월 12일 14시,월요일,경상남도 사천시 사천읍,중상사고,0,1,0,0,차대차 - 추돌,안전거리미확보,건조,맑음,교차로 - 교차로부근,승합,남,54세,상해없음,승용,남,66세,중상
2023061200100316,2023년 6월 12일 14시,월요일,경상남도 창원시 의창구 팔용동,중상사고,0,1,0,0,차대사람 - 횡단중,안전운전불이행,건조,맑음,교차로 - 교차로안,승용,남,63세,상해없음,보행자,여,78세,중상
2023061200100347,2023년 6월 12일 15시,월요일,경상남도 양산시 북부동,경상사고,0,0,1,0,차대차 - 측면충돌,안전거리미확보,건조,맑음,단일로 - 기타,승용,여,37세,상해없음,승용,남,24세,경상
2023061200100348,2023년 6월 12일 15시,월요일,경상남도 함안군 칠원읍,경상사고,0,0,1,0,차대차 - 추돌,안전운전불이행,건조,맑음,단일로 - 터널,화물,남,75세,상해없음,화물,남,40세,경상
2023061200100435,2023년 6월 12일 17시,월요일,경상남도 창원시 진해구 석동,경상사고,0,0,2,0,차대차 - 추돌,안전운전불이행,건조,맑음,기타 - 기타,승용,남,53세,상해없음,승용,남,35세,경상
2023061200100436,2023년 6월 12일 17시,월요일,경상남도 통영시 무전동,경상사고,0,0,2,0,차대차 - 기타,교차로운행방법위반,건조,맑음,교차로 - 교차로안,원동기,남,26세,경상,승용,여,29세,경상
2023061200100437,2023년 6월 12일 17시,월요일,경상남도 김해시 상동면,중상사고,0,1,1,0,차대차 - 측면충돌,신호위반,건조,맑음,교차로 - 교차로안,승용,남,39세,경상,승용,남,62세,중상
2023061200100438,2023년 6월 12일 17시,월요일,경상남도 김해시 내동,경상사고,0,0,2,0,차대차 - 측면충돌,교차로운행방법위반,건조,맑음,교차로 - 교차로안,승용,남,26세,경상,승용,여,42세,경상
2023061200100439,2023년 6월 12일 17시,월요일,경상남도 창원시 의창구 소답동,경상사고,0,0,1,0,차대사람 - 길가장자리구역통행중,안전운전불이행,건조,맑음,단일로 - 기타,승용,남,68세,상해없음,보행자,남,34세,경상
2023061200100479,2023년 6월 12일 18시,월요일,경상남도 창원시 성산구 신월동,부상신고사고,0,0,0,1,차대사람 - 차도통행중,안전운전불이행,건조,맑음,단일로 - 기타,승용,기타불명,미분류,기타불명,보행자,남,34세,부상신고
2023061200100480,2023년 6월 12일 18시,월요일,경상남도 김해시 관동동,중상사고,0,1,0,0,차대사람 - 횡단중,보행자보호의무위반,건조,맑음,단일로 - 기타,승용,여,50세,상해없음,보행자,남,8세,중상
2023061200100515,2023년 6월 12일 19시,월요일,경상남도 진주시 상봉동,중상사고,0,1,0,0,차대사람 - 횡단중,안전운전불이행,건조,맑음,교차로 - 교차로안,승용,남,36세,상해없음,보행자,여,14세,중상
2023061200100549,2023년 6월 12일 20시,월요일,경상남도 진주시 인사동,중상사고,0,1,0,0,차대사람 - 기타,안전운전불이행,건조,맑음,단일로 - 기타,승용,남,58세,상해없음,보행자,남,43세,중상
2023061300100009,2023년 6월 13일 00시,화요일,경상남도 거제시 옥포동,경상사고,0,0,1,0,차대사람 - 차도통행중,안전운전불이행,건조,맑음,교차로 - 교차로안,승용,남,72세,상해없음,보행자,남,41세,경상
2023061300100048,2023년 6월 13일 06시,화요일,경상남도 통영시 용남면,경상사고,0,0,1,0,차대차 - 측면충돌,신호위반,건조,맑음,교차로 - 교차로부근,화물,남,63세,상해없음,승용,여,43세,경상
2023061300100051,2023년 6월 13일 07시,화요일,경상남도 양산시 다방동,중상사고,0,1,1,0,차대차 - 추돌,안전거리미확보,건조,맑음,단일로 - 기타,승용,남,40세,상해없음,화물,남,47세,중상
2023061300100102,2023년 6월 13일 08시,화요일,경상남도 창원시 마산합포구 진동면,경상사고,0,0,1,0,차대차 - 추돌,안전운전불이행,건조,맑음,교차로 - 교차로부근,승용,여,56세,경상,화물,남,54세,상해없음
2023061300100103,2023년 6월 13일 08시,화요일,경상남도 창원시 마산합포구 중앙동3가,경상사고,0,0,1,0,차대차 - 기타,중앙선침범,건조,흐림,교차로 - 교차로안,승합,남,42세,상해없음,승용,남,50세,경상
2023061300100104,2023년 6월 13일 08시,화요일,경상남도 고성군 고성읍,경상사고,0,0,2,0,차대차 - 기타,직진우회전진행방해,건조,맑음,단일로 - 기타,승합,여,45세,상해없음,이륜,남,76세,경상
2023061300100105,2023년 6월 13일 08시,화요일,경상남도 거제시 고현동,중상사고,0,1,0,0,차대차 - 측면충돌,안전운전불이행,건조,맑음,단일로 - 기타,승용,남,64세,상해없음,자전거,남,17세,중상
2023061300100144,2023년 6월 13일 09시,화요일,경상남도 통영시 정량동,경상사고,0,0,2,0,차대차 - 측면충돌,안전운전불이행,건조,맑음,교차로 - 교차로안,화물,남,53세,상해없음,승용,남,59세,경상
2023061300100145,2023년 6월 13일 09시,화요일,경상남도 창녕군 남지읍,중상사고,0,2,0,0,차대차 - 추돌,안전운전불이행,건조,맑음,교차로 - 교차로안,승용,여,48세,상해없음,화물,남,59세,중상
2023061300100146,2023년 6월 13일 09시,화요일,경상남도 양산시 하북면,경상사고,0,0,1,0,차대차 - 측면충돌,안전운전불이행,건조,맑음,교차로 - 교차로안,승용,여,40세,상해없음,화물,여,53세,경상
2023061300100147,2023년 6월 13일 09시,화요일,경상남도 창원시 성산구 반림동,경상사고,0,0,1,0,차대차 - 기타,안전운전불이행,건조,맑음,교차로 - 교차로안,승용,남,41세,상해없음,승용,남,31세,경상
2023061300100179,2023년 6월 13일 10시,화요일,경상남도 사천시 동금동,경상사고,0,0,1,0,차대차 - 측면충돌,안전운전불이행,건조,맑음,단일로 - 지하차도(도로)내,화물,남,45세,상해없음,화물,남,50세,경상
2023061300100180,2023년 6월 13일 10시,화요일,경상남도 양산시 동면,경상사고,0,0,1,0,차대차 - 측면충돌,차로위반,건조,맑음,단일로 - 기타,승용,남,78세,상해없음,화물,남,39세,경상
2023061300100181,2023년 6월 13일 10시,화요일,경상남도 거제시 사등면,부상신고사고,0,0,0,1,차대사람 - 기타,안전운전불이행,건조,맑음,단일로 - 기타,승용,남,46세,상해없음,보행자,여,78세,부상신고
2023061300100206,2023년 6월 13일 11시,화요일,경상남도 창원시 의창구 동읍,경상사고,0,0,1,0,차대차 - 측면충돌,안전운전불이행,건조,맑음,단일로 - 기타,특수,남,35세,상해없음,화물,남,60세,경상
2023061300100240,2023년 6월 13일 12시,화요일,경상남도 거제시 고현동,경상사고,0,0,1,0,차대차 - 기타,안전운전불이행,건조,맑음,교차로 - 교차로안,승용,남,41세,상해없음,이륜,남,25세,경상
2023061300100273,2023년 6월 13일 13시,화요일,경상남도 사천시 사천읍,경상사고,0,0,1,0,차대차 - 측면충돌,안전운전불이행,건조,맑음,교차로 - 교차로안,승용,남,73세,상해없음,승용,여,66세,경상
2023061300100274,2023년 6월 13일 13시,화요일,경상남도 김해시 내동,경상사고,0,0,1,0,차대차 - 측면충돌,안전운전불이행,건조,맑음,교차로 - 교차로부근,승용,남,75세,상해없음,이륜,남,29세,경상
2023061300100304,2023년 6월 13일 14시,화요일,경상남도 창녕군 고암면,경상사고,0,0,1,0,차대차 - 측면충돌,중앙선침범,건조,맑음,단일로 - 기타,승용,남,59세,상해없음,승용,남,59세,경상
2023061300100305,2023년 6월 13일 14시,화요일,경상남도 함양군 함양읍,경상사고,0,0,1,0,차대사람 - 기타,안전운전불이행,건조,맑음,단일로 - 기타,승용,여,72세,상해없음,보행자,남,62세,경상
2023061300100339,2023년 6월 13일 15시,화요일,경상남도 진주시 칠암동,중상사고,0,1,0,0,차대차 - 기타,신호위반,건조,맑음,단일로 - 기타,승용,남,79세,상해없음,자전거,남,45세,중상
2023061300100340,2023년 6월 13일 15시,화요일,경상남도 밀양시 삼문동,중상사고,0,1,0,0,차대차 - 측면충돌,안전운전불이행,건조,맑음,교차로 - 교차로안,화물,남,60세,상해없음,자전거,남,63세,중상
2023061300100341,2023년 6월 13일 15시,화요일,경상남도 김해시 서상동,중상사고,0,1,0,0,차대사람 - 기타,안전운전불이행,건조,맑음,단일로 - 기타,화물,여,61세,상해없음,보행자,여,71세,중상
2023061300100383,2023년 6월 13일 16시,화요일,경상남도 통영시 미수동,중상사고,0,1,1,0,차대차 - 후진중충돌,안전운전불이행,건조,맑음,기타 - 기타,승용,남,51세,중상,승용,남,68세,경상
2023061300100384,2023년 6월 13일 16시,화요일,경상남도 양산시 동면,부상신고사고,0,0,0,1,차대차 - 추돌,안전거리미확보,건조,맑음,교차로 - 교차로안,이륜,남,16세,상해없음,승용,남,63세,상해없음
2023061300100385,2023년 6월 13일 16시,화요일,경상남도 창원시 의창구 팔용동,경상사고,0,0,1,0,차대차 - 기타,안전운전불이행,젖음/습기,비,교차로 - 교차로부근,승용,여,45세,상해없음,화물,남,34세,경상
2023061300100437,2023년 6월 13일 17시,화요일,경상남도 진주시 상대동,경상사고,0,0,1,0,차대사람 - 기타,안전운전불이행,건조,맑음,단일로 - 기타,승용,남,78세,상해없음,보행자,여,15세,경상
2023061300100438,2023년 6월 13일 17시,화요일,경상남도 진주시 금산면,경상사고,0,0,1,0,차대차 - 측면충돌,교차로운행방법위반,건조,맑음,교차로 - 교차로안,승용,남,35세,상해없음,승용,여,28세,경상
2023061300100439,2023년 6월 13일 17시,화요일,경상남도 창원시 진해구 자은동,경상사고,0,0,1,0,차대차 - 기타,안전운전불이행,건조,맑음,단일로 - 기타,승용,여,65세,상해없음,승용,여,33세,경상
2023061300100440,2023년 6월 13일 17시,화요일,경상남도 김해시 생림면,경상사고,0,0,3,0,차대차 - 추돌,안전거리미확보,건조,맑음,단일로 - 기타,승용,여,22세,경상,승용,남,28세,상해없음
2023061300100441,2023년 6월 13일 17시,화요일,경상남도 창녕군 계성면,중상사고,0,1,0,0,차량단독 - 기타,안전운전불이행,건조,맑음,단일로 - 기타,원동기,남,72세,중상,,,,
2023061300100442,2023년 6월 13일 17시,화요일,경상남도 창녕군 도천면,경상사고,0,0,1,0,차대차 - 측면충돌,안전운전불이행,건조,맑음,단일로 - 기타,화물,남,72세,상해없음,농기계,남,40세,경상
2023061300100443,2023년 6월 13일 17시,화요일,경상남도 남해군 상주면,중상사고,0,1,0,0,차대차 - 측면충돌,안전운전불이행,건조,맑음,단일로 - 기타,화물,남,53세,상해없음,화물,남,30세,중상
2023061300100497,2023년 6월 13일 18시,화요일,경상남도 거창군 거창읍,중상사고,0,1,0,0,차대사람 - 횡단중,보행자보호의무위반,건조,맑음,교차로 - 교차로안,승용,남,58세,상해없음,보행자,남,51세,중상
2023061300100498,2023년 6월 13일 18시,화요일,경상남도 창원시 의창구 중동,경상사고,0,0,2,0,차대차 - 후진중충돌,안전운전불이행,건조,맑음,단일로 - 기타,화물,남,54세,상해없음,승용,여,26세,경상
2023061300100535,2023년 6월 13일 19시,화요일,경상남도 거제시 사등면,중상사고,0,2,0,0,차대차 - 기타,직진우회전진행방해,건조,맑음,교차로 - 교차로안,승용,남,56세,상해없음,이륜,남,44세,중상
2023061300100559,2023년 6월 13일 20시,화요일,경상남도 창원시 성산구 대방동,중상사고,0,1,0,0,차대사람 - 기타,보행자보호의무위반,건조,맑음,기타 - 기타,승용,남,30세,상해없음,보행자,남,11세,중상
2023061300100585,2023년 6월 13일 21시,화요일,경상남도 거창군 북상면,중상사고,0,1,0,0,차량단독 - 공작물충돌,안전운전불이행,건조,맑음,단일로 - 기타,승용,남,70세,중상,,,,
2023061300100586,2023년 6월 13일 21시,화요일,경상남도 창원시 의창구 사림동,경상사고,0,0,1,0,차대차 - 기타,안전운전불이행,건조,맑음,기타 - 기타,승용,여,55세,상해없음,승용,여,31세,경상
2023061400100045,2023년 6월 14일 06시,수요일,경상남도 김해시 삼방동,경상사고,0,0,1,0,차대차 - 측면충돌,안전운전불이행,건조,맑음,교차로 - 교차로안,화물,남,67세,상해없음,승용,남,56세,경상
2023061400100070,2023년 6월 14일 07시,수요일,경상남도 김해시 안동,중상사고,0,1,0,0,차대차 - 측면충돌,기타,건조,맑음,단일로 - 기타,승용,남,34세,상해없음,기타불명,남,72세,중상
2023061400100071,2023년 6월 14일 07시,수요일,경상남도 창원시 성산구 웅남동,중상사고,0,2,4,0,차대차 - 기타,신호위반,건조,맑음,교차로 - 교차로안,승용,남,33세,상해없음,승용,남,39세,중상
2023061400100072,2023년 6월 14일 07시,수요일,경상남도 창원시 의창구 팔용동,경상사고,0,0,1,1,차대차 - 추돌,안전거리미확보,건조,맑음,단일로 - 기타,승용,남,60세,부상신고,승용,남,38세,경상
2023061400100107,2023년 6월 14일 08시,수요일,경상남도 통영시 동호동,경상사고,0,0,1,0,차대차 - 측면충돌,직진우회전진행방해,건조,맑음,교차로 - 교차로안,화물,남,70세,상해없음,승용,여,35세,경상
2023061400100108,2023년 6월 14일 08시,수요일,경상남도 창원시 의창구 대산면,경상사고,0,0,1,0,차대차 - 측면충돌,신호위반,건조,맑음,교차로 - 교차로안,승용,남,48세,상해없음,승용,여,50세,경상
2023061400100110,2023년 6월 14일 08시,수요일,경상남도 김해시 진례면,중상사고,0,1,0,0,차대차 - 측면충돌,교차로운행방법위반,건조,맑음,교차로 - 교차로안,화물,남,60세,상해없음,승용,남,27세,중상
2023061400100219,2023년 6월 14일 11시,수요일,경상남도 양산시 물금읍,중상사고,0,1,0,0,차대차 - 측면충돌,안전거리미확보,건조,맑음,단일로 - 기타,승용,여,38세,상해없음,이륜,남,23세,중상
2023061400100220,2023년 6월 14일 11시,수요일,경상남도 창원시 의창구 서상동,중상사고,0,1,0,0,차대차 - 측면충돌,차로위반,건조,맑음,교차로 - 교차로부근,승용,남,26세,상해없음,승용,여,74세,중상
2023061400100286,2023년 6월 14일 13시,수요일,경상남도 거창군 거창읍,중상사고,0,1,0,0,차대차 - 측면충돌,기타,건조,맑음,교차로 - 교차로안,승용,여,60세,상해없음,원동기,여,52세,중상
2023061400100287,2023년 6월 14일 13시,수요일,경상남도 함양군 백전면,중상사고,0,1,0,0,차대사람 - 길가장자리구역통행중,안전운전불이행,건조,맑음,단일로 - 기타,화물,남,71세,상해없음,보행자,여,84세,중상
2023061400100316,2023년 6월 14일 14시,수요일,경상남도 통영시 당동,부상신고사고,0,0,0,1,차대사람 - 기타,안전운전불이행,건조,맑음,단일로 - 기타,화물,남,51세,상해없음,보행자,남,55세,부상신고
2023061400100317,2023년 6월 14일 14시,수요일,경상남도 함안군 가야읍,중상사고,0,1,0,0,차대차 - 기타,안전운전불이행,건조,맑음,단일로 - 기타,화물,남,51세,상해없음,원동기,남,70세,중상
2023061400100356,2023년 6월 14일 15시,수요일,경상남도 양산시 북정동,경상사고,0,0,2,0,차대차 - 추돌,안전운전불이행,건조,맑음,단일로 - 기타,화물,남,63세,상해없음,승용,여,55세,경상
2023061400100357,2023년 6월 14일 15시,수요일,경상남도 함안군 칠원읍,경상사고,0,0,3,0,차대차 - 추돌,안전거리미확보,젖음/습기,비,단일로 - 기타,특수,남,46세,상해없음,승용,여,58세,경상
2023061400100389,2023년 6월 14일 16시,수요일,경상남도 김해시 삼계동,경상사고,0,0,1,0,차대차 - 정면충돌,신호위반,건조,맑음,교차로 - 교차로안,승용,여,74세,상해없음,승용,남,65세,경상
2023061400100437,2023년 6월 14일 17시,수요일,경상남도 양산시 물금읍,경상사고,0,0,1,0,차대차 - 추돌,안전운전불이행,건조,맑음,교차로 - 교차로안,승용,남,33세,상해없음,승용,남,42세,경상