사고번호,사고일시,요일,시군구,사고내용,사망자수,중상자수,경상자수,부상신고자수,사고유형,법규위반,노면상태,기상상태,도로형태,가해운전자 차종,가해운전자 성별,가해운전자 연령,가해운전자 상해정도,피해운전자 차종,피해운전자 성별,피해운전자 연령,피해운전자 상해정도
2023062200100368,2023년 6월 22일 16시,목요일,경상남도 창원시 성산구 상남동,부상신고사고,0,0,0,1,차대차 - 측면충돌,안전운전불이행,건조,맑음,교차로 - 교차로안,승용,남,29세,상해없음,승용,남,31세,부상신고
2023062200100369,2023년 6월 22일 16시,목요일,경상남도 김해시 대청동,경상사고,0,0,1,0,차대차 - 측면충돌,안전거리미확보,건조,맑음,단일로 - 기타,승용,여,59세,상해없음,승용,남,62세,경상
2023062200100410,2023년 6월 22일 17시,목요일,경상남도 진주시 망경동,중상사고,0,1,0,0,차대사람 - 횡단중,보행자보호의무위반,건조,맑음,단일로 - 기타,승용,남,61세,상해없음,보행자,여,67세,중상
2023062200100411,2023년 6월 22일 17시,목요일,경상남도 창원시 진해구 태백동,경상사고,0,0,1,0,차량단독 - 공작물충돌,안전운전불이행,건조,맑음,단일로 - 기타,화물,남,52세,경상,,,,
2023062200100412,2023년 6월 22일 17시,목요일,경상남도 김해시 동상동,중상사고,0,1,0,0,차대차 - 측면충돌,안전운전불이행,건조,맑음,교차로 - 교차로안,이륜,남,50세,중상,승용,남,56세,상해없음
2023062200100413,2023년 6월 22일 17시,목요일,경상남도 김해시 삼계동,경상사고,0,0,1,0,차대차 - 추돌,안전운전불이행,건조,맑음,단일로 - 기타,화물,남,65세,상해없음,승용,여,60세,경상
2023062200100414,2023년 6월 22일 17시,목요일,경상남도 양산시 물금읍,중상사고,0,1,0,0,차대차 - 측면충돌,안전운전불이행,건조,맑음,단일로 - 기타,화물,남,41세,상해없음,자전거,여,64세,중상
2023062200100472,2023년 6월 22일 18시,목요일,경상남도 진주시 일반성면,사망사고,1,0,0,0,차량단독 - 기타,안전운전불이행,건조,맑음,단일로 - 기타,승용,남,42세,사망,,,,
2023062200100473,2023년 6월 22일 18시,목요일,경상남도 통영시 광도면,경상사고,0,0,1,0,차대차 - 추돌,안전거리미확보,건조,맑음,교차로 - 교차로부근,자전거,남,72세,경상,승용,남,39세,상해없음
2023062200100474,2023년 6월 22일 18시,목요일,경상남도 창원시 성산구 신촌동,경상사고,0,0,1,0,차대사람 - 차도통행중,안전운전불이행,건조,맑음,단일로 - 기타,승용,여,42세,상해없음,보행자,남,11세,경상
2023062200100475,2023년 6월 22일 18시,목요일,경상남도 김해시 주촌면,중상사고,0,1,0,0,차대차 - 기타,교차로운행방법위반,건조,맑음,교차로 - 교차로안,승용,남,28세,상해없음,개인형이동수단(PM),여,41세,중상
2023062200100508,2023년 6월 22일 19시,목요일,경상남도 진주시 신안동,경상사고,0,0,1,0,차대사람 - 길가장자리구역통행중,안전운전불이행,건조,맑음,단일로 - 기타,승용,남,52세,상해없음,보행자,남,80세,경상
2023062200100533,2023년 6월 22일 20시,목요일,경상남도 김해시 진영읍,경상사고,0,0,2,0,차대차 - 추돌,안전운전불이행,건조,맑음,교차로 - 교차로부근,승용,남,54세,기타불명,승용,남,62세,경상
2023062200100577,2023년 6월 22일 22시,목요일,경상남도 창원시 의창구 명서동,중상사고,0,1,0,0,차대사람 - 횡단중,안전운전불이행,건조,맑음,교차로 - 교차로횡단보도내,승용,남,18세,상해없음,보행자,남,58세,중상
2023062200100600,2023년 6월 22일 23시,목요일,경상남도 진주시 충무공동,중상사고,0,1,0,0,차량단독 - 전도전복 - 전도,안전운전불이행,건조,맑음,단일로 - 기타,이륜,남,16세,상해없음,,,,
2023062300100065,2023년 6월 23일 07시,금요일,경상남도 창원시 의창구 팔용동,경상사고,0,0,2,0,차대차 - 추돌,안전거리미확보,건조,맑음,단일로 - 기타,승용,남,64세,상해없음,승용,여,61세,경상
2023062300100066,2023년 6월 23일 07시,금요일,경상남도 김해시 신문동,중상사고,0,2,0,0,차대차 - 정면충돌,안전운전불이행,건조,맑음,교차로 - 교차로안,승용,여,61세,중상,승용,남,43세,중상
2023062300100108,2023년 6월 23일 08시,금요일,경상남도 거제시 사등면,중상사고,0,1,0,0,차대사람 - 차도통행중,안전운전불이행,건조,맑음,기타 - 기타,승용,남,54세,상해없음,보행자,여,84세,중상
2023062300100142,2023년 6월 23일 09시,금요일,경상남도 함안군 여항면,중상사고,0,1,0,0,차량단독 - 공작물충돌,안전운전불이행,건조,맑음,기타 - 기타,승용,여,72세,상해없음,,,,
2023062300100143,2023년 6월 23일 09시,금요일,경상남도 창원시 의창구 동읍,중상사고,0,1,0,0,차대차 - 정면충돌,중앙선침범,건조,맑음,교차로 - 교차로부근,승용,여,49세,상해없음,승용,여,50세,중상
2023062300100144,2023년 6월 23일 09시,금요일,경상남도 창원시 의창구 북면,경상사고,0,0,1,0,차대차 - 추돌,안전운전불이행,건조,맑음,단일로 - 기타,승용,여,43세,상해없음,승용,여,79세,경상
2023062300100179,2023년 6월 23일 10시,금요일,경상남도 창원시 진해구 풍호동,경상사고,0,0,1,0,차대차 - 측면충돌,안전운전불이행,건조,맑음,교차로 - 교차로부근,승용,남,42세,상해없음,승용,여,41세,경상
2023062300100180,2023년 6월 23일 10시,금요일,경상남도 창원시 진해구 장천동,경상사고,0,0,1,0,차대차 - 측면충돌,안전운전불이행,건조,맑음,교차로 - 교차로안,특수,남,51세,상해없음,승용,남,53세,경상
2023062300100181,2023년 6월 23일 10시,금요일,경상남도 사천시 사천읍,중상사고,0,1,0,0,차대차 - 기타,안전운전불이행,건조,맑음,단일로 - 기타,승용,남,69세,상해없음,자전거,남,83세,중상
2023062300100182,2023년 6월 23일 10시,금요일,경상남도 양산시 물금읍,경상사고,0,0,1,0,차대차 - 측면충돌,안전운전불이행,건조,맑음,교차로 - 교차로안,승용,여,36세,상해없음,자전거,남,33세,경상
2023062300100219,2023년 6월 23일 11시,금요일,경상남도 밀양시 산외면,경상사고,0,0,1,0,차대차 - 측면충돌,신호위반,건조,맑음,교차로 - 교차로안,건설기계,남,53세,상해없음,화물,남,71세,경상
2023062300100220,2023년 6월 23일 11시,금요일,경상남도 양산시 물금읍,중상사고,0,1,0,0,차대차 - 기타,신호위반,건조,맑음,교차로 - 교차로안,승용,여,27세,상해없음,승용,남,69세,상해없음
2023062300100221,2023년 6월 23일 11시,금요일,경상남도 산청군 산청읍,경상사고,0,0,2,0,차대차 - 측면충돌,교차로운행방법위반,건조,맑음,교차로 - 교차로안,승용,여,67세,경상,승용,여,58세,경상
2023062300100248,2023년 6월 23일 12시,금요일,경상남도 창원시 마산합포구 월남동5가,중상사고,0,1,0,0,차대차 - 측면충돌,안전거리미확보,건조,맑음,단일로 - 기타,승용,남,56세,상해없음,이륜,남,43세,중상
2023062300100249,2023년 6월 23일 12시,금요일,경상남도 사천시 사남면,경상사고,0,0,1,0,차대차 - 측면충돌,안전운전불이행,건조,맑음,단일로 - 지하차도(도로)내,승용,남,28세,상해없음,승용,남,31세,경상
2023062300100250,2023년 6월 23일 12시,금요일,경상남도 밀양시 삼문동,중상사고,0,1,0,0,차대차 - 기타,신호위반,건조,맑음,교차로 - 교차로안,이륜,남,49세,중상,승용,남,71세,상해없음
2023062300100251,2023년 6월 23일 12시,금요일,경상남도 합천군 합천읍,중상사고,0,1,0,0,차대사람 - 차도통행중,안전운전불이행,건조,맑음,단일로 - 기타,승용,여,64세,상해없음,보행자,남,83세,중상
2023062300100252,2023년 6월 23일 12시,금요일,경상남도 거제시 옥포동,경상사고,0,0,1,0,차대차 - 추돌,안전거리미확보,건조,맑음,단일로 - 기타,승용,남,63세,상해없음,이륜,남,48세,경상
2023062300100289,2023년 6월 23일 13시,금요일,경상남도 사천시 선구동,경상사고,0,0,1,0,차대차 - 측면충돌,신호위반,건조,맑음,교차로 - 교차로부근,이륜,남,71세,경상,승용,여,48세,상해없음
2023062300100333,2023년 6월 23일 14시,금요일,경상남도 창원시 성산구 귀산동,경상사고,0,0,2,0,차대차 - 추돌,안전운전불이행,건조,맑음,기타 - 기타,화물,남,60세,기타불명,승용,여,58세,경상
2023062300100369,2023년 6월 23일 15시,금요일,경상남도 통영시 산양읍,경상사고,0,0,11,0,차대차 - 측면충돌,중앙선침범,건조,맑음,단일로 - 기타,승합,남,47세,상해없음,승합,남,41세,경상
2023062300100370,2023년 6월 23일 15시,금요일,경상남도 고성군 고성읍,중상사고,0,1,0,0,차대사람 - 횡단중,보행자보호의무위반,건조,맑음,단일로 - 기타,승용,남,75세,상해없음,보행자,여,65세,중상
2023062300100371,2023년 6월 23일 15시,금요일,경상남도 김해시 풍유동,중상사고,0,2,2,0,차대차 - 추돌,안전거리미확보,건조,맑음,단일로 - 기타,승용,여,31세,상해없음,승용,남,50세,경상
2023062300100394,2023년 6월 23일 16시,금요일,경상남도 밀양시 상동면,경상사고,0,0,5,0,차대차 - 추돌,안전거리미확보,건조,맑음,단일로 - 터널,화물,남,63세,상해없음,승용,남,31세,경상
2023062300100410,2023년 6월 23일 16시,금요일,경상남도 밀양시 내이동,경상사고,0,0,2,0,차대차 - 측면충돌,교차로운행방법위반,건조,맑음,교차로 - 교차로안,화물,남,40세,상해없음,승용,남,40세,경상
2023062300100411,2023년 6월 23일 16시,금요일,경상남도 고성군 고성읍,중상사고,0,1,0,0,차대사람 - 횡단중,보행자보호의무위반,건조,맑음,교차로 - 교차로횡단보도내,화물,남,31세,상해없음,보행자,여,72세,중상
2023062300100457,2023년 6월 23일 17시,금요일,경상남도 창원시 마산합포구 중앙동2가,중상사고,0,1,0,0,차대차 - 측면충돌,안전운전불이행,건조,맑음,교차로 - 교차로안,승용,남,69세,상해없음,이륜,남,37세,중상
2023062300100458,2023년 6월 23일 17시,금요일,경상남도 진주시 평거동,경상사고,0,0,1,0,차대차 - 측면충돌,신호위반,건조,맑음,교차로 - 교차로안,승용,여,43세,상해없음,이륜,남,29세,경상
2023062300100459,2023년 6월 23일 17시,금요일,경상남도 창원시 진해구 자은동,경상사고,0,0,2,0,차대차 - 정면충돌,안전운전불이행,건조,맑음,교차로 - 교차로부근,승용,여,20세,상해없음,승용,여,42세,경상
2023062300100460,2023년 6월 23일 17시,금요일,경상남도 양산시 중부동,경상사고,0,0,2,0,차대차 - 측면충돌,안전운전불이행,건조,맑음,교차로 - 교차로안,승용,여,72세,상해없음,승용,여,54세,경상
2023062300100461,2023년 6월 23일 17시,금요일,경상남도 거제시 옥포동,중상사고,0,1,1,0,차대차 - 기타,중앙선침범,건조,맑음,단일로 - 기타,승용,남,62세,중상,승용,여,44세,경상
2023062300100462,2023년 6월 23일 17시,금요일,경상남도 창원시 성산구 반지동,중상사고,0,1,0,0,차대사람 - 횡단중,안전운전불이행,건조,맑음,기타 - 기타,승용,여,25세,상해없음,보행자,여,57세,중상
2023062300100524,2023년 6월 23일 18시,금요일,경상남도 창원시 진해구 자은동,경상사고,0,0,1,0,차대사람 - 기타,안전운전불이행,건조,맑음,단일로 - 기타,승용,여,46세,상해없음,보행자,남,77세,경상
2023062300100525,2023년 6월 23일 18시,금요일,경상남도 사천시 사천읍,경상사고,0,0,2,0,차대차 - 측면충돌,교차로운행방법위반,건조,맑음,교차로 - 교차로안,승용,여,71세,경상,화물,남,53세,경상
2023062300100526,2023년 6월 23일 18시,금요일,경상남도 사천시 동금동,중상사고,0,1,0,0,차대차 - 측면충돌,안전거리미확보,건조,맑음,단일로 - 기타,승용,여,52세,상해없음,자전거,남,79세,중상
2023062300100527,2023년 6월 23일 18시,금요일,경상남도 김해시 관동동,경상사고,0,0,1,0,차대차 - 기타,안전운전불이행,건조,맑음,단일로 - 기타,승용,여,52세,경상,화물,남,38세,기타불명
2023062300100604,2023년 6월 23일 20시,금요일,경상남도 함안군 칠원읍,경상사고,0,0,2,0,차대차 - 측면충돌,안전운전불이행,건조,맑음,교차로 - 교차로안,승용,남,35세,상해없음,승용,남,28세,경상
2023062300100648,2023년 6월 23일 22시,금요일,경상남도 밀양시 상남면,중상사고,0,2,0,0,차대차 - 측면충돌,신호위반,건조,맑음,교차로 - 교차로안,승용,남,22세,상해없음,승용,남,20세,중상
2023062300100669,2023년 6월 23일 23시,금요일,경상남도 거제시 사등면,경상사고,0,0,1,0,차량단독 - 전도전복 - 전도,안전운전불이행,젖음/습기,비,단일로 - 기타,이륜,남,44세,경상,,,,
2023062300100670,2023년 6월 23일 23시,금요일,경상남도 창원시 성산구 상남동,부상신고사고,0,0,0,1,차대사람 - 차도통행중,안전운전불이행,건조,맑음,단일로 - 기타,승용,여,46세,상해없음,보행자,여,58세,부상신고
2023062400100008,2023년 6월 24일 00시,토요일,경상남도 고성군 대가면,중상사고,0,1,0,0,차량단독 - 공작물충돌,안전운전불이행,건조,맑음,교차로 - 교차로안,승용,여,65세,중상,,,,
2023062400100020,2023년 6월 24일 02시,토요일,경상남도 김해시 관동동,경상사고,0,0,1,0,차대차 - 추돌,안전운전불이행,건조,맑음,단일로 - 기타,승용,남,55세,경상,승합,남,57세,상해없음
2023062400100110,2023년 6월 24일 09시,토요일,경상남도 사천시 벌리동,중상사고,0,1,2,0,차대차 - 측면충돌,안전운전불이행,건조,맑음,교차로 - 교차로안,승용,남,74세,경상,승용,남,49세,경상
2023062400100111,2023년 6월 24일 09시,토요일,경상남도 함양군 지곡면,부상신고사고,0,0,0,1,차대차 - 기타,안전운전불이행,건조,맑음,단일로 - 기타,이륜,남,79세,부상신고,화물,남,54세,상해없음
2023062400100140,2023년 6월 24일 10시,토요일,경상남도 진주시 중안동,경상사고,0,0,1,0,차대차 - 정면충돌,안전운전불이행,건조,맑음,교차로 - 교차로안,승용,남,56세,상해없음,승용,남,50세,경상
2023062400100141,2023년 6월 24일 10시,토요일,경상남도 통영시 항남동,경상사고,0,0,1,0,차대사람 - 차도통행중,안전운전불이행,건조,맑음,기타 - 기타,승용,남,74세,상해없음,보행자,남,41세,경상
2023062400100142,2023년 6월 24일 10시,토요일,경상남도 양산시 평산동,중상사고,0,1,0,0,차대사람 - 차도통행중,보행자보호의무위반,건조,맑음,교차로 - 교차로안,승용,여,39세,상해없음,보행자,여,62세,중상
2023062400100143,2023년 6월 24일 10시,토요일,경상남도 양산시 북부동,중상사고,0,1,0,0,차대사람 - 기타,안전운전불이행,건조,맑음,단일로 - 기타,승용,남,74세,상해없음,보행자,남,71세,중상
2023062400100183,2023년 6월 24일 11시,토요일,경상남도 김해시 외동,경상사고,0,0,1,0,차대차 - 측면충돌,안전거리미확보,건조,맑음,교차로 - 교차로안,승용,남,56세,상해없음,이륜,남,45세,경상
2023062400100185,2023년 6월 24일 11시,토요일,경상남도 거제시 고현동,중상사고,0,1,0,0,차대차 - 기타,기타,건조,맑음,단일로 - 기타,승용,남,40세,상해없음,자전거,남,40세,중상
2023062400100186,2023년 6월 24일 11시,토요일,경상남도 김해시 한림면,중상사고,0,1,2,0,차대차 - 기타,기타,건조,맑음,단일로 - 기타,화물,남,57세,상해없음,승용,남,55세,중상
2023062400100223,2023년 6월 24일 12시,토요일,경상남도 김해시 외동,경상사고,0,0,1,0,차대차 - 추돌,안전운전불이행,건조,맑음,단일로 - 기타,승용,남,28세,상해없음,승용,남,36세,경상
2023062400100224,2023년 6월 24일 12시,토요일,경상남도 진주시 정촌면,경상사고,0,0,1,0,차대차 - 측면충돌,안전거리미확보,건조,맑음,단일로 - 기타,승용,여,36세,상해없음,승용,여,29세,경상
2023062400100261,2023년 6월 24일 13시,토요일,경상남도 고성군 삼산면,경상사고,0,0,1,0,차량단독 - 전도전복 - 전도,안전운전불이행,건조,맑음,단일로 - 기타,승용,남,55세,경상,,,,
2023062400100312,2023년 6월 24일 14시,토요일,경상남도 양산시 동면,경상사고,0,0,1,0,차대차 - 추돌,안전운전불이행,건조,맑음,단일로 - 기타,이륜,남,21세,상해없음,승용,여,48세,경상
2023062400100313,2023년 6월 24일 14시,토요일,경상남도 창원시 의창구 도계동,경상사고,0,0,1,0,차대차 - 측면충돌,안전거리미확보,건조,맑음,기타 - 기타,승용,남,64세,상해없음,이륜,남,34세,경상
2023062400100387,2023년 6월 24일 16시,토요일,경상남도 김해시 삼방동,중상사고,0,1,0,0,차대사람 - 횡단중,보행자보호의무위반,건조,맑음,교차로 - 교차로횡단보도내,승용,남,49세,상해없음,보행자,남,49세,중상
2023062400100388,2023년 6월 24일 16시,토요일,경상남도 김해시 내동,부상신고사고,0,0,0,1,차대차 - 정면충돌,안전운전불이행,건조,맑음,교차로 - 교차로안,개인형이동수단(PM),남,22세,부상신고,승용,남,56세,상해없음
2023062400100390,2023년 6월 24일 16시,토요일,경상남도 창원시 마산회원구 내서읍,중상사고,0,1,0,0,차대차 - 기타,안전운전불이행,건조,맑음,단일로 - 기타,승합,남,49세,상해없음,승용,남,77세,중상
2023062400100391,2023년 6월 24일 16시,토요일,경상남도 김해시 대청동,경상사고,0,0,1,5,차대차 - 추돌,안전운전불이행,건조,맑음,단일로 - 고가도로위,승용,남,27세,부상신고,승용,남,63세,부상신고
2023062400100432,2023년 6월 24일 17시,토요일,경상남도 밀양시 상남면,사망사고,1,0,4,0,차대차 - 추돌,교차로운행방법위반,건조,맑음,교차로 - 교차로안,화물,남,66세,경상,승합,남,56세,경상
2023062400100460,2023년 6월 24일 18시,토요일,경상남도 창녕군 창녕읍,중상사고,0,1,1,0,차대차 - 기타,중앙선침범,건조,맑음,단일로 - 기타,원동기,남,32세,경상,원동기,남,50세,중상
2023062400100487,2023년 6월 24일 19시,토요일,경상남도 김해시 봉황동,중상사고,0,1,0,0,차대차 - 측면충돌,신호위반,건조,맑음,교차로 - 교차로횡단보도내,원동기,남,32세,상해없음,자전거,여,68세,중상
2023062400100514,2023년 6월 24일 20시,토요일,경상남도 창녕군 대지면,경상사고,0,0,2,0,차대차 - 기타,신호위반,건조,흐림,교차로 - 교차로안,승용,여,61세,경상,승용,남,56세,경상
2023062400100542,2023년 6월 24일 21시,토요일,경상남도 진주시 판문동,중상사고,0,1,0,0,차대차 - 정면충돌,신호위반,건조,맑음,교차로 - 교차로안,승용,남,42세,상해없음,자전거,남,13세,중상
2023062400100543,2023년 6월 24일 21시,토요일,경상남도 양산시 남부동,경상사고,0,0,4,0,차대차 - 정면충돌,교차로운행방법위반,건조,맑음,교차로 - 교차로안,승용,남,49세,상해없음,승용,남,27세,경상
2023062400100583,2023년 6월 24일 23시,토요일,경상남도 양산시 물금읍,경상사고,0,0,1,0,차대차 - 측면충돌,안전운전불이행,건조,맑음,교차로 - 교차로안,개인형이동수단(PM),남,14세,상해없음,승용,남,31세,상해없음
2023062500100043,2023년 6월 25일 04시,일요일,경상남도 남해군 남해읍,부상신고사고,0,0,0,1,차대차 - 측면충돌,안전운전불이행,건조,맑음,교차로 - 교차로안,승용,여,23세,부상신고,승용,남,23세,상해없음
2023062500100073,2023년 6월 25일 08시,일요일,경상남도 사천시 축동면,경상사고,0,0,1,0,차대차 - 추돌,안전운전불이행,건조,맑음,단일로 - 기타,승용,남,26세,상해없음,승용,남,54세,경상
2023062500100074,2023년 6월 25일 08시,일요일,경상남도 김해시 지내동,부상신고사고,0,0,0,2,차대차 - 측면충돌,안전운전불이행,건조,맑음,기타 - 기타,승용,남,27세,상해없음,승용,남,56세,부상신고
2023062500100089,2023년 6월 25일 09시,일요일,경상남도 합천군 합천읍,중상사고,0,1,0,0,차대차 - 측면충돌,신호위반,건조,맑음,단일로 - 교량,이륜,남,61세,중상,승용,남,57세,상해없음
2023062500100102,2023년 6월 25일 10시,일요일,경상남도 양산시 물금읍,경상사고,0,0,1,0,차대차 - 기타,안전운전불이행,건조,흐림,기타 - 기타,자전거,남,8세,경상,승용,남,59세,기타불명
2023062500100258,2023년 6월 25일 16시,일요일,경상남도 밀양시 삼문동,경상사고,0,0,1,0,차대차 - 추돌,안전운전불이행,건조,맑음,교차로 - 교차로부근,승용,남,46세,상해없음,이륜,남,28세,경상
2023062500100259,2023년 6월 25일 16시,일요일,경상남도 김해시 한림면,부상신고사고,0,0,0,1,차대차 - 측면충돌,신호위반,젖음/습기,비,교차로 - 교차로안,원동기,남,30세,부상신고,화물,남,51세,상해없음
2023062500100310,2023년 6월 25일 18시,일요일,경상남도 통영시 중앙동,경상사고,0,0,1,0,차대차 - 추돌,안전운전불이행,젖음/습기,비,교차로 - 교차로안,승용,남,67세,상해없음,승용,남,31세,경상
2023062500100311,2023년 6월 25일 18시,일요일,경상남도 밀양시 삼문동,중상사고,0,1,0,0,차대차 - 기타,교차로운행방법위반,젖음/습기,비,교차로 - 교차로안,승용,남,25세,상해없음,이륜,남,28세,중상
2023062500100312,2023년 6월 25일 18시,일요일,경상남도 양산시 남부동,경상사고,0,0,3,0,차대차 - 측면충돌,기타,젖음/습기,비,교차로 - 교차로안,이륜,남,24세,경상,승용,남,38세,경상
2023062500100313,2023년 6월 25일 18시,일요일,경상남도 김해시 진영읍,부상신고사고,0,0,0,1,차량단독 - 도로외이탈 - 추락,안전운전불이행,젖음/습기,비,교차로 - 교차로부근,승용,남,42세,부상신고,,,,
2023062500100368,2023년 6월 25일 20시,일요일,경상남도 통영시 정량동,경상사고,0,0,2,0,차대차 - 기타,안전운전불이행,젖음/습기,비,단일로 - 기타,승용,남,63세,상해없음,승용,남,47세,상해없음
2023062500100369,2023년 6월 25일 20시,일요일,경상남도 사천시 사천읍,경상사고,0,0,2,0,차대차 - 측면충돌,안전운전불이행,젖음/습기,맑음,단일로 - 기타,승용,남,59세,상해없음,승용,남,53세,경상
2023062500100370,2023년 6월 25일 20시,일요일,경상남도 고성군 고성읍,경상사고,0,0,1,0,차대차 - 측면충돌,중앙선침범,젖음/습기,비,교차로 - 교차로부근,승용,남,49세,상해없음,화물,남,53세,경상
2023062500100371,2023년 6월 25일 20시,일요일,경상남도 창원시 의창구 중동,중상사고,0,1,0,0,차대사람 - 길가장자리구역통행중,안전운전불이행,젖음/습기,비,교차로 - 교차로부근,승용,남,51세,상해없음,보행자,여,67세,중상
2023062600100023,2023년 6월 26일 04시,월요일,경상남도 창원시 성산구 사파동,중상사고,0,1,0,0,차대사람 - 횡단중,신호위반,젖음/습기,비,교차로 - 교차로안,이륜,남,27세,상해없음,보행자,여,63세,중상
2023062600100036,2023년 6월 26일 06시,월요일,경상남도 양산시 물금읍,중상사고,0,1,0,0,차대차 - 정면충돌,신호위반,젖음/습기,비,교차로 - 교차로안,승용,여,54세,상해없음,이륜,남,40세,중상
2023062600100037,2023년 6월 26일 06시,월요일,경상남도 거제시 장평동,부상신고사고,0,0,0,1,차대사람 - 횡단중,보행자보호의무위반,건조,맑음,교차로 - 교차로횡단보도내,승용,남,62세,상해없음,보행자,남,73세,부상신고
2023062600100059,2023년 6월 26일 07시,월요일,경상남도 창원시 진해구 청안동,경상사고,0,0,2,0,차대차 - 측면충돌,안전운전불이행,건조,맑음,단일로 - 기타,승합,남,51세,상해없음,승용,여,45세,경상
2023062600100060,2023년 6월 26일 07시,월요일,경상남도 밀양시 내이동,경상사고,0,0,2,0,차대차 - 측면충돌,신호위반,젖음/습기,비,교차로 - 교차로안,화물,남,55세,상해없음,승용,남,61세,경상
2023062600100061,2023년 6월 26일 07시,월요일,경상남도 양산시 하북면,경상사고,0,0,1,0,차대차 - 정면충돌,신호위반,젖음/습기,비,교차로 - 교차로안,승용,여,64세,기타불명,승용,여,46세,경상
2023062600100062,2023년 6월 26일 07시,월요일,경상남도 거제시 사등면,경상사고,0,0,1,0,차대차 - 추돌,안전운전불이행,건조,맑음,단일로 - 기타,승용,남,33세,상해없음,승용,여,48세,경상
2023062600100106,2023년 6월 26일 08시,월요일,경상남도 김해시 외동,경상사고,0,0,1,0,차대사람 - 차도통행중,안전운전불이행,젖음/습기,비,교차로 - 교차로부근,승용,여,60세,상해없음,보행자,남,15세,경상
2023062600100107,2023년 6월 26일 08시,월요일,경상남도 거제시 사등면,부상신고사고,0,0,0,1,차대차 - 기타,안전거리미확보,젖음/습기,비,단일로 - 기타,이륜,남,72세,부상신고,승용,여,56세,상해없음
2023062600100108,2023년 6월 26일 08시,월요일,경상남도 남해군 창선면,중상사고,0,1,0,0,차대차 - 측면충돌,안전운전불이행,젖음/습기,흐림,단일로 - 기타,농기계,남,75세,중상,화물,남,78세,상해없음
2023062600100172,2023년 6월 26일 10시,월요일,경상남도 함양군 함양읍,사망사고,1,0,0,0,차대사람 - 횡단중,보행자보호의무위반,젖음/습기,비,단일로 - 기타,화물,여,70세,상해없음,보행자,여,71세,사망
2023062600100195,2023년 6월 26일 11시,월요일,경상남도 거제시 옥포동,경상사고,0,0,3,0,차대차 - 정면충돌,직진우회전진행방해,건조,맑음,교차로 - 교차로안,승용,여,63세,경상,승용,여,40세,경상
2023062600100196,2023년 6월 26일 11시,월요일,경상남도 함안군 군북면,중상사고,0,1,0,0,차대차 - 기타,안전운전불이행,건조,맑음,단일로 - 기타,화물,여,52세,상해없음,승용,남,45세,중상
2023062600100261,2023년 6월 26일 13시,월요일,경상남도 김해시 어방동,중상사고,0,1,3,1,차대차 - 기타,안전운전불이행,건조,흐림,단일로 - 기타,승용,여,49세,경상,승용,남,64세,경상
2023062600100262,2023년 6월 26일 13시,월요일,경상남도 창원시 의창구 도계동,경상사고,0,0,1,0,차대차 - 측면충돌,안전운전불이행,건조,맑음,단일로 - 기타,승용,여,40세,상해없음,자전거,남,76세,경상
2023062600100289,2023년 6월 26일 14시,월요일,경상남도 통영시 광도면,부상신고사고,0,0,0,1,차대차 - 측면충돌,직진우회전진행방해,건조,맑음,교차로 - 교차로안,화물,남,75세,상해없음,승용,남,35세,상해없음
2023062600100290,2023년 6월 26일 14시,월요일,경상남도 함안군 칠서면,경상사고,0,0,1,0,차대차 - 측면충돌,중앙선침범,건조,맑음,단일로 - 기타,특수,남,50세,기타불명,건설기계,남,46세,경상
2023062600100291,2023년 6월 26일 14시,월요일,경상남도 창원시 의창구 도계동,부상신고사고,0,0,0,1,차대차 - 측면충돌,차로위반,건조,맑음,단일로 - 기타,승용,남,51세,상해없음,이륜,남,73세,부상신고
2023062600100292,2023년 6월 26일 14시,월요일,경상남도 창원시 의창구 팔용동,경상사고,0,0,1,0,차대차 - 측면충돌,신호위반,젖음/습기,흐림,교차로 - 교차로안,화물,남,34세,상해없음,화물,남,74세,경상
2023062600100324,2023년 6월 26일 15시,월요일,경상남도 의령군 가례면,중상사고,0,1,0,0,차대차 - 추돌,안전운전불이행,건조,맑음,단일로 - 기타,건설기계,남,49세,기타불명,승용,남,76세,중상
2023062600100325,2023년 6월 26일 15시,월요일,경상남도 창원시 성산구 반지동,중상사고,0,1,0,0,차대사람 - 차도통행중,안전운전불이행,젖음/습기,비,교차로 - 교차로부근,승용,남,52세,상해없음,보행자,여,70세,중상
2023062600100361,2023년 6월 26일 16시,월요일,경상남도 김해시 흥동,경상사고,0,0,1,0,차대차 - 측면충돌,교차로운행방법위반,건조,맑음,교차로 - 교차로안,승용,여,32세,상해없음,승용,남,60세,경상
2023062600100397,2023년 6월 26일 17시,월요일,경상남도 거창군 가조면,중상사고,0,1,0,0,차대차 - 추돌,직진우회전진행방해,건조,맑음,교차로 - 교차로안,승용,여,22세,상해없음,원동기,남,76세,중상
2023062600100445,2023년 6월 26일 18시,월요일,경상남도 양산시 교동,경상사고,0,0,3,0,차대차 - 추돌,안전운전불이행,건조,맑음,단일로 - 기타,화물,남,28세,상해없음,승용,여,33세,경상
2023062600100468,2023년 6월 26일 19시,월요일,경상남도 사천시 동동,경상사고,0,0,1,0,차대차 - 측면충돌,교차로운행방법위반,젖음/습기,비,교차로 - 교차로안,승용,남,58세,상해없음,승용,남,47세,경상