사고번호,사고일시,요일,시군구,사고내용,사망자수,중상자수,경상자수,부상신고자수,사고유형,법규위반,노면상태,기상상태,도로형태,가해운전자 차종,가해운전자 성별,가해운전자 연령,가해운전자 상해정도,피해운전자 차종,피해운전자 성별,피해운전자 연령,피해운전자 상해정도
2023062600100525,2023년 6월 26일 21시,월요일,경상남도 진주시 정촌면,중상사고,0,1,0,0,차대사람 - 길가장자리구역통행중,안전운전불이행,젖음/습기,흐림,단일로 - 기타,승용,남,68세,상해없음,보행자,남,63세,중상
2023062600100544,2023년 6월 26일 22시,월요일,경상남도 밀양시 삼문동,경상사고,0,0,1,0,차대사람 - 기타,안전운전불이행,젖음/습기,비,단일로 - 기타,승합,남,66세,상해없음,보행자,남,23세,경상
2023062700100007,2023년 6월 27일 00시,화요일,경상남도 김해시 주촌면,경상사고,0,0,1,0,차대차 - 측면충돌,신호위반,젖음/습기,비,교차로 - 교차로부근,승용,여,21세,상해없음,화물,남,51세,경상
2023062700100055,2023년 6월 27일 07시,화요일,경상남도 진주시 상봉동,경상사고,0,0,1,0,차대사람 - 기타,안전운전불이행,건조,맑음,단일로 - 기타,승용,여,50세,상해없음,보행자,남,13세,경상
2023062700100094,2023년 6월 27일 08시,화요일,경상남도 함안군 군북면,중상사고,0,1,2,0,차대차 - 추돌,안전운전불이행,건조,맑음,교차로 - 교차로부근,승용,여,24세,경상,승용,남,60세,중상
2023062700100130,2023년 6월 27일 09시,화요일,경상남도 사천시 벌리동,중상사고,0,1,0,0,차대차 - 측면충돌,안전거리미확보,건조,맑음,단일로 - 기타,승용,여,50세,상해없음,승용,여,66세,중상
2023062700100131,2023년 6월 27일 09시,화요일,경상남도 창원시 마산회원구 양덕동,중상사고,0,1,0,0,차대차 - 측면충돌,신호위반,건조,맑음,교차로 - 교차로부근,화물,남,80세,상해없음,승용,여,58세,중상
2023062700100157,2023년 6월 27일 10시,화요일,경상남도 산청군 단성면,중상사고,0,1,0,0,차대차 - 정면충돌,중앙선침범,건조,맑음,단일로 - 기타,승용,남,80세,상해없음,승용,여,51세,중상
2023062700100158,2023년 6월 27일 10시,화요일,경상남도 산청군 시천면,경상사고,0,0,1,0,차대차 - 측면충돌,직진우회전진행방해,건조,맑음,교차로 - 교차로안,화물,남,68세,상해없음,승용,여,63세,경상
2023062700100189,2023년 6월 27일 11시,화요일,경상남도 사천시 사남면,중상사고,0,1,0,0,차대차 - 측면충돌,안전운전불이행,건조,맑음,기타 - 기타,화물,여,47세,상해없음,원동기,여,75세,중상
2023062700100190,2023년 6월 27일 11시,화요일,경상남도 하동군 하동읍,중상사고,0,1,0,0,차대차 - 측면충돌,안전운전불이행,건조,맑음,기타 - 기타,승용,남,65세,상해없음,자전거,남,52세,중상
2023062700100224,2023년 6월 27일 12시,화요일,경상남도 김해시 내동,경상사고,0,0,1,0,차대차 - 측면충돌,안전운전불이행,건조,맑음,교차로 - 교차로횡단보도내,승용,남,54세,상해없음,자전거,여,71세,경상
2023062700100225,2023년 6월 27일 12시,화요일,경상남도 양산시 평산동,중상사고,0,1,0,0,차대차 - 측면충돌,교차로운행방법위반,건조,맑음,단일로 - 기타,승용,여,51세,상해없음,원동기,남,53세,중상
2023062700100226,2023년 6월 27일 12시,화요일,경상남도 창원시 의창구 봉림동,중상사고,0,1,0,0,차대차 - 측면충돌,안전운전불이행,건조,맑음,교차로 - 교차로안,승용,여,33세,상해없음,이륜,남,54세,중상
2023062700100295,2023년 6월 27일 14시,화요일,경상남도 통영시 광도면,중상사고,0,1,0,0,차대차 - 기타,안전운전불이행,건조,맑음,단일로 - 기타,화물,남,36세,상해없음,승용,여,39세,상해없음
2023062700100296,2023년 6월 27일 14시,화요일,경상남도 김해시 내덕동,경상사고,0,0,1,0,차대차 - 측면충돌,직진우회전진행방해,건조,맑음,교차로 - 교차로안,승용,남,67세,상해없음,화물,남,64세,경상
2023062700100338,2023년 6월 27일 15시,화요일,경상남도 진주시 이현동,경상사고,0,0,1,0,차대차 - 측면충돌,중앙선침범,건조,맑음,단일로 - 기타,화물,남,72세,상해없음,화물,남,63세,경상
2023062700100339,2023년 6월 27일 15시,화요일,경상남도 고성군 회화면,중상사고,0,1,0,0,차대차 - 측면충돌,직진우회전진행방해,건조,맑음,교차로 - 교차로안,승용,여,59세,상해없음,승용,여,62세,중상
2023062700100363,2023년 6월 27일 16시,화요일,경상남도 사천시 사남면,중상사고,0,1,0,0,차대차 - 측면충돌,안전거리미확보,건조,맑음,단일로 - 기타,승용,남,55세,상해없음,자전거,남,47세,중상
2023062700100364,2023년 6월 27일 16시,화요일,경상남도 사천시 사천읍,경상사고,0,0,1,0,차대차 - 추돌,안전운전불이행,건조,맑음,교차로 - 교차로안,승용,남,23세,상해없음,승용,여,39세,경상
2023062700100365,2023년 6월 27일 16시,화요일,경상남도 김해시 대동면,중상사고,0,1,1,0,차대차 - 측면충돌,신호위반,건조,맑음,교차로 - 교차로안,승용,남,62세,상해없음,승용,여,79세,경상
2023062700100366,2023년 6월 27일 16시,화요일,경상남도 김해시 부곡동,중상사고,0,2,0,0,차대차 - 측면충돌,신호위반,건조,맑음,교차로 - 교차로안,승용,여,43세,중상,승용,여,60세,중상
2023062700100471,2023년 6월 27일 18시,화요일,경상남도 사천시 용현면,경상사고,0,0,1,0,차대차 - 기타,직진우회전진행방해,건조,맑음,교차로 - 교차로안,승용,남,37세,상해없음,승용,남,29세,경상
2023062700100533,2023년 6월 27일 20시,화요일,경상남도 진주시 칠암동,사망사고,1,0,0,0,차대사람 - 횡단중,안전운전불이행,건조,흐림,단일로 - 기타,승용,남,60세,상해없음,보행자,여,71세,사망
2023062700100534,2023년 6월 27일 20시,화요일,경상남도 통영시 도산면,경상사고,0,0,1,0,차대차 - 기타,신호위반,젖음/습기,비,교차로 - 교차로부근,승용,남,63세,상해없음,승용,남,59세,경상
2023062700100535,2023년 6월 27일 20시,화요일,경상남도 양산시 북부동,중상사고,0,1,0,0,차량단독 - 기타,안전운전불이행,건조,맑음,단일로 - 기타,승합,남,60세,상해없음,,,,
2023062700100536,2023년 6월 27일 20시,화요일,경상남도 창원시 성산구 용호동,경상사고,0,0,1,0,차대차 - 기타,안전운전불이행,젖음/습기,비,교차로 - 교차로안,기타불명,기타불명,미분류,기타불명,이륜,남,55세,경상
2023062700100561,2023년 6월 27일 21시,화요일,경상남도 김해시 삼정동,경상사고,0,0,2,0,차대차 - 추돌,안전거리미확보,젖음/습기,비,단일로 - 기타,승용,여,36세,상해없음,승용,남,29세,경상
2023062700100562,2023년 6월 27일 21시,화요일,경상남도 양산시 덕계동,경상사고,0,0,1,1,차대차 - 측면충돌,신호위반,젖음/습기,비,교차로 - 교차로안,이륜,남,48세,부상신고,승용,여,40세,경상
2023062700100588,2023년 6월 27일 22시,화요일,경상남도 양산시 남부동,경상사고,0,0,1,0,차대차 - 정면충돌,신호위반,젖음/습기,비,교차로 - 교차로안,승용,여,69세,상해없음,승용,남,25세,경상
2023062700100594,2023년 6월 27일 23시,화요일,경상남도 김해시 수가동,중상사고,0,1,0,0,차대차 - 추돌,기타,젖음/습기,비,단일로 - 기타,승용,남,60세,상해없음,화물,남,56세,상해없음
2023062700100600,2023년 6월 27일 23시,화요일,경상남도 거제시 고현동,경상사고,0,0,1,0,차대사람 - 횡단중,보행자보호의무위반,건조,맑음,교차로 - 교차로횡단보도내,이륜,남,35세,상해없음,보행자,남,44세,경상
2023062700100601,2023년 6월 27일 23시,화요일,경상남도 창원시 성산구 상남동,중상사고,0,1,0,0,차대사람 - 횡단중,보행자보호의무위반,젖음/습기,비,교차로 - 교차로안,승용,여,44세,상해없음,보행자,남,19세,중상
2023062700100602,2023년 6월 27일 23시,화요일,경상남도 창원시 의창구 대산면,경상사고,0,0,1,0,차대차 - 기타,신호위반,젖음/습기,비,교차로 - 교차로부근,승용,남,31세,상해없음,승용,남,26세,경상
2023062800100035,2023년 6월 28일 03시,수요일,경상남도 진주시 신안동,중상사고,0,1,0,0,차대차 - 추돌,중앙선침범,젖음/습기,비,단일로 - 기타,이륜,남,82세,중상,승용,남,69세,상해없음
2023062800100036,2023년 6월 28일 03시,수요일,경상남도 김해시 대성동,중상사고,0,1,0,0,차대사람 - 기타,기타,젖음/습기,비,단일로 - 기타,승용,남,36세,상해없음,보행자,남,61세,중상
2023062800100080,2023년 6월 28일 07시,수요일,경상남도 거제시 양정동,경상사고,0,0,1,0,차대차 - 기타,교차로운행방법위반,젖음/습기,비,교차로 - 교차로안,승용,여,42세,상해없음,승용,남,66세,경상
2023062800100081,2023년 6월 28일 07시,수요일,경상남도 김해시 내덕동,부상신고사고,0,0,0,1,차대사람 - 차도통행중,안전운전불이행,젖음/습기,흐림,단일로 - 기타,승용,남,56세,상해없음,보행자,여,15세,부상신고
2023062800100143,2023년 6월 28일 09시,수요일,경상남도 양산시 동면,경상사고,0,0,1,0,차대차 - 기타,안전운전불이행,건조,맑음,기타 - 기타,승용,여,46세,상해없음,승용,여,22세,경상
2023062800100171,2023년 6월 28일 10시,수요일,경상남도 창원시 마산회원구 내서읍,중상사고,0,1,0,0,차대차 - 추돌,신호위반,건조,맑음,교차로 - 교차로안,화물,남,40세,기타불명,승용,여,39세,중상
2023062800100201,2023년 6월 28일 11시,수요일,경상남도 밀양시 내이동,경상사고,0,0,1,0,차대차 - 측면충돌,중앙선침범,건조,맑음,교차로 - 교차로부근,승용,남,77세,경상,승용,여,49세,기타불명
2023062800100214,2023년 6월 28일 12시,수요일,경상남도 양산시 하북면,중상사고,0,1,0,0,차대차 - 기타,안전거리미확보,건조,맑음,단일로 - 기타,승용,남,28세,상해없음,화물,남,49세,중상
2023062800100230,2023년 6월 28일 12시,수요일,경상남도 김해시 관동동,경상사고,0,0,1,0,차대차 - 측면충돌,안전운전불이행,건조,맑음,단일로 - 기타,승용,여,36세,상해없음,승용,남,43세,경상
2023062800100259,2023년 6월 28일 13시,수요일,경상남도 합천군 대병면,경상사고,0,0,2,0,차대차 - 정면충돌,안전운전불이행,건조,맑음,단일로 - 기타,화물,남,69세,경상,승용,남,45세,경상
2023062800100285,2023년 6월 28일 14시,수요일,경상남도 창원시 마산합포구 완월동,경상사고,0,0,1,0,차대차 - 측면충돌,안전운전불이행,건조,맑음,교차로 - 교차로안,승용,남,78세,상해없음,승용,여,71세,경상
2023062800100286,2023년 6월 28일 14시,수요일,경상남도 김해시 삼문동,경상사고,0,0,1,0,차대차 - 기타,안전운전불이행,건조,맑음,교차로 - 교차로안,이륜,남,26세,기타불명,승용,여,48세,경상
2023062800100363,2023년 6월 28일 16시,수요일,경상남도 창원시 마산합포구 중앙동3가,경상사고,0,0,2,0,차대차 - 측면충돌,안전운전불이행,건조,맑음,교차로 - 교차로안,승용,여,64세,상해없음,승용,남,76세,경상
2023062800100404,2023년 6월 28일 17시,수요일,경상남도 창원시 성산구 성주동,중상사고,0,1,0,0,차대차 - 추돌,안전운전불이행,건조,맑음,단일로 - 기타,화물,남,42세,상해없음,승용,남,38세,중상
2023062800100405,2023년 6월 28일 17시,수요일,경상남도 창원시 마산회원구 회원동,부상신고사고,0,0,0,1,차대차 - 측면충돌,안전운전불이행,건조,맑음,교차로 - 교차로부근,승용,여,52세,상해없음,자전거,남,12세,부상신고
2023062800100406,2023년 6월 28일 17시,수요일,경상남도 창원시 의창구 팔용동,중상사고,0,1,0,0,차대차 - 측면충돌,교차로운행방법위반,건조,흐림,교차로 - 교차로안,승용,남,37세,상해없음,이륜,남,28세,중상
2023062800100407,2023년 6월 28일 17시,수요일,경상남도 김해시 진례면,경상사고,0,0,1,0,차대차 - 측면충돌,안전운전불이행,건조,맑음,단일로 - 기타,승용,남,49세,상해없음,승용,여,25세,경상
2023062800100517,2023년 6월 28일 20시,수요일,경상남도 창원시 의창구 명서동,경상사고,0,0,1,0,차대차 - 추돌,안전운전불이행,건조,맑음,교차로 - 교차로부근,승용,남,55세,상해없음,승합,남,44세,경상
2023062800100549,2023년 6월 28일 21시,수요일,경상남도 김해시 대청동,중상사고,0,1,0,0,차대차 - 정면충돌,안전운전불이행,건조,맑음,교차로 - 교차로안,승용,남,53세,상해없음,이륜,여,52세,중상
2023062800100558,2023년 6월 28일 22시,수요일,경상남도 양산시 동면,중상사고,0,1,0,0,차량단독 - 기타,기타,건조,맑음,단일로 - 기타,승용,남,62세,상해없음,,,,
2023062900100006,2023년 6월 29일 00시,목요일,경상남도 김해시 부원동,중상사고,0,1,1,0,차대차 - 추돌,기타,건조,맑음,단일로 - 기타,승용,남,28세,상해없음,화물,남,56세,중상
2023062900100037,2023년 6월 29일 05시,목요일,경상남도 창녕군 계성면,중상사고,0,1,0,0,차량단독 - 기타,안전운전불이행,건조,흐림,단일로 - 기타,원동기,남,16세,중상,,,,
2023062900100066,2023년 6월 29일 07시,목요일,경상남도 창원시 마산회원구 구암동,경상사고,0,0,1,0,차대차 - 측면충돌,안전운전불이행,건조,맑음,교차로 - 교차로안,승용,여,54세,상해없음,승용,여,38세,경상
2023062900100161,2023년 6월 29일 10시,목요일,경상남도 창원시 마산합포구 해운동,중상사고,0,1,0,0,차대사람 - 기타,안전운전불이행,건조,맑음,단일로 - 기타,승합,남,48세,상해없음,보행자,여,87세,중상
2023062900100195,2023년 6월 29일 11시,목요일,경상남도 창원시 진해구 여좌동,부상신고사고,0,0,0,1,차량단독 - 전도전복 - 전도,안전운전불이행,젖음/습기,흐림,단일로 - 고가도로위,화물,남,31세,부상신고,,,,
2023062900100235,2023년 6월 29일 12시,목요일,경상남도 김해시 구산동,경상사고,0,0,1,0,차대차 - 측면충돌,안전운전불이행,젖음/습기,흐림,교차로 - 교차로부근,승용,여,65세,상해없음,건설기계,남,53세,상해없음
2023062900100236,2023년 6월 29일 12시,목요일,경상남도 합천군 합천읍,경상사고,0,0,1,1,차대차 - 측면충돌,안전운전불이행,건조,맑음,교차로 - 교차로부근,승용,여,50세,부상신고,승용,남,36세,경상
2023062900100237,2023년 6월 29일 12시,목요일,경상남도 함양군 안의면,사망사고,1,1,5,1,차대차 - 기타,중앙선침범,젖음/습기,비,단일로 - 기타,승용,남,77세,상해없음,승합,남,40세,경상
2023062900100238,2023년 6월 29일 12시,목요일,경상남도 거제시 문동동,중상사고,0,1,0,0,차대사람 - 기타,안전운전불이행,젖음/습기,비,교차로 - 교차로부근,승용,여,56세,상해없음,보행자,남,82세,중상
2023062900100239,2023년 6월 29일 12시,목요일,경상남도 김해시 진영읍,중상사고,0,1,0,0,차대사람 - 차도통행중,안전운전불이행,건조,맑음,단일로 - 기타,승합,남,65세,상해없음,보행자,여,74세,중상
2023062900100281,2023년 6월 29일 13시,목요일,경상남도 김해시 구산동,경상사고,0,0,1,0,차대차 - 정면충돌,안전운전불이행,젖음/습기,비,교차로 - 교차로안,화물,남,80세,상해없음,이륜,남,28세,경상
2023062900100282,2023년 6월 29일 13시,목요일,경상남도 남해군 고현면,중상사고,0,1,0,0,차대차 - 추돌,안전운전불이행,젖음/습기,비,교차로 - 교차로안,승용,남,63세,상해없음,승용,여,51세,중상
2023062900100318,2023년 6월 29일 14시,목요일,경상남도 사천시 사천읍,중상사고,0,1,1,0,차대차 - 측면충돌,중앙선침범,건조,맑음,교차로 - 교차로부근,승용,남,49세,상해없음,승용,남,76세,경상
2023062900100346,2023년 6월 29일 15시,목요일,경상남도 산청군 신안면,경상사고,0,0,1,0,차대차 - 측면충돌,교차로운행방법위반,젖음/습기,비,교차로 - 교차로안,승용,남,62세,상해없음,승용,여,42세,경상
2023062900100380,2023년 6월 29일 16시,목요일,경상남도 창원시 마산합포구 동성동,경상사고,0,0,1,0,차량단독 - 기타,기타,젖음/습기,비,단일로 - 기타,승합,남,64세,상해없음,,,,
2023062900100381,2023년 6월 29일 16시,목요일,경상남도 진주시 동성동,경상사고,0,0,1,0,차대사람 - 차도통행중,안전운전불이행,젖음/습기,맑음,단일로 - 기타,승용,여,58세,상해없음,보행자,남,71세,경상
2023062900100382,2023년 6월 29일 16시,목요일,경상남도 양산시 하북면,경상사고,0,0,1,0,차대차 - 추돌,안전거리미확보,젖음/습기,비,단일로 - 기타,승용,남,59세,상해없음,승용,남,21세,경상
2023062900100383,2023년 6월 29일 16시,목요일,경상남도 양산시 중부동,경상사고,0,0,1,0,차대사람 - 기타,안전운전불이행,건조,맑음,교차로 - 교차로안,개인형이동수단(PM),남,13세,상해없음,보행자,여,58세,경상
2023062900100418,2023년 6월 29일 17시,목요일,경상남도 양산시 물금읍,경상사고,0,0,1,0,차대차 - 기타,안전거리미확보,젖음/습기,비,교차로 - 교차로안,승용,여,65세,상해없음,이륜,남,38세,경상
2023062900100419,2023년 6월 29일 17시,목요일,경상남도 의령군 부림면,경상사고,0,0,1,0,차대차 - 측면충돌,안전운전불이행,건조,맑음,교차로 - 교차로안,화물,남,55세,상해없음,자전거,남,76세,경상
2023062900100420,2023년 6월 29일 17시,목요일,경상남도 창원시 마산회원구 석전동,경상사고,0,0,1,0,차대차 - 기타,안전운전불이행,젖음/습기,흐림,교차로 - 교차로부근,승용,여,35세,상해없음,승용,여,22세,경상
2023062900100458,2023년 6월 29일 18시,목요일,경상남도 창원시 진해구 석동,경상사고,0,0,1,0,차대차 - 측면충돌,안전운전불이행,젖음/습기,비,교차로 - 교차로안,이륜,남,43세,경상,승용,여,38세,상해없음
2023062900100459,2023년 6월 29일 18시,목요일,경상남도 창녕군 남지읍,경상사고,0,0,2,0,차대차 - 기타,중앙선침범,젖음/습기,비,단일로 - 기타,화물,남,65세,상해없음,화물,남,65세,경상
2023062900100460,2023년 6월 29일 18시,목요일,경상남도 양산시 북정동,중상사고,0,1,0,0,차대차 - 기타,안전운전불이행,젖음/습기,흐림,주차장 - 주차장,승용,남,34세,상해없음,이륜,남,45세,중상
2023062900100461,2023년 6월 29일 18시,목요일,경상남도 창원시 성산구 남양동,중상사고,0,1,0,0,차대차 - 추돌,안전운전불이행,건조,맑음,기타 - 기타,승용,여,27세,상해없음,승용,남,68세,중상
2023062900100462,2023년 6월 29일 18시,목요일,경상남도 김해시 진영읍,중상사고,0,1,0,0,차대사람 - 횡단중,신호위반,젖음/습기,비,교차로 - 교차로안,승용,남,40세,상해없음,보행자,여,49세,중상
2023062900100485,2023년 6월 29일 19시,목요일,경상남도 김해시 봉황동,경상사고,0,0,1,0,차대차 - 정면충돌,안전운전불이행,젖음/습기,비,단일로 - 기타,승용,남,56세,상해없음,승용,여,38세,경상
2023062900100517,2023년 6월 29일 20시,목요일,경상남도 함안군 칠원읍,경상사고,0,0,1,0,차대차 - 추돌,안전운전불이행,젖음/습기,비,교차로 - 교차로부근,화물,남,52세,상해없음,화물,남,54세,경상
2023062900100558,2023년 6월 29일 22시,목요일,경상남도 양산시 동면,경상사고,0,0,1,0,차대차 - 기타,직진우회전진행방해,젖음/습기,비,교차로 - 교차로안,승용,여,53세,상해없음,이륜,남,39세,경상
2023062900100559,2023년 6월 29일 22시,목요일,경상남도 하동군 고전면,경상사고,0,0,1,0,차대사람 - 기타,안전운전불이행,건조,맑음,단일로 - 기타,화물,남,58세,상해없음,보행자,남,66세,경상
2023062900100582,2023년 6월 29일 23시,목요일,경상남도 김해시 외동,중상사고,0,1,0,0,차대차 - 기타,불법유턴,건조,맑음,교차로 - 교차로부근,승용,남,46세,상해없음,이륜,남,40세,중상
2023063000100069,2023년 6월 30일 07시,금요일,경상남도 함안군 칠원읍,경상사고,0,0,1,0,차대차 - 기타,안전운전불이행,젖음/습기,비,단일로 - 기타,승용,남,55세,경상,승용,남,40세,상해없음
2023063000100070,2023년 6월 30일 07시,금요일,경상남도 창원시 성산구 외동,경상사고,0,0,1,0,차대차 - 기타,안전운전불이행,건조,맑음,교차로 - 교차로부근,승용,남,57세,상해없음,승용,남,36세,경상
2023063000100071,2023년 6월 30일 07시,금요일,경상남도 김해시 무계동,중상사고,0,1,0,0,차대사람 - 기타,안전운전불이행,젖음/습기,비,단일로 - 기타,승용,남,62세,상해없음,보행자,남,33세,중상
2023063000100104,2023년 6월 30일 08시,금요일,경상남도 양산시 교동,경상사고,0,0,1,0,차대차 - 측면충돌,안전거리미확보,젖음/습기,비,단일로 - 기타,승용,여,35세,상해없음,승용,남,38세,경상
2023063000100131,2023년 6월 30일 09시,금요일,경상남도 창원시 마산합포구 남성동,경상사고,0,0,1,0,차대사람 - 횡단중,보행자보호의무위반,젖음/습기,비,교차로 - 교차로횡단보도내,화물,여,60세,상해없음,보행자,남,74세,경상
2023063000100132,2023년 6월 30일 09시,금요일,경상남도 통영시 용남면,경상사고,0,0,2,0,차대차 - 측면충돌,직진우회전진행방해,건조,맑음,교차로 - 교차로안,승용,여,44세,상해없음,승용,남,75세,경상
2023063000100133,2023년 6월 30일 09시,금요일,경상남도 김해시 전하동,경상사고,0,0,1,0,차대차 - 측면충돌,교차로운행방법위반,건조,맑음,교차로 - 교차로안,승용,여,51세,상해없음,승용,남,25세,경상
2023063000100161,2023년 6월 30일 10시,금요일,경상남도 창원시 마산합포구 월남동1가,중상사고,0,1,2,0,차대차 - 측면충돌,교차로운행방법위반,건조,맑음,교차로 - 교차로안,승용,여,53세,경상,승용,남,44세,경상
2023063000100162,2023년 6월 30일 10시,금요일,경상남도 통영시 도천동,중상사고,0,1,0,0,차대사람 - 횡단중,보행자보호의무위반,젖음/습기,비,교차로 - 교차로횡단보도내,승용,여,62세,상해없음,보행자,남,86세,중상
2023063000100163,2023년 6월 30일 10시,금요일,경상남도 양산시 신기동,경상사고,0,0,1,0,차대차 - 측면충돌,안전운전불이행,건조,흐림,단일로 - 기타,승용,남,69세,상해없음,화물,여,30세,경상
2023063000100164,2023년 6월 30일 10시,금요일,경상남도 양산시 물금읍,경상사고,0,0,2,0,차대차 - 측면충돌,교차로운행방법위반,건조,맑음,교차로 - 교차로안,화물,남,63세,경상,승용,남,24세,경상
2023063000100190,2023년 6월 30일 11시,금요일,경상남도 진주시 호탄동,경상사고,0,0,1,0,차대차 - 측면충돌,안전거리미확보,건조,맑음,단일로 - 기타,승용,남,62세,상해없음,승합,남,58세,경상
2023063000100191,2023년 6월 30일 11시,금요일,경상남도 양산시 중부동,경상사고,0,0,1,0,차대차 - 측면충돌,교차로운행방법위반,건조,맑음,교차로 - 교차로안,승용,여,53세,상해없음,승용,남,18세,경상
2023063000100192,2023년 6월 30일 11시,금요일,경상남도 창원시 의창구 팔용동,경상사고,0,0,3,0,차대차 - 기타,직진우회전진행방해,젖음/습기,흐림,교차로 - 교차로안,승용,남,66세,상해없음,승용,남,63세,상해없음
2023063000100219,2023년 6월 30일 12시,금요일,경상남도 밀양시 삼문동,경상사고,0,0,2,0,차대차 - 측면충돌,안전운전불이행,건조,맑음,교차로 - 교차로안,승용,남,71세,상해없음,승용,여,45세,경상
2023063000100220,2023년 6월 30일 12시,금요일,경상남도 김해시 부원동,경상사고,0,0,1,0,차대차 - 기타,신호위반,젖음/습기,비,교차로 - 교차로안,이륜,남,55세,경상,승용,여,62세,상해없음
2023063000100254,2023년 6월 30일 13시,금요일,경상남도 창원시 마산합포구 진동면,경상사고,0,0,2,0,차대차 - 측면충돌,안전운전불이행,건조,맑음,교차로 - 교차로부근,승용,남,53세,상해없음,승용,남,65세,경상
2023063000100282,2023년 6월 30일 14시,금요일,경상남도 양산시 명동,경상사고,0,0,1,0,차대사람 - 횡단중,안전운전불이행,건조,흐림,교차로 - 교차로안,화물,남,46세,상해없음,보행자,남,51세,경상
2023063000100316,2023년 6월 30일 15시,금요일,경상남도 진주시 상평동,경상사고,0,0,1,0,차대차 - 측면충돌,안전거리미확보,건조,맑음,단일로 - 기타,승용,여,51세,상해없음,화물,남,29세,경상
2023063000100343,2023년 6월 30일 16시,금요일,경상남도 진주시 평거동,중상사고,0,1,3,0,차대차 - 추돌,안전운전불이행,건조,맑음,교차로 - 교차로부근,승용,여,62세,상해없음,승용,남,51세,중상
2023063000100344,2023년 6월 30일 16시,금요일,경상남도 김해시 안동,경상사고,0,0,2,0,차대차 - 기타,안전운전불이행,건조,맑음,단일로 - 기타,승용,남,56세,상해없음,승용,남,49세,경상
2023063000100376,2023년 6월 30일 17시,금요일,경상남도 창원시 진해구 속천동,중상사고,0,1,0,0,차대차 - 측면충돌,안전운전불이행,건조,맑음,교차로 - 교차로안,승용,여,62세,상해없음,승용,남,25세,중상
2023063000100377,2023년 6월 30일 17시,금요일,경상남도 양산시 신기동,경상사고,0,0,1,0,차대차 - 기타,안전운전불이행,건조,흐림,주차장 - 주차장,승용,여,54세,상해없음,승용,남,29세,경상
2023063000100378,2023년 6월 30일 17시,금요일,경상남도 양산시 신기동,경상사고,0,0,1,0,차대차 - 측면충돌,신호위반,건조,맑음,교차로 - 교차로안,승용,여,51세,상해없음,승용,남,28세,경상
2023063000100379,2023년 6월 30일 17시,금요일,경상남도 산청군 산청읍,경상사고,0,0,1,0,차대차 - 측면충돌,교차로운행방법위반,건조,맑음,교차로 - 교차로안,승용,남,81세,상해없음,승용,여,53세,경상
2023063000100380,2023년 6월 30일 17시,금요일,경상남도 창원시 마산회원구 석전동,경상사고,0,0,1,0,차대차 - 추돌,안전거리미확보,건조,맑음,단일로 - 기타,승용,여,31세,기타불명,승합,남,38세,경상
2023063000100381,2023년 6월 30일 17시,금요일,경상남도 창원시 의창구 도계동,경상사고,0,0,1,0,차대차 - 추돌,안전운전불이행,건조,맑음,교차로 - 교차로부근,승용,남,59세,상해없음,승용,여,34세,경상
2023063000100419,2023년 6월 30일 18시,금요일,경상남도 통영시 도천동,경상사고,0,0,1,0,차대사람 - 보도통행중,기타,젖음/습기,비,단일로 - 기타,승용,여,44세,상해없음,보행자,남,55세,경상
2023063000100420,2023년 6월 30일 18시,금요일,경상남도 거창군 위천면,경상사고,0,0,3,0,차대차 - 추돌,안전운전불이행,건조,맑음,단일로 - 기타,화물,남,49세,상해없음,승용,남,57세,상해없음
2023063000100421,2023년 6월 30일 18시,금요일,경상남도 양산시 동면,중상사고,0,1,0,0,차대차 - 측면충돌,안전거리미확보,건조,맑음,단일로 - 기타,승용,남,33세,상해없음,승용,여,59세,중상
2023063000100454,2023년 6월 30일 19시,금요일,경상남도 김해시 부곡동,경상사고,0,0,1,0,차대차 - 기타,안전거리미확보,젖음/습기,흐림,단일로 - 기타,승용,남,56세,상해없음,이륜,남,23세,경상
2023063000100486,2023년 6월 30일 20시,금요일,경상남도 진주시 초전동,경상사고,0,0,1,0,차대차 - 측면충돌,중앙선침범,건조,맑음,단일로 - 기타,승용,남,62세,상해없음,자전거,남,14세,경상
2023063000100487,2023년 6월 30일 20시,금요일,경상남도 양산시 물금읍,중상사고,0,1,0,0,차대차 - 측면충돌,신호위반,건조,맑음,교차로 - 교차로안,이륜,남,27세,중상,승용,남,20세,상해없음
2023063000100506,2023년 6월 30일 21시,금요일,경상남도 고성군 고성읍,중상사고,0,1,0,0,차대차 - 측면충돌,교차로운행방법위반,건조,맑음,교차로 - 교차로안,승용,남,65세,상해없음,이륜,남,64세,중상
2023063000100507,2023년 6월 30일 21시,금요일,경상남도 거제시 옥포동,경상사고,0,0,1,0,차대차 - 측면충돌,안전운전불이행,젖음/습기,비,교차로 - 교차로안,승용,남,45세,상해없음,승용,남,64세,상해없음
2023063000100533,2023년 6월 30일 22시,금요일,경상남도 양산시 남부동,경상사고,0,0,1,0,차대차 - 추돌,안전운전불이행,건조,맑음,단일로 - 기타,승용,남,54세,상해없음,승용,남,20세,경상
2023063000100534,2023년 6월 30일 22시,금요일,경상남도 함안군 칠원읍,경상사고,0,0,1,0,차대차 - 추돌,안전운전불이행,건조,맑음,교차로 - 교차로부근,승용,남,34세,상해없음,승용,남,51세,경상