사고번호,사고일시,요일,시군구,사고내용,사망자수,중상자수,경상자수,부상신고자수,사고유형,법규위반,노면상태,기상상태,도로형태,가해운전자 차종,가해운전자 성별,가해운전자 연령,가해운전자 상해정도,피해운전자 차종,피해운전자 성별,피해운전자 연령,피해운전자 상해정도
2023070500100128,2023년 7월 5일 09시,수요일,경상남도 의령군 칠곡면,경상사고,0,0,1,0,차대사람 - 기타,안전운전불이행,건조,맑음,교차로 - 교차로부근,승용,남,77세,상해없음,보행자,여,79세,경상
2023070500100164,2023년 7월 5일 10시,수요일,경상남도 진주시 봉곡동,경상사고,0,0,1,0,차대차 - 측면충돌,차로위반,건조,맑음,교차로 - 교차로부근,승용,남,52세,상해없음,화물,남,52세,경상
2023070500100205,2023년 7월 5일 11시,수요일,경상남도 밀양시 하남읍,중상사고,0,1,0,0,차대사람 - 기타,안전운전불이행,건조,맑음,교차로 - 교차로부근,승합,남,61세,상해없음,보행자,여,86세,중상
2023070500100265,2023년 7월 5일 13시,수요일,경상남도 김해시 삼계동,경상사고,0,0,1,0,차대차 - 추돌,중앙선침범,건조,맑음,단일로 - 기타,승용,남,69세,상해없음,승용,남,29세,상해없음
2023070500100266,2023년 7월 5일 13시,수요일,경상남도 김해시 신문동,중상사고,0,1,1,0,차대차 - 측면충돌,안전운전불이행,건조,흐림,교차로 - 교차로안,승용,여,52세,경상,화물,남,43세,중상
2023070500100292,2023년 7월 5일 14시,수요일,경상남도 진주시 상대동,중상사고,0,1,0,0,차대차 - 측면충돌,교차로운행방법위반,건조,맑음,교차로 - 교차로안,승용,여,45세,상해없음,이륜,남,52세,중상
2023070500100293,2023년 7월 5일 14시,수요일,경상남도 함안군 칠원읍,경상사고,0,0,3,0,차대차 - 측면충돌,신호위반,건조,맑음,단일로 - 고가도로위,건설기계,남,40세,경상,승용,여,44세,경상
2023070500100294,2023년 7월 5일 14시,수요일,경상남도 창원시 의창구 팔용동,경상사고,0,0,2,0,차대차 - 측면충돌,차로위반,건조,맑음,단일로 - 기타,승용,여,53세,상해없음,화물,남,56세,경상
2023070500100327,2023년 7월 5일 15시,수요일,경상남도 사천시 선구동,경상사고,0,0,1,0,차대차 - 측면충돌,안전운전불이행,건조,맑음,교차로 - 교차로안,자전거,남,85세,경상,승용,남,72세,상해없음
2023070500100328,2023년 7월 5일 15시,수요일,경상남도 고성군 하일면,중상사고,0,1,0,0,차량단독 - 전도전복 - 전도,안전운전불이행,건조,맑음,단일로 - 기타,이륜,남,80세,중상,,,,
2023070500100417,2023년 7월 5일 17시,수요일,경상남도 김해시 지내동,중상사고,0,1,0,0,차대사람 - 기타,안전운전불이행,건조,맑음,단일로 - 기타,승용,여,24세,상해없음,보행자,여,75세,중상
2023070500100418,2023년 7월 5일 17시,수요일,경상남도 창녕군 남지읍,중상사고,0,1,0,0,차대사람 - 기타,안전운전불이행,건조,맑음,단일로 - 기타,승합,남,41세,상해없음,보행자,남,21세,중상
2023070500100419,2023년 7월 5일 17시,수요일,경상남도 함안군 군북면,경상사고,0,0,1,0,차대차 - 후진중충돌,안전운전불이행,건조,맑음,교차로 - 교차로부근,승용,남,29세,상해없음,승용,여,35세,경상
2023070500100446,2023년 7월 5일 18시,수요일,경상남도 양산시 북정동,경상사고,0,0,1,0,차대차 - 측면충돌,안전운전불이행,건조,맑음,교차로 - 교차로안,승용,남,55세,기타불명,승용,여,20세,경상
2023070500100447,2023년 7월 5일 18시,수요일,경상남도 산청군 신안면,중상사고,0,1,0,0,차대차 - 정면충돌,직진우회전진행방해,건조,맑음,교차로 - 교차로안,화물,남,19세,상해없음,승용,남,46세,중상
2023070500100482,2023년 7월 5일 19시,수요일,경상남도 사천시 사천읍,부상신고사고,0,0,0,1,차대차 - 측면충돌,직진우회전진행방해,건조,맑음,교차로 - 교차로안,승용,남,22세,상해없음,승용,남,31세,부상신고
2023070500100503,2023년 7월 5일 20시,수요일,경상남도 통영시 북신동,경상사고,0,0,3,0,차대차 - 추돌,안전운전불이행,건조,맑음,교차로 - 교차로부근,승용,남,37세,상해없음,승용,남,49세,경상
2023070500100504,2023년 7월 5일 20시,수요일,경상남도 통영시 무전동,중상사고,0,1,1,0,차대차 - 측면충돌,안전운전불이행,건조,맑음,교차로 - 교차로안,승용,남,39세,상해없음,승용,남,74세,경상
2023070500100505,2023년 7월 5일 20시,수요일,경상남도 양산시 물금읍,경상사고,0,0,2,0,차대차 - 추돌,안전운전불이행,건조,맑음,교차로 - 교차로부근,승용,남,60세,상해없음,승용,여,62세,경상
2023070500100533,2023년 7월 5일 21시,수요일,경상남도 창원시 마산회원구 봉암동,경상사고,0,0,1,0,차대차 - 측면충돌,안전운전불이행,건조,맑음,단일로 - 기타,승용,여,41세,상해없음,승용,남,51세,경상
2023070500100553,2023년 7월 5일 22시,수요일,경상남도 거제시 상동동,중상사고,0,2,0,0,차대사람 - 횡단중,안전운전불이행,건조,맑음,단일로 - 기타,이륜,남,46세,중상,보행자,남,43세,중상
2023070500100570,2023년 7월 5일 23시,수요일,경상남도 거창군 거창읍,경상사고,0,0,2,0,차대차 - 측면충돌,신호위반,건조,맑음,교차로 - 교차로안,이륜,남,44세,경상,승용,남,44세,경상
2023070600100047,2023년 7월 6일 06시,목요일,경상남도 김해시 안동,중상사고,0,1,0,0,차대사람 - 횡단중,신호위반,건조,흐림,단일로 - 기타,승용,남,47세,상해없음,보행자,여,62세,중상
2023070600100073,2023년 7월 6일 07시,목요일,경상남도 창원시 진해구 석동,경상사고,0,0,1,0,차대차 - 측면충돌,안전운전불이행,건조,맑음,단일로 - 기타,승용,남,24세,상해없음,승용,남,67세,경상
2023070600100074,2023년 7월 6일 07시,목요일,경상남도 창녕군 남지읍,경상사고,0,0,1,0,차대차 - 정면충돌,직진우회전진행방해,젖음/습기,비,교차로 - 교차로안,승용,여,65세,상해없음,자전거,남,50세,경상
2023070600100075,2023년 7월 6일 07시,목요일,경상남도 창원시 성산구 불모산동,경상사고,0,0,1,0,차대차 - 추돌,안전운전불이행,건조,맑음,단일로 - 터널,승용,남,21세,상해없음,승용,남,43세,경상
2023070600100130,2023년 7월 6일 08시,목요일,경상남도 통영시 무전동,경상사고,0,0,1,0,차대사람 - 기타,안전운전불이행,건조,맑음,교차로 - 교차로횡단보도내,승용,여,45세,기타불명,보행자,여,7세,경상
2023070600100169,2023년 7월 6일 09시,목요일,경상남도 통영시 태평동,경상사고,0,0,1,0,차대차 - 후진중충돌,불법유턴,건조,맑음,단일로 - 기타,승용,남,75세,상해없음,이륜,남,39세,경상
2023070600100170,2023년 7월 6일 09시,목요일,경상남도 양산시 물금읍,경상사고,0,0,1,0,차대사람 - 횡단중,안전운전불이행,건조,맑음,교차로 - 교차로안,승용,남,35세,상해없음,보행자,여,33세,경상
2023070600100171,2023년 7월 6일 09시,목요일,경상남도 함안군 법수면,중상사고,0,1,0,0,차대차 - 측면충돌,신호위반,건조,맑음,교차로 - 교차로안,화물,남,66세,상해없음,승용,남,74세,중상
2023070600100172,2023년 7월 6일 09시,목요일,경상남도 창원시 성산구 중앙동,경상사고,0,0,1,0,차대차 - 기타,안전운전불이행,건조,맑음,교차로 - 교차로안,화물,남,54세,상해없음,화물,남,50세,상해없음
2023070600100237,2023년 7월 6일 11시,목요일,경상남도 창원시 마산합포구 월남동5가,경상사고,0,0,1,0,차대차 - 정면충돌,안전운전불이행,건조,맑음,교차로 - 교차로안,승용,남,54세,상해없음,이륜,남,26세,경상
2023070600100290,2023년 7월 6일 13시,목요일,경상남도 진주시 장대동,경상사고,0,0,1,0,차대차 - 추돌,안전운전불이행,건조,맑음,단일로 - 기타,승용,여,60세,상해없음,승용,남,73세,경상
2023070600100291,2023년 7월 6일 13시,목요일,경상남도 거창군 거창읍,중상사고,0,1,0,0,차대사람 - 횡단중,안전운전불이행,건조,맑음,교차로 - 교차로부근,이륜,남,26세,상해없음,보행자,여,67세,중상
2023070600100292,2023년 7월 6일 13시,목요일,경상남도 양산시 물금읍,경상사고,0,0,1,0,차대차 - 측면충돌,안전운전불이행,건조,맑음,교차로 - 교차로안,승용,남,59세,상해없음,승용,여,59세,경상
2023070600100391,2023년 7월 6일 16시,목요일,경상남도 창원시 마산회원구 합성동,경상사고,0,0,1,0,차대차 - 측면충돌,안전운전불이행,건조,맑음,단일로 - 기타,승용,여,30세,상해없음,승용,남,73세,경상
2023070600100425,2023년 7월 6일 17시,목요일,경상남도 창원시 마산합포구 오동동,중상사고,0,1,0,0,차대차 - 측면충돌,안전운전불이행,건조,맑음,기타 - 기타,승용,남,61세,상해없음,이륜,남,53세,중상
2023070600100426,2023년 7월 6일 17시,목요일,경상남도 사천시 동금동,경상사고,0,0,2,0,차대차 - 측면충돌,직진우회전진행방해,젖음/습기,흐림,교차로 - 교차로안,승용,여,60세,상해없음,승용,남,39세,경상
2023070600100427,2023년 7월 6일 17시,목요일,경상남도 거제시 고현동,경상사고,0,0,1,0,차대차 - 기타,기타,건조,맑음,교차로 - 교차로부근,승용,남,23세,상해없음,자전거,남,25세,경상
2023070600100472,2023년 7월 6일 18시,목요일,경상남도 김해시 외동,경상사고,0,0,1,0,차대차 - 기타,안전운전불이행,건조,맑음,교차로 - 교차로안,승용,남,64세,상해없음,이륜,남,36세,경상
2023070600100473,2023년 7월 6일 18시,목요일,경상남도 창원시 마산합포구 산호동,경상사고,0,0,1,0,차대차 - 측면충돌,안전운전불이행,건조,맑음,교차로 - 교차로안,승용,여,62세,상해없음,이륜,남,45세,경상
2023070600100474,2023년 7월 6일 18시,목요일,경상남도 창원시 의창구 팔용동,부상신고사고,0,0,0,1,차대차 - 기타,신호위반,건조,맑음,교차로 - 교차로안,기타불명,기타불명,미분류,기타불명,개인형이동수단(PM),남,41세,부상신고
2023070600100499,2023년 7월 6일 19시,목요일,경상남도 양산시 명동,경상사고,0,0,1,0,차대차 - 측면충돌,중앙선침범,건조,맑음,단일로 - 기타,승용,여,51세,상해없음,원동기,남,30세,경상
2023070600100519,2023년 7월 6일 20시,목요일,경상남도 창원시 성산구 대방동,중상사고,0,1,0,0,차대차 - 기타,안전운전불이행,건조,맑음,교차로 - 교차로부근,개인형이동수단(PM),남,19세,상해없음,이륜,남,48세,중상
2023070600100537,2023년 7월 6일 21시,목요일,경상남도 창원시 마산합포구 산호동,경상사고,0,0,1,0,차대차 - 측면충돌,중앙선침범,건조,맑음,교차로 - 교차로부근,승용,여,49세,상해없음,승용,여,48세,경상
2023070600100538,2023년 7월 6일 21시,목요일,경상남도 김해시 장유동,경상사고,0,0,1,0,차대차 - 추돌,안전운전불이행,건조,맑음,단일로 - 기타,이륜,남,24세,상해없음,승용,남,54세,경상
2023070700100030,2023년 7월 7일 04시,금요일,경상남도 창원시 의창구 팔용동,경상사고,0,0,1,0,차대차 - 측면충돌,안전운전불이행,건조,맑음,교차로 - 교차로부근,승용,여,40세,상해없음,승용,남,35세,경상
2023070700100070,2023년 7월 7일 07시,금요일,경상남도 김해시 외동,경상사고,0,0,2,0,차대차 - 기타,안전운전불이행,건조,맑음,교차로 - 교차로부근,승용,남,56세,경상,승용,남,35세,경상
2023070700100110,2023년 7월 7일 08시,금요일,경상남도 거창군 거창읍,중상사고,0,2,0,0,차대차 - 추돌,안전거리미확보,건조,맑음,교차로 - 교차로부근,건설기계,남,41세,중상,승용,여,67세,중상
2023070700100111,2023년 7월 7일 08시,금요일,경상남도 하동군 금남면,경상사고,0,0,2,0,차대차 - 기타,안전운전불이행,건조,맑음,기타 - 기타,승용,남,24세,상해없음,승용,남,60세,경상
2023070700100141,2023년 7월 7일 09시,금요일,경상남도 고성군 거류면,사망사고,1,0,0,0,차대차 - 측면충돌,기타,젖음/습기,비,단일로 - 기타,화물,남,57세,상해없음,이륜,남,79세,사망
2023070700100170,2023년 7월 7일 10시,금요일,경상남도 양산시 동면,경상사고,0,0,3,0,차대차 - 측면충돌,안전거리미확보,젖음/습기,비,단일로 - 고가도로위,승용,여,67세,상해없음,승용,남,25세,경상
2023070700100171,2023년 7월 7일 10시,금요일,경상남도 의령군 화정면,경상사고,0,0,1,0,차대차 - 측면충돌,직진우회전진행방해,젖음/습기,흐림,교차로 - 교차로안,승용,남,72세,상해없음,농기계,남,80세,경상
2023070700100210,2023년 7월 7일 11시,금요일,경상남도 창원시 마산합포구 진북면,경상사고,0,0,2,0,차대차 - 추돌,기타,젖음/습기,비,단일로 - 기타,화물,남,32세,경상,화물,남,44세,경상
2023070700100211,2023년 7월 7일 11시,금요일,경상남도 양산시 어곡동,경상사고,0,0,1,0,차대차 - 측면충돌,차로위반,젖음/습기,비,단일로 - 기타,승용,남,42세,상해없음,승용,남,67세,경상
2023070700100247,2023년 7월 7일 12시,금요일,경상남도 진주시 평거동,경상사고,0,0,1,0,차대차 - 기타,안전거리미확보,젖음/습기,흐림,교차로 - 교차로안,승용,여,56세,상해없음,승용,여,53세,경상
2023070700100248,2023년 7월 7일 12시,금요일,경상남도 산청군 산청읍,부상신고사고,0,0,0,1,차대차 - 측면충돌,중앙선침범,젖음/습기,비,단일로 - 기타,이륜,남,70세,부상신고,승용,여,49세,상해없음
2023070700100249,2023년 7월 7일 12시,금요일,경상남도 창원시 성산구 성주동,경상사고,0,0,1,0,차대차 - 측면충돌,안전거리미확보,건조,맑음,단일로 - 기타,승용,남,31세,기타불명,승용,여,35세,경상
2023070700100289,2023년 7월 7일 13시,금요일,경상남도 합천군 가회면,부상신고사고,0,0,0,1,차량단독 - 공작물충돌,안전운전불이행,건조,맑음,교차로 - 교차로부근,화물,남,76세,부상신고,,,,
2023070700100290,2023년 7월 7일 13시,금요일,경상남도 양산시 물금읍,중상사고,0,1,0,0,차대차 - 측면충돌,안전운전불이행,젖음/습기,비,교차로 - 교차로안,특수,남,63세,상해없음,화물,남,33세,중상
2023070700100291,2023년 7월 7일 13시,금요일,경상남도 창원시 의창구 봉곡동,경상사고,0,0,1,0,차대차 - 측면충돌,안전운전불이행,젖음/습기,비,교차로 - 교차로부근,승용,남,62세,상해없음,승용,남,46세,상해없음
2023070700100322,2023년 7월 7일 14시,금요일,경상남도 고성군 마암면,경상사고,0,0,1,0,차대사람 - 기타,안전운전불이행,젖음/습기,비,교차로 - 교차로부근,화물,남,48세,상해없음,보행자,남,53세,경상
2023070700100323,2023년 7월 7일 14시,금요일,경상남도 거제시 연초면,중상사고,0,1,0,0,차대차 - 기타,중앙선침범,젖음/습기,비,교차로 - 교차로부근,승용,남,62세,상해없음,승합,남,68세,중상
2023070700100357,2023년 7월 7일 15시,금요일,경상남도 창원시 진해구 남양동,경상사고,0,0,2,0,차대차 - 측면충돌,안전운전불이행,젖음/습기,비,단일로 - 기타,승용,여,79세,경상,승합,남,62세,상해없음
2023070700100358,2023년 7월 7일 15시,금요일,경상남도 거제시 사등면,경상사고,0,0,2,0,차대차 - 측면충돌,안전운전불이행,건조,맑음,교차로 - 교차로안,승용,남,21세,상해없음,승합,남,64세,경상
2023070700100409,2023년 7월 7일 16시,금요일,경상남도 밀양시 무안면,중상사고,0,1,0,0,차량단독 - 기타,안전운전불이행,젖음/습기,비,단일로 - 기타,화물,남,41세,중상,,,,
2023070700100410,2023년 7월 7일 16시,금요일,경상남도 김해시 내동,경상사고,0,0,1,0,차대차 - 기타,교차로운행방법위반,젖음/습기,비,교차로 - 교차로안,화물,남,59세,상해없음,승용,남,65세,경상
2023070700100411,2023년 7월 7일 16시,금요일,경상남도 거창군 거창읍,경상사고,0,0,1,0,차대사람 - 횡단중,보행자보호의무위반,젖음/습기,비,교차로 - 교차로횡단보도내,승용,남,67세,상해없음,보행자,남,82세,경상
2023070700100412,2023년 7월 7일 16시,금요일,경상남도 양산시 남부동,중상사고,0,1,0,0,차대차 - 측면충돌,안전거리미확보,젖음/습기,비,교차로 - 교차로부근,승용,여,53세,상해없음,승용,남,59세,중상
2023070700100468,2023년 7월 7일 17시,금요일,경상남도 창원시 의창구 봉곡동,중상사고,0,1,0,0,차대사람 - 횡단중,보행자보호의무위반,젖음/습기,비,교차로 - 교차로횡단보도내,승용,여,64세,상해없음,보행자,여,62세,중상
2023070700100469,2023년 7월 7일 17시,금요일,경상남도 김해시 무계동,부상신고사고,0,0,0,1,차대차 - 추돌,안전운전불이행,젖음/습기,비,교차로 - 교차로부근,승용,여,46세,상해없음,승용,남,25세,부상신고
2023070700100518,2023년 7월 7일 18시,금요일,경상남도 김해시 풍유동,경상사고,0,0,1,0,차대차 - 측면충돌,신호위반,젖음/습기,비,교차로 - 교차로안,승용,여,37세,상해없음,승용,남,56세,경상
2023070700100588,2023년 7월 7일 20시,금요일,경상남도 창원시 성산구 상남동,경상사고,0,0,2,0,차대사람 - 보도통행중,기타,건조,맑음,단일로 - 기타,이륜,남,46세,기타불명,보행자,남,29세,경상
2023070700100619,2023년 7월 7일 21시,금요일,경상남도 진주시 신안동,사망사고,1,0,0,0,차대차 - 측면충돌,신호위반,젖음/습기,흐림,교차로 - 교차로안,승용,남,42세,상해없음,이륜,남,59세,사망
2023070700100620,2023년 7월 7일 21시,금요일,경상남도 김해시 주촌면,경상사고,0,0,1,0,차대차 - 추돌,안전운전불이행,건조,맑음,단일로 - 기타,화물,남,55세,상해없음,승용,여,42세,상해없음
2023070800100012,2023년 7월 8일 00시,토요일,경상남도 양산시 덕계동,경상사고,0,0,2,0,차대사람 - 기타,안전운전불이행,건조,맑음,교차로 - 교차로안,승용,남,29세,경상,보행자,남,60세,경상
2023070800100035,2023년 7월 8일 02시,토요일,경상남도 거제시 둔덕면,중상사고,0,1,0,0,차량단독 - 공작물충돌,안전운전불이행,건조,맑음,단일로 - 기타,승용,남,66세,중상,,,,
2023070800100036,2023년 7월 8일 02시,토요일,경상남도 창원시 의창구 북면,중상사고,0,1,0,0,차대차 - 추돌,안전거리미확보,젖음/습기,비,단일로 - 기타,승용,남,46세,상해없음,이륜,남,70세,중상
2023070800100058,2023년 7월 8일 05시,토요일,경상남도 김해시 흥동,경상사고,0,0,1,0,차대차 - 추돌,안전운전불이행,젖음/습기,비,교차로 - 교차로안,승용,남,33세,상해없음,화물,남,52세,경상
2023070800100065,2023년 7월 8일 06시,토요일,경상남도 양산시 북정동,경상사고,0,0,1,0,차대차 - 측면충돌,신호위반,건조,맑음,단일로 - 기타,승용,남,53세,상해없음,화물,남,52세,경상
2023070800100070,2023년 7월 8일 06시,토요일,경상남도 창원시 마산회원구 내서읍,경상사고,0,0,1,0,차대차 - 기타,안전거리미확보,건조,맑음,기타 - 기타,화물,남,34세,상해없음,승용,여,60세,경상
2023070800100080,2023년 7월 8일 07시,토요일,경상남도 진주시 인사동,경상사고,0,0,2,0,차대차 - 추돌,안전운전불이행,건조,맑음,단일로 - 기타,승용,남,19세,상해없음,승용,남,70세,경상
2023070800100081,2023년 7월 8일 07시,토요일,경상남도 창원시 진해구 자은동,경상사고,0,0,1,0,차대차 - 측면충돌,신호위반,젖음/습기,비,교차로 - 교차로안,승용,남,74세,상해없음,승용,남,40세,경상
2023070800100095,2023년 7월 8일 08시,토요일,경상남도 통영시 미수동,경상사고,0,0,1,0,차대사람 - 차도통행중,안전운전불이행,젖음/습기,비,기타 - 기타,화물,남,34세,상해없음,보행자,여,45세,경상
2023070800100096,2023년 7월 8일 08시,토요일,경상남도 합천군 쌍책면,중상사고,0,1,0,1,차대차 - 기타,중앙선침범,건조,맑음,단일로 - 기타,화물,남,76세,부상신고,승용,여,50세,중상
2023070800100121,2023년 7월 8일 09시,토요일,경상남도 창원시 진해구 석동,중상사고,0,1,0,0,차대차 - 기타,신호위반,젖음/습기,비,교차로 - 교차로안,승용,남,48세,상해없음,승용,남,73세,중상
2023070800100122,2023년 7월 8일 09시,토요일,경상남도 의령군 의령읍,경상사고,0,0,3,0,차대차 - 측면충돌,안전운전불이행,건조,맑음,교차로 - 교차로안,승용,남,33세,상해없음,화물,남,73세,경상
2023070800100132,2023년 7월 8일 10시,토요일,경상남도 김해시 부곡동,경상사고,0,0,1,0,차대차 - 기타,안전거리미확보,젖음/습기,비,단일로 - 기타,승용,남,22세,상해없음,화물,남,67세,경상
2023070800100142,2023년 7월 8일 10시,토요일,경상남도 창녕군 창녕읍,중상사고,0,1,0,0,차대차 - 측면충돌,안전거리미확보,건조,맑음,단일로 - 기타,화물,남,33세,상해없음,원동기,여,69세,중상
2023070800100143,2023년 7월 8일 10시,토요일,경상남도 함양군 서하면,경상사고,0,0,2,0,차대차 - 정면충돌,안전운전불이행,건조,맑음,단일로 - 기타,화물,남,80세,상해없음,화물,남,68세,경상
2023070800100144,2023년 7월 8일 10시,토요일,경상남도 양산시 유산동,경상사고,0,0,1,0,차대차 - 측면충돌,안전운전불이행,건조,맑음,단일로 - 기타,화물,남,74세,상해없음,승용,남,33세,경상
2023070800100145,2023년 7월 8일 10시,토요일,경상남도 김해시 한림면,경상사고,0,0,2,0,차대차 - 측면충돌,안전운전불이행,젖음/습기,비,단일로 - 기타,화물,남,48세,상해없음,승용,남,83세,경상
2023070800100175,2023년 7월 8일 11시,토요일,경상남도 진주시 수정동,중상사고,0,1,0,0,차대사람 - 기타,안전운전불이행,건조,맑음,교차로 - 교차로안,특수,남,62세,상해없음,보행자,남,79세,중상
2023070800100176,2023년 7월 8일 11시,토요일,경상남도 김해시 삼정동,경상사고,0,0,1,0,차대사람 - 기타,중앙선침범,젖음/습기,비,단일로 - 기타,승용,여,60세,상해없음,보행자,여,71세,경상
2023070800100177,2023년 7월 8일 11시,토요일,경상남도 양산시 물금읍,중상사고,0,1,0,0,차대차 - 기타,안전운전불이행,건조,맑음,교차로 - 교차로안,승용,여,62세,상해없음,이륜,남,43세,중상
2023070800100251,2023년 7월 8일 13시,토요일,경상남도 밀양시 상남면,중상사고,0,1,0,0,차대사람 - 횡단중,보행자보호의무위반,건조,맑음,교차로 - 교차로횡단보도내,승용,여,55세,상해없음,보행자,여,75세,중상
2023070800100253,2023년 7월 8일 13시,토요일,경상남도 양산시 삼호동,경상사고,0,0,1,0,차대차 - 측면충돌,안전운전불이행,젖음/습기,비,교차로 - 교차로안,승용,여,50세,상해없음,승용,여,47세,경상
2023070800100254,2023년 7월 8일 13시,토요일,경상남도 창원시 의창구 동정동,경상사고,0,0,3,0,차대차 - 측면충돌,차로위반,젖음/습기,비,단일로 - 기타,승용,여,66세,상해없음,승합,남,36세,경상
2023070800100282,2023년 7월 8일 14시,토요일,경상남도 통영시 광도면,경상사고,0,0,2,0,차대차 - 추돌,안전운전불이행,젖음/습기,비,단일로 - 기타,승용,남,64세,상해없음,승용,여,55세,경상
2023070800100283,2023년 7월 8일 14시,토요일,경상남도 창녕군 창녕읍,중상사고,0,1,0,0,차대사람 - 횡단중,안전운전불이행,건조,흐림,교차로 - 교차로안,승용,여,42세,상해없음,보행자,남,76세,중상
2023070800100284,2023년 7월 8일 14시,토요일,경상남도 김해시 내덕동,경상사고,0,0,2,0,차대차 - 측면충돌,교차로운행방법위반,젖음/습기,비,교차로 - 교차로안,승용,남,67세,경상,승용,남,28세,경상
2023070800100343,2023년 7월 8일 16시,토요일,경상남도 창원시 진해구 남문동,중상사고,0,1,0,0,차대차 - 기타,안전운전불이행,건조,맑음,교차로 - 교차로안,이륜,남,38세,중상,승용,남,34세,상해없음
2023070800100413,2023년 7월 8일 18시,토요일,경상남도 김해시 부원동,부상신고사고,0,0,0,1,차대사람 - 기타,안전운전불이행,젖음/습기,흐림,단일로 - 기타,승용,남,62세,상해없음,보행자,남,48세,부상신고
2023070800100459,2023년 7월 8일 20시,토요일,경상남도 진주시 이현동,중상사고,0,2,0,0,차대차 - 측면충돌,신호위반,건조,맑음,교차로 - 교차로안,승용,남,48세,상해없음,이륜,남,61세,중상
2023070800100460,2023년 7월 8일 20시,토요일,경상남도 양산시 중부동,중상사고,0,2,2,0,차대차 - 추돌,안전운전불이행,건조,맑음,단일로 - 기타,승용,남,43세,상해없음,승용,남,67세,경상
2023070800100495,2023년 7월 8일 21시,토요일,경상남도 거제시 아주동,중상사고,0,1,0,0,차대차 - 추돌,안전운전불이행,건조,맑음,단일로 - 기타,승용,남,63세,기타불명,승용,여,26세,중상
2023070800100496,2023년 7월 8일 21시,토요일,경상남도 함안군 칠원읍,경상사고,0,0,1,0,차대차 - 측면충돌,신호위반,건조,맑음,교차로 - 교차로안,승용,여,40세,상해없음,승용,남,37세,경상
2023070800100511,2023년 7월 8일 22시,토요일,경상남도 창원시 마산합포구 현동,경상사고,0,0,1,0,차대차 - 측면충돌,신호위반,젖음/습기,흐림,교차로 - 교차로안,승용,남,53세,상해없음,승합,남,45세,경상
2023070800100535,2023년 7월 8일 23시,토요일,경상남도 창원시 성산구 상남동,경상사고,0,0,1,0,차대사람 - 기타,안전운전불이행,건조,맑음,단일로 - 기타,승용,남,19세,상해없음,보행자,남,60세,경상
2023070900100030,2023년 7월 9일 02시,일요일,경상남도 거제시 아주동,중상사고,0,1,0,0,차대차 - 기타,안전운전불이행,건조,맑음,교차로 - 교차로안,승용,남,39세,상해없음,승용,여,63세,중상
2023070900100033,2023년 7월 9일 03시,일요일,경상남도 김해시 진영읍,경상사고,0,0,1,0,차대차 - 추돌,안전운전불이행,건조,맑음,단일로 - 기타,승용,남,28세,상해없음,승용,남,33세,상해없음
2023070900100038,2023년 7월 9일 04시,일요일,경상남도 창원시 마산합포구 완월동,경상사고,0,0,1,0,차대차 - 측면충돌,안전운전불이행,젖음/습기,비,교차로 - 교차로부근,승용,남,40세,상해없음,승용,여,60세,경상
2023070900100039,2023년 7월 9일 04시,일요일,경상남도 진주시 초전동,중상사고,0,1,0,0,차대차 - 추돌,안전운전불이행,건조,맑음,교차로 - 교차로부근,승용,여,51세,상해없음,승용,남,52세,중상
2023070900100045,2023년 7월 9일 05시,일요일,경상남도 산청군 생비량면,중상사고,0,1,0,0,차량단독 - 전도전복 - 전도,안전운전불이행,건조,맑음,단일로 - 기타,농기계,남,73세,중상,,,,
2023070900100072,2023년 7월 9일 09시,일요일,경상남도 김해시 신문동,중상사고,0,1,0,0,차대차 - 측면충돌,안전운전불이행,건조,맑음,교차로 - 교차로안,승용,남,32세,상해없음,승용,남,39세,중상
2023070900100098,2023년 7월 9일 10시,일요일,경상남도 창원시 마산합포구 해운동,부상신고사고,0,0,0,1,차대차 - 측면충돌,안전운전불이행,건조,맑음,교차로 - 교차로안,자전거,남,68세,부상신고,승용,여,38세,상해없음
2023070900100099,2023년 7월 9일 10시,일요일,경상남도 통영시 도천동,경상사고,0,0,1,0,차대사람 - 기타,안전운전불이행,건조,흐림,기타 - 기타,승용,남,58세,상해없음,보행자,여,61세,경상
2023070900100125,2023년 7월 9일 11시,일요일,경상남도 밀양시 삼문동,중상사고,0,1,0,0,차대차 - 측면충돌,안전운전불이행,건조,맑음,단일로 - 기타,승용,여,66세,상해없음,이륜,남,63세,중상
2023070900100126,2023년 7월 9일 11시,일요일,경상남도 김해시 부원동,경상사고,0,0,1,0,차대차 - 측면충돌,신호위반,건조,맑음,교차로 - 교차로안,승용,남,36세,상해없음,승용,남,41세,경상
2023070900100127,2023년 7월 9일 11시,일요일,경상남도 김해시 삼계동,경상사고,0,0,1,0,차대사람 - 횡단중,보행자보호의무위반,젖음/습기,흐림,교차로 - 교차로안,승용,남,45세,상해없음,보행자,남,36세,경상
2023070900100148,2023년 7월 9일 12시,일요일,경상남도 양산시 물금읍,부상신고사고,0,0,0,1,차대사람 - 길가장자리구역통행중,안전운전불이행,건조,맑음,교차로 - 교차로안,승용,남,77세,상해없음,보행자,남,37세,부상신고
2023070900100149,2023년 7월 9일 12시,일요일,경상남도 거제시 두모동,중상사고,0,2,0,0,차대차 - 정면충돌,신호위반,건조,맑음,교차로 - 교차로안,승용,남,50세,상해없음,승용,남,52세,중상
2023070900100150,2023년 7월 9일 12시,일요일,경상남도 창원시 의창구 팔용동,경상사고,0,0,1,0,차대차 - 추돌,안전운전불이행,건조,맑음,교차로 - 교차로부근,승용,여,27세,상해없음,승용,남,51세,경상