사고번호,사고일시,요일,시군구,사고내용,사망자수,중상자수,경상자수,부상신고자수,사고유형,법규위반,노면상태,기상상태,도로형태,가해운전자 차종,가해운전자 성별,가해운전자 연령,가해운전자 상해정도,피해운전자 차종,피해운전자 성별,피해운전자 연령,피해운전자 상해정도
2023071300100319,2023년 7월 13일 16시,목요일,경상남도 창원시 진해구 장천동,경상사고,0,0,1,0,차대차 - 측면충돌,안전운전불이행,건조,흐림,교차로 - 교차로부근,승용,남,74세,상해없음,승용,여,25세,경상
2023071300100320,2023년 7월 13일 16시,목요일,경상남도 김해시 어방동,경상사고,0,0,3,0,차대차 - 측면충돌,안전운전불이행,건조,맑음,단일로 - 기타,승용,여,45세,경상,승용,여,23세,경상
2023071300100321,2023년 7월 13일 16시,목요일,경상남도 김해시 부곡동,중상사고,0,1,3,0,차대차 - 측면충돌,신호위반,건조,흐림,교차로 - 교차로안,승용,남,78세,경상,승용,남,29세,경상
2023071300100350,2023년 7월 13일 17시,목요일,경상남도 김해시 대청동,경상사고,0,0,1,0,차대사람 - 보도통행중,안전운전불이행,건조,맑음,기타 - 기타,개인형이동수단(PM),남,23세,상해없음,보행자,남,49세,경상
2023071300100391,2023년 7월 13일 18시,목요일,경상남도 진주시 상봉동,경상사고,0,0,1,0,차대사람 - 횡단중,보행자보호의무위반,건조,맑음,단일로 - 기타,승용,남,55세,상해없음,보행자,여,29세,경상
2023071300100392,2023년 7월 13일 18시,목요일,경상남도 양산시 북부동,부상신고사고,0,0,0,1,차대차 - 측면충돌,안전운전불이행,건조,맑음,교차로 - 교차로안,이륜,남,17세,상해없음,승용,남,48세,부상신고
2023071300100393,2023년 7월 13일 18시,목요일,경상남도 함안군 칠원읍,경상사고,0,0,1,0,차대차 - 측면충돌,안전운전불이행,건조,맑음,기타 - 기타,승용,여,27세,상해없음,자전거,남,13세,경상
2023071300100448,2023년 7월 13일 20시,목요일,경상남도 거창군 거창읍,부상신고사고,0,0,0,1,차량단독 - 기타,안전운전불이행,건조,맑음,단일로 - 기타,이륜,남,66세,부상신고,,,,
2023071300100449,2023년 7월 13일 20시,목요일,경상남도 고성군 고성읍,경상사고,0,0,2,0,차대차 - 측면충돌,직진우회전진행방해,젖음/습기,맑음,교차로 - 교차로안,승용,남,44세,상해없음,승용,여,51세,경상
2023071300100480,2023년 7월 13일 21시,목요일,경상남도 통영시 광도면,경상사고,0,0,2,0,차대차 - 측면충돌,안전운전불이행,젖음/습기,맑음,단일로 - 기타,승용,남,36세,상해없음,승용,여,24세,경상
2023071300100481,2023년 7월 13일 21시,목요일,경상남도 김해시 삼방동,중상사고,0,2,3,0,차대차 - 측면충돌,안전운전불이행,건조,맑음,교차로 - 교차로안,승용,남,22세,상해없음,승용,여,59세,중상
2023071300100482,2023년 7월 13일 21시,목요일,경상남도 창원시 마산회원구 내서읍,경상사고,0,0,1,0,차대차 - 측면충돌,안전운전불이행,건조,맑음,단일로 - 기타,승용,여,58세,상해없음,승용,남,34세,경상
2023071300100535,2023년 7월 13일 23시,목요일,경상남도 통영시 북신동,경상사고,0,0,2,0,차대차 - 추돌,안전거리미확보,건조,맑음,단일로 - 기타,승용,남,58세,상해없음,승용,남,67세,경상
2023071300100536,2023년 7월 13일 23시,목요일,경상남도 통영시 광도면,경상사고,0,0,1,0,차대차 - 측면충돌,교차로운행방법위반,건조,맑음,교차로 - 교차로안,승용,남,37세,상해없음,승용,여,39세,경상
2023071400100059,2023년 7월 14일 06시,금요일,경상남도 김해시 한림면,경상사고,0,0,1,0,차대차 - 추돌,안전운전불이행,젖음/습기,비,단일로 - 교량,승용,남,52세,상해없음,화물,남,64세,경상
2023071400100109,2023년 7월 14일 08시,금요일,경상남도 통영시 광도면,경상사고,0,0,1,0,차대차 - 측면충돌,신호위반,젖음/습기,비,교차로 - 교차로안,승용,여,45세,상해없음,승용,여,44세,경상
2023071400100110,2023년 7월 14일 08시,금요일,경상남도 김해시 삼정동,중상사고,0,1,1,0,차대차 - 측면충돌,안전운전불이행,젖음/습기,비,교차로 - 교차로안,승용,남,54세,경상,이륜,남,54세,중상
2023071400100112,2023년 7월 14일 08시,금요일,경상남도 김해시 대청동,경상사고,0,0,1,0,차대사람 - 보도통행중,신호위반,젖음/습기,비,교차로 - 교차로부근,승용,여,46세,상해없음,보행자,남,16세,경상
2023071400100138,2023년 7월 14일 09시,금요일,경상남도 하동군 금성면,경상사고,0,0,1,0,차대차 - 측면충돌,신호위반,젖음/습기,비,교차로 - 교차로안,승용,남,37세,상해없음,승용,여,55세,경상
2023071400100139,2023년 7월 14일 09시,금요일,경상남도 거제시 아주동,중상사고,0,1,0,0,차대차 - 측면충돌,기타,젖음/습기,맑음,교차로 - 교차로안,승용,남,40세,상해없음,승용,여,40세,중상
2023071400100166,2023년 7월 14일 10시,금요일,경상남도 합천군 봉산면,중상사고,0,1,0,0,차량단독 - 도로외이탈 - 추락,안전운전불이행,젖음/습기,비,단일로 - 기타,승용,여,62세,중상,,,,
2023071400100187,2023년 7월 14일 11시,금요일,경상남도 창원시 마산회원구 회성동,중상사고,0,1,0,0,차대차 - 추돌,안전운전불이행,젖음/습기,비,단일로 - 기타,건설기계,남,65세,상해없음,화물,여,63세,중상
2023071400100225,2023년 7월 14일 12시,금요일,경상남도 밀양시 상동면,중상사고,0,1,0,0,차대차 - 측면충돌,안전운전불이행,젖음/습기,흐림,교차로 - 교차로안,화물,남,82세,상해없음,화물,남,43세,중상
2023071400100226,2023년 7월 14일 12시,금요일,경상남도 함양군 휴천면,중상사고,0,1,0,0,차량단독 - 기타,안전운전불이행,건조,맑음,기타 - 기타,화물,여,59세,중상,,,,
2023071400100227,2023년 7월 14일 12시,금요일,경상남도 거제시 연초면,경상사고,0,0,2,0,차대차 - 추돌,안전거리미확보,젖음/습기,비,교차로 - 교차로부근,화물,남,24세,상해없음,승용,여,65세,경상
2023071400100257,2023년 7월 14일 13시,금요일,경상남도 사천시 사천읍,중상사고,0,1,0,0,차대차 - 측면충돌,신호위반,젖음/습기,비,교차로 - 교차로안,승용,남,31세,상해없음,화물,남,33세,중상
2023071400100258,2023년 7월 14일 13시,금요일,경상남도 산청군 생초면,부상신고사고,0,0,0,1,차대사람 - 차도통행중,안전운전불이행,젖음/습기,흐림,교차로 - 교차로안,승용,남,46세,상해없음,보행자,여,35세,부상신고
2023071400100294,2023년 7월 14일 14시,금요일,경상남도 창원시 진해구 석동,중상사고,0,1,1,0,차대차 - 후진중충돌,안전운전불이행,젖음/습기,비,교차로 - 교차로부근,승용,남,35세,상해없음,승용,여,37세,중상
2023071400100295,2023년 7월 14일 14시,금요일,경상남도 창원시 진해구 여좌동,중상사고,0,1,0,0,차대차 - 측면충돌,안전거리미확보,젖음/습기,흐림,교차로 - 교차로부근,승용,남,31세,상해없음,승용,남,28세,중상
2023071400100329,2023년 7월 14일 15시,금요일,경상남도 밀양시 하남읍,부상신고사고,0,0,0,1,차대차 - 측면충돌,교차로운행방법위반,젖음/습기,비,교차로 - 교차로안,승용,남,81세,상해없음,승용,여,52세,부상신고
2023071400100330,2023년 7월 14일 15시,금요일,경상남도 양산시 동면,중상사고,0,1,0,0,차대차 - 측면충돌,안전거리미확보,젖음/습기,비,단일로 - 기타,승용,남,47세,상해없음,승용,여,68세,중상
2023071400100331,2023년 7월 14일 15시,금요일,경상남도 양산시 동면,중상사고,0,1,0,0,차대차 - 추돌,안전거리미확보,젖음/습기,비,단일로 - 기타,화물,남,55세,상해없음,승용,여,57세,중상
2023071400100366,2023년 7월 14일 16시,금요일,경상남도 창원시 마산합포구 우산동,중상사고,0,1,0,0,차대차 - 측면충돌,신호위반,젖음/습기,비,단일로 - 교량,화물,남,63세,상해없음,승용,여,52세,중상
2023071400100397,2023년 7월 14일 17시,금요일,경상남도 진주시 호탄동,부상신고사고,0,0,0,1,차대사람 - 차도통행중,안전운전불이행,건조,맑음,교차로 - 교차로부근,승용,남,63세,상해없음,보행자,남,11세,부상신고
2023071400100398,2023년 7월 14일 17시,금요일,경상남도 창원시 의창구 봉곡동,중상사고,0,1,0,0,차대차 - 기타,차로위반,젖음/습기,비,단일로 - 기타,승용,여,70세,상해없음,이륜,남,40세,중상
2023071400100443,2023년 7월 14일 18시,금요일,경상남도 김해시 부곡동,경상사고,0,0,1,0,차대사람 - 횡단중,보행자보호의무위반,건조,맑음,교차로 - 교차로부근,승용,남,68세,상해없음,보행자,남,22세,경상
2023071400100444,2023년 7월 14일 18시,금요일,경상남도 김해시 대청동,경상사고,0,0,1,0,차대차 - 추돌,안전거리미확보,젖음/습기,비,단일로 - 기타,승합,남,56세,상해없음,승용,남,35세,경상
2023071400100445,2023년 7월 14일 18시,금요일,경상남도 김해시 풍유동,경상사고,0,0,1,0,차대차 - 추돌,안전운전불이행,건조,흐림,단일로 - 기타,승용,남,58세,상해없음,승용,남,28세,경상
2023071400100480,2023년 7월 14일 19시,금요일,경상남도 산청군 시천면,경상사고,0,0,1,0,차량단독 - 기타,안전운전불이행,젖음/습기,비,단일로 - 기타,승용,남,58세,상해없음,,,,
2023071400100481,2023년 7월 14일 19시,금요일,경상남도 창원시 성산구 성주동,경상사고,0,0,1,0,차대차 - 추돌,안전운전불이행,젖음/습기,맑음,교차로 - 교차로부근,승용,남,62세,상해없음,승용,여,45세,경상
2023071400100515,2023년 7월 14일 20시,금요일,경상남도 창원시 의창구 명서동,경상사고,0,0,1,0,차대차 - 기타,교차로운행방법위반,젖음/습기,비,교차로 - 교차로안,승용,여,42세,상해없음,원동기,남,25세,경상
2023071400100542,2023년 7월 14일 21시,금요일,경상남도 밀양시 내이동,경상사고,0,0,1,0,차대차 - 추돌,안전운전불이행,젖음/습기,흐림,교차로 - 교차로부근,승용,남,70세,상해없음,승용,남,41세,경상
2023071400100543,2023년 7월 14일 21시,금요일,경상남도 거제시 옥포동,경상사고,0,0,1,0,차대차 - 추돌,안전운전불이행,건조,맑음,교차로 - 교차로부근,승용,여,60세,상해없음,이륜,남,43세,경상
2023071400100569,2023년 7월 14일 22시,금요일,경상남도 거제시 고현동,중상사고,0,1,0,0,차대차 - 기타,교차로운행방법위반,건조,맑음,교차로 - 교차로안,승용,여,23세,기타불명,이륜,남,35세,중상
2023071400100570,2023년 7월 14일 22시,금요일,경상남도 창원시 마산회원구 구암동,경상사고,0,0,1,0,차대사람 - 보도통행중,기타,젖음/습기,비,기타 - 기타,승용,남,47세,상해없음,보행자,여,28세,경상
2023071500100026,2023년 7월 15일 01시,토요일,경상남도 통영시 광도면,경상사고,0,0,2,0,차대사람 - 기타,안전운전불이행,건조,맑음,교차로 - 교차로안,승용,남,26세,상해없음,보행자,남,53세,경상
2023071500100027,2023년 7월 15일 01시,토요일,경상남도 창원시 성산구 반지동,경상사고,0,0,2,0,차대차 - 추돌,안전운전불이행,젖음/습기,맑음,교차로 - 교차로부근,승용,남,30세,기타불명,승용,남,69세,경상
2023071500100028,2023년 7월 15일 01시,토요일,경상남도 창원시 성산구 양곡동,경상사고,0,0,1,0,차대차 - 측면충돌,안전운전불이행,건조,맑음,교차로 - 교차로부근,승용,여,30세,상해없음,화물,남,55세,경상
2023071500100052,2023년 7월 15일 03시,토요일,경상남도 창원시 의창구 소계동,중상사고,0,1,0,0,차대사람 - 횡단중,안전운전불이행,젖음/습기,비,교차로 - 교차로부근,승용,남,59세,상해없음,보행자,남,52세,중상
2023071500100066,2023년 7월 15일 04시,토요일,경상남도 창원시 마산합포구 신포동1가,부상신고사고,0,0,0,1,차대사람 - 횡단중,보행자보호의무위반,젖음/습기,비,교차로 - 교차로횡단보도내,화물,남,26세,상해없음,보행자,남,51세,부상신고
2023071500100079,2023년 7월 15일 06시,토요일,경상남도 거제시 고현동,경상사고,0,0,1,0,차대차 - 기타,교차로운행방법위반,젖음/습기,비,교차로 - 교차로안,승용,남,40세,상해없음,이륜,남,55세,경상
2023071500100150,2023년 7월 15일 10시,토요일,경상남도 창원시 진해구 석동,부상신고사고,0,0,0,1,차대차 - 측면충돌,안전운전불이행,건조,맑음,단일로 - 기타,승용,남,71세,상해없음,승용,여,44세,부상신고
2023071500100151,2023년 7월 15일 10시,토요일,경상남도 사천시 용현면,경상사고,0,0,2,0,차대차 - 정면충돌,중앙선침범,건조,맑음,단일로 - 지하차도(도로)내,화물,여,35세,상해없음,승용,남,63세,경상
2023071500100188,2023년 7월 15일 11시,토요일,경상남도 김해시 삼정동,중상사고,0,1,2,0,차대차 - 측면충돌,안전운전불이행,건조,맑음,단일로 - 기타,승용,여,55세,경상,승용,남,66세,경상
2023071500100189,2023년 7월 15일 11시,토요일,경상남도 창원시 의창구 팔용동,경상사고,0,0,1,0,차대차 - 측면충돌,안전거리미확보,건조,맑음,단일로 - 기타,승용,남,61세,상해없음,이륜,남,35세,경상
2023071500100216,2023년 7월 15일 12시,토요일,경상남도 김해시 삼계동,경상사고,0,0,2,0,차대차 - 측면충돌,중앙선침범,건조,흐림,교차로 - 교차로부근,승용,여,48세,상해없음,승용,남,58세,경상
2023071500100217,2023년 7월 15일 12시,토요일,경상남도 거제시 고현동,경상사고,0,0,1,0,차대사람 - 횡단중,보행자보호의무위반,젖음/습기,비,교차로 - 교차로횡단보도내,승용,여,33세,상해없음,보행자,여,10세,경상
2023071500100246,2023년 7월 15일 13시,토요일,경상남도 창원시 마산합포구 창동,중상사고,0,1,0,0,차대차 - 기타,신호위반,건조,맑음,교차로 - 교차로횡단보도내,승용,남,63세,상해없음,자전거,남,55세,중상
2023071500100247,2023년 7월 15일 13시,토요일,경상남도 창원시 성산구 사파동,중상사고,0,1,0,0,차대사람 - 횡단중,보행자보호의무위반,건조,맑음,교차로 - 교차로횡단보도내,화물,남,67세,상해없음,보행자,여,45세,중상
2023071500100248,2023년 7월 15일 13시,토요일,경상남도 김해시 진영읍,경상사고,0,0,1,0,차대차 - 측면충돌,교차로운행방법위반,건조,맑음,교차로 - 교차로안,화물,남,60세,상해없음,자전거,남,8세,경상
2023071500100312,2023년 7월 15일 15시,토요일,경상남도 통영시 광도면,중상사고,0,1,1,0,차대차 - 기타,안전운전불이행,젖음/습기,비,기타 - 기타,승합,남,68세,상해없음,이륜,남,43세,중상
2023071500100313,2023년 7월 15일 15시,토요일,경상남도 창원시 성산구 용호동,부상신고사고,0,0,0,1,차대차 - 기타,안전운전불이행,건조,맑음,단일로 - 기타,기타불명,기타불명,미분류,기타불명,자전거,남,23세,부상신고
2023071500100342,2023년 7월 15일 16시,토요일,경상남도 사천시 정동면,중상사고,0,1,0,0,차대차 - 측면충돌,신호위반,건조,맑음,단일로 - 지하차도(도로)내,승용,남,33세,기타불명,승용,여,47세,중상
2023071500100370,2023년 7월 15일 17시,토요일,경상남도 창원시 진해구 자은동,중상사고,0,1,0,0,차대차 - 측면충돌,직진우회전진행방해,건조,맑음,교차로 - 교차로안,이륜,남,60세,중상,승용,남,43세,상해없음
2023071500100371,2023년 7월 15일 17시,토요일,경상남도 통영시 용남면,경상사고,0,0,1,0,차대차 - 측면충돌,안전운전불이행,젖음/습기,흐림,기타 - 기타,화물,남,61세,상해없음,화물,남,51세,경상
2023071500100372,2023년 7월 15일 17시,토요일,경상남도 김해시 삼방동,경상사고,0,0,3,0,차대차 - 추돌,차로위반,젖음/습기,비,교차로 - 교차로부근,승용,여,44세,경상,승용,남,42세,경상
2023071500100373,2023년 7월 15일 17시,토요일,경상남도 거창군 거창읍,경상사고,0,0,3,0,차대차 - 측면충돌,신호위반,젖음/습기,흐림,교차로 - 교차로안,승용,남,30세,경상,승용,남,67세,상해없음
2023071500100374,2023년 7월 15일 17시,토요일,경상남도 창녕군 남지읍,경상사고,0,0,1,0,차대차 - 측면충돌,안전운전불이행,건조,맑음,교차로 - 교차로안,화물,남,60세,기타불명,승용,여,45세,경상
2023071500100402,2023년 7월 15일 18시,토요일,경상남도 밀양시 삼문동,부상신고사고,0,0,0,1,차대사람 - 기타,안전운전불이행,건조,맑음,단일로 - 기타,개인형이동수단(PM),남,17세,상해없음,보행자,남,56세,부상신고
2023071500100403,2023년 7월 15일 18시,토요일,경상남도 창원시 의창구 도계동,경상사고,0,0,1,0,차대사람 - 차도통행중,안전운전불이행,건조,맑음,교차로 - 교차로안,승용,여,58세,상해없음,보행자,여,49세,경상
2023071500100458,2023년 7월 15일 20시,토요일,경상남도 김해시 진례면,중상사고,0,1,0,0,차대차 - 측면충돌,신호위반,젖음/습기,흐림,교차로 - 교차로부근,승용,여,46세,상해없음,이륜,남,46세,중상
2023071500100486,2023년 7월 15일 21시,토요일,경상남도 창원시 성산구 귀산동,경상사고,0,0,1,0,차대차 - 측면충돌,안전운전불이행,젖음/습기,비,단일로 - 기타,승합,남,77세,상해없음,승용,남,30세,경상
2023071500100487,2023년 7월 15일 21시,토요일,경상남도 창원시 의창구 사림동,경상사고,0,0,1,0,차대차 - 측면충돌,안전운전불이행,젖음/습기,비,교차로 - 교차로안,승용,남,38세,상해없음,자전거,남,51세,경상
2023071500100488,2023년 7월 15일 21시,토요일,경상남도 창원시 의창구 대산면,중상사고,0,1,0,0,차대차 - 추돌,안전운전불이행,젖음/습기,비,교차로 - 교차로부근,화물,남,43세,기타불명,승용,여,67세,중상
2023071500100511,2023년 7월 15일 22시,토요일,경상남도 창원시 진해구 속천동,경상사고,0,0,1,0,차대차 - 측면충돌,중앙선침범,젖음/습기,비,단일로 - 기타,승용,남,70세,상해없음,화물,남,35세,경상
2023071500100512,2023년 7월 15일 22시,토요일,경상남도 김해시 삼계동,경상사고,0,0,1,0,차대사람 - 횡단중,보행자보호의무위반,젖음/습기,비,단일로 - 기타,기타불명,기타불명,미분류,기타불명,보행자,남,49세,경상
2023071500100513,2023년 7월 15일 22시,토요일,경상남도 김해시 내동,경상사고,0,0,1,0,차대사람 - 횡단중,보행자보호의무위반,젖음/습기,비,단일로 - 기타,승용,남,32세,상해없음,보행자,여,59세,경상
2023071500100514,2023년 7월 15일 22시,토요일,경상남도 거제시 연초면,중상사고,0,1,0,0,차량단독 - 공작물충돌,안전운전불이행,젖음/습기,비,단일로 - 기타,화물,남,66세,중상,,,,
2023071500100535,2023년 7월 15일 23시,토요일,경상남도 창원시 의창구 반계동,중상사고,0,1,1,0,차대차 - 추돌,안전운전불이행,젖음/습기,비,단일로 - 기타,승용,남,26세,상해없음,승용,남,66세,중상
2023071600100021,2023년 7월 16일 01시,일요일,경상남도 양산시 물금읍,중상사고,0,1,0,0,차량단독 - 전도전복 - 전도,안전운전불이행,젖음/습기,흐림,교차로 - 교차로부근,개인형이동수단(PM),남,41세,중상,,,,
2023071600100053,2023년 7월 16일 05시,일요일,경상남도 통영시 미수동,경상사고,0,0,2,0,차대차 - 기타,안전거리미확보,젖음/습기,비,기타 - 기타,화물,남,57세,상해없음,승용,남,40세,경상
2023071600100076,2023년 7월 16일 08시,일요일,경상남도 김해시 내동,경상사고,0,0,1,0,차대차 - 측면충돌,교차로운행방법위반,젖음/습기,흐림,교차로 - 교차로안,승합,남,51세,상해없음,이륜,남,42세,경상
2023071600100086,2023년 7월 16일 09시,일요일,경상남도 김해시 외동,중상사고,0,1,0,0,차대사람 - 기타,안전운전불이행,침수,비,단일로 - 기타,승합,남,63세,상해없음,보행자,여,62세,중상
2023071600100102,2023년 7월 16일 10시,일요일,경상남도 거제시 고현동,경상사고,0,0,1,0,차대차 - 측면충돌,중앙선침범,건조,맑음,단일로 - 기타,화물,남,29세,상해없음,승용,여,36세,경상
2023071600100103,2023년 7월 16일 10시,일요일,경상남도 함안군 가야읍,경상사고,0,0,2,0,차대차 - 측면충돌,안전운전불이행,젖음/습기,비,단일로 - 기타,승용,남,54세,상해없음,승용,남,32세,경상
2023071600100120,2023년 7월 16일 11시,일요일,경상남도 진주시 초전동,경상사고,0,0,1,0,차대차 - 측면충돌,교차로운행방법위반,젖음/습기,흐림,교차로 - 교차로안,승용,여,41세,상해없음,승용,여,47세,경상
2023071600100168,2023년 7월 16일 13시,일요일,경상남도 창원시 마산합포구 가포동,경상사고,0,0,1,0,차대차 - 정면충돌,안전운전불이행,젖음/습기,비,단일로 - 기타,이륜,여,62세,경상,승용,남,26세,상해없음
2023071600100169,2023년 7월 16일 13시,일요일,경상남도 김해시 구산동,경상사고,0,0,2,0,차대차 - 추돌,안전운전불이행,젖음/습기,흐림,단일로 - 기타,승용,남,59세,상해없음,승용,여,25세,경상
2023071600100217,2023년 7월 16일 15시,일요일,경상남도 진주시 봉곡동,중상사고,0,1,0,0,차대사람 - 횡단중,보행자보호의무위반,젖음/습기,비,단일로 - 기타,이륜,남,28세,상해없음,보행자,남,79세,중상
2023071600100218,2023년 7월 16일 15시,일요일,경상남도 진주시 가좌동,경상사고,0,0,1,0,차대차 - 측면충돌,신호위반,젖음/습기,비,교차로 - 교차로부근,승용,남,64세,상해없음,승용,남,53세,경상
2023071600100246,2023년 7월 16일 17시,일요일,경상남도 양산시 다방동,경상사고,0,0,1,0,차대차 - 기타,안전운전불이행,젖음/습기,비,단일로 - 기타,승용,남,50세,상해없음,승용,남,27세,경상
2023071600100251,2023년 7월 16일 17시,일요일,경상남도 합천군 초계면,경상사고,0,0,1,0,차량단독 - 공작물충돌,안전운전불이행,젖음/습기,비,단일로 - 기타,승용,여,54세,경상,,,,
2023071600100270,2023년 7월 16일 18시,일요일,경상남도 진주시 충무공동,경상사고,0,0,1,0,차대차 - 측면충돌,안전운전불이행,젖음/습기,흐림,단일로 - 기타,승용,남,50세,상해없음,승용,남,40세,경상
2023071600100286,2023년 7월 16일 19시,일요일,경상남도 김해시 삼정동,경상사고,0,0,1,0,차대차 - 측면충돌,신호위반,젖음/습기,비,교차로 - 교차로안,승용,남,53세,상해없음,승용,남,56세,경상
2023071600100344,2023년 7월 16일 22시,일요일,경상남도 창원시 진해구 석동,경상사고,0,0,1,0,차대사람 - 횡단중,안전운전불이행,젖음/습기,비,교차로 - 교차로안,승용,여,46세,상해없음,보행자,남,71세,경상
2023071600100345,2023년 7월 16일 22시,일요일,경상남도 김해시 어방동,경상사고,0,0,1,0,차대사람 - 횡단중,보행자보호의무위반,젖음/습기,비,교차로 - 교차로횡단보도내,승용,여,59세,상해없음,보행자,여,65세,경상
2023071600100346,2023년 7월 16일 22시,일요일,경상남도 창원시 성산구 신월동,부상신고사고,0,0,0,1,차대사람 - 차도통행중,안전운전불이행,건조,맑음,교차로 - 교차로안,승용,남,58세,상해없음,보행자,남,53세,부상신고
2023071600100359,2023년 7월 16일 23시,일요일,경상남도 김해시 내동,경상사고,0,0,1,0,차대사람 - 횡단중,신호위반,젖음/습기,비,단일로 - 기타,이륜,남,26세,상해없음,보행자,남,14세,경상
2023071700100010,2023년 7월 17일 00시,월요일,경상남도 양산시 동면,중상사고,0,1,0,0,차량단독 - 공작물충돌,안전운전불이행,젖음/습기,비,단일로 - 기타,승용,남,65세,상해없음,,,,
2023071700100011,2023년 7월 17일 00시,월요일,경상남도 양산시 상북면,사망사고,1,0,0,0,차대사람 - 횡단중,안전운전불이행,젖음/습기,비,교차로 - 교차로부근,승용,남,24세,상해없음,보행자,여,57세,사망
2023071700100027,2023년 7월 17일 03시,월요일,경상남도 진주시 하대동,경상사고,0,0,2,0,차대차 - 추돌,안전운전불이행,젖음/습기,비,단일로 - 기타,승용,남,29세,상해없음,승용,남,56세,경상
2023071700100072,2023년 7월 17일 07시,월요일,경상남도 밀양시 삼랑진읍,사망사고,1,0,0,0,차대차 - 기타,안전운전불이행,젖음/습기,흐림,단일로 - 기타,자전거,남,69세,사망,승용,남,44세,상해없음
2023071700100073,2023년 7월 17일 07시,월요일,경상남도 양산시 중부동,중상사고,0,1,1,0,차대차 - 추돌,안전운전불이행,젖음/습기,흐림,단일로 - 기타,화물,남,51세,상해없음,승용,여,48세,경상
2023071700100074,2023년 7월 17일 07시,월요일,경상남도 거제시 장평동,경상사고,0,0,1,0,차대차 - 기타,교차로운행방법위반,건조,맑음,교차로 - 교차로부근,이륜,남,58세,상해없음,자전거,남,33세,경상
2023071700100114,2023년 7월 17일 08시,월요일,경상남도 김해시 삼정동,중상사고,0,1,0,0,차대사람 - 횡단중,보행자보호의무위반,건조,맑음,단일로 - 기타,승용,남,28세,상해없음,보행자,남,7세,중상
2023071700100115,2023년 7월 17일 08시,월요일,경상남도 김해시 안동,경상사고,0,0,2,0,차대차 - 추돌,안전운전불이행,건조,맑음,교차로 - 교차로부근,승용,남,58세,상해없음,승용,여,55세,경상
2023071700100116,2023년 7월 17일 08시,월요일,경상남도 창원시 마산회원구 석전동,경상사고,0,0,2,0,차대차 - 기타,안전운전불이행,건조,맑음,교차로 - 교차로안,특수,남,37세,상해없음,화물,남,34세,경상
2023071700100156,2023년 7월 17일 09시,월요일,경상남도 진주시 판문동,중상사고,0,1,0,0,차대차 - 측면충돌,신호위반,건조,맑음,교차로 - 교차로안,승용,남,56세,상해없음,승용,남,65세,중상
2023071700100157,2023년 7월 17일 09시,월요일,경상남도 창녕군 부곡면,부상신고사고,0,0,0,1,차량단독 - 공작물충돌,안전운전불이행,젖음/습기,비,단일로 - 기타,승용,여,69세,부상신고,,,,
2023071700100158,2023년 7월 17일 09시,월요일,경상남도 함양군 수동면,경상사고,0,0,2,0,차대차 - 추돌,안전운전불이행,건조,맑음,교차로 - 교차로안,화물,남,64세,상해없음,승용,여,23세,경상
2023071700100191,2023년 7월 17일 10시,월요일,경상남도 창원시 진해구 용원동,경상사고,0,0,1,0,차대차 - 측면충돌,차로위반,건조,맑음,교차로 - 교차로안,건설기계,남,67세,상해없음,승용,남,38세,경상
2023071700100192,2023년 7월 17일 10시,월요일,경상남도 창녕군 이방면,중상사고,0,1,0,0,차대차 - 기타,안전운전불이행,건조,맑음,단일로 - 기타,원동기,남,82세,상해없음,자전거,여,82세,중상
2023071700100214,2023년 7월 17일 11시,월요일,경상남도 통영시 미수동,경상사고,0,0,1,0,차량단독 - 공작물충돌,안전운전불이행,건조,맑음,교차로 - 교차로안,승용,여,57세,경상,,,,
2023071700100245,2023년 7월 17일 12시,월요일,경상남도 창원시 마산회원구 석전동,경상사고,0,0,1,0,차대차 - 추돌,신호위반,건조,흐림,교차로 - 교차로부근,승용,남,61세,상해없음,승용,여,32세,경상
2023071700100246,2023년 7월 17일 12시,월요일,경상남도 김해시 진영읍,중상사고,0,1,0,0,차대차 - 추돌,안전운전불이행,건조,맑음,단일로 - 기타,화물,남,71세,중상,승용,기타불명,미분류,기타불명
2023071700100274,2023년 7월 17일 13시,월요일,경상남도 김해시 구산동,경상사고,0,0,1,0,차대차 - 측면충돌,교차로운행방법위반,건조,맑음,교차로 - 교차로부근,승용,남,65세,상해없음,승용,여,62세,경상
2023071700100275,2023년 7월 17일 13시,월요일,경상남도 김해시 생림면,경상사고,0,0,3,0,차대차 - 정면충돌,중앙선침범,건조,맑음,기타 - 기타,승용,여,53세,상해없음,화물,남,42세,경상
2023071700100310,2023년 7월 17일 14시,월요일,경상남도 창원시 진해구 석동,경상사고,0,0,1,0,차대차 - 추돌,안전운전불이행,건조,맑음,단일로 - 기타,승용,남,74세,상해없음,승합,남,55세,경상
2023071700100311,2023년 7월 17일 14시,월요일,경상남도 김해시 삼계동,경상사고,0,0,1,0,차대사람 - 기타,기타,건조,맑음,기타 - 기타,승합,남,63세,상해없음,보행자,여,51세,경상
2023071700100345,2023년 7월 17일 15시,월요일,경상남도 김해시 내동,중상사고,0,1,0,0,차대차 - 기타,기타,건조,맑음,기타 - 기타,승용,여,57세,상해없음,이륜,남,69세,중상
2023071700100346,2023년 7월 17일 15시,월요일,경상남도 김해시 진영읍,경상사고,0,0,2,0,차대차 - 측면충돌,교차로운행방법위반,건조,맑음,교차로 - 교차로안,화물,남,44세,경상,화물,남,68세,경상