사고번호,사고일시,요일,시군구,사고내용,사망자수,중상자수,경상자수,부상신고자수,사고유형,법규위반,노면상태,기상상태,도로형태,가해운전자 차종,가해운전자 성별,가해운전자 연령,가해운전자 상해정도,피해운전자 차종,피해운전자 성별,피해운전자 연령,피해운전자 상해정도
2023071700100375,2023년 7월 17일 16시,월요일,경상남도 진주시 수곡면,중상사고,0,1,0,0,차대사람 - 차도통행중,안전운전불이행,젖음/습기,비,단일로 - 기타,승용,여,29세,상해없음,보행자,여,82세,중상
2023071700100376,2023년 7월 17일 16시,월요일,경상남도 통영시 광도면,경상사고,0,0,1,0,차대차 - 측면충돌,신호위반,젖음/습기,비,교차로 - 교차로안,자전거,남,76세,경상,승용,여,65세,상해없음
2023071700100377,2023년 7월 17일 16시,월요일,경상남도 거창군 거창읍,경상사고,0,0,1,0,차대차 - 측면충돌,안전운전불이행,젖음/습기,비,교차로 - 교차로안,승용,남,43세,상해없음,화물,남,61세,경상
2023071700100457,2023년 7월 17일 18시,월요일,경상남도 진주시 강남동,경상사고,0,0,1,0,차대차 - 측면충돌,차로위반,건조,맑음,단일로 - 기타,승용,여,66세,상해없음,승용,여,34세,경상
2023071700100458,2023년 7월 17일 18시,월요일,경상남도 양산시 용당동,중상사고,0,1,0,0,차대차 - 정면충돌,중앙선침범,건조,맑음,단일로 - 기타,승용,남,40세,상해없음,승용,남,37세,중상
2023071700100459,2023년 7월 17일 18시,월요일,경상남도 양산시 평산동,중상사고,0,1,0,0,차대사람 - 횡단중,보행자보호의무위반,건조,맑음,교차로 - 교차로안,승용,남,44세,상해없음,보행자,여,11세,중상
2023071700100460,2023년 7월 17일 18시,월요일,경상남도 양산시 물금읍,경상사고,0,0,2,0,차대차 - 정면충돌,중앙선침범,젖음/습기,비,교차로 - 교차로부근,승용,남,31세,상해없음,승용,여,48세,상해없음
2023071700100461,2023년 7월 17일 18시,월요일,경상남도 김해시 풍유동,중상사고,0,1,0,0,차대차 - 후진중충돌,안전운전불이행,건조,맑음,단일로 - 기타,화물,남,63세,상해없음,승용,남,65세,중상
2023071700100462,2023년 7월 17일 18시,월요일,경상남도 함안군 군북면,경상사고,0,0,1,0,차대차 - 추돌,안전운전불이행,젖음/습기,비,단일로 - 기타,승용,남,19세,상해없음,승용,남,45세,경상
2023071700100512,2023년 7월 17일 20시,월요일,경상남도 거창군 거창읍,경상사고,0,0,1,0,차대차 - 측면충돌,안전운전불이행,젖음/습기,비,교차로 - 교차로안,승용,남,36세,상해없음,이륜,남,34세,경상
2023071700100513,2023년 7월 17일 20시,월요일,경상남도 거창군 거창읍,부상신고사고,0,0,0,1,차량단독 - 공작물충돌,안전운전불이행,젖음/습기,비,교차로 - 교차로안,화물,남,47세,부상신고,,,,
2023071700100514,2023년 7월 17일 20시,월요일,경상남도 창원시 성산구 남양동,사망사고,1,0,0,0,차대차 - 기타,신호위반,젖음/습기,비,교차로 - 교차로안,이륜,남,40세,사망,승합,남,62세,상해없음
2023071700100535,2023년 7월 17일 21시,월요일,경상남도 남해군 미조면,경상사고,0,0,1,0,차대차 - 측면충돌,중앙선침범,건조,맑음,교차로 - 교차로안,승용,여,43세,상해없음,승용,남,40세,경상
2023071800100013,2023년 7월 18일 00시,화요일,경상남도 양산시 중부동,중상사고,0,1,0,0,차대차 - 측면충돌,안전운전불이행,젖음/습기,비,단일로 - 기타,승용,남,61세,상해없음,승용,남,35세,중상
2023071800100014,2023년 7월 18일 00시,화요일,경상남도 창원시 마산회원구 회원동,경상사고,0,0,1,0,차대차 - 추돌,안전운전불이행,건조,맑음,교차로 - 교차로부근,승용,여,52세,상해없음,승용,남,39세,경상
2023071800100064,2023년 7월 18일 07시,화요일,경상남도 함양군 안의면,중상사고,0,3,0,0,차량단독 - 공작물충돌,안전운전불이행,젖음/습기,비,단일로 - 기타,화물,남,58세,상해없음,,,,
2023071800100097,2023년 7월 18일 08시,화요일,경상남도 양산시 교동,경상사고,0,0,2,0,차대차 - 측면충돌,교차로운행방법위반,젖음/습기,비,교차로 - 교차로안,승용,여,43세,상해없음,승용,남,39세,경상
2023071800100169,2023년 7월 18일 10시,화요일,경상남도 양산시 주진동,중상사고,0,1,1,0,차대차 - 측면충돌,안전운전불이행,젖음/습기,비,교차로 - 교차로부근,승용,남,63세,상해없음,승용,기타불명,미분류,기타불명
2023071800100170,2023년 7월 18일 10시,화요일,경상남도 창원시 의창구 도계동,경상사고,0,0,1,0,차대차 - 측면충돌,차로위반,젖음/습기,비,단일로 - 기타,승용,여,50세,상해없음,화물,남,57세,경상
2023071800100220,2023년 7월 18일 12시,화요일,경상남도 밀양시 부북면,경상사고,0,0,4,0,차대차 - 정면충돌,교차로운행방법위반,젖음/습기,비,교차로 - 교차로안,승용,여,57세,경상,승용,남,59세,경상
2023071800100221,2023년 7월 18일 12시,화요일,경상남도 거제시 문동동,사망사고,1,0,0,0,차량단독 - 전도전복 - 전도,안전운전불이행,젖음/습기,비,단일로 - 기타,이륜,남,62세,사망,,,,
2023071800100288,2023년 7월 18일 14시,화요일,경상남도 김해시 동상동,중상사고,0,1,0,0,차대차 - 기타,신호위반,젖음/습기,비,교차로 - 교차로안,승용,남,34세,상해없음,승용,여,55세,중상
2023071800100289,2023년 7월 18일 14시,화요일,경상남도 거창군 고제면,중상사고,0,1,0,0,차대사람 - 횡단중,중앙선침범,젖음/습기,비,단일로 - 기타,화물,남,56세,상해없음,보행자,여,84세,중상
2023071800100290,2023년 7월 18일 14시,화요일,경상남도 창원시 의창구 봉곡동,경상사고,0,0,2,0,차대차 - 측면충돌,안전거리미확보,건조,맑음,단일로 - 기타,승용,여,38세,경상,승용,남,69세,경상
2023071800100321,2023년 7월 18일 15시,화요일,경상남도 거창군 거창읍,중상사고,0,1,0,0,차대차 - 측면충돌,교차로운행방법위반,젖음/습기,비,교차로 - 교차로안,승용,남,63세,상해없음,이륜,남,57세,중상
2023071800100387,2023년 7월 18일 17시,화요일,경상남도 창원시 진해구 풍호동,경상사고,0,0,1,0,차대차 - 기타,직진우회전진행방해,젖음/습기,비,교차로 - 교차로안,승용,여,48세,상해없음,이륜,남,30세,경상
2023071800100388,2023년 7월 18일 17시,화요일,경상남도 통영시 무전동,중상사고,0,1,1,0,차대차 - 정면충돌,신호위반,젖음/습기,비,교차로 - 교차로안,승용,남,28세,상해없음,승용,여,44세,중상
2023071800100389,2023년 7월 18일 17시,화요일,경상남도 김해시 구산동,중상사고,0,1,0,0,차대사람 - 횡단중,보행자보호의무위반,젖음/습기,비,교차로 - 교차로안,승합,남,68세,상해없음,보행자,남,65세,중상
2023071800100390,2023년 7월 18일 17시,화요일,경상남도 창원시 의창구 팔용동,경상사고,0,0,1,0,차대차 - 기타,안전운전불이행,젖음/습기,비,교차로 - 교차로부근,승용,남,51세,상해없음,이륜,남,53세,경상
2023071800100430,2023년 7월 18일 18시,화요일,경상남도 창원시 의창구 팔용동,중상사고,0,1,0,0,차대차 - 측면충돌,안전운전불이행,젖음/습기,비,교차로 - 교차로안,승용,남,35세,상해없음,승용,여,55세,중상
2023071800100461,2023년 7월 18일 19시,화요일,경상남도 창원시 마산회원구 석전동,사망사고,1,0,0,0,차대사람 - 차도통행중,안전운전불이행,젖음/습기,비,단일로 - 기타,승용,남,30세,상해없음,보행자,남,68세,사망
2023071800100485,2023년 7월 18일 20시,화요일,경상남도 거제시 사등면,부상신고사고,0,0,0,1,차대차 - 후진중충돌,안전운전불이행,젖음/습기,비,교차로 - 교차로안,승용,남,35세,상해없음,승용,남,54세,부상신고
2023071800100509,2023년 7월 18일 21시,화요일,경상남도 양산시 물금읍,중상사고,0,1,1,0,차대차 - 정면충돌,신호위반,젖음/습기,비,교차로 - 교차로부근,승용,여,42세,상해없음,승용,여,51세,중상
2023071800100510,2023년 7월 18일 21시,화요일,경상남도 함안군 군북면,경상사고,0,0,1,0,차량단독 - 기타,안전운전불이행,젖음/습기,비,단일로 - 기타,승용,여,70세,상해없음,,,,
2023071800100555,2023년 7월 18일 23시,화요일,경상남도 창원시 진해구 이동,경상사고,0,0,1,0,차량단독 - 기타,안전운전불이행,젖음/습기,흐림,교차로 - 교차로부근,승용,남,21세,경상,,,,
2023071800100556,2023년 7월 18일 23시,화요일,경상남도 창원시 진해구 석동,중상사고,0,1,0,0,차대차 - 측면충돌,신호위반,젖음/습기,비,단일로 - 터널,승용,남,33세,상해없음,승용,남,54세,중상
2023071900100024,2023년 7월 19일 03시,수요일,경상남도 김해시 생림면,중상사고,0,1,0,0,차량단독 - 기타,안전운전불이행,젖음/습기,흐림,단일로 - 기타,이륜,남,28세,상해없음,,,,
2023071900100049,2023년 7월 19일 06시,수요일,경상남도 창원시 마산회원구 내서읍,중상사고,0,1,0,0,차대사람 - 보도통행중,안전운전불이행,건조,맑음,교차로 - 교차로부근,승용,남,66세,상해없음,보행자,여,86세,중상
2023071900100075,2023년 7월 19일 07시,수요일,경상남도 양산시 신기동,경상사고,0,0,1,0,차대차 - 측면충돌,안전운전불이행,건조,맑음,단일로 - 교량,승용,남,54세,경상,특수,남,55세,상해없음
2023071900100076,2023년 7월 19일 07시,수요일,경상남도 양산시 중부동,경상사고,0,0,2,0,차대차 - 기타,교차로운행방법위반,건조,맑음,교차로 - 교차로안,승용,남,53세,상해없음,승합,남,56세,경상
2023071900100113,2023년 7월 19일 08시,수요일,경상남도 통영시 도남동,경상사고,0,0,1,0,차대차 - 측면충돌,안전운전불이행,젖음/습기,흐림,교차로 - 교차로안,승용,여,50세,상해없음,승용,남,59세,경상
2023071900100144,2023년 7월 19일 09시,수요일,경상남도 진주시 중안동,중상사고,0,1,0,0,차대차 - 측면충돌,직진우회전진행방해,건조,맑음,교차로 - 교차로안,승용,남,39세,상해없음,이륜,남,24세,중상
2023071900100145,2023년 7월 19일 09시,수요일,경상남도 진주시 미천면,중상사고,0,1,0,0,차량단독 - 기타,안전운전불이행,젖음/습기,흐림,교차로 - 교차로부근,농기계,남,82세,중상,,,,
2023071900100146,2023년 7월 19일 09시,수요일,경상남도 김해시 구산동,경상사고,0,0,1,0,차대차 - 측면충돌,중앙선침범,젖음/습기,비,교차로 - 교차로안,승용,남,55세,기타불명,이륜,남,25세,경상
2023071900100147,2023년 7월 19일 09시,수요일,경상남도 양산시 중부동,경상사고,0,0,1,0,차대차 - 후진중충돌,안전운전불이행,건조,맑음,교차로 - 교차로안,승용,여,69세,상해없음,승용,남,57세,경상
2023071900100229,2023년 7월 19일 11시,수요일,경상남도 합천군 합천읍,중상사고,0,1,0,0,차대차 - 정면충돌,안전운전불이행,건조,맑음,교차로 - 교차로부근,승합,남,23세,상해없음,승용,남,26세,중상
2023071900100230,2023년 7월 19일 11시,수요일,경상남도 거제시 장평동,경상사고,0,0,1,0,차대차 - 측면충돌,안전운전불이행,건조,맑음,기타 - 기타,승용,남,32세,상해없음,승용,여,62세,경상
2023071900100265,2023년 7월 19일 12시,수요일,경상남도 창원시 진해구 석동,경상사고,0,0,1,0,차대차 - 기타,안전운전불이행,건조,맑음,교차로 - 교차로부근,이륜,남,46세,경상,승용,남,78세,상해없음
2023071900100266,2023년 7월 19일 12시,수요일,경상남도 밀양시 내이동,경상사고,0,0,1,0,차대차 - 측면충돌,안전운전불이행,건조,맑음,교차로 - 교차로부근,이륜,남,29세,경상,승용,여,56세,상해없음
2023071900100267,2023년 7월 19일 12시,수요일,경상남도 김해시 동상동,경상사고,0,0,1,0,차대차 - 정면충돌,안전운전불이행,젖음/습기,비,교차로 - 교차로안,승용,여,47세,상해없음,승용,여,53세,경상
2023071900100268,2023년 7월 19일 12시,수요일,경상남도 창원시 마산회원구 석전동,경상사고,0,0,1,0,차대차 - 정면충돌,안전운전불이행,기타,기타,단일로 - 기타,이륜,남,25세,상해없음,승용,남,26세,경상
2023071900100269,2023년 7월 19일 12시,수요일,경상남도 김해시 무계동,경상사고,0,0,1,0,차대차 - 정면충돌,안전운전불이행,건조,맑음,교차로 - 교차로안,승용,남,49세,상해없음,승용,여,36세,경상
2023071900100330,2023년 7월 19일 14시,수요일,경상남도 창원시 마산합포구 월영동,경상사고,0,0,1,0,차량단독 - 공작물충돌,안전운전불이행,건조,맑음,교차로 - 교차로안,승용,여,48세,경상,,,,
2023071900100331,2023년 7월 19일 14시,수요일,경상남도 창녕군 남지읍,경상사고,0,0,2,0,차대차 - 기타,직진우회전진행방해,건조,맑음,교차로 - 교차로안,화물,남,60세,경상,화물,남,78세,경상
2023071900100366,2023년 7월 19일 15시,수요일,경상남도 함안군 가야읍,경상사고,0,0,1,0,차대차 - 측면충돌,안전운전불이행,건조,맑음,주차장 - 주차장,승용,남,63세,상해없음,승용,남,49세,경상
2023071900100407,2023년 7월 19일 16시,수요일,경상남도 거창군 거창읍,중상사고,0,1,0,0,차대사람 - 횡단중,보행자보호의무위반,건조,맑음,교차로 - 교차로횡단보도내,승용,여,66세,상해없음,보행자,여,12세,중상
2023071900100408,2023년 7월 19일 16시,수요일,경상남도 거제시 옥포동,경상사고,0,0,1,0,차대사람 - 차도통행중,안전운전불이행,건조,맑음,교차로 - 교차로안,승용,여,31세,상해없음,보행자,남,84세,경상
2023071900100409,2023년 7월 19일 16시,수요일,경상남도 산청군 금서면,경상사고,0,0,1,0,차대차 - 측면충돌,신호위반,건조,맑음,교차로 - 교차로안,원동기,여,71세,경상,승용,여,60세,상해없음
2023071900100410,2023년 7월 19일 16시,수요일,경상남도 창원시 성산구 남양동,경상사고,0,0,1,0,차대차 - 기타,안전운전불이행,건조,맑음,교차로 - 교차로안,승용,남,26세,기타불명,자전거,남,11세,경상
2023071900100452,2023년 7월 19일 17시,수요일,경상남도 김해시 삼정동,경상사고,0,0,1,0,차대차 - 기타,안전운전불이행,건조,맑음,교차로 - 교차로안,승용,남,21세,상해없음,자전거,남,44세,경상
2023071900100453,2023년 7월 19일 17시,수요일,경상남도 양산시 물금읍,경상사고,0,0,1,0,차대차 - 측면충돌,안전운전불이행,건조,맑음,교차로 - 교차로부근,승용,남,65세,상해없음,승용,남,32세,경상
2023071900100454,2023년 7월 19일 17시,수요일,경상남도 거제시 장평동,경상사고,0,0,1,0,차대차 - 측면충돌,신호위반,건조,맑음,교차로 - 교차로횡단보도내,이륜,남,49세,상해없음,자전거,남,30세,경상
2023071900100455,2023년 7월 19일 17시,수요일,경상남도 창원시 성산구 반지동,부상신고사고,0,0,0,1,차대사람 - 기타,기타,건조,맑음,기타 - 기타,승용,여,50세,상해없음,보행자,여,47세,부상신고
2023071900100456,2023년 7월 19일 17시,수요일,경상남도 김해시 대청동,경상사고,0,0,1,0,차대차 - 측면충돌,안전운전불이행,건조,맑음,교차로 - 교차로부근,승용,여,48세,상해없음,이륜,여,30세,경상
2023071900100503,2023년 7월 19일 18시,수요일,경상남도 함안군 가야읍,중상사고,0,1,0,0,차대사람 - 기타,안전운전불이행,건조,맑음,기타 - 기타,승용,남,45세,상해없음,보행자,여,66세,중상
2023071900100535,2023년 7월 19일 19시,수요일,경상남도 함안군 칠북면,중상사고,0,1,0,0,차대차 - 기타,안전운전불이행,건조,맑음,교차로 - 교차로안,승용,여,40세,상해없음,이륜,남,24세,중상
2023071900100560,2023년 7월 19일 20시,수요일,경상남도 창원시 진해구 석동,경상사고,0,0,1,0,차대차 - 측면충돌,안전운전불이행,건조,맑음,교차로 - 교차로부근,이륜,남,32세,경상,승용,여,24세,상해없음
2023071900100561,2023년 7월 19일 20시,수요일,경상남도 사천시 용현면,경상사고,0,0,1,0,차대차 - 측면충돌,안전운전불이행,건조,맑음,교차로 - 교차로안,승용,여,55세,상해없음,자전거,남,53세,경상
2023071900100586,2023년 7월 19일 21시,수요일,경상남도 통영시 명정동,경상사고,0,0,1,0,차대차 - 측면충돌,안전운전불이행,건조,맑음,교차로 - 교차로안,승합,남,48세,상해없음,승용,여,27세,경상
2023072000100026,2023년 7월 20일 02시,목요일,경상남도 밀양시 산외면,중상사고,0,1,0,0,차대차 - 정면충돌,중앙선침범,건조,맑음,단일로 - 기타,자전거,남,53세,중상,화물,남,38세,상해없음
2023072000100032,2023년 7월 20일 03시,목요일,경상남도 통영시 서호동,중상사고,0,1,1,0,차대사람 - 기타,안전운전불이행,건조,맑음,교차로 - 교차로부근,화물,남,58세,상해없음,보행자,여,70세,중상
2023072000100052,2023년 7월 20일 06시,목요일,경상남도 김해시 삼정동,중상사고,0,1,0,0,차대사람 - 차도통행중,안전운전불이행,건조,맑음,교차로 - 교차로안,승용,남,67세,상해없음,보행자,여,81세,중상
2023072000100071,2023년 7월 20일 07시,목요일,경상남도 창원시 진해구 경화동,경상사고,0,0,1,0,차대차 - 기타,직진우회전진행방해,건조,맑음,교차로 - 교차로안,승용,여,26세,상해없음,승용,남,22세,경상
2023072000100072,2023년 7월 20일 07시,목요일,경상남도 거제시 연초면,부상신고사고,0,0,0,1,차대차 - 측면충돌,중앙선침범,건조,맑음,단일로 - 기타,이륜,남,54세,부상신고,화물,남,60세,상해없음
2023072000100100,2023년 7월 20일 08시,목요일,경상남도 창원시 진해구 풍호동,중상사고,0,1,0,0,차대사람 - 횡단중,보행자보호의무위반,건조,맑음,교차로 - 교차로횡단보도내,승용,여,44세,상해없음,보행자,여,74세,중상
2023072000100101,2023년 7월 20일 08시,목요일,경상남도 창원시 진해구 여좌동,경상사고,0,0,1,0,차대사람 - 길가장자리구역통행중,안전운전불이행,건조,맑음,단일로 - 기타,승용,여,32세,상해없음,보행자,남,53세,경상
2023072000100102,2023년 7월 20일 08시,목요일,경상남도 사천시 용현면,경상사고,0,0,1,0,차대차 - 측면충돌,안전운전불이행,건조,맑음,단일로 - 기타,승용,남,39세,상해없음,화물,남,61세,경상
2023072000100122,2023년 7월 20일 09시,목요일,경상남도 양산시 다방동,경상사고,0,0,1,0,차대차 - 측면충돌,안전거리미확보,건조,맑음,단일로 - 기타,특수,남,65세,상해없음,승용,남,22세,경상
2023072000100136,2023년 7월 20일 09시,목요일,경상남도 사천시 늑도동,중상사고,0,1,0,0,차대차 - 추돌,안전거리미확보,건조,맑음,단일로 - 기타,자전거,남,79세,중상,승합,여,31세,상해없음
2023072000100137,2023년 7월 20일 09시,목요일,경상남도 김해시 외동,경상사고,0,0,1,0,차대사람 - 보도통행중,안전운전불이행,건조,맑음,단일로 - 기타,개인형이동수단(PM),여,15세,상해없음,보행자,여,79세,경상
2023072000100138,2023년 7월 20일 09시,목요일,경상남도 거창군 거창읍,사망사고,1,1,2,0,차대차 - 추돌,안전운전불이행,건조,맑음,교차로 - 교차로안,승용,여,75세,경상,이륜,여,74세,사망
2023072000100139,2023년 7월 20일 09시,목요일,경상남도 의령군 화정면,중상사고,0,1,0,0,차대차 - 후진중충돌,안전운전불이행,건조,맑음,단일로 - 기타,화물,남,65세,상해없음,이륜,남,79세,중상
2023072000100170,2023년 7월 20일 10시,목요일,경상남도 밀양시 내일동,중상사고,0,1,0,0,차대사람 - 기타,안전운전불이행,건조,맑음,단일로 - 기타,자전거,남,74세,상해없음,보행자,여,63세,중상
2023072000100171,2023년 7월 20일 10시,목요일,경상남도 김해시 구산동,경상사고,0,0,1,0,차대차 - 후진중충돌,안전운전불이행,건조,맑음,단일로 - 기타,화물,남,56세,상해없음,승용,남,32세,경상
2023072000100172,2023년 7월 20일 10시,목요일,경상남도 양산시 물금읍,중상사고,0,1,0,0,차대차 - 측면충돌,신호위반,건조,맑음,교차로 - 교차로안,자전거,남,78세,중상,승용,여,65세,상해없음
2023072000100213,2023년 7월 20일 11시,목요일,경상남도 진주시 칠암동,경상사고,0,0,1,0,차대차 - 측면충돌,신호위반,건조,맑음,단일로 - 교량,이륜,남,19세,상해없음,이륜,남,39세,경상
2023072000100214,2023년 7월 20일 11시,목요일,경상남도 함양군 함양읍,부상신고사고,0,0,0,1,차대차 - 정면충돌,교차로운행방법위반,건조,맑음,교차로 - 교차로안,이륜,남,75세,부상신고,승용,여,58세,상해없음
2023072000100247,2023년 7월 20일 12시,목요일,경상남도 밀양시 삼문동,중상사고,0,1,0,0,차대차 - 측면충돌,교차로운행방법위반,건조,맑음,교차로 - 교차로안,승용,남,26세,상해없음,이륜,남,85세,중상
2023072000100248,2023년 7월 20일 12시,목요일,경상남도 함양군 마천면,중상사고,0,2,0,0,차량단독 - 공작물충돌,안전운전불이행,건조,맑음,단일로 - 기타,승용,남,70세,중상,,,,
2023072000100249,2023년 7월 20일 12시,목요일,경상남도 김해시 진영읍,부상신고사고,0,0,0,1,차대사람 - 차도통행중,안전운전불이행,건조,맑음,단일로 - 기타,승용,여,62세,상해없음,보행자,남,64세,부상신고
2023072000100318,2023년 7월 20일 14시,목요일,경상남도 김해시 삼계동,경상사고,0,0,1,0,차대차 - 측면충돌,안전운전불이행,건조,맑음,단일로 - 기타,승용,남,82세,상해없음,화물,남,38세,경상
2023072000100319,2023년 7월 20일 14시,목요일,경상남도 거창군 거창읍,경상사고,0,0,1,0,차대차 - 측면충돌,교차로운행방법위반,건조,맑음,교차로 - 교차로안,승용,여,60세,상해없음,이륜,여,58세,경상
2023072000100320,2023년 7월 20일 14시,목요일,경상남도 양산시 북부동,경상사고,0,0,2,0,차대차 - 측면충돌,교차로운행방법위반,건조,맑음,교차로 - 교차로안,승용,남,65세,경상,승용,남,62세,경상
2023072000100321,2023년 7월 20일 14시,목요일,경상남도 남해군 상주면,중상사고,0,1,0,0,차대차 - 측면충돌,안전운전불이행,건조,맑음,교차로 - 교차로부근,승용,여,49세,상해없음,승용,남,50세,중상
2023072000100356,2023년 7월 20일 15시,목요일,경상남도 김해시 동상동,경상사고,0,0,1,0,차대차 - 측면충돌,직진우회전진행방해,건조,맑음,교차로 - 교차로안,승합,남,43세,상해없음,승용,남,40세,경상
2023072000100357,2023년 7월 20일 15시,목요일,경상남도 합천군 가회면,중상사고,0,1,1,0,차량단독 - 공작물충돌,안전운전불이행,건조,맑음,단일로 - 기타,승용,남,78세,경상,,,,
2023072000100404,2023년 7월 20일 16시,목요일,경상남도 양산시 상북면,경상사고,0,0,1,0,차대차 - 기타,안전운전불이행,건조,맑음,단일로 - 기타,화물,남,59세,기타불명,승용,여,55세,경상
2023072000100439,2023년 7월 20일 17시,목요일,경상남도 창원시 마산합포구 예곡동,부상신고사고,0,0,0,1,차량단독 - 기타,안전운전불이행,건조,맑음,단일로 - 기타,승합,남,46세,상해없음,,,,
2023072000100440,2023년 7월 20일 17시,목요일,경상남도 밀양시 상남면,경상사고,0,0,1,0,차대차 - 측면충돌,중앙선침범,건조,맑음,단일로 - 기타,화물,남,54세,상해없음,이륜,남,77세,경상
2023072000100476,2023년 7월 20일 18시,목요일,경상남도 진주시 상대동,경상사고,0,0,1,0,차대차 - 기타,안전운전불이행,건조,맑음,단일로 - 기타,승용,남,63세,상해없음,자전거,남,58세,경상
2023072000100477,2023년 7월 20일 18시,목요일,경상남도 고성군 고성읍,경상사고,0,0,1,0,차대차 - 측면충돌,안전운전불이행,건조,맑음,단일로 - 기타,자전거,남,13세,경상,승용,남,53세,기타불명
2023072000100478,2023년 7월 20일 18시,목요일,경상남도 함안군 가야읍,경상사고,0,0,1,0,차대차 - 측면충돌,안전운전불이행,건조,맑음,교차로 - 교차로안,승용,남,77세,기타불명,이륜,남,75세,경상
2023072000100508,2023년 7월 20일 19시,목요일,경상남도 진주시 옥봉동,중상사고,0,1,0,0,차대사람 - 횡단중,안전운전불이행,건조,맑음,교차로 - 교차로횡단보도내,승용,여,49세,상해없음,보행자,여,74세,중상
2023072000100509,2023년 7월 20일 19시,목요일,경상남도 거창군 거창읍,경상사고,0,0,1,0,차대차 - 기타,교차로운행방법위반,건조,맑음,교차로 - 교차로안,화물,남,61세,상해없음,이륜,남,53세,경상
2023072000100536,2023년 7월 20일 20시,목요일,경상남도 양산시 물금읍,경상사고,0,0,1,0,차대차 - 측면충돌,신호위반,건조,맑음,교차로 - 교차로횡단보도내,이륜,남,45세,상해없음,자전거,여,36세,경상
2023072000100537,2023년 7월 20일 20시,목요일,경상남도 김해시 한림면,부상신고사고,0,0,0,1,차대사람 - 차도통행중,안전운전불이행,건조,맑음,단일로 - 기타,이륜,남,54세,상해없음,보행자,남,63세,부상신고
2023072000100561,2023년 7월 20일 21시,목요일,경상남도 진주시 평거동,경상사고,0,0,1,0,차대차 - 추돌,안전운전불이행,건조,맑음,단일로 - 기타,승용,남,64세,상해없음,승합,남,52세,경상
2023072000100562,2023년 7월 20일 21시,목요일,경상남도 함양군 함양읍,중상사고,0,1,0,0,차대차 - 정면충돌,안전운전불이행,건조,맑음,단일로 - 기타,화물,남,49세,기타불명,승용,여,58세,중상
2023072100100106,2023년 7월 21일 08시,금요일,경상남도 밀양시 교동,경상사고,0,0,1,0,차대차 - 측면충돌,안전운전불이행,건조,맑음,단일로 - 기타,승용,남,58세,상해없음,이륜,남,26세,경상
2023072100100107,2023년 7월 21일 08시,금요일,경상남도 거창군 거창읍,중상사고,0,1,0,0,차대차 - 측면충돌,직진우회전진행방해,건조,맑음,교차로 - 교차로안,개인형이동수단(PM),여,72세,중상,승용,여,46세,상해없음
2023072100100108,2023년 7월 21일 08시,금요일,경상남도 거제시 연초면,경상사고,0,0,3,0,차대차 - 추돌,안전거리미확보,건조,맑음,단일로 - 기타,승용,남,51세,상해없음,승용,여,61세,경상
2023072100100167,2023년 7월 21일 10시,금요일,경상남도 진주시 평거동,중상사고,0,1,0,0,차대사람 - 횡단중,안전운전불이행,건조,흐림,단일로 - 기타,승용,여,46세,상해없음,보행자,여,81세,중상
2023072100100168,2023년 7월 21일 10시,금요일,경상남도 창원시 진해구 자은동,부상신고사고,0,0,0,1,차대차 - 측면충돌,안전운전불이행,건조,흐림,단일로 - 기타,승용,여,31세,상해없음,이륜,남,73세,부상신고
2023072100100169,2023년 7월 21일 10시,금요일,경상남도 함양군 함양읍,부상신고사고,0,0,0,1,차대차 - 측면충돌,안전운전불이행,건조,맑음,교차로 - 교차로안,개인형이동수단(PM),남,19세,부상신고,승용,남,66세,상해없음
2023072100100170,2023년 7월 21일 10시,금요일,경상남도 창원시 마산회원구 석전동,중상사고,0,1,0,0,차대차 - 기타,안전운전불이행,건조,맑음,단일로 - 기타,승용,여,69세,상해없음,승합,남,47세,상해없음
2023072100100199,2023년 7월 21일 11시,금요일,경상남도 창원시 의창구 팔용동,중상사고,0,1,0,0,차대차 - 측면충돌,교차로운행방법위반,건조,맑음,교차로 - 교차로안,승용,남,82세,상해없음,승합,남,56세,중상
2023072100100241,2023년 7월 21일 12시,금요일,경상남도 창원시 진해구 마천동,경상사고,0,0,1,0,차량단독 - 공작물충돌,안전운전불이행,건조,맑음,단일로 - 교량,승용,여,28세,경상,,,,
2023072100100242,2023년 7월 21일 12시,금요일,경상남도 밀양시 산내면,경상사고,0,0,2,0,차대차 - 측면충돌,안전운전불이행,젖음/습기,흐림,교차로 - 교차로안,승용,여,54세,상해없음,승용,남,63세,경상
2023072100100243,2023년 7월 21일 12시,금요일,경상남도 창녕군 부곡면,중상사고,0,1,0,0,차대차 - 측면충돌,안전운전불이행,건조,맑음,교차로 - 교차로안,승용,남,74세,상해없음,이륜,남,55세,중상
2023072100100286,2023년 7월 21일 13시,금요일,경상남도 진주시 상대동,경상사고,0,0,1,0,차대사람 - 횡단중,보행자보호의무위반,건조,맑음,교차로 - 교차로횡단보도내,승용,여,63세,상해없음,보행자,여,66세,경상
2023072100100287,2023년 7월 21일 13시,금요일,경상남도 통영시 광도면,경상사고,0,0,2,0,차대사람 - 횡단중,보행자보호의무위반,건조,맑음,교차로 - 교차로부근,화물,남,40세,상해없음,보행자,여,52세,경상
2023072100100288,2023년 7월 21일 13시,금요일,경상남도 양산시 덕계동,경상사고,0,0,1,0,차대차 - 측면충돌,안전운전불이행,건조,맑음,교차로 - 교차로안,이륜,남,31세,경상,승용,남,64세,상해없음