사고번호,사고일시,요일,시군구,사고내용,사망자수,중상자수,경상자수,부상신고자수,사고유형,법규위반,노면상태,기상상태,도로형태,가해운전자 차종,가해운전자 성별,가해운전자 연령,가해운전자 상해정도,피해운전자 차종,피해운전자 성별,피해운전자 연령,피해운전자 상해정도
2023072900100032,2023년 7월 29일 01시,토요일,경상남도 김해시 구산동,중상사고,0,2,0,0,차대사람 - 차도통행중,안전운전불이행,건조,맑음,기타 - 기타,이륜,남,53세,중상,보행자,남,41세,중상
2023072900100066,2023년 7월 29일 05시,토요일,경상남도 창원시 진해구 태백동,경상사고,0,0,1,0,차량단독 - 공작물충돌,안전운전불이행,건조,맑음,단일로 - 고가도로위,승용,여,51세,경상,,,,
2023072900100067,2023년 7월 29일 05시,토요일,경상남도 창원시 의창구 서상동,경상사고,0,0,1,0,차대사람 - 기타,안전운전불이행,건조,맑음,교차로 - 교차로부근,승용,남,67세,상해없음,보행자,남,64세,경상
2023072900100118,2023년 7월 29일 08시,토요일,경상남도 김해시 무계동,중상사고,0,1,0,0,차대사람 - 횡단중,안전운전불이행,건조,맑음,단일로 - 기타,승용,남,53세,상해없음,보행자,여,66세,중상
2023072900100144,2023년 7월 29일 09시,토요일,경상남도 김해시 삼정동,중상사고,0,1,0,0,차대차 - 기타,신호위반,건조,맑음,교차로 - 교차로안,승용,남,61세,상해없음,이륜,남,19세,중상
2023072900100173,2023년 7월 29일 10시,토요일,경상남도 밀양시 내일동,경상사고,0,0,1,0,차대사람 - 기타,안전운전불이행,건조,맑음,교차로 - 교차로부근,승용,여,63세,상해없음,보행자,여,81세,경상
2023072900100212,2023년 7월 29일 11시,토요일,경상남도 사천시 선구동,경상사고,0,0,2,0,차대차 - 측면충돌,직진우회전진행방해,건조,맑음,교차로 - 교차로안,원동기,남,69세,경상,승용,남,64세,경상
2023072900100213,2023년 7월 29일 11시,토요일,경상남도 창원시 의창구 팔용동,경상사고,0,0,2,0,차대차 - 추돌,안전운전불이행,건조,맑음,단일로 - 기타,화물,남,60세,상해없음,승용,남,26세,경상
2023072900100248,2023년 7월 29일 12시,토요일,경상남도 창원시 진해구 남문동,경상사고,0,0,3,0,차대차 - 기타,직진우회전진행방해,건조,맑음,교차로 - 교차로안,승용,남,57세,경상,승용,여,46세,경상
2023072900100249,2023년 7월 29일 12시,토요일,경상남도 사천시 정동면,부상신고사고,0,0,0,1,차대차 - 측면충돌,직진우회전진행방해,건조,맑음,교차로 - 교차로안,승용,남,73세,상해없음,승용,남,60세,부상신고
2023072900100250,2023년 7월 29일 12시,토요일,경상남도 밀양시 내이동,경상사고,0,0,1,0,차대차 - 기타,안전운전불이행,건조,맑음,단일로 - 기타,승용,남,35세,상해없음,승용,남,53세,경상
2023072900100251,2023년 7월 29일 12시,토요일,경상남도 함안군 칠서면,경상사고,0,0,1,0,차대차 - 측면충돌,안전거리미확보,건조,맑음,교차로 - 교차로부근,화물,남,44세,기타불명,승용,여,48세,경상
2023072900100252,2023년 7월 29일 12시,토요일,경상남도 창원시 성산구 귀산동,경상사고,0,0,1,0,차대차 - 추돌,안전운전불이행,건조,맑음,단일로 - 교량,승용,남,36세,상해없음,승용,남,25세,경상
2023072900100283,2023년 7월 29일 13시,토요일,경상남도 밀양시 삼랑진읍,경상사고,0,0,1,0,차대사람 - 횡단중,보행자보호의무위반,건조,맑음,단일로 - 기타,승용,여,67세,상해없음,보행자,여,69세,경상
2023072900100284,2023년 7월 29일 13시,토요일,경상남도 창원시 의창구 소계동,중상사고,0,1,0,0,차량단독 - 기타,안전운전불이행,건조,맑음,교차로 - 교차로부근,승합,남,60세,상해없음,,,,
2023072900100285,2023년 7월 29일 13시,토요일,경상남도 김해시 진례면,경상사고,0,0,2,0,차대차 - 측면충돌,안전운전불이행,건조,맑음,단일로 - 기타,승용,여,30세,상해없음,승용,남,27세,경상
2023072900100329,2023년 7월 29일 14시,토요일,경상남도 창원시 진해구 경화동,경상사고,0,0,1,0,차대차 - 측면충돌,안전운전불이행,건조,맑음,교차로 - 교차로안,승용,남,63세,상해없음,이륜,남,35세,경상
2023072900100330,2023년 7월 29일 14시,토요일,경상남도 통영시 태평동,중상사고,0,1,0,0,차대차 - 추돌,안전거리미확보,건조,맑음,단일로 - 기타,승용,여,60세,상해없음,이륜,여,71세,중상
2023072900100400,2023년 7월 29일 16시,토요일,경상남도 통영시 미수동,경상사고,0,0,2,0,차대차 - 측면충돌,안전운전불이행,건조,맑음,단일로 - 기타,승용,남,26세,상해없음,승용,남,64세,경상
2023072900100401,2023년 7월 29일 16시,토요일,경상남도 김해시 내동,경상사고,0,0,1,0,차대차 - 기타,안전거리미확보,건조,맑음,단일로 - 기타,개인형이동수단(PM),남,16세,경상,화물,남,26세,상해없음
2023072900100402,2023년 7월 29일 16시,토요일,경상남도 김해시 내동,경상사고,0,0,2,0,차대차 - 기타,신호위반,건조,맑음,교차로 - 교차로부근,승용,남,46세,상해없음,승용,여,24세,경상
2023072900100403,2023년 7월 29일 16시,토요일,경상남도 창원시 의창구 용동,경상사고,0,0,1,0,차대사람 - 횡단중,보행자보호의무위반,건조,맑음,교차로 - 교차로안,승용,남,71세,상해없음,보행자,여,32세,경상
2023072900100404,2023년 7월 29일 16시,토요일,경상남도 창원시 마산회원구 봉암동,경상사고,0,0,1,0,차대차 - 후진중충돌,안전운전불이행,건조,맑음,단일로 - 기타,승용,여,48세,상해없음,승용,남,30세,경상
2023072900100451,2023년 7월 29일 17시,토요일,경상남도 진주시 내동면,중상사고,0,1,1,0,차대차 - 측면충돌,안전운전불이행,건조,맑음,단일로 - 기타,승용,남,20세,상해없음,승용,여,53세,경상
2023072900100452,2023년 7월 29일 17시,토요일,경상남도 통영시 동호동,경상사고,0,0,1,0,차대사람 - 횡단중,신호위반,건조,맑음,단일로 - 기타,승용,남,71세,상해없음,보행자,남,9세,경상
2023072900100453,2023년 7월 29일 17시,토요일,경상남도 양산시 삼호동,중상사고,0,1,0,0,차대사람 - 횡단중,안전운전불이행,건조,맑음,단일로 - 기타,원동기,남,39세,상해없음,보행자,여,84세,중상
2023072900100454,2023년 7월 29일 17시,토요일,경상남도 산청군 차황면,중상사고,0,1,0,0,차량단독 - 도로외이탈 - 추락,안전운전불이행,건조,맑음,단일로 - 기타,화물,남,50세,상해없음,,,,
2023072900100455,2023년 7월 29일 17시,토요일,경상남도 함안군 가야읍,경상사고,0,0,1,0,차대차 - 기타,중앙선침범,건조,맑음,단일로 - 기타,이륜,여,70세,경상,승용,여,62세,상해없음
2023072900100456,2023년 7월 29일 17시,토요일,경상남도 창원시 성산구 상남동,경상사고,0,0,1,0,차대차 - 측면충돌,중앙선침범,건조,맑음,교차로 - 교차로부근,승용,남,38세,상해없음,이륜,남,37세,경상
2023072900100457,2023년 7월 29일 17시,토요일,경상남도 창원시 마산합포구 산호동,중상사고,0,3,0,0,차대차 - 측면충돌,안전운전불이행,건조,맑음,교차로 - 교차로부근,승용,여,49세,상해없음,승용,여,45세,중상
2023072900100458,2023년 7월 29일 17시,토요일,경상남도 창원시 의창구 동정동,경상사고,0,0,2,0,차대차 - 추돌,안전거리미확보,건조,맑음,교차로 - 교차로부근,승용,여,55세,상해없음,승용,여,50세,경상
2023072900100482,2023년 7월 29일 18시,토요일,경상남도 사천시 동금동,경상사고,0,0,1,0,차대사람 - 횡단중,보행자보호의무위반,건조,맑음,단일로 - 기타,승용,남,63세,상해없음,보행자,남,47세,경상
2023072900100483,2023년 7월 29일 18시,토요일,경상남도 김해시 내동,경상사고,0,0,1,0,차대사람 - 기타,안전운전불이행,건조,맑음,교차로 - 교차로안,승용,남,62세,상해없음,보행자,남,14세,경상
2023072900100484,2023년 7월 29일 18시,토요일,경상남도 양산시 동면,중상사고,0,2,0,0,차대차 - 추돌,교차로운행방법위반,건조,맑음,교차로 - 교차로안,승용,여,63세,중상,승용,여,27세,중상
2023072900100504,2023년 7월 29일 19시,토요일,경상남도 양산시 상북면,경상사고,0,0,2,0,차대차 - 기타,안전운전불이행,건조,맑음,단일로 - 기타,기타불명,기타불명,미분류,기타불명,승용,남,24세,상해없음
2023072900100534,2023년 7월 29일 20시,토요일,경상남도 통영시 태평동,중상사고,0,1,0,0,차대사람 - 기타,안전운전불이행,건조,맑음,단일로 - 기타,승용,남,42세,상해없음,보행자,남,63세,중상
2023072900100535,2023년 7월 29일 20시,토요일,경상남도 고성군 회화면,경상사고,0,0,1,0,차대차 - 측면충돌,안전운전불이행,건조,맑음,단일로 - 기타,승용,여,61세,경상,농기계,남,38세,기타불명
2023072900100548,2023년 7월 29일 21시,토요일,경상남도 거제시 옥포동,중상사고,0,1,0,0,차대차 - 기타,안전운전불이행,건조,맑음,교차로 - 교차로안,이륜,남,50세,중상,승용,남,58세,상해없음
2023072900100578,2023년 7월 29일 23시,토요일,경상남도 하동군 옥종면,경상사고,0,0,1,0,차대사람 - 기타,안전운전불이행,건조,맑음,기타 - 기타,승용,남,52세,상해없음,보행자,남,44세,경상
2023072900100579,2023년 7월 29일 23시,토요일,경상남도 거제시 아주동,중상사고,0,1,0,0,차대사람 - 기타,안전운전불이행,건조,맑음,기타 - 기타,승용,남,56세,상해없음,보행자,남,50세,중상
2023073000100024,2023년 7월 30일 02시,일요일,경상남도 함안군 가야읍,경상사고,0,0,1,0,차대사람 - 기타,기타,건조,맑음,단일로 - 기타,승용,남,47세,상해없음,보행자,남,18세,경상
2023073000100050,2023년 7월 30일 06시,일요일,경상남도 통영시 명정동,경상사고,0,0,2,0,차대차 - 측면충돌,안전운전불이행,건조,맑음,교차로 - 교차로안,승용,남,64세,상해없음,승용,남,52세,경상
2023073000100051,2023년 7월 30일 06시,일요일,경상남도 거제시 아주동,경상사고,0,0,1,0,차량단독 - 공작물충돌,안전운전불이행,건조,맑음,교차로 - 교차로안,개인형이동수단(PM),남,25세,경상,,,,
2023073000100052,2023년 7월 30일 06시,일요일,경상남도 함양군 함양읍,경상사고,0,0,1,0,차대차 - 추돌,안전운전불이행,건조,맑음,단일로 - 기타,승용,남,41세,상해없음,승용,남,49세,경상
2023073000100065,2023년 7월 30일 08시,일요일,경상남도 거제시 상동동,중상사고,0,1,1,0,차대차 - 측면충돌,안전운전불이행,건조,맑음,단일로 - 기타,승용,남,73세,기타불명,승용,남,52세,중상
2023073000100066,2023년 7월 30일 08시,일요일,경상남도 김해시 한림면,경상사고,0,0,1,0,차대차 - 추돌,안전운전불이행,건조,맑음,단일로 - 기타,승용,남,21세,상해없음,승용,여,65세,경상
2023073000100078,2023년 7월 30일 09시,일요일,경상남도 창원시 진해구 용원동,경상사고,0,0,1,0,차대차 - 측면충돌,안전운전불이행,건조,맑음,교차로 - 교차로안,승합,남,48세,상해없음,승용,남,58세,경상
2023073000100079,2023년 7월 30일 09시,일요일,경상남도 양산시 물금읍,중상사고,0,1,0,0,차대차 - 기타,안전운전불이행,건조,맑음,단일로 - 기타,승용,남,49세,상해없음,자전거,여,71세,중상
2023073000100110,2023년 7월 30일 10시,일요일,경상남도 양산시 동면,경상사고,0,0,1,0,차대차 - 측면충돌,안전거리미확보,건조,맑음,단일로 - 기타,승용,여,62세,상해없음,이륜,남,26세,경상
2023073000100111,2023년 7월 30일 10시,일요일,경상남도 하동군 하동읍,경상사고,0,0,1,0,차대사람 - 기타,안전운전불이행,건조,맑음,단일로 - 기타,승용,남,75세,상해없음,보행자,여,70세,경상
2023073000100112,2023년 7월 30일 10시,일요일,경상남도 창원시 의창구 북면,중상사고,0,1,1,0,차대차 - 추돌,안전거리미확보,건조,맑음,단일로 - 기타,승용,남,48세,상해없음,화물,남,73세,중상
2023073000100137,2023년 7월 30일 11시,일요일,경상남도 창원시 진해구 덕산동,경상사고,0,0,1,0,차대차 - 추돌,안전운전불이행,건조,맑음,교차로 - 교차로부근,승용,여,31세,상해없음,승용,여,63세,경상
2023073000100138,2023년 7월 30일 11시,일요일,경상남도 통영시 광도면,경상사고,0,0,1,0,차대차 - 측면충돌,중앙선침범,건조,맑음,단일로 - 기타,승용,남,62세,상해없음,이륜,남,27세,경상
2023073000100139,2023년 7월 30일 11시,일요일,경상남도 거제시 상동동,경상사고,0,0,1,0,차대차 - 기타,안전운전불이행,건조,맑음,교차로 - 교차로안,승용,남,60세,상해없음,승용,남,29세,경상
2023073000100161,2023년 7월 30일 12시,일요일,경상남도 사천시 벌리동,경상사고,0,0,1,0,차대차 - 기타,직진우회전진행방해,건조,맑음,교차로 - 교차로안,승용,남,67세,상해없음,승용,남,61세,경상
2023073000100196,2023년 7월 30일 13시,일요일,경상남도 고성군 마암면,경상사고,0,0,1,0,차량단독 - 기타,안전운전불이행,건조,맑음,단일로 - 기타,승용,여,65세,상해없음,,,,
2023073000100197,2023년 7월 30일 13시,일요일,경상남도 하동군 화개면,경상사고,0,0,1,0,차대사람 - 기타,안전운전불이행,건조,맑음,기타 - 기타,승용,남,63세,기타불명,보행자,남,28세,경상
2023073000100222,2023년 7월 30일 14시,일요일,경상남도 밀양시 상남면,중상사고,0,1,5,9,차대차 - 추돌,안전거리미확보,건조,맑음,단일로 - 기타,승합,남,70세,상해없음,승용,남,44세,경상
2023073000100237,2023년 7월 30일 14시,일요일,경상남도 밀양시 삼랑진읍,중상사고,0,1,1,0,차대차 - 추돌,안전운전불이행,건조,맑음,기타 - 기타,승용,남,39세,상해없음,승용,여,37세,중상
2023073000100238,2023년 7월 30일 14시,일요일,경상남도 창원시 의창구 팔용동,경상사고,0,0,1,0,차대차 - 측면충돌,교차로운행방법위반,건조,맑음,교차로 - 교차로안,승용,남,48세,상해없음,승용,남,27세,경상
2023073000100297,2023년 7월 30일 16시,일요일,경상남도 거창군 거창읍,중상사고,0,1,0,0,차대사람 - 차도통행중,안전운전불이행,건조,맑음,교차로 - 교차로안,승용,남,64세,상해없음,보행자,여,90세,중상
2023073000100318,2023년 7월 30일 17시,일요일,경상남도 진주시 호탄동,중상사고,0,1,0,0,차량단독 - 기타,안전운전불이행,건조,맑음,단일로 - 기타,자전거,남,57세,중상,,,,
2023073000100319,2023년 7월 30일 17시,일요일,경상남도 창원시 진해구 장천동,경상사고,0,0,3,0,차대차 - 기타,안전운전불이행,건조,맑음,단일로 - 기타,승용,남,41세,상해없음,승용,남,31세,경상
2023073000100320,2023년 7월 30일 17시,일요일,경상남도 거제시 아주동,경상사고,0,0,2,3,차대차 - 기타,신호위반,건조,맑음,교차로 - 교차로안,승용,남,61세,상해없음,승용,남,42세,경상
2023073000100348,2023년 7월 30일 18시,일요일,경상남도 창원시 마산합포구 월영동,경상사고,0,0,1,0,차대차 - 추돌,신호위반,건조,맑음,교차로 - 교차로부근,승용,남,59세,상해없음,이륜,남,37세,경상
2023073000100349,2023년 7월 30일 18시,일요일,경상남도 김해시 대동면,중상사고,0,1,2,0,차대차 - 기타,안전운전불이행,건조,맑음,단일로 - 기타,승용,남,69세,기타불명,승합,남,41세,경상
2023073000100350,2023년 7월 30일 18시,일요일,경상남도 거창군 마리면,경상사고,0,0,1,0,차대사람 - 차도통행중,신호위반,건조,맑음,교차로 - 교차로안,승용,남,79세,상해없음,보행자,여,83세,경상
2023073000100372,2023년 7월 30일 19시,일요일,경상남도 거제시 상동동,경상사고,0,0,1,0,차대차 - 측면충돌,신호위반,건조,맑음,교차로 - 교차로안,승용,남,64세,상해없음,이륜,남,41세,경상
2023073000100415,2023년 7월 30일 21시,일요일,경상남도 김해시 어방동,경상사고,0,0,1,0,차대차 - 측면충돌,신호위반,건조,맑음,교차로 - 교차로안,승용,여,60세,상해없음,원동기,남,27세,경상
2023073100100055,2023년 7월 31일 07시,월요일,경상남도 사천시 용강동,경상사고,0,0,1,0,차대차 - 측면충돌,직진우회전진행방해,건조,맑음,교차로 - 교차로안,이륜,남,61세,경상,승용,여,65세,상해없음
2023073100100115,2023년 7월 31일 09시,월요일,경상남도 통영시 북신동,경상사고,0,0,1,0,차대차 - 정면충돌,안전운전불이행,건조,맑음,기타 - 기타,이륜,남,70세,상해없음,승용,남,48세,경상
2023073100100116,2023년 7월 31일 09시,월요일,경상남도 합천군 합천읍,중상사고,0,1,0,0,차대차 - 측면충돌,안전운전불이행,건조,맑음,교차로 - 교차로안,자전거,남,81세,중상,화물,남,44세,상해없음
2023073100100117,2023년 7월 31일 09시,월요일,경상남도 양산시 덕계동,경상사고,0,0,5,0,차대차 - 측면충돌,안전운전불이행,건조,맑음,교차로 - 교차로안,화물,남,62세,상해없음,승용,여,47세,경상
2023073100100118,2023년 7월 31일 09시,월요일,경상남도 김해시 진영읍,경상사고,0,0,1,0,차대차 - 추돌,안전운전불이행,건조,맑음,단일로 - 기타,승용,여,53세,상해없음,승합,남,47세,경상
2023073100100150,2023년 7월 31일 10시,월요일,경상남도 김해시 삼계동,경상사고,0,0,1,0,차대차 - 측면충돌,안전운전불이행,건조,맑음,교차로 - 교차로안,승용,남,22세,상해없음,승용,여,44세,경상
2023073100100185,2023년 7월 31일 11시,월요일,경상남도 진주시 하대동,경상사고,0,0,1,0,차대차 - 측면충돌,안전거리미확보,건조,맑음,교차로 - 교차로부근,승용,남,70세,상해없음,승용,여,42세,경상
2023073100100186,2023년 7월 31일 11시,월요일,경상남도 밀양시 부북면,부상신고사고,0,0,0,1,차량단독 - 기타,안전운전불이행,건조,맑음,단일로 - 기타,이륜,남,59세,부상신고,,,,
2023073100100187,2023년 7월 31일 11시,월요일,경상남도 양산시 평산동,경상사고,0,0,1,0,차대차 - 측면충돌,안전운전불이행,건조,맑음,교차로 - 교차로안,화물,남,71세,상해없음,자전거,남,12세,경상
2023073100100218,2023년 7월 31일 12시,월요일,경상남도 통영시 욕지면,경상사고,0,0,1,0,차대차 - 후진중충돌,안전운전불이행,건조,맑음,기타 - 기타,승용,여,43세,상해없음,승합,남,68세,경상
2023073100100219,2023년 7월 31일 12시,월요일,경상남도 양산시 물금읍,경상사고,0,0,2,1,차대차 - 측면충돌,안전운전불이행,건조,맑음,단일로 - 기타,건설기계,남,70세,부상신고,승용,남,70세,경상
2023073100100220,2023년 7월 31일 12시,월요일,경상남도 창원시 마산회원구 내서읍,부상신고사고,0,0,0,1,차대차 - 기타,안전운전불이행,건조,맑음,단일로 - 기타,승용,남,28세,상해없음,승용,남,33세,부상신고
2023073100100233,2023년 7월 31일 13시,월요일,경상남도 양산시 물금읍,경상사고,0,0,1,1,차대차 - 측면충돌,안전거리미확보,건조,맑음,단일로 - 기타,화물,남,65세,상해없음,승용,여,31세,경상
2023073100100250,2023년 7월 31일 13시,월요일,경상남도 하동군 금남면,경상사고,0,0,1,0,차대차 - 기타,교차로운행방법위반,건조,맑음,교차로 - 교차로안,승용,남,60세,상해없음,이륜,남,38세,경상
2023073100100266,2023년 7월 31일 14시,월요일,경상남도 밀양시 상동면,경상사고,0,0,2,1,차대차 - 추돌,안전운전불이행,건조,맑음,단일로 - 기타,승용,여,49세,상해없음,승용,여,53세,경상
2023073100100289,2023년 7월 31일 14시,월요일,경상남도 김해시 서상동,경상사고,0,0,1,0,차대사람 - 차도통행중,안전운전불이행,건조,맑음,단일로 - 기타,이륜,남,29세,상해없음,보행자,남,44세,경상
2023073100100290,2023년 7월 31일 14시,월요일,경상남도 거제시 옥포동,사망사고,1,0,2,0,차대차 - 기타,기타,건조,맑음,교차로 - 교차로부근,승용,남,65세,사망,승용,남,32세,경상
2023073100100322,2023년 7월 31일 15시,월요일,경상남도 합천군 덕곡면,중상사고,0,1,0,0,차대사람 - 기타,안전운전불이행,건조,맑음,단일로 - 기타,화물,남,77세,상해없음,보행자,남,86세,중상
2023073100100363,2023년 7월 31일 16시,월요일,경상남도 진주시 평거동,경상사고,0,0,1,0,차대차 - 측면충돌,신호위반,건조,맑음,교차로 - 교차로안,승용,남,75세,상해없음,화물,남,33세,경상
2023073100100364,2023년 7월 31일 16시,월요일,경상남도 진주시 이현동,부상신고사고,0,0,0,1,차대사람 - 보도통행중,안전운전불이행,건조,맑음,단일로 - 기타,자전거,남,67세,상해없음,보행자,남,55세,부상신고
2023073100100365,2023년 7월 31일 16시,월요일,경상남도 김해시 부원동,경상사고,0,0,1,0,차대차 - 측면충돌,안전운전불이행,건조,맑음,교차로 - 교차로안,승용,남,67세,상해없음,승용,여,61세,경상
2023073100100366,2023년 7월 31일 16시,월요일,경상남도 창원시 마산회원구 봉암동,경상사고,0,0,1,0,차대차 - 기타,안전운전불이행,건조,맑음,단일로 - 기타,승용,남,73세,상해없음,승용,여,44세,경상
2023073100100367,2023년 7월 31일 16시,월요일,경상남도 창원시 의창구 도계동,경상사고,0,0,2,0,차량단독 - 공작물충돌,안전운전불이행,건조,맑음,교차로 - 교차로부근,승용,여,46세,상해없음,,,,
2023073100100410,2023년 7월 31일 17시,월요일,경상남도 양산시 남부동,경상사고,0,0,1,0,차대사람 - 횡단중,보행자보호의무위반,건조,맑음,교차로 - 교차로횡단보도내,승용,여,47세,상해없음,보행자,남,12세,경상
2023073100100411,2023년 7월 31일 17시,월요일,경상남도 산청군 단성면,중상사고,0,1,0,0,차대사람 - 횡단중,기타,건조,맑음,교차로 - 교차로안,승용,여,27세,상해없음,보행자,여,76세,중상
2023073100100453,2023년 7월 31일 18시,월요일,경상남도 진주시 신안동,경상사고,0,0,2,0,차대차 - 측면충돌,안전거리미확보,건조,맑음,단일로 - 기타,승용,여,59세,상해없음,승용,남,31세,경상
2023073100100454,2023년 7월 31일 18시,월요일,경상남도 사천시 송포동,경상사고,0,0,1,0,차량단독 - 기타,안전운전불이행,건조,맑음,단일로 - 기타,이륜,남,68세,경상,,,,
2023073100100491,2023년 7월 31일 19시,월요일,경상남도 통영시 무전동,경상사고,0,0,2,0,차대차 - 측면충돌,안전거리미확보,건조,맑음,기타 - 기타,승용,여,43세,상해없음,이륜,남,45세,경상
2023073100100511,2023년 7월 31일 20시,월요일,경상남도 양산시 주진동,중상사고,0,1,0,0,차대차 - 추돌,안전운전불이행,건조,맑음,단일로 - 기타,이륜,남,41세,중상,승합,남,50세,상해없음
2023073100100512,2023년 7월 31일 20시,월요일,경상남도 창원시 의창구 팔용동,경상사고,0,0,1,0,차대차 - 측면충돌,안전운전불이행,건조,맑음,교차로 - 교차로부근,승합,남,63세,상해없음,원동기,남,19세,경상
2023073100100551,2023년 7월 31일 22시,월요일,경상남도 밀양시 삼랑진읍,경상사고,0,0,1,0,차량단독 - 기타,안전운전불이행,건조,맑음,단일로 - 기타,이륜,여,62세,경상,,,,
2023073100100552,2023년 7월 31일 22시,월요일,경상남도 함안군 칠원읍,경상사고,0,0,2,0,차대차 - 측면충돌,직진우회전진행방해,건조,맑음,교차로 - 교차로안,승용,남,37세,상해없음,승용,남,25세,경상
2023080100100023,2023년 8월 1일 03시,화요일,경상남도 통영시 광도면,중상사고,0,1,2,0,차대차 - 측면충돌,신호위반,건조,맑음,교차로 - 교차로안,승용,남,26세,상해없음,승합,남,49세,경상
2023080100100073,2023년 8월 1일 07시,화요일,경상남도 의령군 용덕면,경상사고,0,0,1,0,차대차 - 정면충돌,안전운전불이행,건조,맑음,교차로 - 교차로안,승용,여,61세,기타불명,승용,여,53세,경상
2023080100100094,2023년 8월 1일 08시,화요일,경상남도 합천군 합천읍,중상사고,0,1,0,0,차량단독 - 기타,안전운전불이행,건조,맑음,교차로 - 교차로부근,승용,여,65세,중상,,,,
2023080100100123,2023년 8월 1일 09시,화요일,경상남도 양산시 물금읍,사망사고,1,0,0,0,차대차 - 측면충돌,안전운전불이행,건조,맑음,단일로 - 기타,승용,남,30세,상해없음,자전거,남,62세,사망
2023080100100215,2023년 8월 1일 12시,화요일,경상남도 진주시 명석면,사망사고,2,0,0,0,차대차 - 추돌,안전운전불이행,건조,맑음,단일로 - 기타,화물,남,60세,사망,화물,남,54세,상해없음
2023080100100228,2023년 8월 1일 13시,화요일,경상남도 밀양시 산외면,중상사고,0,1,1,0,차대차 - 추돌,안전거리미확보,건조,맑음,단일로 - 기타,승용,남,24세,상해없음,화물,남,51세,중상
2023080100100295,2023년 8월 1일 14시,화요일,경상남도 양산시 동면,부상신고사고,0,0,0,1,차대차 - 측면충돌,안전운전불이행,건조,맑음,단일로 - 기타,승용,남,27세,상해없음,승용,여,28세,부상신고
2023080100100384,2023년 8월 1일 17시,화요일,경상남도 밀양시 내이동,중상사고,0,1,0,0,차대차 - 측면충돌,안전운전불이행,건조,맑음,교차로 - 교차로부근,승용,남,81세,상해없음,이륜,남,22세,중상
2023080100100385,2023년 8월 1일 17시,화요일,경상남도 거창군 거창읍,경상사고,0,0,1,0,차대차 - 측면충돌,신호위반,건조,맑음,교차로 - 교차로안,원동기,남,79세,경상,원동기,남,29세,상해없음
2023080100100427,2023년 8월 1일 18시,화요일,경상남도 사천시 동금동,경상사고,0,0,1,0,차대차 - 측면충돌,중앙선침범,건조,맑음,교차로 - 교차로부근,자전거,남,71세,경상,승용,여,45세,상해없음
2023080100100460,2023년 8월 1일 19시,화요일,경상남도 창원시 진해구 청안동,중상사고,0,1,0,0,차대차 - 측면충돌,안전운전불이행,건조,맑음,단일로 - 기타,승용,여,25세,상해없음,이륜,남,60세,중상
2023080100100461,2023년 8월 1일 19시,화요일,경상남도 창원시 진해구 용원동,중상사고,0,2,0,0,차대차 - 기타,안전운전불이행,건조,맑음,단일로 - 기타,승용,남,57세,중상,승용,여,33세,중상
2023080100100462,2023년 8월 1일 19시,화요일,경상남도 김해시 외동,사망사고,1,0,0,0,차량단독 - 전도전복 - 전도,안전거리미확보,건조,맑음,단일로 - 기타,이륜,남,46세,사망,,,,
2023080100100463,2023년 8월 1일 19시,화요일,경상남도 창원시 의창구 소답동,경상사고,0,0,1,0,차대차 - 추돌,안전거리미확보,건조,맑음,교차로 - 교차로부근,승용,남,56세,상해없음,승용,남,25세,경상
2023080100100464,2023년 8월 1일 19시,화요일,경상남도 김해시 신문동,경상사고,0,0,1,0,차대차 - 정면충돌,안전운전불이행,건조,맑음,교차로 - 교차로안,승용,남,67세,상해없음,승용,여,55세,경상
2023080100100474,2023년 8월 1일 20시,화요일,경상남도 양산시 산막동,경상사고,0,0,3,0,차대차 - 측면충돌,안전거리미확보,건조,맑음,단일로 - 기타,승용,남,36세,상해없음,승용,남,21세,경상
2023080100100487,2023년 8월 1일 20시,화요일,경상남도 김해시 구산동,경상사고,0,0,1,0,차대차 - 추돌,안전운전불이행,건조,맑음,단일로 - 기타,승용,여,27세,상해없음,승용,남,37세,경상
2023080100100510,2023년 8월 1일 21시,화요일,경상남도 함안군 가야읍,부상신고사고,0,0,0,1,차대차 - 정면충돌,안전운전불이행,건조,맑음,단일로 - 기타,승용,남,67세,상해없음,이륜,남,32세,부상신고
2023080200100055,2023년 8월 2일 07시,수요일,경상남도 거제시 장승포동,경상사고,0,0,1,0,차대차 - 측면충돌,안전운전불이행,건조,맑음,단일로 - 기타,화물,남,24세,상해없음,이륜,남,32세,경상
2023080200100056,2023년 8월 2일 07시,수요일,경상남도 거제시 옥포동,중상사고,0,1,0,0,차대차 - 기타,중앙선침범,건조,맑음,교차로 - 교차로안,자전거,남,43세,중상,승용,남,67세,기타불명
2023080200100082,2023년 8월 2일 08시,수요일,경상남도 김해시 삼계동,경상사고,0,0,1,0,차대차 - 기타,안전운전불이행,건조,맑음,기타 - 기타,승용,남,71세,상해없음,승용,남,30세,경상
2023080200100083,2023년 8월 2일 08시,수요일,경상남도 창녕군 이방면,중상사고,0,1,1,0,차대차 - 정면충돌,중앙선침범,건조,맑음,교차로 - 교차로부근,이륜,남,46세,중상,승용,여,62세,경상