사고번호,사고일시,요일,시군구,사고내용,사망자수,중상자수,경상자수,부상신고자수,사고유형,법규위반,노면상태,기상상태,도로형태,가해운전자 차종,가해운전자 성별,가해운전자 연령,가해운전자 상해정도,피해운전자 차종,피해운전자 성별,피해운전자 연령,피해운전자 상해정도
2023080200100084,2023년 8월 2일 08시,수요일,경상남도 양산시 동면,경상사고,0,0,1,0,차대차 - 측면충돌,차로위반,건조,맑음,교차로 - 교차로안,승용,여,43세,상해없음,승용,남,29세,경상
2023080200100106,2023년 8월 2일 09시,수요일,경상남도 사천시 사천읍,경상사고,0,0,1,0,차대사람 - 기타,안전운전불이행,건조,맑음,단일로 - 기타,승용,여,50세,상해없음,보행자,여,18세,경상
2023080200100107,2023년 8월 2일 09시,수요일,경상남도 거제시 사등면,부상신고사고,0,0,0,1,차대사람 - 길가장자리구역통행중,안전운전불이행,건조,맑음,단일로 - 기타,승용,여,56세,상해없음,보행자,여,58세,부상신고
2023080200100108,2023년 8월 2일 09시,수요일,경상남도 창원시 의창구 팔용동,경상사고,0,0,1,0,차대차 - 기타,안전운전불이행,건조,맑음,단일로 - 기타,기타불명,기타불명,미분류,기타불명,승용,여,45세,경상
2023080200100136,2023년 8월 2일 10시,수요일,경상남도 진주시 내동면,경상사고,0,0,1,0,차대차 - 측면충돌,신호위반,건조,맑음,교차로 - 교차로안,화물,남,62세,상해없음,승용,남,21세,경상
2023080200100137,2023년 8월 2일 10시,수요일,경상남도 거제시 고현동,중상사고,0,1,0,0,차대차 - 추돌,안전운전불이행,건조,맑음,교차로 - 교차로부근,승용,여,42세,상해없음,승용,여,57세,중상
2023080200100138,2023년 8월 2일 10시,수요일,경상남도 창원시 마산회원구 회원동,사망사고,1,3,0,0,차대차 - 추돌,기타,건조,맑음,교차로 - 교차로부근,승용,여,70세,상해없음,이륜,남,56세,사망
2023080200100149,2023년 8월 2일 11시,수요일,경상남도 김해시 대동면,중상사고,0,1,0,0,차대차 - 기타,안전거리미확보,건조,맑음,단일로 - 기타,화물,남,72세,상해없음,승용,여,64세,중상
2023080200100164,2023년 8월 2일 11시,수요일,경상남도 양산시 중부동,경상사고,0,0,1,0,차량단독 - 기타,안전운전불이행,건조,맑음,단일로 - 기타,승용,남,68세,상해없음,,,,
2023080200100165,2023년 8월 2일 11시,수요일,경상남도 고성군 고성읍,경상사고,0,0,1,0,차대차 - 측면충돌,직진우회전진행방해,건조,맑음,교차로 - 교차로안,승용,남,32세,상해없음,이륜,남,65세,경상
2023080200100237,2023년 8월 2일 13시,수요일,경상남도 밀양시 내이동,중상사고,0,1,0,0,차대차 - 측면충돌,교차로운행방법위반,건조,맑음,교차로 - 교차로안,화물,남,78세,상해없음,승용,남,54세,상해없음
2023080200100266,2023년 8월 2일 14시,수요일,경상남도 통영시 광도면,경상사고,0,0,1,0,차대차 - 측면충돌,신호위반,건조,맑음,교차로 - 교차로안,승용,여,59세,상해없음,승용,여,43세,경상
2023080200100267,2023년 8월 2일 14시,수요일,경상남도 사천시 사천읍,부상신고사고,0,0,0,1,차대차 - 기타,안전운전불이행,건조,맑음,단일로 - 기타,승용,남,27세,상해없음,승용,남,40세,부상신고
2023080200100268,2023년 8월 2일 14시,수요일,경상남도 거제시 고현동,경상사고,0,0,2,0,차대차 - 추돌,안전거리미확보,건조,맑음,교차로 - 교차로부근,승용,남,76세,상해없음,승용,여,49세,경상
2023080200100300,2023년 8월 2일 15시,수요일,경상남도 진주시 상평동,부상신고사고,0,0,0,1,차대차 - 측면충돌,안전거리미확보,건조,맑음,단일로 - 기타,승용,남,43세,상해없음,승용,남,28세,부상신고
2023080200100301,2023년 8월 2일 15시,수요일,경상남도 창원시 마산회원구 합성동,중상사고,0,1,0,0,차대사람 - 기타,안전운전불이행,건조,맑음,단일로 - 기타,개인형이동수단(PM),남,15세,상해없음,보행자,여,68세,중상
2023080200100340,2023년 8월 2일 16시,수요일,경상남도 사천시 서포면,사망사고,1,0,0,0,차대사람 - 차도통행중,안전운전불이행,건조,맑음,단일로 - 기타,승용,남,56세,상해없음,보행자,남,86세,사망
2023080200100391,2023년 8월 2일 17시,수요일,경상남도 창원시 진해구 경화동,경상사고,0,0,1,0,차대차 - 후진중충돌,안전운전불이행,건조,맑음,교차로 - 교차로부근,승용,여,22세,상해없음,이륜,남,23세,경상
2023080200100392,2023년 8월 2일 17시,수요일,경상남도 함안군 가야읍,경상사고,0,0,1,0,차대차 - 측면충돌,안전운전불이행,건조,맑음,교차로 - 교차로부근,승합,남,74세,상해없음,승용,여,52세,경상
2023080200100393,2023년 8월 2일 17시,수요일,경상남도 김해시 상동면,경상사고,0,0,2,0,차대차 - 추돌,안전운전불이행,건조,맑음,단일로 - 터널,승용,남,34세,기타불명,승용,남,35세,경상
2023080200100435,2023년 8월 2일 18시,수요일,경상남도 진주시 가좌동,경상사고,0,0,1,0,차대차 - 측면충돌,안전거리미확보,건조,맑음,단일로 - 기타,승용,여,62세,상해없음,승용,남,30세,경상
2023080200100436,2023년 8월 2일 18시,수요일,경상남도 창원시 성산구 남산동,경상사고,0,0,1,0,차대차 - 기타,안전운전불이행,건조,맑음,교차로 - 교차로부근,화물,남,64세,기타불명,승용,남,39세,경상
2023080200100437,2023년 8월 2일 18시,수요일,경상남도 김해시 흥동,경상사고,0,0,1,0,차대사람 - 횡단중,중앙선침범,건조,맑음,단일로 - 기타,승용,남,55세,상해없음,보행자,남,28세,경상
2023080200100438,2023년 8월 2일 18시,수요일,경상남도 김해시 진영읍,중상사고,0,1,0,0,차대사람 - 차도통행중,안전운전불이행,건조,맑음,기타 - 기타,승용,여,56세,상해없음,보행자,남,10세,중상
2023080200100494,2023년 8월 2일 20시,수요일,경상남도 창원시 진해구 충무동,경상사고,0,0,4,0,차대차 - 기타,안전거리미확보,건조,맑음,단일로 - 기타,승용,남,78세,상해없음,승용,남,62세,경상
2023080200100495,2023년 8월 2일 20시,수요일,경상남도 하동군 청암면,중상사고,0,2,0,0,차량단독 - 기타,안전운전불이행,건조,맑음,기타 - 기타,승용,남,80세,상해없음,,,,
2023080200100496,2023년 8월 2일 20시,수요일,경상남도 거제시 일운면,경상사고,0,0,1,0,차대사람 - 기타,안전운전불이행,건조,맑음,단일로 - 기타,승용,남,46세,상해없음,보행자,남,43세,경상
2023080200100515,2023년 8월 2일 21시,수요일,경상남도 창녕군 남지읍,경상사고,0,0,3,0,차대차 - 기타,직진우회전진행방해,건조,맑음,교차로 - 교차로안,승용,남,50세,상해없음,승용,남,27세,경상
2023080200100537,2023년 8월 2일 22시,수요일,경상남도 밀양시 교동,중상사고,0,1,0,0,차량단독 - 공작물충돌,안전운전불이행,건조,흐림,단일로 - 기타,승용,여,34세,상해없음,,,,
2023080200100556,2023년 8월 2일 23시,수요일,경상남도 사천시 선구동,경상사고,0,0,1,0,차대차 - 측면충돌,안전운전불이행,건조,맑음,교차로 - 교차로안,승용,여,45세,상해없음,승용,남,36세,경상
2023080300100049,2023년 8월 3일 06시,목요일,경상남도 의령군 가례면,중상사고,0,1,0,0,차대사람 - 차도통행중,안전운전불이행,건조,맑음,교차로 - 교차로안,화물,남,64세,상해없음,보행자,여,82세,중상
2023080300100050,2023년 8월 3일 06시,목요일,경상남도 김해시 신문동,중상사고,0,1,0,0,차대차 - 추돌,안전운전불이행,건조,맑음,단일로 - 기타,특수,남,46세,상해없음,승용,남,56세,중상
2023080300100076,2023년 8월 3일 07시,목요일,경상남도 고성군 동해면,경상사고,0,0,4,0,차대차 - 추돌,안전운전불이행,건조,맑음,단일로 - 기타,승용,남,20세,상해없음,승용,여,49세,경상
2023080300100109,2023년 8월 3일 08시,목요일,경상남도 창원시 마산합포구 장군동3가,부상신고사고,0,0,0,1,차대차 - 측면충돌,안전운전불이행,건조,맑음,교차로 - 교차로부근,승용,여,43세,상해없음,승용,여,74세,부상신고
2023080300100110,2023년 8월 3일 08시,목요일,경상남도 함안군 법수면,사망사고,1,2,0,0,차대차 - 정면충돌,중앙선침범,건조,맑음,교차로 - 교차로부근,승용,여,25세,중상,승용,여,45세,중상
2023080300100111,2023년 8월 3일 08시,목요일,경상남도 창원시 의창구 봉곡동,경상사고,0,0,1,0,차대차 - 측면충돌,안전운전불이행,건조,맑음,단일로 - 기타,승용,남,37세,상해없음,승용,여,31세,경상
2023080300100112,2023년 8월 3일 08시,목요일,경상남도 창원시 의창구 중동,경상사고,0,0,1,0,차대차 - 측면충돌,안전운전불이행,건조,맑음,단일로 - 기타,승용,여,45세,기타불명,승용,여,54세,경상
2023080300100113,2023년 8월 3일 08시,목요일,경상남도 김해시 대청동,경상사고,0,0,1,0,차대차 - 측면충돌,신호위반,건조,맑음,교차로 - 교차로횡단보도내,승용,여,56세,상해없음,승용,남,43세,경상
2023080300100145,2023년 8월 3일 09시,목요일,경상남도 창원시 진해구 남양동,경상사고,0,0,1,0,차대차 - 측면충돌,중앙선침범,건조,맑음,단일로 - 기타,승용,여,62세,상해없음,화물,남,51세,경상
2023080300100146,2023년 8월 3일 09시,목요일,경상남도 창원시 진해구 용원동,경상사고,0,0,2,0,차대차 - 측면충돌,직진우회전진행방해,건조,맑음,교차로 - 교차로안,승용,남,54세,경상,화물,남,45세,상해없음
2023080300100147,2023년 8월 3일 09시,목요일,경상남도 김해시 부원동,경상사고,0,0,1,0,차대차 - 기타,신호위반,건조,맑음,교차로 - 교차로안,자전거,여,59세,경상,승용,여,61세,상해없음
2023080300100148,2023년 8월 3일 09시,목요일,경상남도 양산시 북부동,경상사고,0,0,2,0,차대차 - 측면충돌,신호위반,건조,맑음,단일로 - 교량,화물,남,50세,상해없음,승용,남,45세,경상
2023080300100191,2023년 8월 3일 10시,목요일,경상남도 창원시 마산합포구 월남동1가,중상사고,0,1,0,0,차대사람 - 기타,안전운전불이행,건조,맑음,교차로 - 교차로안,승합,남,52세,상해없음,보행자,남,75세,중상
2023080300100193,2023년 8월 3일 10시,목요일,경상남도 거제시 동부면,경상사고,0,0,3,1,차대차 - 정면충돌,중앙선침범,건조,맑음,기타 - 기타,승용,남,39세,부상신고,승용,남,50세,경상
2023080300100214,2023년 8월 3일 11시,목요일,경상남도 양산시 상북면,경상사고,0,0,2,0,차대차 - 기타,안전운전불이행,건조,맑음,단일로 - 기타,승용,남,58세,상해없음,승용,남,66세,경상
2023080300100237,2023년 8월 3일 11시,목요일,경상남도 진주시 문산읍,경상사고,0,0,1,0,차대차 - 정면충돌,신호위반,건조,맑음,교차로 - 교차로안,승용,여,30세,상해없음,승용,여,57세,경상
2023080300100238,2023년 8월 3일 11시,목요일,경상남도 사천시 벌리동,경상사고,0,0,1,0,차대차 - 기타,직진우회전진행방해,건조,맑음,교차로 - 교차로안,자전거,남,65세,경상,승용,남,62세,상해없음
2023080300100239,2023년 8월 3일 11시,목요일,경상남도 사천시 사남면,경상사고,0,0,1,0,차대차 - 추돌,안전운전불이행,건조,맑음,교차로 - 교차로부근,승용,남,47세,상해없음,승용,여,37세,경상
2023080300100274,2023년 8월 3일 12시,목요일,경상남도 통영시 광도면,중상사고,0,1,2,0,차대차 - 추돌,안전거리미확보,건조,맑음,단일로 - 기타,승용,남,71세,상해없음,승용,여,53세,중상
2023080300100275,2023년 8월 3일 12시,목요일,경상남도 김해시 진례면,경상사고,0,0,1,0,차대차 - 기타,안전운전불이행,건조,맑음,교차로 - 교차로안,승용,남,42세,기타불명,화물,남,36세,경상
2023080300100301,2023년 8월 3일 13시,목요일,경상남도 통영시 광도면,경상사고,0,0,1,0,차대차 - 기타,신호위반,건조,맑음,교차로 - 교차로안,승용,여,56세,상해없음,승용,남,51세,상해없음
2023080300100371,2023년 8월 3일 15시,목요일,경상남도 창원시 마산합포구 우산동,경상사고,0,0,1,0,차대차 - 추돌,안전운전불이행,건조,맑음,단일로 - 교량,승용,남,59세,상해없음,승용,남,68세,상해없음
2023080300100372,2023년 8월 3일 15시,목요일,경상남도 사천시 벌리동,경상사고,0,0,2,0,차대차 - 측면충돌,직진우회전진행방해,건조,맑음,교차로 - 교차로안,이륜,남,71세,경상,승용,남,39세,경상
2023080300100408,2023년 8월 3일 16시,목요일,경상남도 창원시 진해구 충무동,경상사고,0,0,1,0,차대차 - 기타,중앙선침범,건조,맑음,교차로 - 교차로부근,승용,남,63세,상해없음,승용,남,58세,상해없음
2023080300100451,2023년 8월 3일 17시,목요일,경상남도 진주시 충무공동,경상사고,0,0,2,0,차대차 - 추돌,안전운전불이행,건조,맑음,교차로 - 교차로부근,승용,여,52세,상해없음,승용,남,35세,경상
2023080300100452,2023년 8월 3일 17시,목요일,경상남도 창원시 의창구 소답동,중상사고,0,1,0,0,차대사람 - 횡단중,보행자보호의무위반,건조,맑음,교차로 - 교차로횡단보도내,승용,남,60세,상해없음,보행자,여,68세,중상
2023080300100510,2023년 8월 3일 18시,목요일,경상남도 통영시 동호동,부상신고사고,0,0,0,3,차대차 - 측면충돌,안전운전불이행,건조,맑음,단일로 - 기타,승용,여,49세,상해없음,승용,여,75세,부상신고
2023080300100511,2023년 8월 3일 18시,목요일,경상남도 통영시 중앙동,경상사고,0,0,4,0,차대차 - 기타,교차로운행방법위반,건조,맑음,교차로 - 교차로안,승용,남,72세,상해없음,승합,남,58세,상해없음
2023080300100512,2023년 8월 3일 18시,목요일,경상남도 김해시 동상동,부상신고사고,0,0,0,1,차대차 - 기타,안전운전불이행,건조,맑음,교차로 - 교차로안,승용,남,54세,상해없음,승용,남,49세,상해없음
2023080300100513,2023년 8월 3일 18시,목요일,경상남도 거제시 남부면,사망사고,1,0,0,0,차량단독 - 기타,안전운전불이행,건조,맑음,단일로 - 기타,이륜,남,66세,사망,,,,
2023080300100514,2023년 8월 3일 18시,목요일,경상남도 창원시 마산회원구 내서읍,중상사고,0,1,0,0,차대사람 - 횡단중,안전운전불이행,건조,맑음,교차로 - 교차로안,화물,남,43세,상해없음,보행자,여,67세,중상
2023080300100551,2023년 8월 3일 19시,목요일,경상남도 함양군 지곡면,중상사고,0,1,0,0,차대사람 - 기타,안전운전불이행,건조,맑음,단일로 - 기타,승용,남,62세,상해없음,보행자,여,75세,중상
2023080300100552,2023년 8월 3일 19시,목요일,경상남도 양산시 물금읍,경상사고,0,0,2,0,차대차 - 측면충돌,안전거리미확보,건조,맑음,교차로 - 교차로부근,승용,남,74세,상해없음,승용,남,24세,경상
2023080300100584,2023년 8월 3일 20시,목요일,경상남도 창원시 진해구 경화동,경상사고,0,0,1,0,차대차 - 측면충돌,안전운전불이행,건조,맑음,단일로 - 기타,승용,남,69세,상해없음,승합,남,50세,상해없음
2023080300100585,2023년 8월 3일 20시,목요일,경상남도 창원시 진해구 용원동,경상사고,0,0,1,0,차대사람 - 횡단중,보행자보호의무위반,건조,맑음,교차로 - 교차로횡단보도내,승용,남,45세,상해없음,보행자,여,61세,경상
2023080300100586,2023년 8월 3일 20시,목요일,경상남도 통영시 정량동,경상사고,0,0,1,0,차대차 - 측면충돌,신호위반,건조,맑음,교차로 - 교차로안,승합,남,53세,상해없음,화물,남,29세,경상
2023080300100587,2023년 8월 3일 20시,목요일,경상남도 거제시 거제면,중상사고,0,1,0,0,차대차 - 추돌,안전운전불이행,건조,맑음,기타 - 기타,승용,여,52세,상해없음,이륜,남,70세,중상
2023080300100612,2023년 8월 3일 21시,목요일,경상남도 양산시 북정동,중상사고,0,1,0,0,차대차 - 측면충돌,불법유턴,건조,맑음,교차로 - 교차로안,승용,남,40세,상해없음,이륜,남,30세,중상
2023080300100629,2023년 8월 3일 22시,목요일,경상남도 창원시 마산합포구 서성동,경상사고,0,0,2,0,차대차 - 기타,중앙선침범,건조,맑음,교차로 - 교차로부근,승용,남,55세,상해없음,승용,남,57세,경상
2023080300100642,2023년 8월 3일 23시,목요일,경상남도 진주시 호탄동,중상사고,0,1,0,0,차대사람 - 횡단중,안전운전불이행,건조,맑음,교차로 - 교차로횡단보도내,승용,남,51세,상해없음,보행자,남,54세,중상
2023080300100643,2023년 8월 3일 23시,목요일,경상남도 양산시 북정동,경상사고,0,0,3,0,차대차 - 측면충돌,신호위반,건조,맑음,교차로 - 교차로안,화물,남,55세,상해없음,승용,남,56세,경상
2023080400100008,2023년 8월 4일 00시,금요일,경상남도 창원시 마산합포구 우산동,사망사고,1,0,0,0,차대사람 - 차도통행중,안전운전불이행,건조,맑음,단일로 - 기타,승용,남,38세,상해없음,보행자,남,81세,사망
2023080400100009,2023년 8월 4일 00시,금요일,경상남도 거창군 거창읍,경상사고,0,0,1,0,차량단독 - 전도전복 - 전도,안전운전불이행,건조,흐림,교차로 - 교차로안,이륜,남,47세,경상,,,,
2023080400100032,2023년 8월 4일 04시,금요일,경상남도 창원시 진해구 용원동,중상사고,0,1,0,0,차대사람 - 횡단중,보행자보호의무위반,건조,맑음,교차로 - 교차로횡단보도내,화물,남,67세,상해없음,보행자,남,38세,중상
2023080400100043,2023년 8월 4일 05시,금요일,경상남도 함양군 마천면,중상사고,0,1,0,0,차량단독 - 전도전복 - 전도,안전운전불이행,건조,맑음,기타 - 기타,승용,남,63세,상해없음,,,,
2023080400100052,2023년 8월 4일 06시,금요일,경상남도 김해시 전하동,중상사고,0,1,0,0,차대차 - 추돌,안전운전불이행,건조,맑음,교차로 - 교차로안,승용,여,62세,중상,승용,기타불명,미분류,기타불명
2023080400100067,2023년 8월 4일 07시,금요일,경상남도 창원시 진해구 자은동,중상사고,0,1,1,0,차대차 - 기타,안전운전불이행,건조,맑음,교차로 - 교차로안,이륜,남,23세,상해없음,승용,남,28세,경상
2023080400100068,2023년 8월 4일 07시,금요일,경상남도 사천시 봉남동,사망사고,1,0,0,0,차대차 - 측면충돌,안전운전불이행,건조,맑음,교차로 - 교차로부근,화물,남,61세,상해없음,이륜,여,59세,사망
2023080400100097,2023년 8월 4일 08시,금요일,경상남도 창원시 마산합포구 동성동,경상사고,0,0,2,0,차대차 - 측면충돌,신호위반,건조,맑음,교차로 - 교차로안,승용,남,44세,경상,승용,남,61세,경상
2023080400100098,2023년 8월 4일 08시,금요일,경상남도 창원시 진해구 태평동,경상사고,0,0,1,0,차대차 - 측면충돌,안전운전불이행,건조,맑음,교차로 - 교차로안,승용,남,26세,상해없음,승용,남,37세,경상
2023080400100099,2023년 8월 4일 08시,금요일,경상남도 통영시 무전동,경상사고,0,0,1,0,차대사람 - 기타,안전운전불이행,건조,맑음,단일로 - 기타,승합,남,50세,상해없음,보행자,여,66세,경상
2023080400100152,2023년 8월 4일 10시,금요일,경상남도 밀양시 삼문동,경상사고,0,0,1,0,차대차 - 측면충돌,신호위반,건조,맑음,교차로 - 교차로안,승용,남,75세,상해없음,자전거,남,65세,경상
2023080400100153,2023년 8월 4일 10시,금요일,경상남도 양산시 삼호동,경상사고,0,0,1,0,차대사람 - 기타,안전운전불이행,건조,맑음,단일로 - 기타,승용,남,56세,상해없음,보행자,여,5세,경상
2023080400100204,2023년 8월 4일 11시,금요일,경상남도 통영시 광도면,중상사고,0,1,0,0,차대차 - 측면충돌,신호위반,건조,맑음,교차로 - 교차로안,승용,남,62세,상해없음,승용,남,27세,중상
2023080400100205,2023년 8월 4일 11시,금요일,경상남도 사천시 용현면,사망사고,1,0,0,0,차량단독 - 전도전복 - 전도,안전운전불이행,건조,맑음,교차로 - 교차로부근,화물,남,75세,사망,,,,
2023080400100206,2023년 8월 4일 11시,금요일,경상남도 사천시 축동면,경상사고,0,0,1,0,차대사람 - 기타,안전운전불이행,건조,맑음,단일로 - 기타,승용,여,59세,상해없음,보행자,여,53세,경상
2023080400100207,2023년 8월 4일 11시,금요일,경상남도 함안군 칠북면,중상사고,0,1,0,0,차대차 - 측면충돌,신호위반,건조,맑음,교차로 - 교차로안,건설기계,남,54세,상해없음,승합,여,57세,중상
2023080400100236,2023년 8월 4일 12시,금요일,경상남도 밀양시 무안면,경상사고,0,0,1,0,차대사람 - 횡단중,안전운전불이행,건조,맑음,교차로 - 교차로안,화물,남,70세,상해없음,보행자,여,79세,경상
2023080400100237,2023년 8월 4일 12시,금요일,경상남도 밀양시 상남면,사망사고,1,0,1,0,차대차 - 추돌,안전운전불이행,건조,맑음,단일로 - 기타,화물,남,79세,사망,화물,남,45세,기타불명
2023080400100238,2023년 8월 4일 12시,금요일,경상남도 김해시 한림면,중상사고,0,1,0,0,차량단독 - 기타,안전운전불이행,건조,맑음,주차장 - 주차장,화물,남,68세,중상,,,,
2023080400100239,2023년 8월 4일 12시,금요일,경상남도 김해시 풍유동,경상사고,0,0,1,0,차대차 - 추돌,안전운전불이행,건조,맑음,교차로 - 교차로부근,승용,여,44세,상해없음,승용,여,31세,경상
2023080400100240,2023년 8월 4일 12시,금요일,경상남도 창원시 의창구 북면,경상사고,0,0,1,0,차대차 - 추돌,안전운전불이행,건조,맑음,단일로 - 기타,화물,남,84세,상해없음,화물,남,72세,경상
2023080400100357,2023년 8월 4일 15시,금요일,경상남도 함안군 가야읍,중상사고,0,2,0,0,차대차 - 추돌,안전거리미확보,건조,맑음,교차로 - 교차로부근,승용,남,63세,상해없음,승용,남,49세,중상
2023080400100406,2023년 8월 4일 16시,금요일,경상남도 김해시 구산동,중상사고,0,1,0,0,차대차 - 측면충돌,안전운전불이행,건조,맑음,단일로 - 기타,승용,여,65세,상해없음,이륜,남,21세,중상
2023080400100407,2023년 8월 4일 16시,금요일,경상남도 창녕군 도천면,중상사고,0,2,2,0,차대차 - 추돌,안전운전불이행,건조,맑음,교차로 - 교차로부근,승용,여,65세,상해없음,승용,여,47세,중상
2023080400100408,2023년 8월 4일 16시,금요일,경상남도 양산시 물금읍,중상사고,0,1,0,0,차대차 - 기타,안전운전불이행,건조,맑음,교차로 - 교차로안,승용,여,58세,상해없음,자전거,남,23세,중상
2023080400100409,2023년 8월 4일 16시,금요일,경상남도 창원시 의창구 팔용동,중상사고,0,1,0,0,차대차 - 추돌,안전운전불이행,건조,맑음,단일로 - 기타,이륜,남,18세,상해없음,승용,남,47세,중상
2023080400100468,2023년 8월 4일 17시,금요일,경상남도 창원시 진해구 풍호동,경상사고,0,0,3,0,차대차 - 측면충돌,신호위반,건조,맑음,교차로 - 교차로부근,승용,남,61세,상해없음,승용,여,46세,경상
2023080400100469,2023년 8월 4일 17시,금요일,경상남도 밀양시 가곡동,경상사고,0,0,1,0,차대차 - 추돌,안전운전불이행,건조,맑음,교차로 - 교차로부근,승용,남,62세,상해없음,승용,남,35세,경상
2023080400100470,2023년 8월 4일 17시,금요일,경상남도 양산시 남부동,중상사고,0,1,0,0,차대차 - 기타,기타,건조,맑음,교차로 - 교차로부근,승용,남,29세,상해없음,자전거,남,43세,중상
2023080400100471,2023년 8월 4일 17시,금요일,경상남도 거제시 연초면,부상신고사고,0,0,0,1,차대차 - 정면충돌,안전운전불이행,건조,맑음,기타 - 기타,승용,남,71세,부상신고,특수,남,64세,상해없음
2023080400100491,2023년 8월 4일 18시,금요일,경상남도 김해시 대동면,부상신고사고,0,0,0,1,차대차 - 추돌,안전운전불이행,건조,맑음,단일로 - 기타,승용,남,51세,상해없음,승용,남,56세,부상신고
2023080400100519,2023년 8월 4일 18시,금요일,경상남도 진주시 봉래동,경상사고,0,0,1,0,차대차 - 기타,중앙선침범,건조,맑음,교차로 - 교차로부근,승용,여,49세,상해없음,화물,남,32세,경상
2023080400100557,2023년 8월 4일 19시,금요일,경상남도 사천시 정동면,중상사고,0,1,0,0,차대차 - 측면충돌,안전운전불이행,건조,맑음,교차로 - 교차로안,승용,남,31세,상해없음,이륜,남,28세,중상
2023080400100586,2023년 8월 4일 20시,금요일,경상남도 김해시 삼계동,경상사고,0,0,3,0,차대차 - 측면충돌,안전운전불이행,건조,맑음,교차로 - 교차로안,승용,남,57세,상해없음,승용,남,64세,경상
2023080400100587,2023년 8월 4일 20시,금요일,경상남도 양산시 물금읍,경상사고,0,0,2,2,차대차 - 정면충돌,안전운전불이행,건조,맑음,교차로 - 교차로안,승용,여,65세,경상,승용,남,29세,경상
2023080400100588,2023년 8월 4일 20시,금요일,경상남도 창원시 마산회원구 합성동,중상사고,0,1,0,0,차대차 - 측면충돌,안전운전불이행,기타,기타,단일로 - 기타,이륜,남,28세,기타불명,이륜,남,44세,중상
2023080400100589,2023년 8월 4일 20시,금요일,경상남도 함양군 지곡면,경상사고,0,0,3,0,차대차 - 측면충돌,안전운전불이행,건조,맑음,단일로 - 기타,승용,남,63세,상해없음,승용,남,41세,경상
2023080400100618,2023년 8월 4일 21시,금요일,경상남도 진주시 지수면,중상사고,0,1,0,0,차대차 - 측면충돌,안전운전불이행,건조,맑음,단일로 - 기타,화물,남,51세,상해없음,승용,남,51세,상해없음
2023080400100653,2023년 8월 4일 22시,금요일,경상남도 창원시 진해구 장천동,경상사고,0,0,3,0,차대차 - 측면충돌,안전운전불이행,건조,맑음,단일로 - 기타,승용,남,68세,경상,승용,남,56세,경상
2023080400100654,2023년 8월 4일 22시,금요일,경상남도 김해시 전하동,중상사고,0,1,0,0,차대사람 - 차도통행중,안전운전불이행,건조,맑음,단일로 - 기타,화물,남,49세,상해없음,보행자,여,16세,중상
2023080400100673,2023년 8월 4일 23시,금요일,경상남도 사천시 사천읍,경상사고,0,0,2,0,차대차 - 측면충돌,신호위반,건조,맑음,교차로 - 교차로안,승용,여,51세,상해없음,승용,여,49세,경상
2023080500100041,2023년 8월 5일 04시,토요일,경상남도 김해시 장유동,경상사고,0,0,1,0,차대차 - 측면충돌,신호위반,건조,맑음,교차로 - 교차로안,승용,남,27세,경상,승용,남,69세,상해없음
2023080500100065,2023년 8월 5일 06시,토요일,경상남도 진주시 초전동,경상사고,0,0,1,0,차대차 - 측면충돌,교차로운행방법위반,건조,맑음,교차로 - 교차로안,승합,남,54세,상해없음,승용,여,55세,경상
2023080500100066,2023년 8월 5일 06시,토요일,경상남도 합천군 야로면,중상사고,0,1,0,0,차대사람 - 길가장자리구역통행중,중앙선침범,건조,맑음,교차로 - 교차로부근,승용,남,67세,상해없음,보행자,남,74세,중상
2023080500100067,2023년 8월 5일 06시,토요일,경상남도 남해군 남면,중상사고,0,1,0,0,차량단독 - 기타,안전운전불이행,건조,맑음,단일로 - 기타,승용,남,60세,상해없음,,,,
2023080500100135,2023년 8월 5일 09시,토요일,경상남도 사천시 대방동,경상사고,0,0,1,0,차대차 - 측면충돌,안전거리미확보,건조,맑음,단일로 - 기타,승용,남,70세,상해없음,화물,남,56세,경상
2023080500100136,2023년 8월 5일 09시,토요일,경상남도 거제시 장목면,중상사고,0,1,1,0,차대차 - 추돌,안전운전불이행,건조,맑음,단일로 - 기타,화물,남,70세,중상,특수,남,26세,경상
2023080500100173,2023년 8월 5일 10시,토요일,경상남도 진주시 초전동,경상사고,0,0,1,0,차대차 - 측면충돌,신호위반,건조,맑음,교차로 - 교차로안,승용,남,77세,상해없음,승용,남,51세,경상
2023080500100174,2023년 8월 5일 10시,토요일,경상남도 양산시 북정동,경상사고,0,0,1,0,차대차 - 추돌,안전운전불이행,건조,맑음,단일로 - 기타,기타불명,기타불명,미분류,기타불명,화물,남,70세,상해없음
2023080500100175,2023년 8월 5일 10시,토요일,경상남도 거제시 장평동,중상사고,0,1,1,0,차대차 - 기타,신호위반,건조,맑음,교차로 - 교차로안,승용,남,49세,중상,승용,여,35세,경상
2023080500100213,2023년 8월 5일 11시,토요일,경상남도 밀양시 산외면,경상사고,0,0,2,0,차대차 - 추돌,안전운전불이행,건조,맑음,단일로 - 기타,승용,여,55세,경상,승용,남,65세,경상
2023080500100251,2023년 8월 5일 12시,토요일,경상남도 거제시 장승포동,중상사고,0,1,0,0,차대차 - 측면충돌,직진우회전진행방해,건조,맑음,교차로 - 교차로안,승용,남,37세,상해없음,이륜,남,43세,중상
2023080500100286,2023년 8월 5일 13시,토요일,경상남도 통영시 미수동,중상사고,0,1,1,0,차대차 - 정면충돌,교차로운행방법위반,건조,맑음,교차로 - 교차로안,화물,남,31세,기타불명,승용,남,52세,경상