사고번호,사고일시,요일,시군구,사고내용,사망자수,중상자수,경상자수,부상신고자수,사고유형,법규위반,노면상태,기상상태,도로형태,가해운전자 차종,가해운전자 성별,가해운전자 연령,가해운전자 상해정도,피해운전자 차종,피해운전자 성별,피해운전자 연령,피해운전자 상해정도
2023080500100287,2023년 8월 5일 13시,토요일,경상남도 사천시 곤명면,사망사고,1,0,1,0,차대차 - 추돌,안전운전불이행,건조,맑음,단일로 - 기타,화물,남,74세,사망,화물,남,53세,경상
2023080500100288,2023년 8월 5일 13시,토요일,경상남도 산청군 삼장면,중상사고,0,1,0,0,차량단독 - 전도전복 - 전도,안전운전불이행,건조,맑음,단일로 - 기타,화물,남,85세,중상,,,,
2023080500100289,2023년 8월 5일 13시,토요일,경상남도 창원시 의창구 소답동,중상사고,0,3,0,0,차대차 - 측면충돌,기타,건조,맑음,단일로 - 기타,승용,남,45세,상해없음,승용,여,60세,상해없음
2023080500100290,2023년 8월 5일 13시,토요일,경상남도 김해시 대청동,경상사고,0,0,2,0,차대차 - 측면충돌,안전운전불이행,건조,맑음,단일로 - 기타,승용,남,22세,상해없음,승용,여,27세,경상
2023080500100318,2023년 8월 5일 14시,토요일,경상남도 양산시 중부동,경상사고,0,0,2,0,차대차 - 추돌,안전거리미확보,건조,맑음,단일로 - 기타,승용,여,42세,경상,화물,남,54세,상해없음
2023080500100319,2023년 8월 5일 14시,토요일,경상남도 고성군 고성읍,경상사고,0,0,3,0,차대차 - 정면충돌,중앙선침범,건조,맑음,단일로 - 기타,승용,남,40세,상해없음,승용,여,55세,경상
2023080500100320,2023년 8월 5일 14시,토요일,경상남도 김해시 대청동,중상사고,0,1,0,0,차대차 - 측면충돌,안전운전불이행,건조,맑음,교차로 - 교차로안,승용,여,70세,상해없음,승용,여,34세,중상
2023080500100348,2023년 8월 5일 15시,토요일,경상남도 창원시 마산합포구 오동동,경상사고,0,0,1,0,차대차 - 측면충돌,안전운전불이행,건조,맑음,교차로 - 교차로안,승용,여,66세,상해없음,자전거,남,68세,경상
2023080500100376,2023년 8월 5일 16시,토요일,경상남도 진주시 금산면,경상사고,0,0,1,0,차대사람 - 기타,안전운전불이행,건조,맑음,교차로 - 교차로부근,승용,남,68세,상해없음,보행자,남,55세,경상
2023080500100377,2023년 8월 5일 16시,토요일,경상남도 거창군 거창읍,중상사고,0,2,6,0,차대차 - 측면충돌,신호위반,건조,맑음,교차로 - 교차로안,승용,남,37세,경상,승합,남,59세,상해없음
2023080500100378,2023년 8월 5일 16시,토요일,경상남도 창원시 성산구 내동,경상사고,0,0,1,0,차대차 - 측면충돌,신호위반,건조,맑음,교차로 - 교차로안,승합,남,67세,상해없음,화물,남,35세,경상
2023080500100412,2023년 8월 5일 17시,토요일,경상남도 김해시 주촌면,중상사고,0,1,1,0,차대차 - 추돌,안전운전불이행,건조,맑음,교차로 - 교차로안,이륜,남,42세,경상,승용,여,45세,중상
2023080500100455,2023년 8월 5일 18시,토요일,경상남도 합천군 적중면,중상사고,0,1,0,0,차량단독 - 기타,안전운전불이행,건조,맑음,단일로 - 기타,화물,남,70세,중상,,,,
2023080500100501,2023년 8월 5일 19시,토요일,경상남도 김해시 내동,경상사고,0,0,2,0,차대차 - 추돌,안전운전불이행,건조,맑음,교차로 - 교차로안,이륜,남,53세,경상,승용,남,23세,경상
2023080500100502,2023년 8월 5일 19시,토요일,경상남도 양산시 동면,중상사고,0,1,0,0,차대차 - 측면충돌,안전거리미확보,건조,맑음,단일로 - 기타,승용,여,41세,상해없음,이륜,남,28세,중상
2023080500100503,2023년 8월 5일 19시,토요일,경상남도 창원시 마산회원구 석전동,사망사고,2,1,5,0,차대차 - 정면충돌,중앙선침범,건조,맑음,교차로 - 교차로부근,승용,남,71세,사망,승용,남,51세,경상
2023080500100525,2023년 8월 5일 20시,토요일,경상남도 김해시 불암동,경상사고,0,0,1,0,차대차 - 추돌,안전거리미확보,젖음/습기,맑음,단일로 - 기타,승용,여,63세,상해없음,승용,남,45세,경상
2023080500100549,2023년 8월 5일 21시,토요일,경상남도 남해군 미조면,부상신고사고,0,0,0,1,차량단독 - 공작물충돌,안전운전불이행,건조,맑음,단일로 - 기타,승용,남,36세,부상신고,,,,
2023080500100570,2023년 8월 5일 22시,토요일,경상남도 김해시 외동,경상사고,0,0,2,0,차대차 - 추돌,안전거리미확보,건조,맑음,단일로 - 기타,승용,남,20세,상해없음,승용,남,29세,경상
2023080500100571,2023년 8월 5일 22시,토요일,경상남도 창원시 의창구 봉곡동,중상사고,0,1,1,0,차대사람 - 횡단중,신호위반,건조,맑음,교차로 - 교차로횡단보도내,승용,남,55세,상해없음,보행자,여,61세,중상
2023080600100033,2023년 8월 6일 02시,일요일,경상남도 양산시 하북면,부상신고사고,0,0,0,1,차량단독 - 공작물충돌,안전운전불이행,건조,맑음,단일로 - 기타,화물,남,56세,부상신고,,,,
2023080600100042,2023년 8월 6일 03시,일요일,경상남도 사천시 사천읍,경상사고,0,0,1,0,차대사람 - 기타,안전운전불이행,건조,맑음,단일로 - 기타,승용,남,51세,상해없음,보행자,남,24세,경상
2023080600100049,2023년 8월 6일 04시,일요일,경상남도 진주시 명석면,중상사고,0,1,0,0,차량단독 - 기타,안전운전불이행,건조,맑음,단일로 - 기타,이륜,남,16세,중상,,,,
2023080600100050,2023년 8월 6일 04시,일요일,경상남도 함안군 군북면,사망사고,1,0,0,0,차량단독 - 기타,안전운전불이행,건조,맑음,단일로 - 기타,이륜,남,30세,사망,,,,
2023080600100055,2023년 8월 6일 05시,일요일,경상남도 진주시 문산읍,경상사고,0,0,1,0,차대차 - 정면충돌,중앙선침범,건조,맑음,단일로 - 기타,승용,남,47세,상해없음,승용,남,62세,경상
2023080600100106,2023년 8월 6일 09시,일요일,경상남도 김해시 삼정동,경상사고,0,0,3,0,차대차 - 추돌,안전운전불이행,건조,맑음,단일로 - 기타,승용,남,20세,상해없음,승용,여,52세,경상
2023080600100124,2023년 8월 6일 10시,일요일,경상남도 창원시 성산구 성주동,중상사고,0,2,5,0,차대차 - 정면충돌,중앙선침범,건조,맑음,교차로 - 교차로부근,승용,남,29세,상해없음,승용,남,35세,중상
2023080600100148,2023년 8월 6일 11시,일요일,경상남도 양산시 평산동,경상사고,0,0,3,0,차대차 - 측면충돌,안전운전불이행,건조,맑음,교차로 - 교차로안,이륜,남,22세,상해없음,승용,여,30세,경상
2023080600100149,2023년 8월 6일 11시,일요일,경상남도 산청군 산청읍,경상사고,0,0,2,0,차대차 - 측면충돌,신호위반,건조,맑음,교차로 - 교차로안,승용,남,58세,기타불명,승용,여,32세,경상
2023080600100228,2023년 8월 6일 14시,일요일,경상남도 남해군 설천면,부상신고사고,0,0,0,1,차량단독 - 도로외이탈 - 추락,안전운전불이행,건조,맑음,단일로 - 기타,승용,여,53세,상해없음,,,,
2023080600100229,2023년 8월 6일 14시,일요일,경상남도 김해시 관동동,중상사고,0,1,0,0,차대차 - 측면충돌,기타,건조,맑음,교차로 - 교차로부근,승용,여,50세,상해없음,이륜,남,39세,중상
2023080600100256,2023년 8월 6일 15시,일요일,경상남도 김해시 삼방동,경상사고,0,0,1,0,차대차 - 측면충돌,중앙선침범,건조,맑음,교차로 - 교차로부근,승용,남,64세,상해없음,승용,남,51세,경상
2023080600100274,2023년 8월 6일 16시,일요일,경상남도 양산시 중부동,경상사고,0,0,2,0,차대차 - 추돌,신호위반,건조,맑음,단일로 - 기타,승용,남,66세,상해없음,승용,남,27세,경상
2023080600100289,2023년 8월 6일 16시,일요일,경상남도 거제시 남부면,중상사고,0,2,2,0,차대차 - 기타,중앙선침범,건조,맑음,단일로 - 기타,승용,남,59세,상해없음,승용,남,30세,중상
2023080600100316,2023년 8월 6일 17시,일요일,경상남도 창원시 진해구 풍호동,중상사고,0,1,0,0,차대사람 - 차도통행중,기타,건조,맑음,단일로 - 기타,승용,남,55세,상해없음,보행자,여,65세,중상
2023080600100317,2023년 8월 6일 17시,일요일,경상남도 양산시 동면,경상사고,0,0,1,0,차대차 - 측면충돌,안전거리미확보,건조,맑음,교차로 - 교차로안,승용,여,43세,상해없음,승용,여,47세,경상
2023080600100318,2023년 8월 6일 17시,일요일,경상남도 고성군 고성읍,중상사고,0,1,0,0,차대사람 - 차도통행중,안전운전불이행,건조,맑음,교차로 - 교차로부근,승용,여,64세,상해없음,보행자,여,63세,중상
2023080600100319,2023년 8월 6일 17시,일요일,경상남도 김해시 진영읍,경상사고,0,0,2,0,차대차 - 추돌,안전운전불이행,건조,맑음,기타 - 기타,승용,여,23세,상해없음,승용,여,24세,경상
2023080600100422,2023년 8월 6일 22시,일요일,경상남도 양산시 명동,중상사고,0,1,0,0,차대차 - 측면충돌,안전운전불이행,건조,맑음,교차로 - 교차로안,승용,여,31세,상해없음,이륜,남,42세,중상
2023080600100436,2023년 8월 6일 23시,일요일,경상남도 진주시 지수면,중상사고,0,1,1,0,차대차 - 측면충돌,기타,건조,맑음,단일로 - 기타,승용,남,29세,상해없음,승용,남,50세,경상
2023080700100039,2023년 8월 7일 06시,월요일,경상남도 창원시 의창구 동읍,중상사고,0,1,0,0,차량단독 - 기타,안전운전불이행,건조,맑음,교차로 - 교차로안,승합,남,57세,상해없음,,,,
2023080700100061,2023년 8월 7일 07시,월요일,경상남도 하동군 양보면,중상사고,0,1,0,0,차대차 - 측면충돌,안전운전불이행,건조,맑음,미분류 - 미분류,승용,남,68세,상해없음,승용,여,72세,중상
2023080700100062,2023년 8월 7일 07시,월요일,경상남도 창원시 의창구 사림동,경상사고,0,0,1,0,차대사람 - 횡단중,보행자보호의무위반,건조,맑음,교차로 - 교차로안,승용,여,58세,상해없음,보행자,여,50세,경상
2023080700100096,2023년 8월 7일 08시,월요일,경상남도 통영시 광도면,경상사고,0,0,1,0,차대사람 - 횡단중,보행자보호의무위반,건조,맑음,교차로 - 교차로부근,승용,남,53세,상해없음,보행자,여,64세,경상
2023080700100097,2023년 8월 7일 08시,월요일,경상남도 거창군 남상면,경상사고,0,0,1,0,차량단독 - 전도전복 - 전도,안전운전불이행,건조,맑음,기타 - 기타,이륜,남,70세,경상,,,,
2023080700100098,2023년 8월 7일 08시,월요일,경상남도 김해시 진영읍,중상사고,0,1,0,0,차대차 - 측면충돌,교차로운행방법위반,건조,맑음,교차로 - 교차로안,승용,여,60세,상해없음,이륜,여,68세,중상
2023080700100142,2023년 8월 7일 09시,월요일,경상남도 창녕군 남지읍,중상사고,0,3,0,0,차대차 - 정면충돌,안전운전불이행,건조,맑음,단일로 - 기타,승용,여,59세,중상,승용,남,69세,중상
2023080700100143,2023년 8월 7일 09시,월요일,경상남도 거제시 고현동,부상신고사고,0,0,0,1,차대차 - 정면충돌,안전운전불이행,건조,맑음,교차로 - 교차로안,자전거,남,73세,부상신고,승용,남,52세,상해없음
2023080700100144,2023년 8월 7일 09시,월요일,경상남도 산청군 산청읍,부상신고사고,0,0,0,2,차대차 - 측면충돌,안전운전불이행,건조,맑음,교차로 - 교차로안,승용,남,70세,상해없음,이륜,남,22세,부상신고
2023080700100292,2023년 8월 7일 13시,월요일,경상남도 진주시 봉곡동,경상사고,0,0,1,0,차대차 - 측면충돌,신호위반,건조,맑음,교차로 - 교차로안,승용,여,69세,상해없음,승용,여,56세,경상
2023080700100293,2023년 8월 7일 13시,월요일,경상남도 창원시 의창구 사림동,경상사고,0,0,1,0,차량단독 - 기타,안전운전불이행,건조,맑음,단일로 - 기타,승합,남,47세,상해없음,,,,
2023080700100294,2023년 8월 7일 13시,월요일,경상남도 김해시 신문동,경상사고,0,0,1,0,차대차 - 기타,안전거리미확보,건조,맑음,단일로 - 기타,승용,여,47세,상해없음,승용,여,66세,경상
2023080700100330,2023년 8월 7일 14시,월요일,경상남도 창원시 의창구 동읍,경상사고,0,0,2,0,차대차 - 추돌,안전운전불이행,건조,맑음,단일로 - 기타,승용,남,29세,상해없음,승용,남,56세,경상
2023080700100364,2023년 8월 7일 15시,월요일,경상남도 거창군 거창읍,부상신고사고,0,0,0,1,차대차 - 추돌,안전운전불이행,건조,맑음,단일로 - 기타,이륜,남,59세,부상신고,화물,남,42세,상해없음
2023080700100408,2023년 8월 7일 16시,월요일,경상남도 창원시 진해구 이동,경상사고,0,0,1,0,차대차 - 측면충돌,안전운전불이행,건조,맑음,교차로 - 교차로안,승용,남,51세,상해없음,승용,남,36세,경상
2023080700100409,2023년 8월 7일 16시,월요일,경상남도 창원시 진해구 남문동,경상사고,0,0,2,0,차대차 - 측면충돌,안전운전불이행,건조,맑음,교차로 - 교차로안,승용,여,45세,상해없음,승용,남,32세,경상
2023080700100452,2023년 8월 7일 17시,월요일,경상남도 창원시 진해구 용원동,경상사고,0,0,1,0,차대차 - 추돌,안전운전불이행,건조,맑음,교차로 - 교차로부근,승용,남,39세,상해없음,승용,여,35세,경상
2023080700100454,2023년 8월 7일 17시,월요일,경상남도 산청군 신등면,경상사고,0,0,1,0,차량단독 - 기타,기타,건조,맑음,단일로 - 기타,화물,남,69세,경상,,,,
2023080700100493,2023년 8월 7일 18시,월요일,경상남도 김해시 외동,경상사고,0,0,1,0,차대차 - 기타,직진우회전진행방해,건조,맑음,교차로 - 교차로안,이륜,남,64세,상해없음,승용,여,51세,경상
2023080700100494,2023년 8월 7일 18시,월요일,경상남도 창녕군 유어면,사망사고,1,0,0,0,차량단독 - 기타,안전운전불이행,건조,맑음,단일로 - 기타,화물,남,77세,사망,,,,
2023080700100495,2023년 8월 7일 18시,월요일,경상남도 의령군 부림면,경상사고,0,0,2,0,차대차 - 측면충돌,안전운전불이행,건조,맑음,교차로 - 교차로안,화물,여,53세,경상,자전거,여,47세,경상
2023080700100532,2023년 8월 7일 19시,월요일,경상남도 고성군 고성읍,중상사고,0,1,0,0,차대사람 - 횡단중,안전운전불이행,건조,맑음,단일로 - 기타,승용,남,70세,상해없음,보행자,남,63세,중상
2023080700100562,2023년 8월 7일 20시,월요일,경상남도 거창군 거창읍,중상사고,0,1,0,0,차대차 - 추돌,교차로운행방법위반,건조,맑음,교차로 - 교차로안,승용,남,59세,상해없음,이륜,여,64세,중상
2023080700100597,2023년 8월 7일 22시,월요일,경상남도 창녕군 창녕읍,중상사고,0,2,0,0,차대차 - 정면충돌,직진우회전진행방해,건조,맑음,교차로 - 교차로안,승용,여,65세,중상,화물,남,53세,중상
2023080700100598,2023년 8월 7일 22시,월요일,경상남도 거제시 남부면,경상사고,0,0,1,0,차량단독 - 기타,안전운전불이행,건조,맑음,기타 - 기타,이륜,남,36세,경상,,,,
2023080800100010,2023년 8월 8일 01시,화요일,경상남도 창원시 의창구 팔용동,중상사고,0,1,0,0,차대사람 - 기타,안전운전불이행,건조,맑음,기타 - 기타,승용,남,51세,상해없음,보행자,남,47세,중상
2023080800100017,2023년 8월 8일 03시,화요일,경상남도 밀양시 내이동,중상사고,0,1,0,0,차량단독 - 전도전복 - 전복,안전운전불이행,건조,맑음,단일로 - 기타,승용,남,27세,중상,,,,
2023080800100046,2023년 8월 8일 07시,화요일,경상남도 양산시 산막동,경상사고,0,0,1,0,차대차 - 측면충돌,안전거리미확보,건조,맑음,단일로 - 기타,화물,남,59세,상해없음,승용,남,33세,경상
2023080800100063,2023년 8월 8일 07시,화요일,경상남도 김해시 주촌면,경상사고,0,0,1,0,차대차 - 추돌,안전운전불이행,건조,맑음,교차로 - 교차로부근,승용,남,41세,상해없음,승용,여,61세,경상
2023080800100099,2023년 8월 8일 08시,화요일,경상남도 창원시 진해구 용원동,경상사고,0,0,1,0,차대차 - 측면충돌,안전운전불이행,건조,맑음,단일로 - 기타,승용,남,62세,상해없음,승용,남,46세,경상
2023080800100142,2023년 8월 8일 09시,화요일,경상남도 진주시 문산읍,중상사고,0,1,0,0,차대차 - 측면충돌,안전운전불이행,건조,맑음,단일로 - 기타,화물,남,62세,상해없음,승용,여,71세,중상
2023080800100143,2023년 8월 8일 09시,화요일,경상남도 고성군 하이면,중상사고,0,1,0,0,차대차 - 측면충돌,교차로운행방법위반,건조,맑음,교차로 - 교차로부근,화물,남,66세,상해없음,승용,여,55세,중상
2023080800100144,2023년 8월 8일 09시,화요일,경상남도 산청군 생초면,사망사고,1,1,0,1,차대차 - 추돌,안전운전불이행,건조,맑음,단일로 - 기타,화물,남,54세,사망,특수,남,50세,중상
2023080800100211,2023년 8월 8일 11시,화요일,경상남도 진주시 평거동,경상사고,0,0,1,0,차대사람 - 기타,안전운전불이행,건조,맑음,단일로 - 기타,승용,여,62세,상해없음,보행자,남,62세,경상
2023080800100212,2023년 8월 8일 11시,화요일,경상남도 진주시 충무공동,중상사고,0,1,0,0,차대차 - 기타,기타,건조,맑음,단일로 - 기타,승용,남,43세,상해없음,자전거,여,59세,중상
2023080800100231,2023년 8월 8일 12시,화요일,경상남도 김해시 대동면,경상사고,0,0,2,0,차대차 - 측면충돌,안전거리미확보,건조,맑음,단일로 - 기타,화물,남,49세,상해없음,승용,남,61세,경상
2023080800100248,2023년 8월 8일 12시,화요일,경상남도 사천시 선구동,중상사고,0,1,0,0,차대사람 - 기타,안전운전불이행,건조,맑음,단일로 - 지하차도(도로)내,승용,여,39세,상해없음,보행자,남,44세,중상
2023080800100249,2023년 8월 8일 12시,화요일,경상남도 거제시 고현동,경상사고,0,0,4,0,차대차 - 측면충돌,안전운전불이행,건조,맑음,단일로 - 기타,승용,여,53세,경상,승용,남,39세,경상
2023080800100290,2023년 8월 8일 13시,화요일,경상남도 창원시 마산합포구 월영동,경상사고,0,0,2,0,차대차 - 추돌,안전거리미확보,건조,맑음,교차로 - 교차로부근,화물,남,57세,상해없음,승용,여,47세,경상
2023080800100291,2023년 8월 8일 13시,화요일,경상남도 진주시 초전동,중상사고,0,1,0,0,차대사람 - 횡단중,안전운전불이행,건조,맑음,교차로 - 교차로안,승용,남,36세,상해없음,보행자,여,84세,중상
2023080800100292,2023년 8월 8일 13시,화요일,경상남도 창원시 진해구 석동,경상사고,0,0,1,0,차대사람 - 기타,안전운전불이행,건조,맑음,교차로 - 교차로부근,승용,여,54세,상해없음,보행자,남,22세,경상
2023080800100293,2023년 8월 8일 13시,화요일,경상남도 김해시 율하동,경상사고,0,0,1,0,차대차 - 측면충돌,안전운전불이행,건조,맑음,교차로 - 교차로안,화물,남,30세,상해없음,자전거,여,65세,경상
2023080800100294,2023년 8월 8일 13시,화요일,경상남도 김해시 한림면,중상사고,0,1,0,0,차대차 - 측면충돌,안전운전불이행,건조,맑음,교차로 - 교차로안,화물,남,47세,상해없음,승용,여,42세,중상
2023080800100295,2023년 8월 8일 13시,화요일,경상남도 김해시 대청동,경상사고,0,0,1,0,차대차 - 측면충돌,안전거리미확보,건조,맑음,단일로 - 기타,건설기계,남,54세,상해없음,승용,여,47세,경상
2023080800100331,2023년 8월 8일 14시,화요일,경상남도 진주시 옥봉동,경상사고,0,0,1,0,차대차 - 측면충돌,안전운전불이행,건조,맑음,교차로 - 교차로부근,승용,여,74세,상해없음,승용,남,40세,경상
2023080800100332,2023년 8월 8일 14시,화요일,경상남도 통영시 광도면,중상사고,0,1,0,0,차대차 - 측면충돌,교차로운행방법위반,건조,맑음,교차로 - 교차로안,승용,여,45세,상해없음,이륜,남,39세,중상
2023080800100333,2023년 8월 8일 14시,화요일,경상남도 거제시 사등면,경상사고,0,0,1,0,차대차 - 추돌,안전운전불이행,건조,맑음,기타 - 기타,승용,여,78세,상해없음,자전거,남,57세,경상
2023080800100350,2023년 8월 8일 15시,화요일,경상남도 김해시 부원동,중상사고,0,1,1,0,차대차 - 기타,안전거리미확보,건조,맑음,단일로 - 기타,승용,남,39세,상해없음,승용,남,65세,경상
2023080800100404,2023년 8월 8일 16시,화요일,경상남도 거창군 거창읍,중상사고,0,1,0,0,차대차 - 측면충돌,안전운전불이행,건조,맑음,단일로 - 기타,승용,남,71세,상해없음,자전거,여,84세,중상
2023080800100405,2023년 8월 8일 16시,화요일,경상남도 거제시 고현동,경상사고,0,0,2,0,차대차 - 추돌,중앙선침범,건조,맑음,교차로 - 교차로안,승용,여,54세,경상,승용,여,39세,경상
2023080800100449,2023년 8월 8일 17시,화요일,경상남도 양산시 남부동,중상사고,0,1,0,0,차대차 - 기타,안전운전불이행,건조,맑음,단일로 - 기타,승용,남,46세,상해없음,자전거,여,48세,중상
2023080800100497,2023년 8월 8일 18시,화요일,경상남도 김해시 생림면,중상사고,0,1,1,0,차대차 - 추돌,안전운전불이행,건조,맑음,단일로 - 기타,승용,여,25세,상해없음,승용,남,28세,중상
2023080800100498,2023년 8월 8일 18시,화요일,경상남도 거창군 거창읍,중상사고,0,1,0,0,차대차 - 기타,교차로운행방법위반,건조,맑음,교차로 - 교차로안,승용,남,65세,상해없음,자전거,남,38세,중상
2023080800100499,2023년 8월 8일 18시,화요일,경상남도 양산시 동면,경상사고,0,0,1,0,차대차 - 기타,교차로운행방법위반,건조,맑음,교차로 - 교차로안,승용,남,48세,상해없음,이륜,남,51세,경상
2023080800100526,2023년 8월 8일 19시,화요일,경상남도 진주시 금산면,중상사고,0,1,0,0,차대사람 - 횡단중,보행자보호의무위반,건조,맑음,교차로 - 교차로횡단보도내,승용,남,55세,상해없음,보행자,여,16세,중상
2023080800100527,2023년 8월 8일 19시,화요일,경상남도 양산시 남부동,경상사고,0,0,1,0,차량단독 - 기타,안전운전불이행,건조,맑음,단일로 - 기타,승용,남,70세,상해없음,,,,
2023080800100578,2023년 8월 8일 21시,화요일,경상남도 김해시 어방동,경상사고,0,0,1,0,차대사람 - 횡단중,보행자보호의무위반,건조,맑음,교차로 - 교차로횡단보도내,승용,남,52세,상해없음,보행자,남,29세,경상
2023080800100600,2023년 8월 8일 22시,화요일,경상남도 김해시 진영읍,경상사고,0,0,1,0,차대차 - 기타,중앙선침범,건조,맑음,교차로 - 교차로안,승용,여,31세,상해없음,이륜,남,43세,경상
2023080900100012,2023년 8월 9일 00시,수요일,경상남도 거제시 아주동,경상사고,0,0,1,0,차대차 - 정면충돌,안전운전불이행,건조,맑음,교차로 - 교차로안,승용,여,42세,상해없음,승용,여,64세,경상
2023080900100013,2023년 8월 9일 00시,수요일,경상남도 김해시 진영읍,경상사고,0,0,1,0,차대차 - 기타,안전운전불이행,건조,맑음,단일로 - 기타,승용,남,32세,상해없음,이륜,남,23세,경상
2023080900100014,2023년 8월 9일 00시,수요일,경상남도 김해시 진영읍,중상사고,0,2,0,0,차대차 - 정면충돌,중앙선침범,건조,맑음,단일로 - 기타,승용,남,68세,중상,승용,여,40세,중상
2023080900100034,2023년 8월 9일 04시,수요일,경상남도 김해시 어방동,경상사고,0,0,1,0,차대사람 - 기타,안전운전불이행,건조,맑음,기타 - 기타,승용,남,56세,상해없음,보행자,남,38세,경상
2023080900100052,2023년 8월 9일 06시,수요일,경상남도 창원시 마산합포구 해운동,중상사고,0,1,0,0,차대사람 - 기타,안전운전불이행,건조,맑음,단일로 - 기타,승합,남,55세,상해없음,보행자,남,79세,중상
2023080900100053,2023년 8월 9일 06시,수요일,경상남도 창원시 성산구 웅남동,중상사고,0,1,0,0,차대차 - 추돌,안전운전불이행,건조,맑음,기타 - 기타,승용,남,69세,상해없음,화물,남,62세,중상
2023080900100071,2023년 8월 9일 07시,수요일,경상남도 고성군 고성읍,중상사고,0,1,0,0,차대사람 - 기타,안전운전불이행,건조,맑음,단일로 - 기타,승용,남,39세,상해없음,보행자,여,64세,중상
2023080900100133,2023년 8월 9일 09시,수요일,경상남도 창원시 마산합포구 신포동1가,경상사고,0,0,1,0,차대차 - 추돌,안전운전불이행,젖음/습기,비,교차로 - 교차로부근,화물,남,56세,상해없음,승용,여,41세,경상
2023080900100134,2023년 8월 9일 09시,수요일,경상남도 고성군 상리면,중상사고,0,2,0,0,차대차 - 측면충돌,중앙선침범,젖음/습기,비,단일로 - 기타,승합,남,48세,상해없음,승용,여,50세,중상
2023080900100135,2023년 8월 9일 09시,수요일,경상남도 의령군 낙서면,부상신고사고,0,0,0,1,차대차 - 측면충돌,직진우회전진행방해,젖음/습기,비,교차로 - 교차로안,승용,남,29세,상해없음,승용,남,70세,부상신고
2023080900100195,2023년 8월 9일 11시,수요일,경상남도 김해시 율하동,경상사고,0,0,1,0,차대사람 - 횡단중,신호위반,젖음/습기,비,교차로 - 교차로횡단보도내,승용,여,50세,상해없음,보행자,남,17세,경상
2023080900100240,2023년 8월 9일 12시,수요일,경상남도 양산시 교동,경상사고,0,0,1,0,차대차 - 측면충돌,신호위반,건조,맑음,교차로 - 교차로안,승용,여,75세,상해없음,승용,여,65세,경상
2023080900100241,2023년 8월 9일 12시,수요일,경상남도 창원시 의창구 팔용동,중상사고,0,1,0,0,차대차 - 추돌,안전거리미확보,젖음/습기,비,단일로 - 기타,승용,여,47세,상해없음,이륜,남,54세,중상
2023080900100242,2023년 8월 9일 12시,수요일,경상남도 김해시 흥동,중상사고,0,1,1,0,차대차 - 추돌,안전운전불이행,건조,맑음,교차로 - 교차로부근,승용,여,45세,중상,승용,남,60세,경상
2023080900100243,2023년 8월 9일 12시,수요일,경상남도 김해시 진영읍,중상사고,0,1,0,0,차대차 - 기타,안전운전불이행,젖음/습기,비,단일로 - 기타,화물,남,62세,상해없음,승용,남,29세,중상
2023080900100270,2023년 8월 9일 13시,수요일,경상남도 진주시 가좌동,경상사고,0,0,2,0,차대차 - 추돌,안전거리미확보,젖음/습기,비,교차로 - 교차로부근,특수,남,43세,상해없음,화물,남,54세,상해없음
2023080900100271,2023년 8월 9일 13시,수요일,경상남도 양산시 물금읍,경상사고,0,0,2,0,차대차 - 측면충돌,교차로운행방법위반,젖음/습기,비,교차로 - 교차로안,승용,남,42세,경상,승용,여,42세,경상
2023080900100272,2023년 8월 9일 13시,수요일,경상남도 양산시 명동,경상사고,0,0,1,0,차대차 - 측면충돌,안전운전불이행,젖음/습기,비,교차로 - 교차로부근,승용,여,55세,상해없음,승용,여,63세,경상
2023080900100273,2023년 8월 9일 13시,수요일,경상남도 거제시 고현동,경상사고,0,0,3,0,차대차 - 기타,신호위반,젖음/습기,비,교차로 - 교차로안,이륜,남,66세,경상,승용,남,45세,경상
2023080900100274,2023년 8월 9일 13시,수요일,경상남도 창원시 마산회원구 내서읍,경상사고,0,0,1,0,차대차 - 추돌,안전운전불이행,젖음/습기,맑음,단일로 - 기타,승용,남,71세,상해없음,승용,여,40세,경상
2023080900100275,2023년 8월 9일 13시,수요일,경상남도 창원시 의창구 북면,경상사고,0,0,2,0,차대차 - 측면충돌,안전거리미확보,젖음/습기,비,단일로 - 기타,승합,남,27세,상해없음,승용,여,33세,경상
2023080900100348,2023년 8월 9일 15시,수요일,경상남도 창원시 의창구 팔용동,경상사고,0,0,1,0,차대차 - 측면충돌,기타,건조,맑음,단일로 - 기타,승용,남,29세,기타불명,승용,여,42세,경상
2023080900100380,2023년 8월 9일 16시,수요일,경상남도 양산시 물금읍,경상사고,0,0,2,0,차대차 - 측면충돌,신호위반,건조,맑음,교차로 - 교차로안,화물,남,67세,상해없음,승용,남,35세,경상
2023080900100419,2023년 8월 9일 17시,수요일,경상남도 통영시 용남면,경상사고,0,0,1,0,차대차 - 추돌,안전운전불이행,젖음/습기,비,교차로 - 교차로부근,승용,남,41세,상해없음,승용,여,49세,경상
2023080900100420,2023년 8월 9일 17시,수요일,경상남도 밀양시 내이동,중상사고,0,1,0,0,차대차 - 측면충돌,신호위반,건조,맑음,교차로 - 교차로안,승용,남,32세,상해없음,이륜,남,38세,중상
2023080900100421,2023년 8월 9일 17시,수요일,경상남도 김해시 대동면,중상사고,0,1,0,0,차대차 - 기타,중앙선침범,젖음/습기,비,단일로 - 기타,화물,남,56세,상해없음,승용,남,44세,중상
2023080900100422,2023년 8월 9일 17시,수요일,경상남도 양산시 삼호동,중상사고,0,1,0,0,차대사람 - 횡단중,보행자보호의무위반,젖음/습기,흐림,교차로 - 교차로부근,승용,여,40세,상해없음,보행자,남,71세,중상