사고번호,사고일시,요일,시군구,사고내용,사망자수,중상자수,경상자수,부상신고자수,사고유형,법규위반,노면상태,기상상태,도로형태,가해운전자 차종,가해운전자 성별,가해운전자 연령,가해운전자 상해정도,피해운전자 차종,피해운전자 성별,피해운전자 연령,피해운전자 상해정도
2023080900100423,2023년 8월 9일 17시,수요일,경상남도 양산시 삼호동,경상사고,0,0,1,0,차대차 - 후진중충돌,안전운전불이행,젖음/습기,비,단일로 - 기타,화물,남,38세,상해없음,승용,남,29세,경상
2023080900100462,2023년 8월 9일 18시,수요일,경상남도 진주시 가좌동,중상사고,0,1,1,0,차대차 - 정면충돌,중앙선침범,젖음/습기,비,단일로 - 기타,승용,남,35세,상해없음,승용,남,38세,중상
2023080900100463,2023년 8월 9일 18시,수요일,경상남도 창원시 진해구 자은동,경상사고,0,0,1,0,차대차 - 기타,신호위반,젖음/습기,비,교차로 - 교차로안,승용,남,60세,상해없음,이륜,남,52세,경상
2023080900100465,2023년 8월 9일 18시,수요일,경상남도 거창군 남상면,중상사고,0,1,1,0,차대차 - 정면충돌,중앙선침범,젖음/습기,비,단일로 - 기타,승용,남,74세,중상,승용,남,50세,경상
2023080900100500,2023년 8월 9일 19시,수요일,경상남도 통영시 태평동,경상사고,0,0,2,0,차대차 - 추돌,안전운전불이행,젖음/습기,비,교차로 - 교차로부근,승용,여,44세,상해없음,승용,남,39세,경상
2023080900100501,2023년 8월 9일 19시,수요일,경상남도 통영시 태평동,경상사고,0,0,2,0,차대차 - 측면충돌,기타,젖음/습기,비,단일로 - 기타,승용,여,44세,상해없음,승용,남,62세,경상
2023080900100538,2023년 8월 9일 20시,수요일,경상남도 사천시 벌리동,중상사고,0,1,0,0,차대사람 - 횡단중,보행자보호의무위반,젖음/습기,비,교차로 - 교차로횡단보도내,승용,남,50세,상해없음,보행자,여,26세,중상
2023080900100601,2023년 8월 9일 22시,수요일,경상남도 김해시 삼계동,경상사고,0,0,1,0,차대사람 - 횡단중,보행자보호의무위반,젖음/습기,비,교차로 - 교차로부근,승용,남,38세,상해없음,보행자,남,67세,경상
2023080900100602,2023년 8월 9일 22시,수요일,경상남도 양산시 물금읍,경상사고,0,0,1,0,차대사람 - 기타,안전운전불이행,젖음/습기,비,단일로 - 기타,승용,남,38세,상해없음,보행자,남,43세,경상
2023080900100622,2023년 8월 9일 23시,수요일,경상남도 통영시 무전동,경상사고,0,0,1,0,차대사람 - 차도통행중,안전운전불이행,젖음/습기,비,교차로 - 교차로안,승용,남,43세,상해없음,보행자,남,18세,경상
2023080900100623,2023년 8월 9일 23시,수요일,경상남도 창녕군 대합면,경상사고,0,0,3,0,차대차 - 측면충돌,안전운전불이행,젖음/습기,비,단일로 - 기타,승용,여,25세,상해없음,화물,남,53세,경상
2023081000100039,2023년 8월 10일 04시,목요일,경상남도 김해시 진영읍,중상사고,0,1,0,0,차대차 - 측면충돌,신호위반,젖음/습기,비,교차로 - 교차로안,승합,남,66세,상해없음,화물,남,53세,중상
2023081000100057,2023년 8월 10일 06시,목요일,경상남도 김해시 어방동,경상사고,0,0,1,0,차대차 - 측면충돌,직진우회전진행방해,젖음/습기,비,교차로 - 교차로안,승용,남,47세,상해없음,화물,남,24세,경상
2023081000100070,2023년 8월 10일 07시,목요일,경상남도 창원시 진해구 원포동,경상사고,0,0,1,0,차대차 - 기타,안전운전불이행,젖음/습기,비,단일로 - 기타,승용,여,40세,상해없음,승용,남,41세,경상
2023081000100141,2023년 8월 10일 10시,목요일,경상남도 거제시 고현동,경상사고,0,0,1,0,차대차 - 측면충돌,교차로운행방법위반,젖음/습기,비,교차로 - 교차로안,승용,여,43세,상해없음,승용,남,45세,경상
2023081000100212,2023년 8월 10일 13시,목요일,경상남도 함안군 군북면,중상사고,0,1,0,0,차대차 - 측면충돌,안전운전불이행,젖음/습기,흐림,교차로 - 교차로안,승용,남,43세,기타불명,화물,남,57세,중상
2023081000100239,2023년 8월 10일 14시,목요일,경상남도 거창군 거창읍,중상사고,0,1,0,0,차대사람 - 기타,안전운전불이행,젖음/습기,비,단일로 - 기타,이륜,남,50세,상해없음,보행자,여,71세,중상
2023081000100262,2023년 8월 10일 15시,목요일,경상남도 사천시 사남면,중상사고,0,1,1,0,차대차 - 측면충돌,신호위반,젖음/습기,비,교차로 - 교차로안,화물,남,62세,경상,승용,남,52세,중상
2023081000100263,2023년 8월 10일 15시,목요일,경상남도 김해시 외동,부상신고사고,0,0,0,1,차대차 - 측면충돌,안전운전불이행,젖음/습기,맑음,교차로 - 교차로부근,승용,남,29세,상해없음,승용,남,66세,부상신고
2023081000100264,2023년 8월 10일 15시,목요일,경상남도 김해시 삼계동,경상사고,0,0,1,0,차대차 - 정면충돌,안전운전불이행,건조,맑음,교차로 - 교차로안,승합,남,62세,상해없음,승용,여,51세,경상
2023081000100328,2023년 8월 10일 17시,목요일,경상남도 함양군 함양읍,경상사고,0,0,1,2,차대차 - 추돌,안전운전불이행,건조,맑음,단일로 - 기타,승용,남,47세,상해없음,승용,여,58세,경상
2023081000100361,2023년 8월 10일 18시,목요일,경상남도 통영시 무전동,경상사고,0,0,1,0,차대차 - 측면충돌,직진우회전진행방해,건조,맑음,교차로 - 교차로안,승용,남,41세,상해없음,이륜,남,81세,경상
2023081000100362,2023년 8월 10일 18시,목요일,경상남도 김해시 내동,부상신고사고,0,0,0,1,차대사람 - 횡단중,안전운전불이행,건조,맑음,단일로 - 기타,승용,남,46세,상해없음,보행자,여,78세,부상신고
2023081000100363,2023년 8월 10일 18시,목요일,경상남도 양산시 주남동,부상신고사고,0,0,0,1,차대차 - 측면충돌,신호위반,건조,맑음,교차로 - 교차로안,이륜,남,16세,부상신고,승용,남,65세,상해없음
2023081000100390,2023년 8월 10일 19시,목요일,경상남도 거제시 장평동,경상사고,0,0,1,0,차대차 - 기타,신호위반,건조,맑음,기타 - 기타,승용,남,71세,상해없음,이륜,남,47세,경상
2023081000100416,2023년 8월 10일 20시,목요일,경상남도 창원시 진해구 용원동,경상사고,0,0,1,0,차대차 - 측면충돌,안전운전불이행,건조,맑음,교차로 - 교차로안,승용,남,32세,상해없음,이륜,남,41세,경상
2023081000100417,2023년 8월 10일 20시,목요일,경상남도 밀양시 내이동,경상사고,0,0,1,0,차대차 - 측면충돌,교차로운행방법위반,건조,맑음,교차로 - 교차로안,승용,남,70세,상해없음,개인형이동수단(PM),남,16세,경상
2023081000100418,2023년 8월 10일 20시,목요일,경상남도 거제시 장평동,경상사고,0,0,1,0,차대사람 - 기타,교차로운행방법위반,건조,맑음,교차로 - 교차로안,승용,여,62세,기타불명,보행자,남,54세,경상
2023081000100478,2023년 8월 10일 23시,목요일,경상남도 진주시 칠암동,경상사고,0,0,1,0,차대사람 - 횡단중,안전운전불이행,건조,맑음,교차로 - 교차로횡단보도내,승용,남,25세,상해없음,보행자,남,33세,경상
2023081100100068,2023년 8월 11일 07시,금요일,경상남도 양산시 평산동,경상사고,0,0,1,0,차대차 - 측면충돌,안전거리미확보,건조,맑음,단일로 - 기타,승합,남,75세,상해없음,승용,남,30세,경상
2023081100100069,2023년 8월 11일 07시,금요일,경상남도 고성군 영오면,중상사고,0,2,0,0,차대차 - 측면충돌,신호위반,건조,맑음,교차로 - 교차로안,승용,여,29세,상해없음,이륜,남,83세,중상
2023081100100103,2023년 8월 11일 08시,금요일,경상남도 밀양시 삼랑진읍,경상사고,0,0,1,0,차대차 - 추돌,중앙선침범,건조,맑음,교차로 - 교차로안,승용,남,27세,상해없음,화물,여,63세,경상
2023081100100104,2023년 8월 11일 08시,금요일,경상남도 함양군 함양읍,경상사고,0,0,1,0,차대차 - 추돌,교차로운행방법위반,건조,맑음,교차로 - 교차로안,승용,남,68세,상해없음,승용,남,50세,경상
2023081100100105,2023년 8월 11일 08시,금요일,경상남도 창원시 의창구 동읍,경상사고,0,0,3,0,차량단독 - 기타,안전운전불이행,건조,맑음,교차로 - 교차로부근,승용,여,61세,상해없음,,,,
2023081100100141,2023년 8월 11일 09시,금요일,경상남도 창원시 마산합포구 신포동1가,경상사고,0,0,1,0,차대차 - 측면충돌,신호위반,건조,맑음,교차로 - 교차로안,승용,남,76세,상해없음,승용,남,54세,경상
2023081100100142,2023년 8월 11일 09시,금요일,경상남도 창원시 마산합포구 진북면,경상사고,0,0,1,0,차대차 - 추돌,안전운전불이행,건조,맑음,교차로 - 교차로부근,승용,여,53세,기타불명,화물,남,25세,경상
2023081100100169,2023년 8월 11일 10시,금요일,경상남도 밀양시 삼문동,중상사고,0,1,0,0,차대사람 - 횡단중,보행자보호의무위반,건조,맑음,교차로 - 교차로횡단보도내,승용,여,33세,상해없음,보행자,남,75세,중상
2023081100100170,2023년 8월 11일 10시,금요일,경상남도 창원시 마산회원구 양덕동,경상사고,0,0,1,0,차대차 - 추돌,신호위반,건조,맑음,교차로 - 교차로안,승용,여,51세,상해없음,자전거,여,67세,경상
2023081100100171,2023년 8월 11일 10시,금요일,경상남도 김해시 율하동,경상사고,0,0,1,0,차대차 - 측면충돌,안전운전불이행,건조,맑음,단일로 - 기타,승용,남,47세,상해없음,승용,여,32세,경상
2023081100100210,2023년 8월 11일 11시,금요일,경상남도 통영시 무전동,중상사고,0,2,0,0,차대차 - 측면충돌,차로위반,건조,맑음,교차로 - 교차로안,승용,여,28세,상해없음,승용,남,40세,중상
2023081100100239,2023년 8월 11일 12시,금요일,경상남도 산청군 신등면,중상사고,0,1,3,0,차대차 - 측면충돌,안전운전불이행,건조,맑음,단일로 - 기타,승용,여,49세,경상,승용,여,66세,중상
2023081100100279,2023년 8월 11일 13시,금요일,경상남도 사천시 송포동,경상사고,0,0,1,0,차대차 - 측면충돌,안전운전불이행,건조,맑음,단일로 - 기타,승용,여,36세,상해없음,이륜,남,79세,경상
2023081100100280,2023년 8월 11일 13시,금요일,경상남도 밀양시 삼문동,경상사고,0,0,1,0,차대차 - 측면충돌,안전운전불이행,건조,맑음,교차로 - 교차로부근,승용,여,32세,상해없음,화물,남,50세,상해없음
2023081100100281,2023년 8월 11일 13시,금요일,경상남도 함양군 지곡면,경상사고,0,0,3,0,차대차 - 정면충돌,중앙선침범,건조,맑음,단일로 - 기타,승용,여,51세,상해없음,승용,여,30세,경상
2023081100100282,2023년 8월 11일 13시,금요일,경상남도 양산시 동면,중상사고,0,2,0,0,차대차 - 측면충돌,교차로운행방법위반,건조,맑음,교차로 - 교차로안,승용,여,50세,상해없음,승용,남,44세,중상
2023081100100314,2023년 8월 11일 14시,금요일,경상남도 합천군 대병면,중상사고,0,1,1,0,차대차 - 측면충돌,직진우회전진행방해,건조,맑음,교차로 - 교차로안,승용,여,63세,경상,화물,남,74세,중상
2023081100100315,2023년 8월 11일 14시,금요일,경상남도 함양군 함양읍,경상사고,0,0,1,1,차대차 - 측면충돌,중앙선침범,건조,맑음,단일로 - 기타,승합,남,65세,부상신고,승용,남,63세,경상
2023081100100316,2023년 8월 11일 14시,금요일,경상남도 창원시 마산회원구 석전동,경상사고,0,0,3,0,차대차 - 측면충돌,안전운전불이행,건조,맑음,단일로 - 기타,승용,여,43세,상해없음,승합,남,52세,상해없음
2023081100100317,2023년 8월 11일 14시,금요일,경상남도 창원시 의창구 북면,중상사고,0,1,0,0,차량단독 - 기타,안전운전불이행,건조,맑음,교차로 - 교차로부근,승합,남,56세,상해없음,,,,
2023081100100356,2023년 8월 11일 15시,금요일,경상남도 창원시 마산합포구 대창동,경상사고,0,0,1,0,차대차 - 측면충돌,안전운전불이행,건조,맑음,교차로 - 교차로안,승용,남,61세,상해없음,화물,남,62세,경상
2023081100100357,2023년 8월 11일 15시,금요일,경상남도 통영시 정량동,중상사고,0,1,0,0,차대차 - 측면충돌,직진우회전진행방해,건조,맑음,교차로 - 교차로안,화물,남,67세,상해없음,화물,남,66세,상해없음
2023081100100358,2023년 8월 11일 15시,금요일,경상남도 김해시 구산동,경상사고,0,0,3,0,차대차 - 추돌,안전거리미확보,건조,맑음,단일로 - 기타,승용,여,32세,상해없음,승용,남,45세,경상
2023081100100359,2023년 8월 11일 15시,금요일,경상남도 창원시 성산구 가음동,중상사고,0,1,0,0,차대사람 - 횡단중,보행자보호의무위반,건조,맑음,교차로 - 교차로안,승용,남,66세,기타불명,보행자,여,12세,중상
2023081100100360,2023년 8월 11일 15시,금요일,경상남도 창원시 마산회원구 내서읍,중상사고,0,1,0,0,차대차 - 기타,안전운전불이행,건조,맑음,단일로 - 지하차도(도로)내,자전거,여,58세,중상,승용,남,30세,상해없음
2023081100100361,2023년 8월 11일 15시,금요일,경상남도 김해시 주촌면,경상사고,0,0,1,0,차대사람 - 횡단중,보행자보호의무위반,건조,맑음,교차로 - 교차로부근,승용,여,60세,상해없음,보행자,남,7세,경상
2023081100100378,2023년 8월 11일 16시,금요일,경상남도 김해시 대동면,경상사고,0,0,1,0,차대차 - 기타,신호위반,건조,맑음,단일로 - 기타,승용,여,57세,상해없음,승용,남,32세,경상
2023081100100396,2023년 8월 11일 16시,금요일,경상남도 사천시 동동,중상사고,0,1,0,0,차대차 - 측면충돌,직진우회전진행방해,건조,맑음,교차로 - 교차로안,화물,남,81세,상해없음,이륜,남,49세,중상
2023081100100397,2023년 8월 11일 16시,금요일,경상남도 양산시 하북면,부상신고사고,0,0,0,1,차량단독 - 기타,안전운전불이행,건조,맑음,단일로 - 기타,원동기,남,73세,부상신고,,,,
2023081100100398,2023년 8월 11일 16시,금요일,경상남도 김해시 주촌면,경상사고,0,0,1,0,차대차 - 측면충돌,신호위반,건조,맑음,교차로 - 교차로부근,승용,여,50세,상해없음,화물,남,28세,경상
2023081100100399,2023년 8월 11일 16시,금요일,경상남도 함안군 칠원읍,경상사고,0,0,3,0,차대차 - 추돌,안전거리미확보,건조,맑음,단일로 - 기타,승용,남,51세,상해없음,화물,남,50세,상해없음
2023081100100441,2023년 8월 11일 17시,금요일,경상남도 고성군 동해면,경상사고,0,0,2,0,차대차 - 정면충돌,중앙선침범,젖음/습기,맑음,단일로 - 기타,승용,남,50세,상해없음,승용,남,57세,경상
2023081100100486,2023년 8월 11일 18시,금요일,경상남도 통영시 태평동,경상사고,0,0,1,1,차대차 - 기타,안전운전불이행,건조,맑음,기타 - 기타,승용,남,58세,상해없음,승용,여,52세,경상
2023081100100488,2023년 8월 11일 18시,금요일,경상남도 김해시 진영읍,중상사고,0,1,0,0,차대사람 - 횡단중,안전운전불이행,건조,맑음,단일로 - 기타,승용,여,28세,상해없음,보행자,남,78세,중상
2023081100100531,2023년 8월 11일 19시,금요일,경상남도 양산시 동면,경상사고,0,0,1,0,차대차 - 후진중충돌,안전운전불이행,건조,맑음,단일로 - 기타,승용,남,37세,상해없음,이륜,남,32세,경상
2023081100100532,2023년 8월 11일 19시,금요일,경상남도 양산시 북정동,중상사고,0,1,0,0,차대차 - 측면충돌,교차로운행방법위반,건조,맑음,교차로 - 교차로안,승용,여,29세,상해없음,원동기,남,55세,중상
2023081100100576,2023년 8월 11일 20시,금요일,경상남도 거창군 거창읍,중상사고,0,1,0,0,차대사람 - 차도통행중,안전운전불이행,건조,흐림,단일로 - 기타,승용,남,74세,상해없음,보행자,여,52세,중상
2023081100100577,2023년 8월 11일 20시,금요일,경상남도 창원시 의창구 도계동,경상사고,0,0,1,0,차대차 - 측면충돌,신호위반,건조,맑음,단일로 - 기타,승용,여,51세,상해없음,개인형이동수단(PM),남,17세,경상
2023081100100578,2023년 8월 11일 20시,금요일,경상남도 창원시 의창구 팔용동,경상사고,0,0,1,0,차대차 - 정면충돌,중앙선침범,건조,맑음,교차로 - 교차로안,승용,여,66세,상해없음,승용,남,25세,경상
2023081100100662,2023년 8월 11일 23시,금요일,경상남도 김해시 대청동,중상사고,0,1,3,0,차대차 - 정면충돌,안전운전불이행,건조,맑음,교차로 - 교차로부근,승용,남,22세,상해없음,승합,남,57세,경상
2023081200100038,2023년 8월 12일 03시,토요일,경상남도 창원시 마산합포구 진동면,경상사고,0,0,1,0,차대차 - 추돌,안전운전불이행,건조,맑음,단일로 - 기타,승용,남,27세,상해없음,화물,남,49세,경상
2023081200100067,2023년 8월 12일 07시,토요일,경상남도 김해시 상동면,경상사고,0,0,1,0,차대차 - 측면충돌,안전운전불이행,건조,맑음,교차로 - 교차로안,승용,여,58세,상해없음,자전거,남,36세,경상
2023081200100068,2023년 8월 12일 07시,토요일,경상남도 양산시 물금읍,중상사고,0,1,0,0,차량단독 - 공작물충돌,안전운전불이행,건조,맑음,단일로 - 기타,승용,남,66세,상해없음,,,,
2023081200100081,2023년 8월 12일 08시,토요일,경상남도 사천시 서포면,중상사고,0,1,0,0,차대차 - 기타,중앙선침범,건조,맑음,단일로 - 기타,화물,남,77세,상해없음,화물,남,59세,중상
2023081200100082,2023년 8월 12일 08시,토요일,경상남도 밀양시 삼문동,경상사고,0,0,1,0,차대차 - 기타,안전운전불이행,건조,맑음,단일로 - 기타,승용,남,54세,상해없음,이륜,남,72세,경상
2023081200100106,2023년 8월 12일 09시,토요일,경상남도 진주시 주약동,중상사고,0,1,0,0,차대사람 - 횡단중,보행자보호의무위반,건조,맑음,교차로 - 교차로횡단보도내,승용,여,62세,상해없음,보행자,여,74세,중상
2023081200100107,2023년 8월 12일 09시,토요일,경상남도 창원시 진해구 안골동,중상사고,0,1,0,0,차대사람 - 기타,안전운전불이행,건조,맑음,단일로 - 기타,승용,남,50세,상해없음,보행자,여,42세,중상
2023081200100108,2023년 8월 12일 09시,토요일,경상남도 사천시 사천읍,중상사고,0,1,0,0,차대차 - 기타,안전운전불이행,건조,맑음,단일로 - 기타,승용,남,51세,상해없음,자전거,남,60세,중상
2023081200100109,2023년 8월 12일 09시,토요일,경상남도 거창군 북상면,경상사고,0,0,1,0,차량단독 - 도로외이탈 - 추락,안전운전불이행,젖음/습기,맑음,단일로 - 교량,화물,남,75세,경상,,,,
2023081200100110,2023년 8월 12일 09시,토요일,경상남도 양산시 덕계동,부상신고사고,0,0,0,2,차대차 - 측면충돌,안전운전불이행,건조,맑음,교차로 - 교차로부근,승용,여,54세,상해없음,승용,남,30세,부상신고
2023081200100111,2023년 8월 12일 09시,토요일,경상남도 창원시 성산구 대원동,경상사고,0,0,1,0,차대차 - 기타,안전운전불이행,건조,맑음,기타 - 기타,건설기계,남,35세,상해없음,승용,남,31세,경상
2023081200100165,2023년 8월 12일 11시,토요일,경상남도 통영시 산양읍,경상사고,0,0,1,0,차대사람 - 기타,안전운전불이행,건조,맑음,단일로 - 기타,화물,남,51세,상해없음,보행자,여,66세,경상
2023081200100166,2023년 8월 12일 11시,토요일,경상남도 밀양시 삼랑진읍,중상사고,0,1,0,0,차대차 - 측면충돌,안전운전불이행,건조,맑음,단일로 - 기타,승용,남,62세,상해없음,이륜,남,73세,중상
2023081200100167,2023년 8월 12일 11시,토요일,경상남도 창원시 성산구 신촌동,경상사고,0,0,1,0,차대차 - 기타,안전운전불이행,건조,맑음,기타 - 기타,화물,남,65세,상해없음,승용,남,28세,경상
2023081200100168,2023년 8월 12일 11시,토요일,경상남도 김해시 신문동,경상사고,0,0,2,1,차대차 - 추돌,안전거리미확보,건조,맑음,교차로 - 교차로부근,화물,남,54세,부상신고,승용,여,33세,경상
2023081200100186,2023년 8월 12일 12시,토요일,경상남도 김해시 대동면,경상사고,0,0,2,0,차대차 - 추돌,안전거리미확보,건조,맑음,단일로 - 기타,화물,남,56세,상해없음,화물,남,36세,경상
2023081200100209,2023년 8월 12일 12시,토요일,경상남도 통영시 광도면,중상사고,0,1,0,0,차대차 - 측면충돌,교차로운행방법위반,건조,맑음,단일로 - 기타,화물,남,49세,상해없음,이륜,남,27세,중상
2023081200100210,2023년 8월 12일 12시,토요일,경상남도 밀양시 삼문동,중상사고,0,1,0,0,차대차 - 측면충돌,교차로운행방법위반,건조,맑음,교차로 - 교차로안,이륜,여,62세,중상,승합,남,51세,상해없음
2023081200100211,2023년 8월 12일 12시,토요일,경상남도 밀양시 삼문동,경상사고,0,0,1,0,차대차 - 측면충돌,안전운전불이행,건조,맑음,교차로 - 교차로안,승용,여,33세,상해없음,자전거,여,67세,경상
2023081200100248,2023년 8월 12일 13시,토요일,경상남도 진주시 일반성면,경상사고,0,0,1,0,차대차 - 정면충돌,안전운전불이행,건조,맑음,단일로 - 기타,이륜,남,66세,경상,승용,여,51세,상해없음
2023081200100249,2023년 8월 12일 13시,토요일,경상남도 양산시 중부동,경상사고,0,0,2,0,차대차 - 추돌,안전거리미확보,건조,맑음,단일로 - 기타,승용,여,34세,상해없음,승용,남,41세,경상
2023081200100250,2023년 8월 12일 13시,토요일,경상남도 산청군 단성면,경상사고,0,0,2,0,차대차 - 측면충돌,중앙선침범,건조,맑음,단일로 - 기타,승용,여,48세,상해없음,승용,여,41세,경상
2023081200100251,2023년 8월 12일 13시,토요일,경상남도 김해시 진영읍,중상사고,0,1,0,0,차량단독 - 공작물충돌,안전운전불이행,건조,맑음,단일로 - 기타,화물,남,46세,중상,,,,
2023081200100275,2023년 8월 12일 14시,토요일,경상남도 창원시 진해구 남문동,경상사고,0,0,1,0,차대사람 - 횡단중,신호위반,건조,맑음,교차로 - 교차로부근,승용,남,57세,상해없음,보행자,여,15세,경상
2023081200100309,2023년 8월 12일 15시,토요일,경상남도 창녕군 부곡면,중상사고,0,3,0,0,차대차 - 측면충돌,불법유턴,건조,맑음,교차로 - 교차로안,승용,남,67세,상해없음,화물,남,59세,중상
2023081200100310,2023년 8월 12일 15시,토요일,경상남도 함양군 서하면,부상신고사고,0,0,0,1,차대차 - 기타,중앙선침범,건조,맑음,단일로 - 기타,승용,여,60세,부상신고,승용,남,39세,상해없음
2023081200100311,2023년 8월 12일 15시,토요일,경상남도 창원시 성산구 귀산동,경상사고,0,0,2,0,차대차 - 추돌,안전운전불이행,건조,맑음,기타 - 기타,승용,남,53세,기타불명,승용,여,35세,경상
2023081200100340,2023년 8월 12일 16시,토요일,경상남도 창원시 진해구 남문동,경상사고,0,0,1,0,차대차 - 추돌,안전운전불이행,건조,맑음,단일로 - 기타,승용,남,32세,상해없음,승용,남,36세,경상
2023081200100341,2023년 8월 12일 16시,토요일,경상남도 밀양시 상남면,중상사고,0,1,0,0,차대차 - 측면충돌,신호위반,건조,맑음,교차로 - 교차로안,화물,남,62세,상해없음,승용,남,56세,중상
2023081200100342,2023년 8월 12일 16시,토요일,경상남도 남해군 이동면,경상사고,0,0,2,0,차대차 - 기타,중앙선침범,건조,맑음,단일로 - 기타,승용,남,59세,상해없음,승용,남,36세,경상
2023081200100343,2023년 8월 12일 16시,토요일,경상남도 창원시 성산구 성산동,경상사고,0,0,1,0,차대차 - 추돌,안전운전불이행,건조,맑음,교차로 - 교차로부근,승용,남,67세,상해없음,승용,여,44세,경상
2023081200100384,2023년 8월 12일 17시,토요일,경상남도 통영시 무전동,경상사고,0,0,3,0,차대차 - 측면충돌,직진우회전진행방해,건조,맑음,교차로 - 교차로안,승합,남,66세,상해없음,승용,남,55세,경상
2023081200100385,2023년 8월 12일 17시,토요일,경상남도 통영시 무전동,경상사고,0,0,2,0,차대차 - 추돌,안전거리미확보,건조,맑음,단일로 - 기타,승용,여,71세,상해없음,승용,남,44세,경상
2023081200100386,2023년 8월 12일 17시,토요일,경상남도 창원시 의창구 명서동,경상사고,0,0,4,0,차대차 - 추돌,안전거리미확보,건조,맑음,교차로 - 교차로부근,승합,남,70세,상해없음,승합,남,38세,경상
2023081200100420,2023년 8월 12일 18시,토요일,경상남도 김해시 진영읍,중상사고,0,1,0,0,차대차 - 측면충돌,교차로운행방법위반,건조,맑음,교차로 - 교차로안,승용,남,39세,상해없음,이륜,남,41세,중상
2023081200100439,2023년 8월 12일 19시,토요일,경상남도 창원시 성산구 반림동,경상사고,0,0,1,0,차대차 - 후진중충돌,안전운전불이행,건조,맑음,기타 - 기타,승용,남,60세,상해없음,이륜,남,23세,경상
2023081200100458,2023년 8월 12일 20시,토요일,경상남도 양산시 북정동,경상사고,0,0,2,0,차대차 - 정면충돌,안전운전불이행,건조,맑음,교차로 - 교차로안,화물,남,61세,상해없음,승용,남,43세,경상
2023081200100499,2023년 8월 12일 22시,토요일,경상남도 창원시 성산구 상남동,경상사고,0,0,2,0,차대차 - 추돌,안전운전불이행,건조,맑음,단일로 - 기타,승용,남,38세,상해없음,승용,남,60세,경상
2023081200100522,2023년 8월 12일 23시,토요일,경상남도 창원시 마산회원구 내서읍,경상사고,0,0,1,0,차대차 - 추돌,안전운전불이행,기타,기타,단일로 - 기타,승용,여,64세,상해없음,승합,남,67세,경상
2023081300100026,2023년 8월 13일 02시,일요일,경상남도 김해시 불암동,사망사고,1,0,0,0,차량단독 - 도로외이탈 - 추락,안전운전불이행,건조,맑음,단일로 - 기타,자전거,남,55세,사망,,,,
2023081300100060,2023년 8월 13일 07시,일요일,경상남도 통영시 무전동,중상사고,0,1,0,0,차대차 - 측면충돌,안전운전불이행,건조,맑음,교차로 - 교차로부근,승합,남,53세,상해없음,승용,여,61세,중상
2023081300100061,2023년 8월 13일 07시,일요일,경상남도 산청군 신안면,경상사고,0,0,2,0,차대차 - 측면충돌,안전거리미확보,건조,맑음,단일로 - 기타,승용,여,76세,상해없음,화물,남,27세,경상
2023081300100088,2023년 8월 13일 09시,일요일,경상남도 창원시 마산합포구 월남동2가,경상사고,0,0,2,0,차대차 - 측면충돌,직진우회전진행방해,건조,맑음,교차로 - 교차로안,승용,남,60세,상해없음,승용,남,65세,경상
2023081300100089,2023년 8월 13일 09시,일요일,경상남도 의령군 가례면,중상사고,0,1,0,0,차량단독 - 공작물충돌,안전운전불이행,건조,맑음,단일로 - 기타,승용,여,57세,상해없음,,,,
2023081300100112,2023년 8월 13일 10시,일요일,경상남도 산청군 신안면,경상사고,0,0,3,0,차대차 - 정면충돌,신호위반,건조,맑음,교차로 - 교차로안,승용,남,66세,경상,승용,남,60세,경상
2023081300100127,2023년 8월 13일 11시,일요일,경상남도 통영시 중앙동,중상사고,0,1,4,0,차대차 - 기타,중앙선침범,건조,맑음,단일로 - 기타,승용,남,53세,기타불명,승용,여,37세,중상
2023081300100128,2023년 8월 13일 11시,일요일,경상남도 거창군 거창읍,중상사고,0,1,1,0,차대차 - 측면충돌,안전거리미확보,건조,맑음,교차로 - 교차로안,승용,여,58세,상해없음,승용,남,32세,경상
2023081300100129,2023년 8월 13일 11시,일요일,경상남도 양산시 하북면,중상사고,0,2,2,0,차대차 - 후진중충돌,안전운전불이행,건조,맑음,단일로 - 기타,승용,남,68세,기타불명,승용,남,39세,중상
2023081300100148,2023년 8월 13일 12시,일요일,경상남도 양산시 동면,경상사고,0,0,1,0,차대차 - 측면충돌,안전운전불이행,건조,맑음,교차로 - 교차로부근,승용,여,50세,상해없음,이륜,남,37세,경상
2023081300100149,2023년 8월 13일 12시,일요일,경상남도 산청군 시천면,경상사고,0,0,1,0,차대차 - 측면충돌,안전운전불이행,건조,맑음,기타 - 기타,승용,남,30세,상해없음,이륜,남,37세,경상
2023081300100173,2023년 8월 13일 13시,일요일,경상남도 양산시 남부동,중상사고,0,1,2,0,차대차 - 추돌,안전운전불이행,건조,맑음,교차로 - 교차로부근,승용,여,61세,상해없음,승용,남,81세,경상
2023081300100174,2023년 8월 13일 13시,일요일,경상남도 양산시 북부동,중상사고,0,1,1,0,차대차 - 측면충돌,직진우회전진행방해,건조,맑음,교차로 - 교차로안,승용,남,70세,상해없음,승용,여,58세,중상
2023081300100202,2023년 8월 13일 14시,일요일,경상남도 양산시 동면,중상사고,0,3,2,0,차대차 - 측면충돌,신호위반,건조,맑음,교차로 - 교차로안,승용,여,55세,상해없음,이륜,남,41세,중상