사고번호,사고일시,요일,시군구,사고내용,사망자수,중상자수,경상자수,부상신고자수,사고유형,법규위반,노면상태,기상상태,도로형태,가해운전자 차종,가해운전자 성별,가해운전자 연령,가해운전자 상해정도,피해운전자 차종,피해운전자 성별,피해운전자 연령,피해운전자 상해정도
2023081300100203,2023년 8월 13일 14시,일요일,경상남도 창녕군 계성면,경상사고,0,0,1,0,차대차 - 기타,안전운전불이행,건조,맑음,단일로 - 기타,승용,여,42세,상해없음,승용,남,58세,경상
2023081300100230,2023년 8월 13일 15시,일요일,경상남도 통영시 정량동,경상사고,0,0,1,0,차대차 - 정면충돌,직진우회전진행방해,건조,맑음,교차로 - 교차로안,승용,여,42세,상해없음,이륜,남,48세,경상
2023081300100256,2023년 8월 13일 16시,일요일,경상남도 하동군 금남면,경상사고,0,0,1,0,차대차 - 측면충돌,안전운전불이행,건조,맑음,단일로 - 기타,화물,남,73세,상해없음,승용,여,42세,경상
2023081300100280,2023년 8월 13일 17시,일요일,경상남도 창원시 진해구 용원동,중상사고,0,1,0,0,차량단독 - 기타,안전운전불이행,건조,맑음,교차로 - 교차로안,이륜,여,16세,중상,,,,
2023081300100281,2023년 8월 13일 17시,일요일,경상남도 거창군 거창읍,경상사고,0,0,1,0,차대차 - 측면충돌,안전운전불이행,건조,맑음,교차로 - 교차로부근,화물,남,75세,상해없음,이륜,여,58세,경상
2023081300100314,2023년 8월 13일 19시,일요일,경상남도 통영시 도남동,부상신고사고,0,0,0,1,차대사람 - 횡단중,안전운전불이행,건조,맑음,단일로 - 기타,승용,남,57세,상해없음,보행자,남,76세,부상신고
2023081300100337,2023년 8월 13일 20시,일요일,경상남도 진주시 상평동,중상사고,0,1,0,0,차대차 - 추돌,안전운전불이행,건조,맑음,단일로 - 기타,승용,남,56세,상해없음,승용,여,50세,중상
2023081300100338,2023년 8월 13일 20시,일요일,경상남도 창원시 성산구 중앙동,경상사고,0,0,1,0,차대차 - 측면충돌,안전운전불이행,건조,맑음,단일로 - 기타,승용,남,31세,상해없음,승용,남,63세,경상
2023081300100362,2023년 8월 13일 22시,일요일,경상남도 통영시 정량동,경상사고,0,0,1,0,차대차 - 추돌,안전거리미확보,건조,맑음,교차로 - 교차로부근,승용,남,36세,기타불명,승용,여,54세,경상
2023081400100041,2023년 8월 14일 06시,월요일,경상남도 진주시 지수면,중상사고,0,1,0,0,차량단독 - 기타,안전운전불이행,건조,맑음,단일로 - 기타,자전거,남,71세,중상,,,,
2023081400100042,2023년 8월 14일 06시,월요일,경상남도 창원시 마산회원구 석전동,사망사고,1,0,0,0,차량단독 - 공작물충돌,안전운전불이행,건조,맑음,단일로 - 지하차도(도로)내,이륜,남,58세,사망,,,,
2023081400100057,2023년 8월 14일 07시,월요일,경상남도 진주시 대곡면,부상신고사고,0,0,0,1,차대사람 - 차도통행중,안전운전불이행,건조,맑음,단일로 - 기타,승용,여,59세,상해없음,보행자,남,61세,부상신고
2023081400100085,2023년 8월 14일 08시,월요일,경상남도 진주시 금산면,경상사고,0,0,1,0,차대차 - 측면충돌,안전운전불이행,건조,맑음,단일로 - 기타,승합,여,55세,상해없음,승용,여,60세,경상
2023081400100118,2023년 8월 14일 09시,월요일,경상남도 산청군 신안면,경상사고,0,0,1,0,차대차 - 측면충돌,불법유턴,건조,맑음,교차로 - 교차로안,승용,남,63세,상해없음,화물,남,53세,경상
2023081400100119,2023년 8월 14일 09시,월요일,경상남도 창원시 마산합포구 산호동,중상사고,0,1,0,0,차량단독 - 기타,안전운전불이행,건조,맑음,단일로 - 기타,승합,남,41세,상해없음,,,,
2023081400100162,2023년 8월 14일 10시,월요일,경상남도 통영시 무전동,중상사고,0,1,0,0,차대차 - 측면충돌,교차로운행방법위반,건조,맑음,교차로 - 교차로안,승용,남,67세,상해없음,이륜,남,70세,중상
2023081400100163,2023년 8월 14일 10시,월요일,경상남도 통영시 당동,경상사고,0,0,1,0,차대사람 - 기타,안전운전불이행,건조,맑음,단일로 - 기타,승용,여,29세,상해없음,보행자,남,44세,경상
2023081400100205,2023년 8월 14일 11시,월요일,경상남도 창원시 성산구 중앙동,중상사고,0,1,0,0,차대사람 - 횡단중,안전운전불이행,건조,맑음,교차로 - 교차로횡단보도내,승용,남,25세,상해없음,보행자,여,45세,중상
2023081400100223,2023년 8월 14일 12시,월요일,경상남도 밀양시 산외면,경상사고,0,0,1,0,차대차 - 추돌,안전거리미확보,건조,맑음,단일로 - 터널,승용,남,22세,상해없음,승용,남,26세,경상
2023081400100240,2023년 8월 14일 12시,월요일,경상남도 창원시 의창구 명서동,부상신고사고,0,0,0,1,차대차 - 측면충돌,교차로운행방법위반,건조,맑음,교차로 - 교차로안,승용,남,54세,상해없음,원동기,남,54세,부상신고
2023081400100274,2023년 8월 14일 13시,월요일,경상남도 창원시 진해구 풍호동,경상사고,0,0,1,0,차대차 - 기타,중앙선침범,건조,맑음,단일로 - 기타,승용,남,49세,상해없음,승용,여,58세,경상
2023081400100275,2023년 8월 14일 13시,월요일,경상남도 창원시 진해구 경화동,경상사고,0,0,2,0,차대차 - 측면충돌,안전운전불이행,건조,맑음,교차로 - 교차로안,승용,여,48세,경상,승용,여,55세,경상
2023081400100276,2023년 8월 14일 13시,월요일,경상남도 김해시 구산동,경상사고,0,0,1,0,차대차 - 기타,안전운전불이행,건조,맑음,단일로 - 기타,승용,여,61세,상해없음,승용,여,61세,경상
2023081400100277,2023년 8월 14일 13시,월요일,경상남도 양산시 동면,경상사고,0,0,1,0,차대차 - 후진중충돌,안전운전불이행,건조,흐림,단일로 - 기타,승용,남,69세,상해없음,승용,여,42세,경상
2023081400100278,2023년 8월 14일 13시,월요일,경상남도 거제시 일운면,경상사고,0,0,1,0,차대사람 - 차도통행중,안전운전불이행,건조,맑음,주차장 - 주차장,승용,남,54세,상해없음,보행자,여,49세,경상
2023081400100319,2023년 8월 14일 14시,월요일,경상남도 함양군 마천면,경상사고,0,0,1,1,차량단독 - 도로외이탈 - 추락,안전운전불이행,건조,맑음,단일로 - 기타,승용,남,80세,부상신고,,,,
2023081400100320,2023년 8월 14일 14시,월요일,경상남도 양산시 유산동,경상사고,0,0,1,0,차대차 - 측면충돌,안전운전불이행,건조,흐림,기타 - 기타,특수,남,42세,상해없음,승용,남,41세,경상
2023081400100321,2023년 8월 14일 14시,월요일,경상남도 함안군 가야읍,경상사고,0,0,1,0,차량단독 - 공작물충돌,안전운전불이행,건조,맑음,교차로 - 교차로부근,이륜,남,31세,경상,,,,
2023081400100364,2023년 8월 14일 15시,월요일,경상남도 창원시 진해구 명동,중상사고,0,1,0,0,차대차 - 측면충돌,중앙선침범,건조,맑음,단일로 - 기타,이륜,남,61세,중상,승용,남,60세,상해없음
2023081400100365,2023년 8월 14일 15시,월요일,경상남도 양산시 물금읍,경상사고,0,0,1,0,차대차 - 기타,안전운전불이행,건조,맑음,단일로 - 기타,승용,여,60세,상해없음,자전거,남,10세,경상
2023081400100456,2023년 8월 14일 17시,월요일,경상남도 진주시 내동면,중상사고,0,1,0,0,차대차 - 기타,중앙선침범,건조,맑음,단일로 - 기타,승용,남,48세,상해없음,이륜,남,26세,중상
2023081400100457,2023년 8월 14일 17시,월요일,경상남도 양산시 삼호동,경상사고,0,0,1,0,차대차 - 측면충돌,안전거리미확보,건조,맑음,단일로 - 기타,화물,남,39세,상해없음,승용,여,29세,경상
2023081400100517,2023년 8월 14일 19시,월요일,경상남도 통영시 당동,경상사고,0,0,4,0,차대차 - 측면충돌,중앙선침범,건조,맑음,단일로 - 기타,승용,남,21세,상해없음,승합,남,39세,경상
2023081400100518,2023년 8월 14일 19시,월요일,경상남도 사천시 벌리동,중상사고,0,1,0,0,차대차 - 측면충돌,직진우회전진행방해,건조,맑음,교차로 - 교차로안,승용,여,44세,상해없음,자전거,남,70세,중상
2023081400100519,2023년 8월 14일 19시,월요일,경상남도 고성군 고성읍,중상사고,0,1,0,0,차대사람 - 횡단중,보행자보호의무위반,건조,맑음,교차로 - 교차로횡단보도내,화물,남,64세,상해없음,보행자,여,48세,중상
2023081400100537,2023년 8월 14일 20시,월요일,경상남도 창원시 마산합포구 월남동4가,경상사고,0,0,1,0,차량단독 - 기타,안전운전불이행,건조,기타,단일로 - 기타,승합,남,59세,상해없음,,,,
2023081500100011,2023년 8월 15일 00시,화요일,경상남도 창원시 성산구 귀산동,중상사고,0,1,2,0,차대차 - 측면충돌,기타,건조,맑음,단일로 - 기타,승용,남,42세,상해없음,승용,남,61세,경상
2023081500100060,2023년 8월 15일 05시,화요일,경상남도 고성군 고성읍,중상사고,0,1,0,0,차량단독 - 기타,안전운전불이행,건조,맑음,교차로 - 교차로부근,승용,남,20세,상해없음,,,,
2023081500100079,2023년 8월 15일 07시,화요일,경상남도 거창군 고제면,중상사고,0,1,0,0,차량단독 - 전도전복 - 전도,안전운전불이행,건조,맑음,단일로 - 기타,화물,남,79세,중상,,,,
2023081500100080,2023년 8월 15일 07시,화요일,경상남도 김해시 진영읍,경상사고,0,0,1,0,차대차 - 측면충돌,안전운전불이행,건조,맑음,교차로 - 교차로안,승용,남,50세,상해없음,승용,여,46세,경상
2023081500100109,2023년 8월 15일 09시,화요일,경상남도 진주시 상대동,중상사고,0,1,0,0,차대차 - 기타,안전운전불이행,건조,맑음,단일로 - 기타,승용,여,53세,상해없음,이륜,남,58세,중상
2023081500100136,2023년 8월 15일 10시,화요일,경상남도 창원시 진해구 석동,경상사고,0,0,3,0,차대차 - 추돌,안전운전불이행,건조,맑음,단일로 - 기타,승용,남,44세,상해없음,승용,남,48세,경상
2023081500100166,2023년 8월 15일 11시,화요일,경상남도 양산시 하북면,경상사고,0,0,4,0,차대차 - 측면충돌,안전운전불이행,건조,맑음,교차로 - 교차로안,승용,남,70세,경상,승용,남,75세,상해없음
2023081500100200,2023년 8월 15일 12시,화요일,경상남도 사천시 사남면,경상사고,0,0,3,0,차대차 - 측면충돌,신호위반,건조,맑음,교차로 - 교차로안,화물,남,65세,경상,승용,남,53세,경상
2023081500100201,2023년 8월 15일 12시,화요일,경상남도 사천시 사천읍,경상사고,0,0,2,0,차대차 - 추돌,안전운전불이행,건조,맑음,단일로 - 기타,승용,여,21세,상해없음,승용,여,37세,경상
2023081500100202,2023년 8월 15일 12시,화요일,경상남도 거제시 고현동,경상사고,0,0,1,0,차대차 - 정면충돌,안전운전불이행,건조,맑음,교차로 - 교차로안,이륜,남,61세,경상,승용,여,36세,상해없음
2023081500100228,2023년 8월 15일 13시,화요일,경상남도 창원시 마산합포구 완월동,경상사고,0,0,7,1,차대차 - 추돌,안전운전불이행,건조,맑음,단일로 - 기타,승용,여,42세,경상,승용,남,59세,부상신고
2023081500100229,2023년 8월 15일 13시,화요일,경상남도 거제시 고현동,부상신고사고,0,0,0,1,차대사람 - 기타,안전운전불이행,건조,맑음,단일로 - 기타,승용,여,49세,상해없음,보행자,여,38세,부상신고
2023081500100231,2023년 8월 15일 13시,화요일,경상남도 김해시 진례면,중상사고,0,1,5,0,차대차 - 측면충돌,안전거리미확보,건조,맑음,교차로 - 교차로부근,화물,남,62세,상해없음,승용,남,21세,경상
2023081500100255,2023년 8월 15일 14시,화요일,경상남도 양산시 물금읍,경상사고,0,0,1,0,차대사람 - 보도통행중,안전운전불이행,건조,맑음,단일로 - 기타,승용,남,81세,상해없음,보행자,남,84세,경상
2023081500100256,2023년 8월 15일 14시,화요일,경상남도 산청군 시천면,경상사고,0,0,4,0,차대차 - 측면충돌,안전운전불이행,건조,맑음,교차로 - 교차로부근,화물,남,43세,상해없음,승용,남,49세,경상
2023081500100290,2023년 8월 15일 15시,화요일,경상남도 통영시 용남면,경상사고,0,0,1,0,차대차 - 측면충돌,기타,건조,맑음,교차로 - 교차로안,승용,남,58세,상해없음,승용,남,37세,상해없음
2023081500100312,2023년 8월 15일 16시,화요일,경상남도 사천시 사천읍,경상사고,0,0,1,0,차대차 - 후진중충돌,안전운전불이행,건조,맑음,교차로 - 교차로안,승용,남,72세,상해없음,승용,남,31세,경상
2023081500100353,2023년 8월 15일 17시,화요일,경상남도 고성군 마암면,중상사고,0,2,0,0,차대차 - 측면충돌,안전운전불이행,건조,맑음,단일로 - 기타,승용,여,61세,상해없음,승용,남,70세,상해없음
2023081500100354,2023년 8월 15일 17시,화요일,경상남도 거제시 고현동,경상사고,0,0,1,0,차대차 - 기타,중앙선침범,건조,맑음,단일로 - 기타,승용,남,52세,상해없음,이륜,남,54세,경상
2023081500100355,2023년 8월 15일 17시,화요일,경상남도 김해시 대청동,경상사고,0,0,1,0,차대차 - 측면충돌,안전거리미확보,건조,맑음,교차로 - 교차로부근,승용,남,50세,상해없음,이륜,남,30세,경상
2023081500100427,2023년 8월 15일 20시,화요일,경상남도 양산시 평산동,경상사고,0,0,1,0,차대차 - 추돌,안전운전불이행,건조,맑음,교차로 - 교차로부근,승용,여,61세,상해없음,승용,남,50세,경상
2023081500100457,2023년 8월 15일 22시,화요일,경상남도 창원시 마산합포구 우산동,중상사고,0,1,0,0,차대차 - 정면충돌,신호위반,건조,맑음,교차로 - 교차로안,승용,남,48세,상해없음,승용,여,53세,중상
2023081500100458,2023년 8월 15일 22시,화요일,경상남도 창원시 마산회원구 양덕동,경상사고,0,0,1,0,차대사람 - 횡단중,보행자보호의무위반,건조,맑음,교차로 - 교차로횡단보도내,승용,남,67세,상해없음,보행자,남,72세,경상
2023081500100473,2023년 8월 15일 23시,화요일,경상남도 거제시 장평동,중상사고,0,1,0,0,차량단독 - 공작물충돌,안전운전불이행,건조,맑음,기타 - 기타,이륜,남,21세,상해없음,,,,
2023081600100015,2023년 8월 16일 02시,수요일,경상남도 통영시 항남동,부상신고사고,0,0,0,1,차량단독 - 공작물충돌,안전운전불이행,건조,맑음,단일로 - 기타,원동기,남,18세,부상신고,,,,
2023081600100016,2023년 8월 16일 02시,수요일,경상남도 양산시 중부동,경상사고,0,0,2,0,차대차 - 측면충돌,안전운전불이행,건조,맑음,교차로 - 교차로안,승용,여,56세,기타불명,승용,여,58세,경상
2023081600100040,2023년 8월 16일 06시,수요일,경상남도 김해시 내동,경상사고,0,0,2,0,차대차 - 측면충돌,안전거리미확보,건조,맑음,교차로 - 교차로부근,승용,여,57세,경상,승용,여,57세,경상
2023081600100047,2023년 8월 16일 07시,수요일,경상남도 김해시 흥동,중상사고,0,1,2,0,차대차 - 측면충돌,안전거리미확보,건조,맑음,단일로 - 기타,승용,남,26세,상해없음,승용,여,43세,경상
2023081600100054,2023년 8월 16일 07시,수요일,경상남도 합천군 봉산면,사망사고,1,0,0,0,차량단독 - 도로외이탈 - 추락,안전운전불이행,건조,맑음,단일로 - 기타,화물,남,57세,사망,,,,
2023081600100082,2023년 8월 16일 08시,수요일,경상남도 창원시 진해구 남문동,중상사고,0,1,3,1,차대차 - 측면충돌,안전운전불이행,건조,맑음,교차로 - 교차로부근,화물,남,51세,부상신고,승용,여,38세,중상
2023081600100083,2023년 8월 16일 08시,수요일,경상남도 사천시 정동면,중상사고,0,1,0,0,차대차 - 측면충돌,안전운전불이행,건조,맑음,교차로 - 교차로안,승용,남,25세,상해없음,자전거,남,51세,중상
2023081600100135,2023년 8월 16일 09시,수요일,경상남도 창녕군 창녕읍,중상사고,0,1,0,0,차대사람 - 기타,안전운전불이행,건조,맑음,단일로 - 기타,승용,여,50세,상해없음,보행자,여,73세,중상
2023081600100136,2023년 8월 16일 09시,수요일,경상남도 창원시 의창구 북면,중상사고,0,1,0,0,차대사람 - 기타,안전운전불이행,건조,맑음,주차장 - 주차장,승용,여,49세,상해없음,보행자,남,29세,중상
2023081600100171,2023년 8월 16일 10시,수요일,경상남도 거창군 거창읍,경상사고,0,0,2,0,차대차 - 추돌,안전운전불이행,건조,맑음,교차로 - 교차로부근,승용,여,42세,상해없음,승용,여,27세,경상
2023081600100172,2023년 8월 16일 10시,수요일,경상남도 고성군 고성읍,경상사고,0,0,2,0,차대차 - 측면충돌,직진우회전진행방해,건조,맑음,교차로 - 교차로안,승용,남,73세,상해없음,승용,남,64세,경상
2023081600100210,2023년 8월 16일 11시,수요일,경상남도 김해시 내동,중상사고,0,1,1,0,차대사람 - 횡단중,신호위반,건조,맑음,단일로 - 기타,원동기,남,52세,경상,보행자,남,49세,중상
2023081600100211,2023년 8월 16일 11시,수요일,경상남도 산청군 단성면,중상사고,0,1,0,0,차대차 - 기타,안전운전불이행,건조,맑음,단일로 - 기타,화물,남,40세,상해없음,승용,여,63세,중상
2023081600100247,2023년 8월 16일 12시,수요일,경상남도 창원시 진해구 자은동,중상사고,0,2,3,0,차대차 - 추돌,기타,건조,맑음,단일로 - 기타,승용,남,75세,기타불명,승용,여,49세,경상
2023081600100248,2023년 8월 16일 12시,수요일,경상남도 함안군 칠서면,경상사고,0,0,1,0,차대차 - 측면충돌,안전운전불이행,건조,맑음,단일로 - 기타,승용,여,61세,상해없음,자전거,남,87세,경상
2023081600100249,2023년 8월 16일 12시,수요일,경상남도 창원시 성산구 중앙동,경상사고,0,0,1,0,차대차 - 기타,안전운전불이행,건조,맑음,기타 - 기타,승용,남,70세,상해없음,승용,남,36세,경상
2023081600100287,2023년 8월 16일 13시,수요일,경상남도 창원시 마산합포구 진전면,경상사고,0,0,1,0,차량단독 - 기타,안전운전불이행,건조,맑음,단일로 - 기타,승합,남,65세,상해없음,,,,
2023081600100321,2023년 8월 16일 14시,수요일,경상남도 창원시 진해구 풍호동,경상사고,0,0,1,0,차대차 - 측면충돌,직진우회전진행방해,건조,맑음,교차로 - 교차로안,승용,여,61세,상해없음,승용,여,51세,경상
2023081600100441,2023년 8월 16일 17시,수요일,경상남도 창원시 의창구 북면,경상사고,0,0,1,0,차대차 - 측면충돌,안전운전불이행,건조,맑음,단일로 - 기타,승용,여,56세,상해없음,승용,남,42세,상해없음
2023081600100442,2023년 8월 16일 17시,수요일,경상남도 김해시 삼문동,경상사고,0,0,1,0,차대사람 - 횡단중,보행자보호의무위반,건조,맑음,교차로 - 교차로안,승합,남,69세,상해없음,보행자,여,15세,경상
2023081600100485,2023년 8월 16일 18시,수요일,경상남도 진주시 장대동,경상사고,0,0,1,0,차대차 - 측면충돌,차로위반,건조,맑음,교차로 - 교차로안,승용,남,72세,상해없음,승용,남,46세,경상
2023081600100486,2023년 8월 16일 18시,수요일,경상남도 통영시 무전동,경상사고,0,0,1,0,차대차 - 측면충돌,안전거리미확보,건조,맑음,기타 - 기타,이륜,남,81세,상해없음,승용,남,67세,상해없음
2023081600100487,2023년 8월 16일 18시,수요일,경상남도 거창군 고제면,중상사고,0,1,0,0,차량단독 - 전도전복 - 전도,안전운전불이행,건조,맑음,단일로 - 기타,이륜,남,23세,중상,,,,
2023081600100488,2023년 8월 16일 18시,수요일,경상남도 양산시 주남동,부상신고사고,0,0,0,1,차대사람 - 길가장자리구역통행중,안전운전불이행,건조,맑음,단일로 - 기타,화물,남,60세,상해없음,보행자,남,68세,부상신고
2023081600100524,2023년 8월 16일 19시,수요일,경상남도 창원시 마산합포구 상남동,부상신고사고,0,0,0,1,차대차 - 기타,안전운전불이행,건조,맑음,단일로 - 기타,자전거,남,67세,부상신고,이륜,남,34세,상해없음
2023081600100525,2023년 8월 16일 19시,수요일,경상남도 함양군 함양읍,경상사고,0,0,1,1,차대차 - 측면충돌,안전운전불이행,건조,맑음,단일로 - 기타,화물,남,61세,부상신고,화물,남,69세,경상
2023081600100548,2023년 8월 16일 20시,수요일,경상남도 양산시 물금읍,중상사고,0,2,0,0,차대차 - 측면충돌,신호위반,건조,맑음,교차로 - 교차로안,이륜,남,24세,중상,이륜,남,25세,중상
2023081600100549,2023년 8월 16일 20시,수요일,경상남도 김해시 장유동,경상사고,0,0,3,0,차대차 - 측면충돌,신호위반,건조,맑음,교차로 - 교차로안,승용,여,49세,상해없음,승용,남,23세,경상
2023081600100597,2023년 8월 16일 23시,수요일,경상남도 진주시 신안동,중상사고,0,1,2,0,차대차 - 측면충돌,신호위반,건조,맑음,단일로 - 기타,승용,남,22세,상해없음,승용,남,28세,경상
2023081600100598,2023년 8월 16일 23시,수요일,경상남도 거제시 사등면,부상신고사고,0,0,0,1,차량단독 - 공작물충돌,안전운전불이행,건조,맑음,기타 - 기타,승용,여,55세,상해없음,,,,
2023081700100022,2023년 8월 17일 04시,목요일,경상남도 창원시 의창구 명서동,경상사고,0,0,2,0,차대차 - 측면충돌,신호위반,건조,맑음,교차로 - 교차로안,승용,남,70세,상해없음,승용,남,65세,경상
2023081700100039,2023년 8월 17일 06시,목요일,경상남도 사천시 사천읍,중상사고,0,1,0,0,차대차 - 추돌,안전운전불이행,건조,맑음,단일로 - 지하차도(도로)내,화물,남,58세,상해없음,자전거,남,59세,중상
2023081700100060,2023년 8월 17일 07시,목요일,경상남도 진주시 사봉면,중상사고,0,1,0,0,차대차 - 측면충돌,안전거리미확보,건조,맑음,단일로 - 기타,승합,남,59세,상해없음,자전거,남,84세,중상
2023081700100061,2023년 8월 17일 07시,목요일,경상남도 김해시 응달동,중상사고,0,1,0,0,차대차 - 추돌,안전운전불이행,건조,맑음,단일로 - 기타,화물,남,50세,중상,승용,남,70세,상해없음
2023081700100091,2023년 8월 17일 08시,목요일,경상남도 진주시 정촌면,경상사고,0,0,1,0,차대차 - 측면충돌,차로위반,건조,맑음,단일로 - 기타,승용,남,40세,상해없음,화물,남,52세,경상
2023081700100092,2023년 8월 17일 08시,목요일,경상남도 밀양시 내이동,부상신고사고,0,0,0,1,차대사람 - 기타,안전운전불이행,건조,맑음,단일로 - 기타,승용,남,47세,상해없음,보행자,남,65세,부상신고
2023081700100093,2023년 8월 17일 08시,목요일,경상남도 거창군 거창읍,중상사고,0,1,0,0,차대차 - 측면충돌,안전운전불이행,건조,맑음,단일로 - 기타,승용,남,67세,상해없음,자전거,여,85세,중상
2023081700100094,2023년 8월 17일 08시,목요일,경상남도 남해군 남해읍,중상사고,0,2,0,0,차대차 - 측면충돌,안전운전불이행,건조,맑음,교차로 - 교차로부근,화물,남,59세,상해없음,승용,남,77세,중상
2023081700100123,2023년 8월 17일 09시,목요일,경상남도 함안군 군북면,중상사고,0,1,0,0,차대사람 - 횡단중,안전운전불이행,건조,맑음,교차로 - 교차로횡단보도내,승용,남,66세,상해없음,보행자,여,87세,중상
2023081700100156,2023년 8월 17일 10시,목요일,경상남도 창원시 성산구 중앙동,경상사고,0,0,1,0,차대차 - 후진중충돌,안전운전불이행,건조,맑음,단일로 - 기타,승용,남,78세,상해없음,승용,여,28세,경상
2023081700100188,2023년 8월 17일 11시,목요일,경상남도 창원시 마산합포구 월영동,경상사고,0,0,1,0,차대차 - 측면충돌,안전거리미확보,건조,맑음,교차로 - 교차로부근,승합,남,74세,상해없음,승합,남,31세,경상
2023081700100189,2023년 8월 17일 11시,목요일,경상남도 하동군 횡천면,중상사고,0,1,0,0,차대사람 - 기타,안전운전불이행,건조,맑음,단일로 - 기타,화물,남,63세,상해없음,보행자,남,59세,중상
2023081700100190,2023년 8월 17일 11시,목요일,경상남도 함안군 가야읍,중상사고,0,1,0,0,차대차 - 기타,안전운전불이행,건조,맑음,단일로 - 기타,자전거,남,80세,중상,승용,여,40세,상해없음
2023081700100228,2023년 8월 17일 12시,목요일,경상남도 함양군 수동면,중상사고,0,1,0,0,차대차 - 정면충돌,중앙선침범,건조,맑음,교차로 - 교차로안,승용,남,59세,상해없음,승용,여,65세,중상
2023081700100229,2023년 8월 17일 12시,목요일,경상남도 창원시 의창구 중동,경상사고,0,0,1,0,차대사람 - 횡단중,신호위반,건조,맑음,교차로 - 교차로안,승용,여,27세,상해없음,보행자,여,62세,경상
2023081700100244,2023년 8월 17일 13시,목요일,경상남도 김해시 생림면,경상사고,0,0,1,5,차대차 - 추돌,안전거리미확보,건조,맑음,단일로 - 터널,화물,남,49세,경상,승용,남,54세,부상신고
2023081700100245,2023년 8월 17일 13시,목요일,경상남도 김해시 풍유동,경상사고,0,0,1,0,차대차 - 추돌,안전운전불이행,건조,맑음,단일로 - 기타,승용,남,68세,상해없음,화물,남,58세,경상
2023081700100294,2023년 8월 17일 14시,목요일,경상남도 통영시 무전동,중상사고,0,1,0,0,차대사람 - 횡단중,보행자보호의무위반,건조,맑음,교차로 - 교차로횡단보도내,화물,남,26세,상해없음,보행자,여,69세,중상
2023081700100295,2023년 8월 17일 14시,목요일,경상남도 함양군 함양읍,경상사고,0,0,1,0,차대차 - 측면충돌,신호위반,건조,맑음,교차로 - 교차로안,승용,남,69세,상해없음,승합,남,62세,경상
2023081700100297,2023년 8월 17일 14시,목요일,경상남도 김해시 삼문동,경상사고,0,0,1,0,차대차 - 기타,중앙선침범,건조,맑음,단일로 - 기타,승용,여,50세,상해없음,이륜,남,23세,경상
2023081700100323,2023년 8월 17일 15시,목요일,경상남도 통영시 정량동,중상사고,0,1,0,0,차대사람 - 횡단중,신호위반,건조,맑음,교차로 - 교차로횡단보도내,승용,여,53세,상해없음,보행자,여,69세,중상
2023081700100324,2023년 8월 17일 15시,목요일,경상남도 양산시 중부동,경상사고,0,0,1,0,차대차 - 기타,안전운전불이행,건조,맑음,단일로 - 기타,승용,여,64세,상해없음,화물,남,37세,경상
2023081700100325,2023년 8월 17일 15시,목요일,경상남도 산청군 단성면,경상사고,0,0,1,0,차대차 - 추돌,안전거리미확보,건조,맑음,단일로 - 기타,승용,남,53세,상해없음,승용,여,56세,경상
2023081700100360,2023년 8월 17일 16시,목요일,경상남도 거창군 거창읍,중상사고,0,1,1,0,차대차 - 측면충돌,교차로운행방법위반,건조,맑음,교차로 - 교차로안,개인형이동수단(PM),여,17세,중상,승용,남,66세,상해없음
2023081700100361,2023년 8월 17일 16시,목요일,경상남도 김해시 무계동,경상사고,0,0,1,0,차대차 - 측면충돌,안전운전불이행,건조,맑음,단일로 - 기타,승용,남,81세,상해없음,화물,남,46세,경상
2023081700100396,2023년 8월 17일 17시,목요일,경상남도 창원시 성산구 남양동,중상사고,0,1,0,0,차대차 - 정면충돌,안전운전불이행,건조,맑음,단일로 - 기타,자전거,여,48세,상해없음,자전거,남,19세,중상
2023081700100433,2023년 8월 17일 18시,목요일,경상남도 진주시 가좌동,경상사고,0,0,1,0,차대차 - 측면충돌,안전운전불이행,건조,맑음,단일로 - 기타,승용,여,41세,상해없음,승용,여,45세,경상
2023081700100434,2023년 8월 17일 18시,목요일,경상남도 김해시 삼방동,중상사고,0,1,0,0,차대사람 - 횡단중,신호위반,건조,맑음,교차로 - 교차로횡단보도내,승합,남,47세,상해없음,보행자,여,65세,중상
2023081700100435,2023년 8월 17일 18시,목요일,경상남도 창녕군 창녕읍,경상사고,0,0,1,0,차대사람 - 횡단중,신호위반,건조,맑음,교차로 - 교차로안,승합,남,73세,상해없음,보행자,여,45세,경상
2023081700100476,2023년 8월 17일 19시,목요일,경상남도 김해시 대청동,중상사고,0,1,0,0,차대차 - 측면충돌,안전운전불이행,건조,맑음,교차로 - 교차로안,승용,남,67세,상해없음,이륜,남,24세,중상
2023081700100504,2023년 8월 17일 20시,목요일,경상남도 사천시 사천읍,경상사고,0,0,1,0,차대차 - 측면충돌,신호위반,건조,맑음,교차로 - 교차로부근,승용,여,61세,상해없음,승용,남,47세,경상
2023081700100505,2023년 8월 17일 20시,목요일,경상남도 창녕군 도천면,사망사고,1,0,0,0,차대사람 - 차도통행중,안전운전불이행,건조,맑음,교차로 - 교차로안,승용,남,66세,상해없음,보행자,여,87세,사망
2023081700100551,2023년 8월 17일 22시,목요일,경상남도 거제시 아주동,경상사고,0,0,1,0,차대차 - 추돌,안전운전불이행,건조,맑음,단일로 - 기타,승용,남,41세,상해없음,승용,남,65세,기타불명