사고번호,사고일시,요일,시군구,사고내용,사망자수,중상자수,경상자수,부상신고자수,사고유형,법규위반,노면상태,기상상태,도로형태,가해운전자 차종,가해운전자 성별,가해운전자 연령,가해운전자 상해정도,피해운전자 차종,피해운전자 성별,피해운전자 연령,피해운전자 상해정도
2023081700100552,2023년 8월 17일 22시,목요일,경상남도 창원시 의창구 북면,경상사고,0,0,1,0,차량단독 - 공작물충돌,안전운전불이행,건조,맑음,단일로 - 기타,승용,남,70세,상해없음,,,,
2023081800100005,2023년 8월 18일 00시,금요일,경상남도 양산시 물금읍,중상사고,0,1,1,1,차대차 - 측면충돌,교차로운행방법위반,건조,맑음,교차로 - 교차로안,승용,남,68세,상해없음,승용,남,21세,중상
2023081800100022,2023년 8월 18일 04시,금요일,경상남도 김해시 대동면,경상사고,0,0,1,0,차대사람 - 기타,안전운전불이행,건조,맑음,교차로 - 교차로안,승용,남,62세,상해없음,보행자,남,61세,경상
2023081800100024,2023년 8월 18일 05시,금요일,경상남도 김해시 봉황동,경상사고,0,0,2,0,차대차 - 측면충돌,안전운전불이행,건조,맑음,단일로 - 기타,승용,남,26세,상해없음,승용,남,60세,경상
2023081800100066,2023년 8월 18일 07시,금요일,경상남도 사천시 사천읍,경상사고,0,0,1,0,차대차 - 측면충돌,안전운전불이행,건조,맑음,단일로 - 기타,이륜,남,38세,경상,화물,남,54세,상해없음
2023081800100067,2023년 8월 18일 07시,금요일,경상남도 하동군 진교면,경상사고,0,0,1,0,차대사람 - 기타,안전운전불이행,건조,맑음,주차장 - 주차장,승합,남,59세,상해없음,보행자,남,61세,경상
2023081800100098,2023년 8월 18일 08시,금요일,경상남도 진주시 강남동,중상사고,0,1,0,0,차량단독 - 기타,기타,건조,맑음,단일로 - 기타,승합,남,52세,상해없음,,,,
2023081800100099,2023년 8월 18일 08시,금요일,경상남도 양산시 남부동,경상사고,0,0,1,0,차대차 - 측면충돌,교차로운행방법위반,건조,맑음,교차로 - 교차로안,승용,남,61세,상해없음,승용,여,43세,경상
2023081800100100,2023년 8월 18일 08시,금요일,경상남도 김해시 삼문동,중상사고,0,1,0,0,차대차 - 후진중충돌,중앙선침범,건조,맑음,단일로 - 기타,승용,남,47세,상해없음,이륜,남,17세,중상
2023081800100146,2023년 8월 18일 09시,금요일,경상남도 창원시 성산구 불모산동,경상사고,0,0,1,0,차대차 - 추돌,안전운전불이행,건조,맑음,단일로 - 기타,승용,남,56세,기타불명,승용,남,42세,경상
2023081800100147,2023년 8월 18일 09시,금요일,경상남도 창원시 마산회원구 회성동,경상사고,0,0,1,0,차량단독 - 기타,안전운전불이행,건조,맑음,단일로 - 기타,승합,남,40세,상해없음,,,,
2023081800100186,2023년 8월 18일 10시,금요일,경상남도 양산시 북정동,중상사고,0,1,0,0,차대사람 - 차도통행중,안전운전불이행,건조,맑음,교차로 - 교차로안,승용,여,56세,상해없음,보행자,여,82세,중상
2023081800100187,2023년 8월 18일 10시,금요일,경상남도 거제시 상동동,경상사고,0,0,2,0,차대차 - 기타,신호위반,젖음/습기,비,교차로 - 교차로안,승용,여,44세,경상,화물,남,30세,경상
2023081800100188,2023년 8월 18일 10시,금요일,경상남도 남해군 서면,중상사고,0,1,0,0,차대사람 - 기타,안전운전불이행,건조,맑음,단일로 - 기타,화물,남,66세,상해없음,보행자,남,55세,중상
2023081800100227,2023년 8월 18일 11시,금요일,경상남도 양산시 주진동,경상사고,0,0,1,0,차대차 - 측면충돌,안전운전불이행,젖음/습기,비,교차로 - 교차로안,승용,여,63세,경상,승용,여,62세,상해없음
2023081800100258,2023년 8월 18일 12시,금요일,경상남도 창원시 마산합포구 창동,중상사고,0,1,0,0,차대사람 - 기타,안전운전불이행,건조,맑음,교차로 - 교차로안,승용,여,60세,상해없음,보행자,여,73세,중상
2023081800100259,2023년 8월 18일 12시,금요일,경상남도 진주시 가좌동,중상사고,0,1,0,0,차대사람 - 기타,안전운전불이행,건조,맑음,단일로 - 기타,승용,여,52세,상해없음,보행자,여,71세,중상
2023081800100260,2023년 8월 18일 12시,금요일,경상남도 양산시 하북면,경상사고,0,0,2,0,차대차 - 기타,안전운전불이행,젖음/습기,비,교차로 - 교차로안,승용,여,37세,상해없음,승용,남,60세,경상
2023081800100294,2023년 8월 18일 13시,금요일,경상남도 사천시 사천읍,경상사고,0,0,3,0,차대차 - 추돌,안전운전불이행,건조,맑음,단일로 - 기타,승용,남,64세,경상,승용,남,29세,경상
2023081800100295,2023년 8월 18일 13시,금요일,경상남도 김해시 삼계동,경상사고,0,0,1,0,차대차 - 정면충돌,안전운전불이행,건조,맑음,교차로 - 교차로부근,자전거,남,82세,경상,승용,여,51세,상해없음
2023081800100296,2023년 8월 18일 13시,금요일,경상남도 김해시 구산동,경상사고,0,0,1,0,차대차 - 기타,기타,건조,맑음,단일로 - 기타,승용,여,59세,상해없음,개인형이동수단(PM),남,19세,경상
2023081800100297,2023년 8월 18일 13시,금요일,경상남도 양산시 평산동,경상사고,0,0,2,0,차대차 - 측면충돌,안전운전불이행,건조,맑음,교차로 - 교차로안,승용,남,63세,상해없음,승용,여,54세,경상
2023081800100329,2023년 8월 18일 14시,금요일,경상남도 거제시 장평동,경상사고,0,0,2,0,차대차 - 추돌,안전운전불이행,건조,맑음,단일로 - 기타,승용,남,62세,기타불명,승용,남,42세,경상
2023081800100354,2023년 8월 18일 15시,금요일,경상남도 창원시 성산구 상복동,경상사고,0,0,2,0,차대차 - 측면충돌,안전운전불이행,건조,맑음,기타 - 기타,승용,남,72세,상해없음,승용,남,48세,경상
2023081800100395,2023년 8월 18일 16시,금요일,경상남도 김해시 서상동,경상사고,0,0,1,0,차대차 - 측면충돌,신호위반,건조,맑음,교차로 - 교차로안,자전거,남,82세,경상,승용,남,44세,상해없음
2023081800100396,2023년 8월 18일 16시,금요일,경상남도 양산시 남부동,중상사고,0,1,0,0,차대사람 - 횡단중,보행자보호의무위반,건조,맑음,단일로 - 기타,승용,남,59세,상해없음,보행자,남,83세,중상
2023081800100452,2023년 8월 18일 17시,금요일,경상남도 밀양시 하남읍,중상사고,0,2,0,0,차대차 - 측면충돌,신호위반,건조,맑음,교차로 - 교차로안,승용,남,68세,상해없음,승용,남,80세,중상
2023081800100453,2023년 8월 18일 17시,금요일,경상남도 창원시 마산합포구 산호동,중상사고,0,1,0,0,차량단독 - 기타,안전운전불이행,건조,맑음,단일로 - 기타,승합,남,54세,상해없음,,,,
2023081800100454,2023년 8월 18일 17시,금요일,경상남도 김해시 진영읍,경상사고,0,0,1,0,차대차 - 기타,안전거리미확보,건조,맑음,단일로 - 기타,승용,남,38세,상해없음,승용,남,40세,경상
2023081800100455,2023년 8월 18일 17시,금요일,경상남도 김해시 한림면,경상사고,0,0,1,0,차대차 - 측면충돌,교차로운행방법위반,건조,맑음,교차로 - 교차로부근,화물,남,71세,상해없음,화물,남,62세,경상
2023081800100504,2023년 8월 18일 18시,금요일,경상남도 창원시 진해구 용원동,경상사고,0,0,1,0,차대차 - 정면충돌,직진우회전진행방해,건조,맑음,교차로 - 교차로안,승용,남,65세,상해없음,승용,남,45세,상해없음
2023081800100505,2023년 8월 18일 18시,금요일,경상남도 김해시 대동면,경상사고,0,0,1,0,차대차 - 기타,안전거리미확보,건조,흐림,단일로 - 기타,화물,남,42세,상해없음,화물,남,52세,경상
2023081800100546,2023년 8월 18일 19시,금요일,경상남도 통영시 광도면,중상사고,0,1,0,0,차대차 - 측면충돌,중앙선침범,건조,맑음,단일로 - 기타,화물,여,32세,상해없음,이륜,남,43세,중상
2023081800100586,2023년 8월 18일 20시,금요일,경상남도 진주시 상봉동,중상사고,0,1,0,0,차대차 - 측면충돌,안전운전불이행,건조,맑음,교차로 - 교차로안,승용,남,72세,상해없음,승용,여,53세,중상
2023081800100587,2023년 8월 18일 20시,금요일,경상남도 창원시 진해구 덕산동,경상사고,0,0,1,0,차대차 - 측면충돌,안전운전불이행,건조,맑음,단일로 - 기타,승용,남,42세,상해없음,승용,남,47세,경상
2023081800100588,2023년 8월 18일 20시,금요일,경상남도 사천시 사천읍,경상사고,0,0,4,0,차대차 - 추돌,안전운전불이행,건조,맑음,단일로 - 기타,승용,남,72세,상해없음,승용,여,62세,경상
2023081800100624,2023년 8월 18일 21시,금요일,경상남도 사천시 사남면,경상사고,0,0,1,0,차대차 - 추돌,안전운전불이행,건조,맑음,단일로 - 기타,승용,남,34세,상해없음,이륜,남,45세,경상
2023081900100011,2023년 8월 19일 00시,토요일,경상남도 양산시 물금읍,중상사고,0,2,3,0,차대차 - 추돌,안전운전불이행,건조,맑음,교차로 - 교차로안,승용,남,37세,중상,승용,남,67세,경상
2023081900100037,2023년 8월 19일 03시,토요일,경상남도 양산시 중부동,경상사고,0,0,1,0,차대사람 - 차도통행중,안전운전불이행,젖음/습기,비,교차로 - 교차로부근,승용,남,66세,상해없음,보행자,남,23세,경상
2023081900100059,2023년 8월 19일 05시,토요일,경상남도 창원시 마산합포구 오동동,부상신고사고,0,0,0,1,차대차 - 측면충돌,교차로운행방법위반,건조,맑음,교차로 - 교차로안,승용,남,41세,부상신고,승용,여,62세,상해없음
2023081900100060,2023년 8월 19일 05시,토요일,경상남도 창원시 마산합포구 남성동,중상사고,0,1,0,0,차대사람 - 기타,안전운전불이행,건조,맑음,단일로 - 기타,화물,남,45세,상해없음,보행자,남,71세,중상
2023081900100109,2023년 8월 19일 09시,토요일,경상남도 거창군 거창읍,사망사고,1,0,0,0,차량단독 - 전도전복 - 전도,안전운전불이행,건조,맑음,단일로 - 기타,농기계,여,75세,사망,,,,
2023081900100145,2023년 8월 19일 10시,토요일,경상남도 거제시 일운면,경상사고,0,0,1,0,차대사람 - 길가장자리구역통행중,안전운전불이행,젖음/습기,비,단일로 - 기타,승합,남,70세,상해없음,보행자,여,66세,경상
2023081900100173,2023년 8월 19일 11시,토요일,경상남도 산청군 시천면,경상사고,0,0,1,0,차대차 - 기타,안전운전불이행,건조,맑음,단일로 - 기타,승용,여,60세,상해없음,자전거,여,50세,경상
2023081900100221,2023년 8월 19일 12시,토요일,경상남도 창원시 마산합포구 덕동동,경상사고,0,0,2,0,차대차 - 측면충돌,안전운전불이행,젖음/습기,비,교차로 - 교차로부근,승용,남,57세,상해없음,승용,여,54세,경상
2023081900100222,2023년 8월 19일 12시,토요일,경상남도 산청군 산청읍,경상사고,0,0,1,0,차량단독 - 공작물충돌,안전운전불이행,건조,맑음,단일로 - 기타,사륜오토바이(ATV),여,55세,경상,,,,
2023081900100241,2023년 8월 19일 13시,토요일,경상남도 양산시 동면,경상사고,0,0,1,1,차대차 - 추돌,안전거리미확보,건조,맑음,단일로 - 기타,특수,남,48세,상해없음,승합,남,29세,경상
2023081900100254,2023년 8월 19일 13시,토요일,경상남도 사천시 사천읍,경상사고,0,0,1,0,차대차 - 추돌,안전운전불이행,건조,맑음,교차로 - 교차로부근,승용,남,67세,상해없음,승용,남,63세,경상
2023081900100285,2023년 8월 19일 14시,토요일,경상남도 창원시 마산합포구 진동면,경상사고,0,0,1,0,차대차 - 측면충돌,안전거리미확보,건조,맑음,단일로 - 기타,화물,남,60세,상해없음,승용,남,82세,경상
2023081900100286,2023년 8월 19일 14시,토요일,경상남도 통영시 무전동,경상사고,0,0,1,0,차량단독 - 기타,안전운전불이행,건조,맑음,교차로 - 교차로부근,승합,남,40세,상해없음,,,,
2023081900100287,2023년 8월 19일 14시,토요일,경상남도 양산시 명동,중상사고,0,1,0,0,차대차 - 기타,안전운전불이행,젖음/습기,비,교차로 - 교차로안,승용,여,27세,상해없음,이륜,남,58세,중상
2023081900100313,2023년 8월 19일 15시,토요일,경상남도 진주시 이반성면,중상사고,0,1,2,0,차대차 - 측면충돌,기타,젖음/습기,비,단일로 - 기타,승용,남,28세,경상,승용,남,56세,상해없음
2023081900100314,2023년 8월 19일 15시,토요일,경상남도 사천시 벌리동,경상사고,0,0,1,0,차대차 - 측면충돌,교차로운행방법위반,건조,맑음,교차로 - 교차로안,이륜,남,17세,경상,승용,남,31세,상해없음
2023081900100375,2023년 8월 19일 17시,토요일,경상남도 밀양시 무안면,경상사고,0,0,2,0,차대차 - 정면충돌,안전운전불이행,건조,맑음,단일로 - 기타,화물,남,55세,상해없음,승용,여,44세,경상
2023081900100376,2023년 8월 19일 17시,토요일,경상남도 김해시 삼정동,경상사고,0,0,1,1,차대사람 - 횡단중,보행자보호의무위반,젖음/습기,비,교차로 - 교차로부근,승용,남,34세,부상신고,보행자,남,49세,경상
2023081900100377,2023년 8월 19일 17시,토요일,경상남도 양산시 물금읍,경상사고,0,0,1,0,차대사람 - 횡단중,안전운전불이행,건조,맑음,교차로 - 교차로횡단보도내,승용,남,41세,상해없음,보행자,남,75세,경상
2023081900100440,2023년 8월 19일 19시,토요일,경상남도 양산시 물금읍,경상사고,0,0,1,0,차대차 - 측면충돌,안전운전불이행,젖음/습기,흐림,단일로 - 기타,승용,남,27세,상해없음,이륜,남,19세,경상
2023081900100441,2023년 8월 19일 19시,토요일,경상남도 창원시 성산구 상남동,경상사고,0,0,2,0,차대차 - 추돌,안전운전불이행,건조,맑음,단일로 - 기타,승용,여,42세,상해없음,승용,여,58세,경상
2023081900100442,2023년 8월 19일 19시,토요일,경상남도 김해시 진영읍,중상사고,0,1,0,0,차대차 - 기타,안전운전불이행,젖음/습기,비,단일로 - 기타,승용,여,21세,상해없음,승용,남,60세,기타불명
2023081900100464,2023년 8월 19일 20시,토요일,경상남도 밀양시 내이동,경상사고,0,0,1,0,차대차 - 측면충돌,안전운전불이행,건조,맑음,교차로 - 교차로부근,승용,남,53세,상해없음,이륜,남,36세,경상
2023081900100465,2023년 8월 19일 20시,토요일,경상남도 창녕군 창녕읍,중상사고,0,1,0,0,차대차 - 측면충돌,교차로운행방법위반,건조,맑음,교차로 - 교차로안,승용,남,25세,상해없음,승용,여,56세,중상
2023081900100466,2023년 8월 19일 20시,토요일,경상남도 함안군 가야읍,경상사고,0,0,1,0,차대차 - 추돌,안전운전불이행,건조,맑음,교차로 - 교차로부근,승용,남,50세,상해없음,승용,남,67세,경상
2023081900100490,2023년 8월 19일 21시,토요일,경상남도 양산시 중부동,경상사고,0,0,1,0,차대차 - 기타,안전운전불이행,젖음/습기,비,교차로 - 교차로안,승용,여,31세,상해없음,이륜,남,33세,경상
2023081900100491,2023년 8월 19일 21시,토요일,경상남도 양산시 삼호동,경상사고,0,0,1,0,차대차 - 측면충돌,안전운전불이행,건조,맑음,교차로 - 교차로안,승용,기타불명,미분류,기타불명,승용,남,56세,경상
2023081900100492,2023년 8월 19일 21시,토요일,경상남도 창원시 성산구 성주동,경상사고,0,0,1,0,차대사람 - 횡단중,보행자보호의무위반,젖음/습기,비,교차로 - 교차로안,승용,여,54세,상해없음,보행자,남,42세,경상
2023081900100524,2023년 8월 19일 23시,토요일,경상남도 창원시 진해구 용원동,중상사고,0,1,0,0,차대사람 - 횡단중,보행자보호의무위반,건조,흐림,단일로 - 기타,승용,남,60세,상해없음,보행자,남,36세,중상
2023081900100525,2023년 8월 19일 23시,토요일,경상남도 거제시 연초면,중상사고,0,1,0,0,차량단독 - 기타,안전운전불이행,건조,맑음,단일로 - 기타,승용,남,64세,중상,,,,
2023082000100029,2023년 8월 20일 02시,일요일,경상남도 합천군 가회면,중상사고,0,1,0,0,차량단독 - 도로외이탈 - 기타,안전운전불이행,건조,맑음,단일로 - 기타,화물,남,24세,중상,,,,
2023082000100030,2023년 8월 20일 02시,일요일,경상남도 합천군 가회면,중상사고,0,1,0,0,차대사람 - 기타,안전운전불이행,건조,맑음,단일로 - 기타,승용,남,42세,상해없음,보행자,남,24세,중상
2023082000100037,2023년 8월 20일 03시,일요일,경상남도 김해시 어방동,경상사고,0,0,1,0,차대차 - 추돌,안전운전불이행,건조,흐림,교차로 - 교차로부근,승용,남,42세,상해없음,승용,남,54세,경상
2023082000100046,2023년 8월 20일 05시,일요일,경상남도 김해시 대동면,경상사고,0,0,1,0,차량단독 - 공작물충돌,안전운전불이행,젖음/습기,비,기타 - 기타,승용,남,62세,경상,,,,
2023082000100077,2023년 8월 20일 09시,일요일,경상남도 의령군 부림면,경상사고,0,0,2,0,차대차 - 기타,안전운전불이행,건조,맑음,단일로 - 기타,승용,여,67세,상해없음,승용,여,29세,경상
2023082000100094,2023년 8월 20일 10시,일요일,경상남도 창원시 의창구 명서동,중상사고,0,1,0,0,차대차 - 측면충돌,교차로운행방법위반,건조,맑음,교차로 - 교차로횡단보도내,승용,여,50세,상해없음,자전거,남,77세,중상
2023082000100116,2023년 8월 20일 11시,일요일,경상남도 거제시 고현동,경상사고,0,0,1,0,차대차 - 측면충돌,신호위반,건조,맑음,교차로 - 교차로횡단보도내,자전거,남,34세,경상,승용,남,70세,상해없음
2023082000100175,2023년 8월 20일 13시,일요일,경상남도 거제시 둔덕면,경상사고,0,0,2,0,차대차 - 추돌,안전운전불이행,건조,맑음,단일로 - 기타,승용,남,73세,상해없음,승용,여,41세,경상
2023082000100208,2023년 8월 20일 14시,일요일,경상남도 김해시 내동,경상사고,0,0,1,0,차대차 - 추돌,안전운전불이행,건조,맑음,단일로 - 기타,화물,남,39세,상해없음,승용,남,37세,경상
2023082000100248,2023년 8월 20일 15시,일요일,경상남도 창원시 마산합포구 진동면,경상사고,0,0,1,0,차대차 - 기타,안전운전불이행,건조,맑음,단일로 - 기타,이륜,남,17세,경상,승용,남,33세,상해없음
2023082000100249,2023년 8월 20일 15시,일요일,경상남도 김해시 외동,중상사고,0,1,0,0,차대차 - 기타,안전운전불이행,건조,맑음,교차로 - 교차로안,승용,남,65세,상해없음,승용,여,48세,중상
2023082000100297,2023년 8월 20일 17시,일요일,경상남도 양산시 동면,중상사고,0,1,0,0,차대사람 - 차도통행중,안전운전불이행,건조,맑음,단일로 - 기타,승용,남,37세,상해없음,보행자,여,3세,중상
2023082000100298,2023년 8월 20일 17시,일요일,경상남도 남해군 고현면,경상사고,0,0,1,0,차대차 - 측면충돌,안전운전불이행,건조,맑음,교차로 - 교차로안,승용,남,72세,상해없음,승용,남,25세,경상
2023082000100325,2023년 8월 20일 18시,일요일,경상남도 김해시 진영읍,부상신고사고,0,0,0,1,차량단독 - 전도전복 - 전도,안전운전불이행,건조,맑음,교차로 - 교차로부근,원동기,남,53세,부상신고,,,,
2023082000100349,2023년 8월 20일 19시,일요일,경상남도 통영시 무전동,경상사고,0,0,2,0,차대차 - 추돌,안전거리미확보,건조,맑음,단일로 - 기타,승용,여,48세,상해없음,화물,남,70세,경상
2023082000100350,2023년 8월 20일 19시,일요일,경상남도 양산시 덕계동,경상사고,0,0,2,0,차대차 - 측면충돌,안전운전불이행,건조,맑음,교차로 - 교차로부근,화물,남,65세,상해없음,이륜,여,43세,경상
2023082000100351,2023년 8월 20일 19시,일요일,경상남도 창원시 의창구 동읍,경상사고,0,0,1,0,차대차 - 측면충돌,안전운전불이행,건조,맑음,교차로 - 교차로안,승용,남,51세,상해없음,자전거,남,72세,경상
2023082000100375,2023년 8월 20일 20시,일요일,경상남도 창원시 진해구 여좌동,경상사고,0,0,1,0,차대차 - 추돌,안전운전불이행,건조,맑음,교차로 - 교차로안,승용,남,60세,상해없음,승용,남,31세,경상
2023082000100376,2023년 8월 20일 20시,일요일,경상남도 거제시 고현동,경상사고,0,0,1,0,차대차 - 추돌,안전운전불이행,건조,맑음,단일로 - 기타,승용,남,54세,상해없음,이륜,남,42세,경상
2023082000100396,2023년 8월 20일 21시,일요일,경상남도 김해시 신문동,중상사고,0,1,0,0,차대차 - 측면충돌,안전운전불이행,건조,맑음,교차로 - 교차로안,승용,남,44세,상해없음,이륜,남,32세,중상
2023082000100416,2023년 8월 20일 22시,일요일,경상남도 창원시 진해구 화천동,중상사고,0,1,0,0,차대차 - 추돌,안전운전불이행,건조,맑음,교차로 - 교차로부근,원동기,남,56세,중상,승용,여,37세,기타불명
2023082100100035,2023년 8월 21일 05시,월요일,경상남도 통영시 미수동,경상사고,0,0,2,0,차대차 - 측면충돌,신호위반,건조,맑음,교차로 - 교차로안,화물,남,72세,상해없음,화물,남,56세,경상
2023082100100036,2023년 8월 21일 05시,월요일,경상남도 함양군 서하면,중상사고,0,1,1,3,차대차 - 기타,중앙선침범,건조,맑음,단일로 - 기타,화물,남,69세,상해없음,승용,여,61세,경상
2023082100100074,2023년 8월 21일 07시,월요일,경상남도 창원시 진해구 석동,경상사고,0,0,1,0,차대차 - 추돌,안전운전불이행,건조,맑음,단일로 - 기타,승합,남,59세,상해없음,승용,남,36세,경상
2023082100100075,2023년 8월 21일 07시,월요일,경상남도 남해군 미조면,중상사고,0,1,1,0,차대차 - 측면충돌,안전운전불이행,건조,맑음,교차로 - 교차로부근,승용,여,66세,경상,승용,남,42세,중상
2023082100100107,2023년 8월 21일 08시,월요일,경상남도 사천시 용현면,경상사고,0,0,1,0,차대차 - 후진중충돌,안전운전불이행,건조,맑음,단일로 - 기타,화물,남,76세,상해없음,승용,여,44세,경상
2023082100100109,2023년 8월 21일 08시,월요일,경상남도 거제시 고현동,중상사고,0,1,1,0,차대차 - 측면충돌,직진우회전진행방해,건조,맑음,교차로 - 교차로안,승용,여,36세,경상,승용,남,63세,중상
2023082100100110,2023년 8월 21일 08시,월요일,경상남도 함안군 군북면,중상사고,0,1,3,0,차대차 - 기타,신호위반,건조,맑음,교차로 - 교차로안,승용,남,60세,상해없음,승용,여,50세,경상
2023082100100194,2023년 8월 21일 10시,월요일,경상남도 양산시 중부동,경상사고,0,0,1,0,차대차 - 측면충돌,교차로운행방법위반,건조,맑음,교차로 - 교차로안,승용,여,42세,상해없음,승용,여,64세,경상
2023082100100229,2023년 8월 21일 11시,월요일,경상남도 김해시 부원동,경상사고,0,0,1,0,차대차 - 후진중충돌,안전운전불이행,건조,맑음,교차로 - 교차로안,화물,남,63세,상해없음,승용,남,55세,경상
2023082100100230,2023년 8월 21일 11시,월요일,경상남도 창원시 의창구 명서동,부상신고사고,0,0,0,1,차대차 - 측면충돌,교차로운행방법위반,건조,맑음,교차로 - 교차로안,기타불명,여,64세,상해없음,승용,여,58세,부상신고
2023082100100231,2023년 8월 21일 11시,월요일,경상남도 김해시 주촌면,경상사고,0,0,1,0,차량단독 - 도로외이탈 - 추락,안전운전불이행,건조,맑음,단일로 - 기타,승용,여,66세,경상,,,,
2023082100100274,2023년 8월 21일 12시,월요일,경상남도 진주시 가좌동,경상사고,0,0,1,0,차대차 - 추돌,안전운전불이행,건조,맑음,단일로 - 기타,승용,남,38세,상해없음,승용,남,38세,경상
2023082100100275,2023년 8월 21일 12시,월요일,경상남도 김해시 외동,경상사고,0,0,1,0,차대차 - 측면충돌,안전운전불이행,건조,맑음,단일로 - 기타,승용,남,49세,상해없음,이륜,남,30세,경상
2023082100100276,2023년 8월 21일 12시,월요일,경상남도 김해시 전하동,경상사고,0,0,1,0,차대차 - 측면충돌,교차로운행방법위반,건조,맑음,교차로 - 교차로안,승용,남,66세,상해없음,승용,남,52세,경상
2023082100100305,2023년 8월 21일 13시,월요일,경상남도 통영시 무전동,중상사고,0,1,0,0,차대차 - 정면충돌,안전운전불이행,건조,맑음,교차로 - 교차로안,승용,남,46세,상해없음,승용,남,59세,중상
2023082100100306,2023년 8월 21일 13시,월요일,경상남도 김해시 동상동,중상사고,0,1,0,0,차대차 - 측면충돌,신호위반,건조,맑음,교차로 - 교차로안,승용,남,62세,상해없음,승용,여,34세,중상
2023082100100307,2023년 8월 21일 13시,월요일,경상남도 남해군 이동면,경상사고,0,0,2,0,차대차 - 정면충돌,안전운전불이행,건조,맑음,단일로 - 기타,승합,남,53세,상해없음,승용,남,30세,경상
2023082100100308,2023년 8월 21일 13시,월요일,경상남도 창원시 의창구 소답동,경상사고,0,0,1,0,차대차 - 측면충돌,안전운전불이행,건조,맑음,교차로 - 교차로안,승용,여,31세,상해없음,개인형이동수단(PM),남,20세,경상
2023082100100343,2023년 8월 21일 14시,월요일,경상남도 창원시 마산합포구 진동면,경상사고,0,0,1,0,차대차 - 측면충돌,안전운전불이행,건조,맑음,단일로 - 기타,승용,남,75세,경상,특수,남,46세,상해없음
2023082100100344,2023년 8월 21일 14시,월요일,경상남도 김해시 신문동,중상사고,0,1,0,0,차대차 - 기타,안전거리미확보,건조,맑음,단일로 - 기타,승용,여,67세,상해없음,승용,여,52세,중상
2023082100100372,2023년 8월 21일 15시,월요일,경상남도 함양군 함양읍,경상사고,0,0,1,1,차대차 - 정면충돌,교차로운행방법위반,건조,맑음,교차로 - 교차로안,승용,여,38세,부상신고,승용,여,44세,경상
2023082100100373,2023년 8월 21일 15시,월요일,경상남도 거제시 하청면,중상사고,0,1,0,0,차대사람 - 보도통행중,안전운전불이행,건조,맑음,단일로 - 기타,화물,남,74세,상해없음,보행자,여,81세,중상
2023082100100374,2023년 8월 21일 15시,월요일,경상남도 창원시 의창구 팔용동,중상사고,0,1,1,0,차대차 - 측면충돌,신호위반,건조,맑음,교차로 - 교차로안,승용,여,32세,경상,원동기,남,37세,중상
2023082100100375,2023년 8월 21일 15시,월요일,경상남도 김해시 대청동,중상사고,0,1,1,0,차대차 - 추돌,안전운전불이행,건조,맑음,교차로 - 교차로부근,이륜,남,16세,중상,화물,남,47세,경상
2023082100100412,2023년 8월 21일 16시,월요일,경상남도 밀양시 삼문동,경상사고,0,0,1,0,차대차 - 측면충돌,교차로운행방법위반,건조,맑음,교차로 - 교차로안,승용,남,57세,상해없음,이륜,남,85세,경상
2023082100100413,2023년 8월 21일 16시,월요일,경상남도 양산시 평산동,경상사고,0,0,1,0,차대차 - 측면충돌,안전거리미확보,건조,맑음,단일로 - 기타,승용,여,71세,상해없음,승용,여,43세,경상
2023082100100456,2023년 8월 21일 17시,월요일,경상남도 진주시 금곡면,중상사고,0,2,0,0,차대차 - 정면충돌,중앙선침범,건조,맑음,단일로 - 기타,화물,남,71세,중상,승용,남,66세,중상
2023082100100457,2023년 8월 21일 17시,월요일,경상남도 김해시 불암동,경상사고,0,0,1,0,차대차 - 기타,안전거리미확보,건조,맑음,단일로 - 기타,승용,남,70세,상해없음,승용,여,67세,경상
2023082100100458,2023년 8월 21일 17시,월요일,경상남도 거창군 거창읍,경상사고,0,0,2,0,차대차 - 측면충돌,교차로운행방법위반,건조,맑음,교차로 - 교차로안,화물,남,65세,상해없음,이륜,남,67세,경상
2023082100100459,2023년 8월 21일 17시,월요일,경상남도 양산시 중부동,중상사고,0,1,0,0,차대사람 - 기타,보행자보호의무위반,건조,맑음,교차로 - 교차로횡단보도내,승용,남,63세,상해없음,보행자,여,11세,중상
2023082100100508,2023년 8월 21일 18시,월요일,경상남도 사천시 동금동,중상사고,0,2,0,0,차대차 - 기타,교차로운행방법위반,건조,맑음,교차로 - 교차로안,승용,남,34세,상해없음,승용,남,26세,중상
2023082100100509,2023년 8월 21일 18시,월요일,경상남도 산청군 시천면,경상사고,0,0,1,0,차대차 - 측면충돌,교차로운행방법위반,건조,맑음,교차로 - 교차로안,승용,남,43세,상해없음,자전거,남,81세,경상
2023082100100510,2023년 8월 21일 18시,월요일,경상남도 김해시 신문동,경상사고,0,0,3,0,차대차 - 추돌,안전거리미확보,건조,맑음,교차로 - 교차로부근,승용,남,54세,상해없음,승용,남,58세,경상
2023082100100612,2023년 8월 21일 22시,월요일,경상남도 김해시 진영읍,경상사고,0,0,1,0,차대차 - 측면충돌,안전운전불이행,건조,맑음,단일로 - 기타,승용,남,25세,상해없음,승용,남,30세,경상
2023082200100021,2023년 8월 22일 01시,화요일,경상남도 고성군 고성읍,경상사고,0,0,1,0,차대사람 - 기타,안전운전불이행,건조,맑음,단일로 - 기타,기타불명,기타불명,미분류,기타불명,보행자,남,54세,경상