사고번호,사고일시,요일,시군구,사고내용,사망자수,중상자수,경상자수,부상신고자수,사고유형,법규위반,노면상태,기상상태,도로형태,가해운전자 차종,가해운전자 성별,가해운전자 연령,가해운전자 상해정도,피해운전자 차종,피해운전자 성별,피해운전자 연령,피해운전자 상해정도
2023082200100049,2023년 8월 22일 06시,화요일,경상남도 창원시 진해구 석동,경상사고,0,0,1,0,차대차 - 측면충돌,교차로운행방법위반,건조,맑음,교차로 - 교차로안,승용,남,56세,상해없음,승용,남,40세,경상
2023082200100050,2023년 8월 22일 06시,화요일,경상남도 밀양시 내이동,중상사고,0,1,0,0,차대사람 - 횡단중,기타,건조,맑음,교차로 - 교차로부근,승용,여,65세,상해없음,보행자,여,69세,중상
2023082200100051,2023년 8월 22일 06시,화요일,경상남도 김해시 삼방동,경상사고,0,0,1,0,차대차 - 측면충돌,교차로운행방법위반,건조,맑음,교차로 - 교차로안,승용,남,22세,상해없음,승용,남,63세,경상
2023082200100052,2023년 8월 22일 06시,화요일,경상남도 함안군 가야읍,중상사고,0,1,1,0,차대차 - 기타,신호위반,건조,맑음,교차로 - 교차로안,승용,남,71세,경상,승용,여,45세,중상
2023082200100112,2023년 8월 22일 08시,화요일,경상남도 창원시 마산합포구 해운동,경상사고,0,0,1,0,차대차 - 후진중충돌,안전운전불이행,건조,맑음,단일로 - 기타,승용,남,68세,상해없음,승용,여,58세,경상
2023082200100113,2023년 8월 22일 08시,화요일,경상남도 창원시 진해구 자은동,중상사고,0,1,0,0,차대차 - 추돌,안전운전불이행,건조,맑음,단일로 - 기타,자전거,남,28세,중상,승용,남,51세,상해없음
2023082200100115,2023년 8월 22일 08시,화요일,경상남도 밀양시 삼문동,경상사고,0,0,1,0,차대차 - 기타,안전운전불이행,건조,흐림,교차로 - 교차로안,승용,여,42세,상해없음,승용,여,53세,경상
2023082200100154,2023년 8월 22일 09시,화요일,경상남도 산청군 생초면,경상사고,0,0,1,0,차대차 - 측면충돌,직진우회전진행방해,건조,맑음,교차로 - 교차로안,이륜,여,67세,경상,화물,남,49세,상해없음
2023082200100177,2023년 8월 22일 10시,화요일,경상남도 함양군 함양읍,중상사고,0,1,0,0,차대사람 - 기타,안전운전불이행,건조,맑음,기타 - 기타,이륜,남,81세,상해없음,보행자,여,84세,중상
2023082200100178,2023년 8월 22일 10시,화요일,경상남도 고성군 회화면,중상사고,0,1,0,0,차대사람 - 차도통행중,안전운전불이행,건조,맑음,단일로 - 기타,승용,여,52세,상해없음,보행자,여,80세,중상
2023082200100179,2023년 8월 22일 10시,화요일,경상남도 김해시 신문동,중상사고,0,1,1,0,차대차 - 추돌,안전운전불이행,건조,맑음,교차로 - 교차로안,건설기계,남,56세,상해없음,승용,여,40세,중상
2023082200100210,2023년 8월 22일 11시,화요일,경상남도 김해시 진영읍,중상사고,0,1,0,0,차대차 - 추돌,안전운전불이행,건조,맑음,교차로 - 교차로부근,화물,남,38세,상해없음,승용,남,44세,중상
2023082200100243,2023년 8월 22일 12시,화요일,경상남도 창원시 진해구 남문동,경상사고,0,0,1,0,차대차 - 측면충돌,안전운전불이행,건조,맑음,교차로 - 교차로부근,특수,남,68세,상해없음,승용,남,28세,경상
2023082200100244,2023년 8월 22일 12시,화요일,경상남도 김해시 지내동,중상사고,0,1,0,0,차대차 - 측면충돌,신호위반,건조,맑음,단일로 - 기타,승용,남,51세,상해없음,이륜,남,25세,중상
2023082200100245,2023년 8월 22일 12시,화요일,경상남도 김해시 서상동,중상사고,0,1,0,0,차대사람 - 차도통행중,안전운전불이행,건조,맑음,단일로 - 기타,승용,여,65세,상해없음,보행자,여,71세,중상
2023082200100246,2023년 8월 22일 12시,화요일,경상남도 김해시 신문동,경상사고,0,0,3,0,차대차 - 측면충돌,안전운전불이행,건조,맑음,교차로 - 교차로안,승용,남,77세,경상,승합,남,33세,경상
2023082200100275,2023년 8월 22일 13시,화요일,경상남도 합천군 합천읍,경상사고,0,0,1,0,차대차 - 정면충돌,교차로운행방법위반,건조,맑음,교차로 - 교차로부근,개인형이동수단(PM),여,19세,경상,승용,남,66세,상해없음
2023082200100276,2023년 8월 22일 13시,화요일,경상남도 함안군 가야읍,경상사고,0,0,2,0,차대차 - 정면충돌,신호위반,건조,맑음,단일로 - 기타,화물,남,63세,경상,화물,남,51세,경상
2023082200100277,2023년 8월 22일 13시,화요일,경상남도 창원시 마산회원구 석전동,중상사고,0,1,0,0,차대차 - 측면충돌,안전운전불이행,건조,맑음,단일로 - 기타,승용,여,61세,상해없음,자전거,남,74세,중상
2023082200100311,2023년 8월 22일 14시,화요일,경상남도 진주시 진성면,사망사고,1,0,0,0,차대차 - 측면충돌,안전운전불이행,건조,맑음,단일로 - 기타,승용,남,31세,상해없음,화물,남,65세,사망
2023082200100312,2023년 8월 22일 14시,화요일,경상남도 김해시 봉황동,경상사고,0,0,1,0,차대차 - 기타,중앙선침범,건조,맑음,교차로 - 교차로안,승용,여,65세,상해없음,승용,남,29세,경상
2023082200100346,2023년 8월 22일 15시,화요일,경상남도 거제시 고현동,경상사고,0,0,1,0,차대차 - 기타,교차로운행방법위반,건조,맑음,교차로 - 교차로안,승용,남,56세,상해없음,승용,남,38세,경상
2023082200100347,2023년 8월 22일 15시,화요일,경상남도 김해시 진영읍,중상사고,0,1,0,0,차대차 - 측면충돌,안전운전불이행,건조,맑음,단일로 - 기타,승용,여,52세,상해없음,자전거,남,93세,중상
2023082200100397,2023년 8월 22일 16시,화요일,경상남도 창원시 마산합포구 진동면,경상사고,0,0,1,0,차량단독 - 전도전복 - 전복,안전운전불이행,건조,맑음,기타 - 기타,승용,남,81세,경상,,,,
2023082200100446,2023년 8월 22일 17시,화요일,경상남도 양산시 산막동,경상사고,0,0,1,0,차대차 - 측면충돌,신호위반,건조,맑음,단일로 - 기타,승용,남,36세,상해없음,승용,여,66세,경상
2023082200100447,2023년 8월 22일 17시,화요일,경상남도 양산시 삼호동,경상사고,0,0,1,0,차대차 - 기타,교차로운행방법위반,건조,맑음,교차로 - 교차로안,승용,여,40세,상해없음,승용,남,59세,경상
2023082200100448,2023년 8월 22일 17시,화요일,경상남도 창원시 의창구 봉곡동,경상사고,0,0,1,0,차대차 - 기타,안전운전불이행,건조,맑음,교차로 - 교차로부근,승용,여,44세,기타불명,자전거,남,71세,경상
2023082200100485,2023년 8월 22일 18시,화요일,경상남도 거제시 옥포동,경상사고,0,0,1,0,차대차 - 기타,안전운전불이행,건조,맑음,단일로 - 기타,이륜,남,30세,경상,승용,남,62세,상해없음
2023082200100486,2023년 8월 22일 18시,화요일,경상남도 김해시 흥동,경상사고,0,0,4,0,차대차 - 측면충돌,기타,건조,맑음,교차로 - 교차로안,승용,남,64세,상해없음,승용,여,56세,경상
2023082200100533,2023년 8월 22일 19시,화요일,경상남도 통영시 무전동,경상사고,0,0,1,0,차대차 - 기타,신호위반,건조,맑음,교차로 - 교차로부근,승용,여,40세,상해없음,승용,남,53세,상해없음
2023082200100534,2023년 8월 22일 19시,화요일,경상남도 양산시 상북면,경상사고,0,0,1,0,차대차 - 추돌,안전거리미확보,건조,맑음,교차로 - 교차로안,원동기,남,59세,경상,화물,남,59세,상해없음
2023082200100569,2023년 8월 22일 20시,화요일,경상남도 창원시 진해구 자은동,경상사고,0,0,2,0,차대사람 - 횡단중,보행자보호의무위반,건조,맑음,교차로 - 교차로횡단보도내,승용,남,57세,상해없음,보행자,여,24세,경상
2023082200100570,2023년 8월 22일 20시,화요일,경상남도 창원시 성산구 신월동,경상사고,0,0,1,0,차대사람 - 횡단중,보행자보호의무위반,건조,맑음,교차로 - 교차로횡단보도내,이륜,남,40세,상해없음,보행자,여,53세,경상
2023082200100634,2023년 8월 22일 23시,화요일,경상남도 통영시 태평동,경상사고,0,0,1,0,차대차 - 추돌,안전운전불이행,건조,맑음,교차로 - 교차로부근,승용,남,56세,상해없음,승용,남,34세,경상
2023082300100015,2023년 8월 23일 01시,수요일,경상남도 창원시 의창구 서상동,경상사고,0,0,1,0,차대차 - 정면충돌,안전운전불이행,건조,맑음,단일로 - 기타,승용,여,30세,상해없음,승용,남,53세,경상
2023082300100043,2023년 8월 23일 06시,수요일,경상남도 김해시 흥동,경상사고,0,0,1,0,차대차 - 측면충돌,불법유턴,건조,맑음,단일로 - 기타,자전거,여,80세,경상,승용,남,44세,상해없음
2023082300100060,2023년 8월 23일 07시,수요일,경상남도 거제시 고현동,중상사고,0,1,0,0,차대차 - 추돌,안전운전불이행,건조,맑음,기타 - 기타,이륜,남,36세,상해없음,이륜,여,52세,중상
2023082300100061,2023년 8월 23일 07시,수요일,경상남도 거제시 상동동,경상사고,0,0,1,0,차대차 - 추돌,안전거리미확보,건조,맑음,교차로 - 교차로부근,이륜,남,35세,경상,승용,여,51세,상해없음
2023082300100062,2023년 8월 23일 07시,수요일,경상남도 함안군 가야읍,중상사고,0,1,0,0,차대사람 - 기타,안전운전불이행,건조,맑음,단일로 - 기타,화물,남,64세,상해없음,보행자,여,82세,중상
2023082300100063,2023년 8월 23일 07시,수요일,경상남도 창원시 마산회원구 내서읍,경상사고,0,0,1,0,차대차 - 측면충돌,신호위반,건조,맑음,교차로 - 교차로안,승용,여,44세,상해없음,승용,남,28세,경상
2023082300100064,2023년 8월 23일 07시,수요일,경상남도 함안군 칠원읍,사망사고,1,0,1,0,차대차 - 추돌,안전운전불이행,건조,맑음,단일로 - 기타,특수,남,68세,사망,화물,남,56세,경상
2023082300100100,2023년 8월 23일 08시,수요일,경상남도 창원시 진해구 경화동,경상사고,0,0,1,2,차대차 - 기타,직진우회전진행방해,건조,맑음,교차로 - 교차로안,승용,여,40세,부상신고,승용,여,65세,경상
2023082300100101,2023년 8월 23일 08시,수요일,경상남도 밀양시 내이동,경상사고,0,0,1,1,차대차 - 측면충돌,교차로운행방법위반,건조,맑음,교차로 - 교차로안,승용,여,65세,부상신고,승용,여,45세,경상
2023082300100130,2023년 8월 23일 09시,수요일,경상남도 창원시 성산구 용호동,부상신고사고,0,0,0,1,차대사람 - 기타,안전운전불이행,건조,맑음,단일로 - 기타,자전거,여,52세,상해없음,보행자,여,46세,부상신고
2023082300100161,2023년 8월 23일 10시,수요일,경상남도 김해시 무계동,중상사고,0,1,0,0,차대사람 - 차도통행중,안전운전불이행,건조,맑음,교차로 - 교차로안,승용,남,74세,상해없음,보행자,남,70세,중상
2023082300100189,2023년 8월 23일 11시,수요일,경상남도 남해군 남해읍,중상사고,0,1,0,0,차대사람 - 횡단중,보행자보호의무위반,건조,맑음,교차로 - 교차로횡단보도내,화물,남,62세,상해없음,보행자,남,83세,중상
2023082300100224,2023년 8월 23일 12시,수요일,경상남도 거제시 사등면,부상신고사고,0,0,0,1,차대차 - 측면충돌,안전운전불이행,건조,맑음,교차로 - 교차로안,이륜,남,30세,부상신고,승용,남,57세,상해없음
2023082300100252,2023년 8월 23일 13시,수요일,경상남도 밀양시 산내면,중상사고,0,2,6,0,차대차 - 정면충돌,중앙선침범,건조,맑음,단일로 - 기타,승용,남,18세,경상,승용,남,67세,중상
2023082300100253,2023년 8월 23일 13시,수요일,경상남도 양산시 소주동,경상사고,0,0,1,0,차대차 - 정면충돌,중앙선침범,건조,맑음,단일로 - 기타,승용,남,22세,상해없음,승용,남,45세,경상
2023082300100254,2023년 8월 23일 13시,수요일,경상남도 김해시 진영읍,경상사고,0,0,2,0,차대차 - 정면충돌,안전운전불이행,건조,맑음,교차로 - 교차로안,이륜,남,48세,상해없음,특수,남,26세,경상
2023082300100290,2023년 8월 23일 14시,수요일,경상남도 의령군 의령읍,경상사고,0,0,1,0,차대사람 - 차도통행중,직진우회전진행방해,건조,맑음,교차로 - 교차로안,승용,남,59세,상해없음,보행자,남,85세,경상
2023082300100313,2023년 8월 23일 15시,수요일,경상남도 남해군 상주면,부상신고사고,0,0,0,1,차대차 - 측면충돌,안전운전불이행,건조,맑음,단일로 - 기타,승용,여,27세,상해없음,자전거,여,63세,부상신고
2023082300100346,2023년 8월 23일 16시,수요일,경상남도 창원시 진해구 석동,경상사고,0,0,1,0,차대차 - 측면충돌,안전운전불이행,건조,맑음,교차로 - 교차로안,승용,여,31세,상해없음,원동기,남,44세,경상
2023082300100347,2023년 8월 23일 16시,수요일,경상남도 창원시 진해구 송학동,중상사고,0,1,1,0,차대차 - 측면충돌,차로위반,젖음/습기,흐림,단일로 - 기타,승용,여,56세,경상,승용,여,62세,중상
2023082300100348,2023년 8월 23일 16시,수요일,경상남도 거제시 고현동,경상사고,0,0,1,0,차대사람 - 횡단중,보행자보호의무위반,건조,맑음,단일로 - 기타,승용,남,55세,상해없음,보행자,남,23세,경상
2023082300100349,2023년 8월 23일 16시,수요일,경상남도 함안군 칠원읍,경상사고,0,0,1,0,차대차 - 추돌,안전거리미확보,건조,맑음,단일로 - 터널,승용,남,51세,상해없음,승용,남,36세,상해없음
2023082300100378,2023년 8월 23일 17시,수요일,경상남도 창원시 진해구 자은동,중상사고,0,1,0,0,차대차 - 기타,안전운전불이행,건조,맑음,교차로 - 교차로횡단보도내,승용,남,57세,상해없음,자전거,남,17세,중상
2023082300100379,2023년 8월 23일 17시,수요일,경상남도 통영시 정량동,경상사고,0,0,1,0,차대사람 - 횡단중,보행자보호의무위반,건조,맑음,교차로 - 교차로횡단보도내,승용,여,61세,상해없음,보행자,남,52세,경상
2023082300100380,2023년 8월 23일 17시,수요일,경상남도 거창군 거창읍,경상사고,0,0,1,0,차대차 - 측면충돌,안전운전불이행,건조,맑음,교차로 - 교차로횡단보도내,승용,여,59세,상해없음,자전거,남,12세,경상
2023082300100411,2023년 8월 23일 18시,수요일,경상남도 양산시 물금읍,중상사고,0,1,0,0,차대사람 - 횡단중,신호위반,건조,맑음,교차로 - 교차로횡단보도내,이륜,남,49세,상해없음,보행자,여,6세,중상
2023082300100463,2023년 8월 23일 19시,수요일,경상남도 양산시 평산동,경상사고,0,0,2,0,차대차 - 기타,신호위반,건조,맑음,교차로 - 교차로안,화물,남,42세,경상,화물,남,64세,경상
2023082300100464,2023년 8월 23일 19시,수요일,경상남도 창원시 마산회원구 석전동,부상신고사고,0,0,0,1,차대사람 - 기타,기타,건조,맑음,단일로 - 기타,승합,남,61세,상해없음,보행자,여,28세,부상신고
2023082300100465,2023년 8월 23일 19시,수요일,경상남도 창원시 의창구 팔용동,경상사고,0,0,1,0,차대사람 - 횡단중,보행자보호의무위반,건조,맑음,교차로 - 교차로횡단보도내,승용,남,31세,상해없음,보행자,여,73세,경상
2023082300100496,2023년 8월 23일 20시,수요일,경상남도 사천시 노룡동,중상사고,0,1,1,0,차대차 - 정면충돌,중앙선침범,젖음/습기,비,단일로 - 기타,승용,남,41세,중상,승용,여,49세,경상
2023082300100521,2023년 8월 23일 21시,수요일,경상남도 창원시 마산합포구 월남동5가,중상사고,0,1,0,0,차대사람 - 기타,안전운전불이행,젖음/습기,비,단일로 - 기타,승용,남,64세,상해없음,보행자,남,54세,중상
2023082300100522,2023년 8월 23일 21시,수요일,경상남도 진주시 충무공동,경상사고,0,0,1,0,차대사람 - 횡단중,안전운전불이행,젖음/습기,비,교차로 - 교차로횡단보도내,승용,여,34세,상해없음,보행자,여,62세,경상
2023082300100523,2023년 8월 23일 21시,수요일,경상남도 거제시 장평동,경상사고,0,0,1,0,차대차 - 측면충돌,안전거리미확보,젖음/습기,흐림,단일로 - 기타,승용,여,43세,상해없음,자전거,남,48세,경상
2023082300100524,2023년 8월 23일 21시,수요일,경상남도 창원시 성산구 상남동,경상사고,0,0,2,0,차대차 - 측면충돌,안전운전불이행,건조,맑음,단일로 - 기타,승용,여,58세,상해없음,승용,남,53세,경상
2023082300100525,2023년 8월 23일 21시,수요일,경상남도 창원시 마산회원구 양덕동,경상사고,0,0,1,0,차대사람 - 차도통행중,안전운전불이행,젖음/습기,비,교차로 - 교차로안,승용,남,61세,상해없음,보행자,남,19세,경상
2023082300100568,2023년 8월 23일 23시,수요일,경상남도 양산시 상북면,경상사고,0,0,2,0,차대차 - 기타,안전운전불이행,젖음/습기,비,단일로 - 기타,화물,남,52세,상해없음,승용,여,41세,경상
2023082300100569,2023년 8월 23일 23시,수요일,경상남도 창원시 성산구 신월동,경상사고,0,0,1,0,차대차 - 추돌,안전운전불이행,젖음/습기,비,교차로 - 교차로부근,승용,남,38세,상해없음,승용,여,29세,경상
2023082400100006,2023년 8월 24일 00시,목요일,경상남도 통영시 광도면,경상사고,0,0,1,0,차대사람 - 기타,안전운전불이행,건조,기타,교차로 - 교차로안,승용,남,63세,상해없음,보행자,남,31세,경상
2023082400100007,2023년 8월 24일 00시,목요일,경상남도 함안군 군북면,경상사고,0,0,1,0,차대차 - 측면충돌,안전운전불이행,젖음/습기,비,단일로 - 기타,승용,여,47세,상해없음,화물,남,63세,경상
2023082400100045,2023년 8월 24일 05시,목요일,경상남도 김해시 부곡동,중상사고,0,1,0,0,차대사람 - 횡단중,신호위반,젖음/습기,비,교차로 - 교차로안,승용,남,58세,상해없음,보행자,남,77세,중상
2023082400100052,2023년 8월 24일 06시,목요일,경상남도 김해시 진례면,경상사고,0,0,1,0,차대차 - 기타,안전운전불이행,젖음/습기,비,단일로 - 기타,승용,남,51세,상해없음,승용,여,49세,경상
2023082400100061,2023년 8월 24일 06시,목요일,경상남도 합천군 청덕면,중상사고,0,1,0,0,차량단독 - 공작물충돌,안전운전불이행,젖음/습기,비,단일로 - 기타,승용,남,73세,중상,,,,
2023082400100062,2023년 8월 24일 06시,목요일,경상남도 창원시 의창구 서상동,경상사고,0,0,1,0,차대차 - 추돌,안전거리미확보,젖음/습기,비,교차로 - 교차로부근,승용,남,54세,상해없음,승용,여,49세,경상
2023082400100085,2023년 8월 24일 07시,목요일,경상남도 통영시 광도면,경상사고,0,0,2,0,차대차 - 추돌,차로위반,젖음/습기,비,단일로 - 기타,건설기계,남,43세,상해없음,화물,남,51세,경상
2023082400100086,2023년 8월 24일 07시,목요일,경상남도 밀양시 청도면,경상사고,0,0,1,2,차대차 - 측면충돌,신호위반,젖음/습기,흐림,교차로 - 교차로안,승용,남,45세,부상신고,화물,남,49세,경상
2023082400100087,2023년 8월 24일 07시,목요일,경상남도 밀양시 산내면,중상사고,0,1,1,1,차량단독 - 공작물충돌,안전운전불이행,젖음/습기,비,단일로 - 기타,승용,남,24세,부상신고,,,,
2023082400100089,2023년 8월 24일 07시,목요일,경상남도 창원시 의창구 명서동,경상사고,0,0,1,0,차대차 - 추돌,안전거리미확보,젖음/습기,비,단일로 - 기타,승용,남,37세,상해없음,승용,남,69세,경상
2023082400100122,2023년 8월 24일 08시,목요일,경상남도 창녕군 계성면,중상사고,0,2,3,0,차대차 - 측면충돌,직진우회전진행방해,젖음/습기,흐림,교차로 - 교차로안,승용,남,65세,중상,승합,남,65세,중상
2023082400100123,2023년 8월 24일 08시,목요일,경상남도 산청군 신안면,경상사고,0,0,1,0,차량단독 - 공작물충돌,안전운전불이행,젖음/습기,비,단일로 - 기타,승용,여,43세,경상,,,,
2023082400100124,2023년 8월 24일 08시,목요일,경상남도 김해시 내덕동,경상사고,0,0,2,0,차대차 - 측면충돌,안전운전불이행,젖음/습기,비,단일로 - 기타,화물,남,36세,상해없음,승용,여,37세,경상
2023082400100152,2023년 8월 24일 09시,목요일,경상남도 사천시 사천읍,중상사고,0,1,0,0,차대차 - 추돌,안전거리미확보,젖음/습기,흐림,단일로 - 지하차도(도로)내,특수,남,62세,상해없음,화물,남,60세,상해없음
2023082400100153,2023년 8월 24일 09시,목요일,경상남도 창원시 의창구 명서동,경상사고,0,0,1,0,차대차 - 추돌,직진우회전진행방해,젖음/습기,비,교차로 - 교차로부근,승용,여,29세,상해없음,이륜,남,69세,경상
2023082400100164,2023년 8월 24일 10시,목요일,경상남도 양산시 하북면,부상신고사고,0,0,0,1,차대차 - 추돌,안전거리미확보,건조,맑음,단일로 - 기타,승용,남,26세,상해없음,승용,남,39세,부상신고
2023082400100174,2023년 8월 24일 10시,목요일,경상남도 창원시 진해구 경화동,경상사고,0,0,1,0,차대차 - 측면충돌,안전운전불이행,젖음/습기,비,교차로 - 교차로안,승합,남,63세,상해없음,이륜,남,70세,경상
2023082400100175,2023년 8월 24일 10시,목요일,경상남도 창원시 진해구 죽곡동,경상사고,0,0,1,0,차대차 - 측면충돌,안전운전불이행,젖음/습기,비,단일로 - 기타,승용,남,36세,상해없음,승용,여,44세,경상
2023082400100176,2023년 8월 24일 10시,목요일,경상남도 김해시 불암동,중상사고,0,1,0,0,차대차 - 기타,안전거리미확보,젖음/습기,비,단일로 - 교량,화물,남,29세,상해없음,원동기,남,59세,중상
2023082400100188,2023년 8월 24일 11시,목요일,경상남도 김해시 진례면,경상사고,0,0,1,0,차대차 - 측면충돌,안전거리미확보,건조,맑음,단일로 - 기타,승용,남,42세,상해없음,화물,여,60세,경상
2023082400100201,2023년 8월 24일 11시,목요일,경상남도 통영시 미수동,경상사고,0,0,1,0,차대차 - 측면충돌,직진우회전진행방해,젖음/습기,비,교차로 - 교차로안,승용,여,39세,상해없음,승용,남,73세,경상
2023082400100202,2023년 8월 24일 11시,목요일,경상남도 거창군 거창읍,중상사고,0,1,0,0,차대차 - 측면충돌,직진우회전진행방해,젖음/습기,비,교차로 - 교차로안,승용,남,60세,중상,승용,여,47세,상해없음
2023082400100203,2023년 8월 24일 11시,목요일,경상남도 창원시 성산구 남산동,중상사고,0,1,0,0,차대차 - 기타,안전운전불이행,건조,맑음,기타 - 기타,화물,남,65세,상해없음,이륜,남,39세,중상
2023082400100204,2023년 8월 24일 11시,목요일,경상남도 함양군 수동면,사망사고,1,0,0,0,차대차 - 추돌,안전운전불이행,젖음/습기,비,단일로 - 교량,화물,남,55세,사망,화물,남,63세,상해없음
2023082400100300,2023년 8월 24일 14시,목요일,경상남도 통영시 무전동,중상사고,0,1,0,0,차대사람 - 횡단중,안전운전불이행,건조,맑음,교차로 - 교차로안,승용,남,39세,상해없음,보행자,여,50세,중상
2023082400100301,2023년 8월 24일 14시,목요일,경상남도 의령군 대의면,중상사고,0,3,1,0,차량단독 - 공작물충돌,안전운전불이행,젖음/습기,비,단일로 - 기타,승용,남,47세,중상,,,,
2023082400100337,2023년 8월 24일 15시,목요일,경상남도 김해시 봉황동,경상사고,0,0,1,0,차대차 - 측면충돌,직진우회전진행방해,젖음/습기,비,교차로 - 교차로안,승용,남,54세,상해없음,승용,남,42세,경상
2023082400100338,2023년 8월 24일 15시,목요일,경상남도 창원시 마산합포구 산호동,경상사고,0,0,1,0,차대차 - 측면충돌,안전운전불이행,젖음/습기,비,기타 - 기타,승용,남,64세,기타불명,승용,남,31세,경상
2023082400100409,2023년 8월 24일 17시,목요일,경상남도 창녕군 고암면,중상사고,0,1,0,0,차대차 - 정면충돌,안전운전불이행,젖음/습기,비,단일로 - 기타,자전거,남,35세,중상,화물,남,73세,상해없음
2023082400100451,2023년 8월 24일 18시,목요일,경상남도 진주시 평거동,경상사고,0,0,2,0,차대차 - 측면충돌,신호위반,젖음/습기,비,교차로 - 교차로안,승용,여,55세,상해없음,승용,여,29세,경상
2023082400100452,2023년 8월 24일 18시,목요일,경상남도 김해시 동상동,경상사고,0,0,3,0,차대차 - 측면충돌,중앙선침범,젖음/습기,비,단일로 - 기타,승용,남,57세,상해없음,승용,남,54세,상해없음
2023082400100453,2023년 8월 24일 18시,목요일,경상남도 김해시 지내동,경상사고,0,0,1,0,차대차 - 측면충돌,교차로운행방법위반,건조,맑음,교차로 - 교차로안,승용,남,26세,기타불명,승용,여,30세,경상
2023082400100454,2023년 8월 24일 18시,목요일,경상남도 김해시 부원동,경상사고,0,0,1,0,차대차 - 측면충돌,신호위반,젖음/습기,비,교차로 - 교차로부근,승합,남,52세,상해없음,승용,남,45세,경상
2023082400100494,2023년 8월 24일 19시,목요일,경상남도 창원시 성산구 상남동,경상사고,0,0,2,0,차대사람 - 기타,보행자보호의무위반,젖음/습기,비,교차로 - 교차로횡단보도내,이륜,남,53세,상해없음,보행자,여,44세,경상
2023082400100535,2023년 8월 24일 20시,목요일,경상남도 창원시 진해구 용원동,중상사고,0,2,1,0,차대차 - 측면충돌,안전운전불이행,젖음/습기,비,교차로 - 교차로횡단보도내,승용,여,69세,상해없음,승용,남,57세,경상
2023082400100536,2023년 8월 24일 20시,목요일,경상남도 창원시 진해구 안골동,경상사고,0,0,3,0,차대차 - 측면충돌,교차로운행방법위반,건조,맑음,교차로 - 교차로안,승용,남,21세,상해없음,승용,여,31세,경상
2023082400100561,2023년 8월 24일 21시,목요일,경상남도 사천시 용현면,경상사고,0,0,1,0,차대차 - 측면충돌,안전거리미확보,젖음/습기,맑음,단일로 - 지하차도(도로)내,승용,남,51세,상해없음,특수,남,66세,경상
2023082400100581,2023년 8월 24일 22시,목요일,경상남도 통영시 무전동,경상사고,0,0,2,0,차대차 - 정면충돌,중앙선침범,젖음/습기,비,교차로 - 교차로부근,승용,남,28세,상해없음,승용,여,58세,경상
2023082400100582,2023년 8월 24일 22시,목요일,경상남도 함안군 칠원읍,경상사고,0,0,1,0,차대차 - 측면충돌,신호위반,젖음/습기,비,교차로 - 교차로안,승용,남,64세,상해없음,승용,남,44세,경상
2023082400100583,2023년 8월 24일 22시,목요일,경상남도 김해시 대청동,경상사고,0,0,1,0,차대사람 - 횡단중,보행자보호의무위반,젖음/습기,비,교차로 - 교차로안,이륜,남,35세,상해없음,보행자,남,47세,경상
2023082400100593,2023년 8월 24일 23시,목요일,경상남도 김해시 진영읍,경상사고,0,0,1,0,차대차 - 측면충돌,차로위반,젖음/습기,비,단일로 - 기타,화물,남,58세,상해없음,화물,남,52세,경상
2023082500100004,2023년 8월 25일 00시,금요일,경상남도 김해시 대동면,경상사고,0,0,1,0,차대차 - 측면충돌,안전거리미확보,젖음/습기,비,단일로 - 기타,승용,남,29세,상해없음,승용,남,77세,경상
2023082500100011,2023년 8월 25일 00시,금요일,경상남도 창원시 진해구 장천동,중상사고,0,1,0,0,차량단독 - 공작물충돌,안전운전불이행,젖음/습기,비,단일로 - 기타,승용,남,28세,중상,,,,
2023082500100022,2023년 8월 25일 02시,금요일,경상남도 김해시 내동,경상사고,0,0,1,0,차량단독 - 공작물충돌,안전운전불이행,젖음/습기,비,단일로 - 기타,승용,남,23세,경상,,,,
2023082500100046,2023년 8월 25일 05시,금요일,경상남도 김해시 풍유동,중상사고,0,1,0,0,차대차 - 기타,안전운전불이행,젖음/습기,비,교차로 - 교차로부근,승용,남,55세,중상,승용,남,49세,상해없음
2023082500100086,2023년 8월 25일 07시,금요일,경상남도 창원시 의창구 팔용동,경상사고,0,0,1,0,차대차 - 측면충돌,교차로운행방법위반,건조,맑음,교차로 - 교차로안,승용,남,64세,상해없음,개인형이동수단(PM),남,34세,경상
2023082500100130,2023년 8월 25일 08시,금요일,경상남도 창원시 진해구 용원동,경상사고,0,0,1,1,차대차 - 측면충돌,신호위반,건조,맑음,교차로 - 교차로안,특수,남,59세,부상신고,화물,남,66세,경상
2023082500100131,2023년 8월 25일 08시,금요일,경상남도 통영시 정량동,경상사고,0,0,1,0,차대차 - 측면충돌,안전운전불이행,건조,맑음,교차로 - 교차로안,화물,남,42세,상해없음,이륜,남,81세,경상
2023082500100132,2023년 8월 25일 08시,금요일,경상남도 밀양시 상남면,중상사고,0,1,1,0,차대차 - 측면충돌,교차로운행방법위반,건조,맑음,교차로 - 교차로안,승용,남,64세,경상,화물,남,65세,중상
2023082500100245,2023년 8월 25일 11시,금요일,경상남도 거제시 사등면,경상사고,0,0,1,0,차대사람 - 기타,안전운전불이행,건조,맑음,주차장 - 주차장,승합,남,60세,상해없음,보행자,여,70세,경상