사고번호,사고일시,요일,시군구,사고내용,사망자수,중상자수,경상자수,부상신고자수,사고유형,법규위반,노면상태,기상상태,도로형태,가해운전자 차종,가해운전자 성별,가해운전자 연령,가해운전자 상해정도,피해운전자 차종,피해운전자 성별,피해운전자 연령,피해운전자 상해정도
2023082900100312,2023년 8월 29일 14시,화요일,경상남도 양산시 삼호동,경상사고,0,0,1,0,차대차 - 측면충돌,신호위반,젖음/습기,흐림,교차로 - 교차로안,승용,여,42세,기타불명,승용,남,77세,경상
2023082900100313,2023년 8월 29일 14시,화요일,경상남도 창원시 의창구 동읍,경상사고,0,0,1,0,차대차 - 추돌,안전거리미확보,젖음/습기,비,교차로 - 교차로안,특수,남,39세,상해없음,승용,여,53세,경상
2023082900100340,2023년 8월 29일 15시,화요일,경상남도 사천시 사천읍,경상사고,0,0,1,0,차대차 - 추돌,안전운전불이행,건조,맑음,단일로 - 기타,원동기,남,44세,경상,화물,남,74세,상해없음
2023082900100416,2023년 8월 29일 17시,화요일,경상남도 김해시 삼계동,경상사고,0,0,2,0,차대차 - 추돌,안전운전불이행,젖음/습기,비,단일로 - 기타,이륜,남,19세,상해없음,승용,남,27세,경상
2023082900100417,2023년 8월 29일 17시,화요일,경상남도 양산시 북정동,경상사고,0,0,1,0,차대차 - 측면충돌,안전거리미확보,건조,맑음,교차로 - 교차로부근,승용,여,54세,상해없음,승용,여,37세,경상
2023082900100418,2023년 8월 29일 17시,화요일,경상남도 창원시 마산회원구 석전동,경상사고,0,0,1,0,차대차 - 측면충돌,안전운전불이행,젖음/습기,비,단일로 - 기타,승용,남,78세,상해없음,원동기,남,32세,경상
2023082900100470,2023년 8월 29일 18시,화요일,경상남도 통영시 무전동,경상사고,0,0,2,0,차대차 - 측면충돌,중앙선침범,건조,맑음,교차로 - 교차로부근,승용,여,47세,상해없음,이륜,남,18세,경상
2023082900100471,2023년 8월 29일 18시,화요일,경상남도 창원시 마산회원구 석전동,경상사고,0,0,1,0,차대차 - 정면충돌,안전운전불이행,젖음/습기,비,단일로 - 기타,승용,남,62세,상해없음,승용,여,27세,경상
2023082900100515,2023년 8월 29일 19시,화요일,경상남도 사천시 사천읍,경상사고,0,0,1,0,차대차 - 측면충돌,안전거리미확보,건조,맑음,교차로 - 교차로안,승용,여,56세,상해없음,승용,남,27세,경상
2023082900100516,2023년 8월 29일 19시,화요일,경상남도 김해시 부원동,중상사고,0,1,1,0,차대차 - 추돌,안전운전불이행,젖음/습기,비,교차로 - 교차로부근,승용,여,30세,상해없음,승용,남,65세,중상
2023082900100517,2023년 8월 29일 19시,화요일,경상남도 합천군 적중면,부상신고사고,0,0,0,1,차량단독 - 기타,안전운전불이행,건조,맑음,단일로 - 기타,화물,남,56세,부상신고,,,,
2023082900100518,2023년 8월 29일 19시,화요일,경상남도 창원시 마산회원구 회원동,중상사고,0,1,0,0,차대사람 - 길가장자리구역통행중,안전운전불이행,젖음/습기,비,단일로 - 기타,승용,남,67세,상해없음,보행자,여,84세,중상
2023082900100583,2023년 8월 29일 22시,화요일,경상남도 진주시 인사동,경상사고,0,0,1,0,차대차 - 측면충돌,신호위반,건조,맑음,교차로 - 교차로안,승용,여,29세,상해없음,승합,남,51세,경상
2023082900100584,2023년 8월 29일 22시,화요일,경상남도 양산시 평산동,경상사고,0,0,1,0,차대차 - 정면충돌,신호위반,젖음/습기,비,교차로 - 교차로안,승용,남,53세,기타불명,이륜,남,30세,경상
2023083000100039,2023년 8월 30일 03시,수요일,경상남도 사천시 동림동,경상사고,0,0,1,0,차량단독 - 공작물충돌,안전운전불이행,젖음/습기,비,교차로 - 교차로안,승용,남,70세,상해없음,,,,
2023083000100053,2023년 8월 30일 05시,수요일,경상남도 사천시 선구동,중상사고,0,1,0,0,차대차 - 기타,신호위반,젖음/습기,흐림,교차로 - 교차로안,승용,여,65세,상해없음,이륜,남,69세,중상
2023083000100081,2023년 8월 30일 07시,수요일,경상남도 창원시 진해구 죽곡동,경상사고,0,0,1,0,차대차 - 측면충돌,안전운전불이행,건조,맑음,교차로 - 교차로안,승용,기타불명,미분류,기타불명,건설기계,남,65세,경상
2023083000100114,2023년 8월 30일 08시,수요일,경상남도 하동군 하동읍,경상사고,0,0,2,0,차대차 - 측면충돌,직진우회전진행방해,젖음/습기,비,교차로 - 교차로안,승용,여,39세,경상,승용,여,49세,경상
2023083000100115,2023년 8월 30일 08시,수요일,경상남도 창원시 의창구 서상동,중상사고,0,1,0,0,차대차 - 측면충돌,안전운전불이행,건조,맑음,주차장 - 주차장,승용,남,65세,상해없음,승용,남,35세,중상
2023083000100116,2023년 8월 30일 08시,수요일,경상남도 김해시 진영읍,경상사고,0,0,1,0,차대사람 - 차도통행중,안전운전불이행,젖음/습기,비,단일로 - 기타,이륜,남,24세,상해없음,보행자,남,34세,경상
2023083000100149,2023년 8월 30일 09시,수요일,경상남도 양산시 물금읍,경상사고,0,0,1,0,차대차 - 측면충돌,안전운전불이행,젖음/습기,비,단일로 - 기타,건설기계,남,61세,상해없음,승용,여,32세,경상
2023083000100150,2023년 8월 30일 09시,수요일,경상남도 김해시 흥동,중상사고,0,3,1,0,차대차 - 측면충돌,신호위반,기타,비,교차로 - 교차로안,승용,여,52세,상해없음,승용,남,65세,경상
2023083000100182,2023년 8월 30일 10시,수요일,경상남도 거제시 사등면,부상신고사고,0,0,0,1,차량단독 - 공작물충돌,안전운전불이행,젖음/습기,흐림,기타 - 기타,화물,남,35세,부상신고,,,,
2023083000100210,2023년 8월 30일 11시,수요일,경상남도 양산시 유산동,경상사고,0,0,2,0,차대차 - 측면충돌,신호위반,건조,맑음,교차로 - 교차로안,승합,여,62세,상해없음,승용,여,60세,경상
2023083000100275,2023년 8월 30일 13시,수요일,경상남도 창원시 진해구 풍호동,경상사고,0,0,1,0,차대차 - 추돌,안전운전불이행,젖음/습기,비,단일로 - 기타,원동기,남,30세,경상,승합,남,45세,상해없음
2023083000100276,2023년 8월 30일 13시,수요일,경상남도 사천시 송포동,경상사고,0,0,2,0,차대차 - 추돌,안전운전불이행,건조,맑음,단일로 - 기타,승용,남,29세,상해없음,승용,여,63세,경상
2023083000100277,2023년 8월 30일 13시,수요일,경상남도 거제시 상동동,경상사고,0,0,1,0,차대차 - 추돌,안전운전불이행,건조,맑음,기타 - 기타,승용,남,23세,상해없음,승용,여,46세,경상
2023083000100278,2023년 8월 30일 13시,수요일,경상남도 창원시 의창구 동읍,경상사고,0,0,5,0,차대차 - 측면충돌,교차로운행방법위반,젖음/습기,비,교차로 - 교차로안,화물,남,70세,상해없음,승용,남,34세,경상
2023083000100279,2023년 8월 30일 13시,수요일,경상남도 합천군 가야면,중상사고,0,1,0,0,차대차 - 추돌,안전운전불이행,젖음/습기,비,단일로 - 터널,화물,남,63세,상해없음,화물,남,58세,상해없음
2023083000100310,2023년 8월 30일 14시,수요일,경상남도 김해시 삼계동,경상사고,0,0,1,0,차대사람 - 기타,안전운전불이행,젖음/습기,비,단일로 - 기타,승용,여,68세,상해없음,보행자,여,9세,경상
2023083000100311,2023년 8월 30일 14시,수요일,경상남도 거제시 거제면,경상사고,0,0,1,0,차대차 - 측면충돌,안전운전불이행,건조,맑음,교차로 - 교차로안,승용,여,37세,상해없음,승용,여,45세,경상
2023083000100340,2023년 8월 30일 15시,수요일,경상남도 창원시 진해구 용원동,중상사고,0,1,0,0,차대차 - 측면충돌,안전운전불이행,건조,맑음,단일로 - 기타,화물,남,54세,상해없음,이륜,남,49세,중상
2023083000100341,2023년 8월 30일 15시,수요일,경상남도 창원시 성산구 외동,경상사고,0,0,1,0,차대차 - 추돌,안전운전불이행,건조,맑음,교차로 - 교차로부근,승용,남,63세,상해없음,승용,남,38세,경상
2023083000100342,2023년 8월 30일 15시,수요일,경상남도 창원시 의창구 대산면,경상사고,0,0,1,0,차대차 - 측면충돌,교차로운행방법위반,젖음/습기,비,교차로 - 교차로안,승용,남,70세,상해없음,승용,남,35세,경상
2023083000100457,2023년 8월 30일 18시,수요일,경상남도 창원시 의창구 봉곡동,경상사고,0,0,1,0,차대차 - 측면충돌,안전운전불이행,젖음/습기,비,단일로 - 기타,승용,남,45세,상해없음,승용,여,38세,경상
2023083000100496,2023년 8월 30일 19시,수요일,경상남도 김해시 외동,경상사고,0,0,1,0,차대차 - 기타,안전운전불이행,건조,맑음,단일로 - 기타,승용,남,55세,상해없음,승용,남,56세,경상
2023083000100497,2023년 8월 30일 19시,수요일,경상남도 김해시 내동,경상사고,0,0,1,0,차대차 - 추돌,안전운전불이행,젖음/습기,흐림,단일로 - 기타,승용,남,58세,상해없음,이륜,남,23세,경상
2023083000100498,2023년 8월 30일 19시,수요일,경상남도 양산시 삼호동,중상사고,0,1,1,0,차대사람 - 횡단중,보행자보호의무위반,건조,맑음,교차로 - 교차로횡단보도내,승용,남,36세,상해없음,보행자,여,48세,중상
2023083000100499,2023년 8월 30일 19시,수요일,경상남도 양산시 물금읍,중상사고,0,1,0,0,차대차 - 측면충돌,신호위반,건조,맑음,교차로 - 교차로안,승용,남,59세,상해없음,이륜,남,31세,중상
2023083000100535,2023년 8월 30일 20시,수요일,경상남도 거제시 장평동,경상사고,0,0,2,0,차대차 - 정면충돌,신호위반,건조,맑음,교차로 - 교차로안,승용,여,32세,상해없음,승용,남,34세,경상
2023083000100559,2023년 8월 30일 21시,수요일,경상남도 거제시 고현동,경상사고,0,0,1,0,차대차 - 측면충돌,안전운전불이행,건조,맑음,단일로 - 기타,승용,남,51세,상해없음,이륜,남,55세,경상
2023083000100560,2023년 8월 30일 21시,수요일,경상남도 거제시 상동동,경상사고,0,0,1,0,차대사람 - 기타,안전운전불이행,건조,맑음,단일로 - 기타,승합,남,65세,상해없음,보행자,남,15세,경상
2023083000100590,2023년 8월 30일 23시,수요일,경상남도 김해시 봉황동,중상사고,0,1,1,0,차대차 - 기타,안전운전불이행,젖음/습기,흐림,교차로 - 교차로안,원동기,남,47세,경상,원동기,남,28세,중상
2023083100100057,2023년 8월 31일 06시,목요일,경상남도 거제시 장평동,경상사고,0,0,1,0,차대차 - 측면충돌,안전거리미확보,건조,맑음,교차로 - 교차로부근,승용,여,50세,상해없음,이륜,남,40세,경상
2023083100100082,2023년 8월 31일 07시,목요일,경상남도 통영시 욕지면,경상사고,0,0,1,0,차대차 - 추돌,안전운전불이행,건조,맑음,단일로 - 기타,승용,남,58세,상해없음,화물,여,60세,경상
2023083100100123,2023년 8월 31일 08시,목요일,경상남도 거창군 가조면,경상사고,0,0,2,0,차대차 - 정면충돌,중앙선침범,건조,맑음,교차로 - 교차로부근,승용,남,66세,경상,승용,남,52세,경상
2023083100100161,2023년 8월 31일 09시,목요일,경상남도 통영시 북신동,중상사고,0,1,0,0,차대사람 - 기타,안전운전불이행,건조,맑음,단일로 - 기타,화물,남,62세,상해없음,보행자,남,75세,중상
2023083100100162,2023년 8월 31일 09시,목요일,경상남도 김해시 율하동,중상사고,0,1,0,0,차대차 - 측면충돌,신호위반,건조,맑음,교차로 - 교차로안,승용,남,52세,상해없음,원동기,남,25세,중상
2023083100100192,2023년 8월 31일 10시,목요일,경상남도 양산시 물금읍,경상사고,0,0,3,0,차대차 - 측면충돌,차로위반,건조,맑음,단일로 - 기타,이륜,여,57세,경상,승용,여,40세,경상
2023083100100207,2023년 8월 31일 11시,목요일,경상남도 거제시 동부면,경상사고,0,0,1,0,차대차 - 기타,신호위반,건조,맑음,교차로 - 교차로안,승용,여,49세,상해없음,승용,남,38세,경상
2023083100100261,2023년 8월 31일 13시,목요일,경상남도 거창군 거창읍,중상사고,0,1,0,0,차대차 - 측면충돌,직진우회전진행방해,건조,맑음,교차로 - 교차로안,승용,남,50세,기타불명,화물,남,66세,중상
2023083100100262,2023년 8월 31일 13시,목요일,경상남도 함양군 함양읍,경상사고,0,0,1,0,차대차 - 측면충돌,안전운전불이행,건조,맑음,단일로 - 기타,자전거,여,71세,경상,화물,남,46세,상해없음
2023083100100263,2023년 8월 31일 13시,목요일,경상남도 양산시 동면,경상사고,0,0,2,0,차대사람 - 기타,안전운전불이행,건조,맑음,교차로 - 교차로안,이륜,남,64세,경상,보행자,남,12세,경상
2023083100100305,2023년 8월 31일 14시,목요일,경상남도 양산시 중부동,중상사고,0,1,0,0,차대차 - 측면충돌,안전운전불이행,건조,맑음,단일로 - 기타,승용,남,24세,상해없음,승용,여,45세,중상
2023083100100336,2023년 8월 31일 15시,목요일,경상남도 사천시 벌리동,경상사고,0,0,1,0,차대차 - 측면충돌,안전운전불이행,건조,맑음,단일로 - 기타,화물,여,54세,상해없음,승용,여,66세,경상
2023083100100337,2023년 8월 31일 15시,목요일,경상남도 거제시 연초면,경상사고,0,0,2,0,차대차 - 추돌,안전운전불이행,젖음/습기,맑음,기타 - 기타,승용,남,28세,상해없음,승용,남,65세,경상
2023083100100338,2023년 8월 31일 15시,목요일,경상남도 창원시 의창구 북동,중상사고,0,1,0,0,차량단독 - 기타,안전운전불이행,건조,맑음,단일로 - 기타,승합,남,47세,상해없음,,,,
2023083100100381,2023년 8월 31일 16시,목요일,경상남도 진주시 금곡면,경상사고,0,0,1,0,차대차 - 측면충돌,신호위반,건조,맑음,교차로 - 교차로안,화물,남,69세,상해없음,승용,여,56세,경상
2023083100100436,2023년 8월 31일 17시,목요일,경상남도 창원시 진해구 여좌동,경상사고,0,0,1,0,차대차 - 기타,안전운전불이행,건조,맑음,교차로 - 교차로안,승용,여,30세,상해없음,승합,남,58세,상해없음
2023083100100437,2023년 8월 31일 17시,목요일,경상남도 거제시 아주동,중상사고,0,1,0,0,차대차 - 기타,교차로운행방법위반,건조,흐림,교차로 - 교차로안,승용,여,49세,상해없음,이륜,남,41세,중상
2023083100100438,2023년 8월 31일 17시,목요일,경상남도 김해시 진영읍,경상사고,0,0,3,0,차대차 - 측면충돌,안전운전불이행,건조,맑음,교차로 - 교차로안,승용,남,41세,경상,승용,남,62세,경상
2023083100100477,2023년 8월 31일 18시,목요일,경상남도 창원시 마산회원구 구암동,중상사고,0,1,0,0,차대차 - 추돌,안전운전불이행,건조,맑음,교차로 - 교차로부근,승용,여,48세,상해없음,화물,남,61세,중상
2023083100100516,2023년 8월 31일 19시,목요일,경상남도 양산시 물금읍,경상사고,0,0,1,1,차대차 - 측면충돌,안전운전불이행,젖음/습기,맑음,단일로 - 기타,승용,남,32세,부상신고,원동기,남,44세,경상
2023083100100584,2023년 8월 31일 21시,목요일,경상남도 거제시 장평동,경상사고,0,0,1,0,차대사람 - 횡단중,안전운전불이행,건조,맑음,기타 - 기타,승용,여,47세,상해없음,보행자,남,55세,경상
2023083100100585,2023년 8월 31일 21시,목요일,경상남도 창원시 의창구 봉곡동,중상사고,0,1,1,0,차대차 - 측면충돌,안전운전불이행,젖음/습기,비,단일로 - 기타,승용,남,43세,상해없음,승용,남,32세,경상
2023083100100607,2023년 8월 31일 22시,목요일,경상남도 창원시 성산구 상남동,부상신고사고,0,0,0,1,차대사람 - 기타,안전운전불이행,건조,맑음,단일로 - 기타,승용,남,29세,상해없음,보행자,여,24세,부상신고
2023083100100608,2023년 8월 31일 22시,목요일,경상남도 창원시 의창구 팔용동,경상사고,0,0,1,0,차대사람 - 횡단중,안전운전불이행,젖음/습기,비,단일로 - 기타,승용,남,72세,상해없음,보행자,여,53세,경상
2023083100100637,2023년 8월 31일 23시,목요일,경상남도 창원시 진해구 죽곡동,경상사고,0,0,1,0,차량단독 - 기타,기타,건조,맑음,단일로 - 기타,승합,남,54세,상해없음,,,,
2023083100100639,2023년 8월 31일 23시,목요일,경상남도 거제시 사등면,경상사고,0,0,1,0,차대차 - 측면충돌,안전운전불이행,젖음/습기,비,교차로 - 교차로안,승용,남,42세,상해없음,승용,남,32세,경상
2023090100100012,2023년 9월 1일 00시,금요일,경상남도 진주시 가좌동,경상사고,0,0,1,0,차대차 - 정면충돌,중앙선침범,건조,맑음,교차로 - 교차로안,승용,남,40세,상해없음,승용,남,61세,경상
2023090100100066,2023년 9월 1일 06시,금요일,경상남도 밀양시 교동,경상사고,0,0,3,0,차대차 - 측면충돌,신호위반,젖음/습기,비,교차로 - 교차로안,승용,남,63세,상해없음,승용,남,44세,경상
2023090100100095,2023년 9월 1일 07시,금요일,경상남도 창원시 마산합포구 우산동,중상사고,0,1,0,0,차대사람 - 횡단중,신호위반,젖음/습기,비,교차로 - 교차로안,승용,남,68세,상해없음,보행자,여,18세,중상
2023090100100096,2023년 9월 1일 07시,금요일,경상남도 창녕군 창녕읍,중상사고,0,1,1,1,차대차 - 측면충돌,안전운전불이행,건조,맑음,교차로 - 교차로안,승용,여,58세,부상신고,화물,남,66세,중상
2023090100100097,2023년 9월 1일 07시,금요일,경상남도 창녕군 부곡면,사망사고,1,0,0,0,차량단독 - 기타,안전운전불이행,젖음/습기,흐림,단일로 - 기타,자전거,여,68세,사망,,,,
2023090100100098,2023년 9월 1일 07시,금요일,경상남도 창원시 의창구 북면,경상사고,0,0,2,0,차대차 - 측면충돌,중앙선침범,건조,맑음,단일로 - 기타,승용,여,51세,상해없음,승용,여,26세,경상
2023090100100139,2023년 9월 1일 08시,금요일,경상남도 통영시 정량동,경상사고,0,0,2,0,차대차 - 정면충돌,신호위반,건조,맑음,교차로 - 교차로안,승용,남,32세,경상,승용,여,42세,경상
2023090100100140,2023년 9월 1일 08시,금요일,경상남도 김해시 지내동,부상신고사고,0,0,0,1,차대차 - 추돌,안전운전불이행,건조,맑음,교차로 - 교차로부근,승용,남,64세,상해없음,승용,남,33세,부상신고
2023090100100141,2023년 9월 1일 08시,금요일,경상남도 양산시 동면,경상사고,0,0,1,0,차대차 - 측면충돌,차로위반,건조,맑음,교차로 - 교차로안,승용,남,63세,상해없음,승용,여,27세,경상
2023090100100205,2023년 9월 1일 10시,금요일,경상남도 거제시 장목면,중상사고,0,1,0,0,차량단독 - 전도전복 - 전도,기타,젖음/습기,비,교차로 - 교차로안,승용,여,41세,중상,,,,
2023090100100245,2023년 9월 1일 11시,금요일,경상남도 창원시 의창구 소계동,경상사고,0,0,1,0,차대차 - 측면충돌,안전운전불이행,건조,맑음,교차로 - 교차로안,승용,남,76세,상해없음,승용,여,61세,경상
2023090100100282,2023년 9월 1일 12시,금요일,경상남도 김해시 삼문동,경상사고,0,0,1,0,차대차 - 기타,교차로운행방법위반,건조,맑음,교차로 - 교차로부근,승용,여,44세,상해없음,승용,여,34세,경상
2023090100100304,2023년 9월 1일 13시,금요일,경상남도 양산시 남부동,경상사고,0,0,1,0,차대차 - 추돌,안전운전불이행,젖음/습기,비,단일로 - 기타,승용,여,59세,상해없음,승용,남,35세,경상
2023090100100320,2023년 9월 1일 13시,금요일,경상남도 거제시 아주동,중상사고,0,1,0,0,차대차 - 추돌,안전운전불이행,젖음/습기,비,기타 - 기타,승용,남,38세,상해없음,승용,남,55세,중상
2023090100100321,2023년 9월 1일 13시,금요일,경상남도 남해군 남면,중상사고,0,2,0,0,차대차 - 측면충돌,안전운전불이행,건조,흐림,단일로 - 기타,승용,여,52세,상해없음,농기계,남,79세,중상
2023090100100359,2023년 9월 1일 14시,금요일,경상남도 거제시 연초면,경상사고,0,0,1,0,차대차 - 측면충돌,안전운전불이행,젖음/습기,비,교차로 - 교차로부근,승용,남,42세,상해없음,승용,여,51세,경상
2023090100100397,2023년 9월 1일 15시,금요일,경상남도 진주시 봉곡동,중상사고,0,1,0,0,차대차 - 측면충돌,교차로운행방법위반,건조,맑음,교차로 - 교차로안,승용,남,58세,상해없음,자전거,여,68세,중상
2023090100100398,2023년 9월 1일 15시,금요일,경상남도 김해시 외동,중상사고,0,1,0,0,차대차 - 측면충돌,신호위반,젖음/습기,비,교차로 - 교차로안,이륜,남,37세,중상,승용,남,24세,상해없음
2023090100100399,2023년 9월 1일 15시,금요일,경상남도 양산시 북부동,중상사고,0,1,0,0,차대사람 - 횡단중,보행자보호의무위반,젖음/습기,흐림,교차로 - 교차로안,승용,남,59세,상해없음,보행자,남,17세,중상
2023090100100400,2023년 9월 1일 15시,금요일,경상남도 양산시 상북면,경상사고,0,0,1,0,차대차 - 추돌,안전거리미확보,젖음/습기,흐림,교차로 - 교차로안,화물,남,58세,상해없음,승용,여,26세,상해없음
2023090100100401,2023년 9월 1일 15시,금요일,경상남도 거제시 고현동,중상사고,0,1,0,0,차대사람 - 기타,보행자보호의무위반,건조,맑음,교차로 - 교차로횡단보도내,승용,여,63세,상해없음,보행자,남,15세,중상
2023090100100402,2023년 9월 1일 15시,금요일,경상남도 산청군 산청읍,경상사고,0,0,2,0,차대차 - 측면충돌,안전운전불이행,건조,맑음,교차로 - 교차로안,이륜,여,55세,경상,이륜,남,35세,경상
2023090100100448,2023년 9월 1일 16시,금요일,경상남도 밀양시 삼랑진읍,경상사고,0,0,1,0,차대차 - 정면충돌,중앙선침범,젖음/습기,비,단일로 - 기타,승용,여,45세,상해없음,화물,남,69세,경상
2023090100100449,2023년 9월 1일 16시,금요일,경상남도 김해시 외동,경상사고,0,0,1,0,차대차 - 측면충돌,안전운전불이행,건조,맑음,단일로 - 기타,기타불명,기타불명,미분류,기타불명,승용,남,52세,경상
2023090100100450,2023년 9월 1일 16시,금요일,경상남도 창원시 성산구 성주동,중상사고,0,1,1,0,차대차 - 측면충돌,신호위반,건조,맑음,교차로 - 교차로안,승용,여,52세,기타불명,승용,남,55세,경상
2023090100100512,2023년 9월 1일 17시,금요일,경상남도 사천시 대방동,부상신고사고,0,0,0,1,차대사람 - 기타,안전운전불이행,건조,맑음,단일로 - 지하차도(도로)내,승용,여,64세,상해없음,보행자,남,45세,부상신고
2023090100100513,2023년 9월 1일 17시,금요일,경상남도 창녕군 남지읍,중상사고,0,1,0,0,차대차 - 측면충돌,기타,건조,맑음,교차로 - 교차로안,승용,여,36세,중상,승용,남,56세,상해없음
2023090100100514,2023년 9월 1일 17시,금요일,경상남도 김해시 율하동,경상사고,0,0,1,0,차대차 - 측면충돌,안전운전불이행,건조,맑음,교차로 - 교차로안,승용,남,62세,상해없음,이륜,남,19세,경상
2023090100100537,2023년 9월 1일 18시,금요일,경상남도 김해시 대동면,경상사고,0,0,1,0,차대차 - 측면충돌,신호위반,젖음/습기,비,단일로 - 교량,승합,남,65세,상해없음,승용,남,38세,경상
2023090100100563,2023년 9월 1일 18시,금요일,경상남도 창원시 진해구 두동,경상사고,0,0,1,0,차대차 - 추돌,안전운전불이행,젖음/습기,비,단일로 - 기타,승용,남,30세,상해없음,승용,남,47세,경상
2023090100100564,2023년 9월 1일 18시,금요일,경상남도 통영시 무전동,경상사고,0,0,2,0,차대차 - 추돌,안전운전불이행,건조,맑음,교차로 - 교차로부근,화물,남,26세,상해없음,승용,여,45세,경상
2023090100100565,2023년 9월 1일 18시,금요일,경상남도 김해시 어방동,경상사고,0,0,1,0,차대차 - 측면충돌,안전운전불이행,건조,맑음,단일로 - 기타,승용,여,31세,상해없음,이륜,남,40세,경상
2023090100100618,2023년 9월 1일 19시,금요일,경상남도 김해시 대동면,경상사고,0,0,2,0,차대차 - 추돌,안전운전불이행,젖음/습기,비,단일로 - 기타,화물,남,65세,기타불명,승용,여,57세,경상
2023090100100619,2023년 9월 1일 19시,금요일,경상남도 거제시 옥포동,중상사고,0,1,0,0,차대사람 - 횡단중,보행자보호의무위반,젖음/습기,비,교차로 - 교차로횡단보도내,승용,여,39세,상해없음,보행자,남,66세,중상
2023090100100620,2023년 9월 1일 19시,금요일,경상남도 창원시 성산구 사파동,중상사고,0,1,0,0,차대사람 - 보도통행중,신호위반,젖음/습기,비,교차로 - 교차로횡단보도내,이륜,남,53세,기타불명,보행자,남,37세,중상
2023090100100621,2023년 9월 1일 19시,금요일,경상남도 김해시 진례면,경상사고,0,0,2,0,차대차 - 추돌,안전운전불이행,젖음/습기,비,교차로 - 교차로부근,화물,남,60세,상해없음,승용,남,33세,경상
2023090100100658,2023년 9월 1일 20시,금요일,경상남도 김해시 진영읍,경상사고,0,0,1,0,차대차 - 측면충돌,안전운전불이행,젖음/습기,흐림,교차로 - 교차로안,승용,남,48세,상해없음,승합,남,53세,경상
2023090100100689,2023년 9월 1일 21시,금요일,경상남도 양산시 물금읍,중상사고,0,2,1,0,차대차 - 정면충돌,안전운전불이행,젖음/습기,비,교차로 - 교차로부근,승용,남,57세,기타불명,승용,남,68세,중상
2023090100100707,2023년 9월 1일 22시,금요일,경상남도 창원시 진해구 석동,경상사고,0,0,1,0,차대차 - 측면충돌,안전운전불이행,젖음/습기,비,단일로 - 기타,승용,남,46세,상해없음,승용,남,67세,경상
2023090100100708,2023년 9월 1일 22시,금요일,경상남도 양산시 북정동,경상사고,0,0,2,0,차대차 - 측면충돌,신호위반,젖음/습기,비,교차로 - 교차로횡단보도내,승용,여,51세,상해없음,승용,여,26세,경상
2023090100100709,2023년 9월 1일 22시,금요일,경상남도 창원시 성산구 외동,경상사고,0,0,1,0,차대차 - 측면충돌,안전운전불이행,기타,기타,교차로 - 교차로부근,승용,남,63세,기타불명,승용,남,28세,경상
2023090200100011,2023년 9월 2일 00시,토요일,경상남도 김해시 삼문동,중상사고,0,1,0,0,차대차 - 추돌,안전운전불이행,젖음/습기,흐림,교차로 - 교차로부근,승용,남,70세,상해없음,승합,남,45세,중상
2023090200100024,2023년 9월 2일 01시,토요일,경상남도 창원시 의창구 도계동,경상사고,0,0,1,0,차대차 - 측면충돌,안전거리미확보,건조,맑음,단일로 - 기타,승용,남,65세,상해없음,이륜,남,17세,경상
2023090200100072,2023년 9월 2일 07시,토요일,경상남도 양산시 물금읍,경상사고,0,0,1,0,차대차 - 측면충돌,신호위반,젖음/습기,맑음,교차로 - 교차로안,화물,남,69세,상해없음,이륜,남,43세,경상
2023090200100089,2023년 9월 2일 08시,토요일,경상남도 산청군 신안면,경상사고,0,0,3,0,차대차 - 측면충돌,안전거리미확보,건조,흐림,단일로 - 기타,승용,남,52세,경상,승용,여,53세,경상
2023090200100121,2023년 9월 2일 09시,토요일,경상남도 진주시 초전동,경상사고,0,0,1,0,차대차 - 후진중충돌,안전운전불이행,건조,맑음,교차로 - 교차로안,화물,남,62세,상해없음,승용,남,40세,경상
2023090200100122,2023년 9월 2일 09시,토요일,경상남도 창원시 진해구 서중동,경상사고,0,0,2,1,차대차 - 측면충돌,중앙선침범,건조,맑음,단일로 - 기타,승용,남,63세,상해없음,승합,남,60세,부상신고
2023090200100123,2023년 9월 2일 09시,토요일,경상남도 김해시 외동,경상사고,0,0,1,0,차대차 - 측면충돌,안전운전불이행,건조,맑음,단일로 - 기타,화물,남,46세,상해없음,승용,남,49세,경상
2023090200100160,2023년 9월 2일 10시,토요일,경상남도 통영시 광도면,경상사고,0,0,1,0,차대사람 - 기타,보행자보호의무위반,건조,맑음,교차로 - 교차로횡단보도내,승용,여,64세,상해없음,보행자,여,69세,경상
2023090200100209,2023년 9월 2일 11시,토요일,경상남도 진주시 인사동,경상사고,0,0,1,0,차대차 - 측면충돌,안전운전불이행,건조,맑음,단일로 - 기타,승용,여,62세,상해없음,승용,여,29세,경상
2023090200100210,2023년 9월 2일 11시,토요일,경상남도 창원시 진해구 경화동,부상신고사고,0,0,0,1,차량단독 - 전도전복 - 전도,기타,건조,맑음,단일로 - 기타,자전거,남,54세,부상신고,,,,
2023090200100211,2023년 9월 2일 11시,토요일,경상남도 김해시 외동,경상사고,0,0,2,0,차대차 - 추돌,안전거리미확보,건조,맑음,단일로 - 기타,승용,여,42세,상해없음,승용,남,41세,경상
2023090200100212,2023년 9월 2일 11시,토요일,경상남도 남해군 고현면,중상사고,0,1,1,0,차량단독 - 도로외이탈 - 추락,안전운전불이행,젖음/습기,비,단일로 - 기타,승용,여,79세,경상,,,,