사고번호,사고일시,요일,시군구,사고내용,사망자수,중상자수,경상자수,부상신고자수,사고유형,법규위반,노면상태,기상상태,도로형태,가해운전자 차종,가해운전자 성별,가해운전자 연령,가해운전자 상해정도,피해운전자 차종,피해운전자 성별,피해운전자 연령,피해운전자 상해정도
2023090200100263,2023년 9월 2일 12시,토요일,경상남도 창원시 진해구 경화동,중상사고,0,1,0,0,차대차 - 측면충돌,신호위반,건조,맑음,교차로 - 교차로부근,승용,남,64세,상해없음,이륜,여,37세,중상
2023090200100264,2023년 9월 2일 12시,토요일,경상남도 거창군 가조면,경상사고,0,0,1,0,차량단독 - 전도전복 - 전도,안전운전불이행,건조,맑음,단일로 - 기타,화물,남,57세,경상,,,,
2023090200100265,2023년 9월 2일 12시,토요일,경상남도 창원시 성산구 가음동,중상사고,0,1,2,0,차대차 - 측면충돌,안전운전불이행,건조,맑음,교차로 - 교차로안,승용,남,62세,상해없음,승용,남,67세,중상
2023090200100315,2023년 9월 2일 13시,토요일,경상남도 진주시 충무공동,중상사고,0,1,0,0,차대차 - 정면충돌,신호위반,젖음/습기,비,교차로 - 교차로부근,승용,여,40세,상해없음,자전거,남,58세,중상
2023090200100316,2023년 9월 2일 13시,토요일,경상남도 진주시 초전동,경상사고,0,0,1,0,차대차 - 측면충돌,안전운전불이행,건조,맑음,교차로 - 교차로안,승용,남,68세,상해없음,화물,남,68세,경상
2023090200100385,2023년 9월 2일 15시,토요일,경상남도 창원시 마산합포구 창포동1가,중상사고,0,2,0,0,차대차 - 기타,교차로운행방법위반,건조,맑음,교차로 - 교차로안,승용,여,63세,상해없음,승용,남,45세,중상
2023090200100386,2023년 9월 2일 15시,토요일,경상남도 양산시 물금읍,중상사고,0,1,0,0,차대차 - 측면충돌,안전운전불이행,젖음/습기,비,교차로 - 교차로안,승용,남,46세,상해없음,자전거,남,67세,중상
2023090200100419,2023년 9월 2일 16시,토요일,경상남도 김해시 삼계동,경상사고,0,0,1,0,차대차 - 측면충돌,중앙선침범,젖음/습기,흐림,단일로 - 기타,승용,남,49세,상해없음,승용,남,55세,경상
2023090200100454,2023년 9월 2일 17시,토요일,경상남도 창원시 마산합포구 예곡동,경상사고,0,0,3,0,차대차 - 기타,교차로운행방법위반,건조,맑음,교차로 - 교차로안,승용,여,33세,상해없음,승용,남,34세,경상
2023090200100455,2023년 9월 2일 17시,토요일,경상남도 김해시 외동,경상사고,0,0,1,0,차대차 - 추돌,안전운전불이행,젖음/습기,흐림,단일로 - 기타,승용,여,58세,상해없음,승용,남,47세,경상
2023090200100456,2023년 9월 2일 17시,토요일,경상남도 김해시 삼문동,경상사고,0,0,1,0,차대차 - 기타,안전거리미확보,건조,맑음,단일로 - 기타,승용,여,48세,상해없음,원동기,남,30세,경상
2023090200100457,2023년 9월 2일 17시,토요일,경상남도 창원시 의창구 북면,중상사고,0,1,2,0,차대차 - 추돌,안전거리미확보,건조,맑음,단일로 - 터널,승용,여,52세,상해없음,승용,남,32세,경상
2023090200100490,2023년 9월 2일 18시,토요일,경상남도 사천시 동금동,중상사고,0,1,0,0,차대차 - 측면충돌,안전운전불이행,건조,맑음,교차로 - 교차로부근,승용,남,45세,상해없음,원동기,남,20세,중상
2023090200100491,2023년 9월 2일 18시,토요일,경상남도 양산시 물금읍,경상사고,0,0,1,0,차대차 - 후진중충돌,안전운전불이행,건조,맑음,단일로 - 기타,승용,여,34세,상해없음,승용,남,37세,경상
2023090200100492,2023년 9월 2일 18시,토요일,경상남도 남해군 남해읍,중상사고,0,1,0,0,차대차 - 측면충돌,중앙선침범,건조,맑음,단일로 - 기타,승용,여,55세,상해없음,승용,남,25세,중상
2023090200100493,2023년 9월 2일 18시,토요일,경상남도 산청군 시천면,경상사고,0,0,1,0,차대차 - 측면충돌,안전운전불이행,건조,맑음,교차로 - 교차로안,승용,남,68세,상해없음,승용,여,44세,경상
2023090200100510,2023년 9월 2일 19시,토요일,경상남도 김해시 대동면,경상사고,0,0,2,0,차대차 - 측면충돌,안전운전불이행,젖음/습기,비,단일로 - 기타,화물,남,67세,상해없음,승용,남,65세,경상
2023090200100523,2023년 9월 2일 19시,토요일,경상남도 통영시 무전동,중상사고,0,2,0,0,차대사람 - 횡단중,보행자보호의무위반,건조,맑음,교차로 - 교차로횡단보도내,승용,남,73세,상해없음,보행자,여,64세,중상
2023090200100524,2023년 9월 2일 19시,토요일,경상남도 창원시 의창구 소답동,부상신고사고,0,0,0,1,차대사람 - 기타,안전운전불이행,젖음/습기,맑음,단일로 - 기타,승합,남,52세,상해없음,보행자,여,78세,부상신고
2023090200100550,2023년 9월 2일 20시,토요일,경상남도 김해시 삼방동,경상사고,0,0,2,0,차대차 - 측면충돌,신호위반,젖음/습기,비,교차로 - 교차로안,이륜,남,17세,경상,승용,여,38세,상해없음
2023090200100551,2023년 9월 2일 20시,토요일,경상남도 창원시 의창구 팔용동,중상사고,0,1,0,0,차대차 - 측면충돌,신호위반,젖음/습기,흐림,교차로 - 교차로안,승용,남,27세,상해없음,승용,남,31세,중상
2023090200100574,2023년 9월 2일 21시,토요일,경상남도 창원시 진해구 석동,경상사고,0,0,5,0,차대차 - 측면충돌,신호위반,건조,맑음,단일로 - 기타,승용,여,42세,경상,승용,여,38세,경상
2023090200100595,2023년 9월 2일 22시,토요일,경상남도 김해시 진례면,중상사고,0,1,1,0,차대차 - 측면충돌,신호위반,건조,맑음,교차로 - 교차로안,원동기,남,56세,중상,승용,남,41세,경상
2023090300100003,2023년 9월 3일 00시,일요일,경상남도 창원시 마산합포구 월영동,부상신고사고,0,0,0,1,차량단독 - 기타,안전운전불이행,젖음/습기,흐림,단일로 - 기타,이륜,남,42세,부상신고,,,,
2023090300100004,2023년 9월 3일 00시,일요일,경상남도 거제시 고현동,경상사고,0,0,1,0,차대사람 - 차도통행중,안전운전불이행,건조,맑음,단일로 - 기타,이륜,남,21세,상해없음,보행자,여,56세,경상
2023090300100011,2023년 9월 3일 01시,일요일,경상남도 진주시 내동면,경상사고,0,0,1,0,차대차 - 정면충돌,중앙선침범,건조,맑음,단일로 - 기타,화물,남,25세,상해없음,이륜,남,26세,경상
2023090300100044,2023년 9월 3일 05시,일요일,경상남도 창원시 진해구 서중동,부상신고사고,0,0,0,1,차량단독 - 전도전복 - 전도,안전운전불이행,건조,맑음,기타 - 기타,승용,남,52세,부상신고,,,,
2023090300100075,2023년 9월 3일 09시,일요일,경상남도 거창군 남상면,중상사고,0,1,2,0,차대차 - 측면충돌,직진우회전진행방해,건조,맑음,교차로 - 교차로안,화물,남,63세,상해없음,승용,남,67세,경상
2023090300100103,2023년 9월 3일 10시,일요일,경상남도 거제시 거제면,경상사고,0,0,2,0,차대사람 - 기타,안전운전불이행,건조,맑음,기타 - 기타,화물,남,73세,상해없음,보행자,남,38세,경상
2023090300100121,2023년 9월 3일 11시,일요일,경상남도 창원시 진해구 자은동,경상사고,0,0,1,0,차대사람 - 기타,안전운전불이행,건조,맑음,교차로 - 교차로안,승용,남,74세,상해없음,보행자,남,46세,경상
2023090300100144,2023년 9월 3일 12시,일요일,경상남도 창원시 마산회원구 내서읍,경상사고,0,0,2,0,차대차 - 추돌,안전운전불이행,건조,맑음,교차로 - 교차로부근,승용,남,62세,상해없음,승용,남,43세,경상
2023090300100171,2023년 9월 3일 13시,일요일,경상남도 창원시 진해구 경화동,경상사고,0,0,2,0,차대차 - 측면충돌,안전운전불이행,건조,맑음,단일로 - 기타,승용,여,27세,상해없음,승용,여,43세,경상
2023090300100172,2023년 9월 3일 13시,일요일,경상남도 거제시 사등면,중상사고,0,2,1,0,차대차 - 추돌,안전운전불이행,건조,맑음,교차로 - 교차로안,승용,남,69세,경상,승용,남,55세,중상
2023090300100173,2023년 9월 3일 13시,일요일,경상남도 거제시 고현동,경상사고,0,0,4,0,차대차 - 추돌,신호위반,건조,맑음,교차로 - 교차로안,승용,남,56세,상해없음,승용,남,34세,경상
2023090300100194,2023년 9월 3일 14시,일요일,경상남도 창녕군 창녕읍,중상사고,0,1,0,0,차대차 - 측면충돌,신호위반,건조,맑음,교차로 - 교차로안,화물,남,63세,상해없음,승용,남,56세,중상
2023090300100195,2023년 9월 3일 14시,일요일,경상남도 남해군 고현면,중상사고,0,3,1,0,차대차 - 정면충돌,중앙선침범,건조,맑음,단일로 - 기타,화물,남,63세,경상,승용,남,38세,중상
2023090300100216,2023년 9월 3일 15시,일요일,경상남도 거창군 북상면,중상사고,0,2,0,0,차대차 - 측면충돌,중앙선침범,건조,맑음,단일로 - 기타,승용,남,39세,상해없음,승용,남,69세,중상
2023090300100247,2023년 9월 3일 16시,일요일,경상남도 양산시 삼호동,경상사고,0,0,1,0,차대차 - 기타,교차로운행방법위반,건조,맑음,교차로 - 교차로부근,화물,남,64세,상해없음,승합,남,48세,경상
2023090300100248,2023년 9월 3일 16시,일요일,경상남도 거제시 연초면,중상사고,0,1,0,0,차대차 - 기타,안전운전불이행,건조,맑음,단일로 - 기타,승용,남,27세,상해없음,이륜,남,68세,중상
2023090300100281,2023년 9월 3일 17시,일요일,경상남도 창원시 진해구 두동,경상사고,0,0,4,0,차대차 - 정면충돌,교차로운행방법위반,건조,맑음,교차로 - 교차로안,승용,여,42세,경상,승용,남,59세,경상
2023090300100307,2023년 9월 3일 18시,일요일,경상남도 통영시 도천동,경상사고,0,0,2,0,차대차 - 추돌,안전거리미확보,건조,맑음,기타 - 기타,승용,남,21세,상해없음,승용,남,52세,경상
2023090300100308,2023년 9월 3일 18시,일요일,경상남도 밀양시 내이동,경상사고,0,0,2,0,차대차 - 측면충돌,안전운전불이행,건조,맑음,교차로 - 교차로안,승용,남,59세,상해없음,승용,남,42세,경상
2023090300100332,2023년 9월 3일 19시,일요일,경상남도 통영시 광도면,경상사고,0,0,1,0,차대차 - 정면충돌,중앙선침범,건조,맑음,교차로 - 교차로부근,승용,남,54세,상해없음,이륜,남,17세,경상
2023090300100333,2023년 9월 3일 19시,일요일,경상남도 양산시 하북면,사망사고,1,0,0,0,차대사람 - 횡단중,안전운전불이행,건조,맑음,단일로 - 기타,승용,남,53세,기타불명,보행자,여,69세,사망
2023090300100361,2023년 9월 3일 20시,일요일,경상남도 통영시 무전동,중상사고,0,1,0,0,차대차 - 기타,안전운전불이행,건조,맑음,기타 - 기타,승합,남,57세,상해없음,승용,남,31세,상해없음
2023090300100362,2023년 9월 3일 20시,일요일,경상남도 산청군 단성면,부상신고사고,0,0,0,1,차량단독 - 전도전복 - 전도,안전운전불이행,건조,맑음,단일로 - 기타,승합,남,52세,상해없음,,,,
2023090300100379,2023년 9월 3일 21시,일요일,경상남도 창원시 진해구 석동,경상사고,0,0,2,0,차대차 - 측면충돌,교차로운행방법위반,건조,맑음,교차로 - 교차로안,이륜,남,36세,경상,승용,남,49세,경상
2023090300100380,2023년 9월 3일 21시,일요일,경상남도 창원시 진해구 이동,경상사고,0,0,1,0,차량단독 - 공작물충돌,안전운전불이행,건조,맑음,단일로 - 기타,승용,여,26세,경상,,,,
2023090400100007,2023년 9월 4일 01시,월요일,경상남도 김해시 구산동,경상사고,0,0,3,0,차대차 - 측면충돌,신호위반,건조,맑음,교차로 - 교차로안,승용,여,50세,경상,승용,여,22세,경상
2023090400100048,2023년 9월 4일 06시,월요일,경상남도 사천시 동금동,경상사고,0,0,1,0,차대사람 - 기타,안전운전불이행,건조,맑음,단일로 - 기타,승용,남,52세,상해없음,보행자,남,69세,경상
2023090400100090,2023년 9월 4일 08시,월요일,경상남도 양산시 동면,경상사고,0,0,1,1,차대차 - 추돌,안전거리미확보,건조,맑음,단일로 - 기타,승용,남,38세,상해없음,승용,남,55세,경상
2023090400100123,2023년 9월 4일 08시,월요일,경상남도 창원시 마산합포구 진전면,중상사고,0,1,0,0,차대차 - 정면충돌,안전운전불이행,건조,맑음,교차로 - 교차로안,승용,남,54세,상해없음,승용,여,50세,중상
2023090400100124,2023년 9월 4일 08시,월요일,경상남도 양산시 물금읍,중상사고,0,1,0,0,차대사람 - 보도통행중,보행자보호의무위반,건조,맑음,교차로 - 교차로횡단보도내,자전거,남,28세,상해없음,보행자,남,5세,중상
2023090400100155,2023년 9월 4일 09시,월요일,경상남도 진주시 정촌면,경상사고,0,0,1,0,차대차 - 추돌,안전운전불이행,건조,맑음,단일로 - 기타,승용,남,44세,상해없음,화물,남,37세,경상
2023090400100156,2023년 9월 4일 09시,월요일,경상남도 함양군 안의면,경상사고,0,0,1,0,차대차 - 추돌,안전운전불이행,건조,맑음,단일로 - 기타,승용,남,83세,상해없음,자전거,남,71세,경상
2023090400100157,2023년 9월 4일 09시,월요일,경상남도 양산시 삼호동,경상사고,0,0,1,0,차대차 - 측면충돌,안전운전불이행,건조,맑음,단일로 - 기타,승용,기타불명,미분류,기타불명,승용,여,41세,경상
2023090400100158,2023년 9월 4일 09시,월요일,경상남도 하동군 횡천면,중상사고,0,1,0,0,차대차 - 기타,안전운전불이행,건조,맑음,단일로 - 기타,승용,남,75세,상해없음,농기계,남,74세,중상
2023090400100191,2023년 9월 4일 10시,월요일,경상남도 하동군 하동읍,중상사고,0,1,1,0,차대차 - 기타,신호위반,건조,맑음,기타 - 기타,승용,여,53세,기타불명,승용,남,76세,중상
2023090400100258,2023년 9월 4일 12시,월요일,경상남도 창원시 진해구 여좌동,중상사고,0,1,0,1,차대차 - 추돌,안전운전불이행,건조,맑음,교차로 - 교차로부근,화물,남,63세,부상신고,승용,남,59세,중상
2023090400100259,2023년 9월 4일 12시,월요일,경상남도 창원시 진해구 여좌동,중상사고,0,1,0,0,차대차 - 추돌,안전운전불이행,건조,맑음,단일로 - 기타,승용,여,60세,상해없음,이륜,남,81세,중상
2023090400100320,2023년 9월 4일 14시,월요일,경상남도 하동군 청암면,중상사고,0,1,1,0,차량단독 - 기타,안전운전불이행,건조,맑음,기타 - 기타,화물,남,84세,경상,,,,
2023090400100360,2023년 9월 4일 15시,월요일,경상남도 진주시 가좌동,중상사고,0,1,0,0,차대차 - 측면충돌,교차로운행방법위반,건조,맑음,교차로 - 교차로안,건설기계,남,57세,상해없음,원동기,남,26세,중상
2023090400100396,2023년 9월 4일 16시,월요일,경상남도 거제시 아주동,경상사고,0,0,1,0,차대차 - 측면충돌,안전거리미확보,건조,맑음,교차로 - 교차로부근,화물,남,71세,상해없음,이륜,남,42세,경상
2023090400100397,2023년 9월 4일 16시,월요일,경상남도 창원시 의창구 봉곡동,경상사고,0,0,1,0,차대차 - 추돌,안전운전불이행,건조,맑음,단일로 - 기타,승용,남,63세,기타불명,승용,남,69세,경상
2023090400100439,2023년 9월 4일 17시,월요일,경상남도 통영시 미수동,경상사고,0,0,1,0,차대차 - 후진중충돌,안전운전불이행,건조,맑음,기타 - 기타,승합,여,65세,상해없음,이륜,남,32세,경상
2023090400100440,2023년 9월 4일 17시,월요일,경상남도 통영시 광도면,중상사고,0,1,0,0,차대사람 - 기타,안전운전불이행,건조,맑음,교차로 - 교차로부근,승합,여,47세,상해없음,보행자,여,13세,중상
2023090400100477,2023년 9월 4일 18시,월요일,경상남도 진주시 충무공동,경상사고,0,0,1,0,차대차 - 측면충돌,안전거리미확보,건조,맑음,단일로 - 기타,승용,여,53세,상해없음,승용,여,44세,경상
2023090400100478,2023년 9월 4일 18시,월요일,경상남도 창원시 진해구 자은동,경상사고,0,0,4,0,차대차 - 추돌,안전거리미확보,건조,맑음,교차로 - 교차로부근,이륜,남,18세,경상,승용,남,18세,경상
2023090400100479,2023년 9월 4일 18시,월요일,경상남도 창원시 진해구 자은동,경상사고,0,0,2,0,차대차 - 측면충돌,안전운전불이행,건조,흐림,교차로 - 교차로부근,이륜,남,42세,경상,승용,남,47세,경상
2023090400100480,2023년 9월 4일 18시,월요일,경상남도 창녕군 영산면,경상사고,0,0,1,0,차대차 - 추돌,교차로운행방법위반,건조,맑음,교차로 - 교차로안,승용,여,55세,상해없음,승용,여,54세,경상
2023090400100481,2023년 9월 4일 18시,월요일,경상남도 창원시 의창구 사림동,경상사고,0,0,1,0,차량단독 - 기타,안전운전불이행,건조,맑음,교차로 - 교차로부근,승합,남,45세,상해없음,,,,
2023090400100482,2023년 9월 4일 18시,월요일,경상남도 창원시 마산합포구 산호동,중상사고,0,1,0,0,차대사람 - 기타,안전운전불이행,건조,맑음,교차로 - 교차로안,승용,남,45세,상해없음,보행자,여,82세,중상
2023090400100483,2023년 9월 4일 18시,월요일,경상남도 창원시 마산회원구 양덕동,경상사고,0,0,1,0,차대사람 - 기타,안전운전불이행,건조,맑음,주차장 - 주차장,승합,남,66세,상해없음,보행자,남,36세,경상
2023090400100484,2023년 9월 4일 18시,월요일,경상남도 김해시 한림면,경상사고,0,0,2,0,차대차 - 측면충돌,중앙선침범,건조,맑음,단일로 - 기타,승용,남,64세,상해없음,승용,남,58세,경상
2023090400100529,2023년 9월 4일 19시,월요일,경상남도 통영시 미수동,경상사고,0,0,1,0,차대사람 - 차도통행중,안전운전불이행,건조,맑음,교차로 - 교차로안,승용,여,46세,상해없음,보행자,여,66세,경상
2023090400100530,2023년 9월 4일 19시,월요일,경상남도 사천시 죽림동,경상사고,0,0,1,0,차대차 - 추돌,안전운전불이행,건조,맑음,교차로 - 교차로안,승용,남,56세,상해없음,승용,여,63세,경상
2023090400100531,2023년 9월 4일 19시,월요일,경상남도 양산시 물금읍,경상사고,0,0,1,0,차대차 - 기타,중앙선침범,건조,맑음,단일로 - 기타,승용,여,38세,상해없음,이륜,남,27세,경상
2023090400100532,2023년 9월 4일 19시,월요일,경상남도 창원시 마산회원구 석전동,경상사고,0,0,1,0,차대차 - 측면충돌,안전운전불이행,건조,맑음,교차로 - 교차로부근,승용,남,47세,상해없음,승합,남,42세,경상
2023090400100569,2023년 9월 4일 20시,월요일,경상남도 김해시 봉황동,경상사고,0,0,1,0,차대차 - 측면충돌,교차로운행방법위반,건조,맑음,교차로 - 교차로안,승합,여,19세,상해없음,승용,여,47세,경상
2023090400100605,2023년 9월 4일 22시,월요일,경상남도 함안군 칠원읍,경상사고,0,0,1,0,차대사람 - 기타,기타,건조,기타,주차장 - 주차장,승용,남,62세,상해없음,보행자,여,46세,경상
2023090400100620,2023년 9월 4일 23시,월요일,경상남도 창원시 의창구 사림동,경상사고,0,0,2,0,차대차 - 추돌,안전운전불이행,건조,맑음,단일로 - 기타,승용,남,52세,상해없음,이륜,남,64세,경상
2023090400100621,2023년 9월 4일 23시,월요일,경상남도 창원시 의창구 봉곡동,경상사고,0,0,1,0,차대차 - 측면충돌,안전운전불이행,건조,맑음,단일로 - 기타,승용,남,52세,상해없음,승용,남,35세,경상
2023090500100015,2023년 9월 5일 00시,화요일,경상남도 하동군 진교면,경상사고,0,0,1,0,차대사람 - 기타,안전운전불이행,건조,맑음,기타 - 기타,화물,남,64세,기타불명,보행자,여,48세,경상
2023090500100040,2023년 9월 5일 04시,화요일,경상남도 진주시 명석면,사망사고,1,0,0,0,차대차 - 측면충돌,안전운전불이행,건조,맑음,단일로 - 기타,승용,남,49세,상해없음,농기계,남,66세,사망
2023090500100041,2023년 9월 5일 04시,화요일,경상남도 양산시 유산동,중상사고,0,1,0,0,차대차 - 기타,중앙선침범,건조,맑음,단일로 - 기타,승용,남,38세,상해없음,승용,남,43세,중상
2023090500100052,2023년 9월 5일 05시,화요일,경상남도 진주시 금산면,경상사고,0,0,2,0,차대차 - 기타,중앙선침범,건조,맑음,단일로 - 기타,승용,남,28세,상해없음,승용,남,63세,경상
2023090500100053,2023년 9월 5일 05시,화요일,경상남도 김해시 진영읍,경상사고,0,0,1,0,차대차 - 정면충돌,안전운전불이행,건조,맑음,교차로 - 교차로안,승용,남,27세,상해없음,이륜,남,28세,경상
2023090500100097,2023년 9월 5일 07시,화요일,경상남도 진주시 상봉동,중상사고,0,1,0,0,차대사람 - 횡단중,보행자보호의무위반,건조,맑음,단일로 - 기타,승용,남,55세,상해없음,보행자,여,77세,중상
2023090500100098,2023년 9월 5일 07시,화요일,경상남도 함양군 함양읍,중상사고,0,1,1,0,차대사람 - 횡단중,안전운전불이행,건조,맑음,교차로 - 교차로안,건설기계,남,46세,상해없음,보행자,여,85세,중상
2023090500100138,2023년 9월 5일 08시,화요일,경상남도 창원시 진해구 남문동,중상사고,0,1,0,0,차대사람 - 기타,안전운전불이행,건조,맑음,교차로 - 교차로안,승용,여,35세,상해없음,보행자,여,79세,중상
2023090500100139,2023년 9월 5일 08시,화요일,경상남도 통영시 도남동,경상사고,0,0,1,0,차대차 - 추돌,안전운전불이행,건조,맑음,교차로 - 교차로부근,승용,여,50세,상해없음,승용,남,53세,경상
2023090500100140,2023년 9월 5일 08시,화요일,경상남도 밀양시 삼문동,부상신고사고,0,0,0,1,차대사람 - 기타,안전운전불이행,건조,맑음,단일로 - 기타,승용,여,39세,상해없음,보행자,여,22세,부상신고
2023090500100141,2023년 9월 5일 08시,화요일,경상남도 창원시 성산구 중앙동,중상사고,0,1,0,0,차대차 - 측면충돌,안전운전불이행,건조,맑음,기타 - 기타,승합,남,45세,상해없음,자전거,남,17세,중상
2023090500100142,2023년 9월 5일 08시,화요일,경상남도 창원시 의창구 명서동,경상사고,0,0,1,0,차대차 - 측면충돌,안전거리미확보,건조,맑음,단일로 - 기타,승용,남,57세,상해없음,승용,여,33세,경상
2023090500100176,2023년 9월 5일 09시,화요일,경상남도 창원시 마산합포구 월영동,경상사고,0,0,1,0,차대사람 - 보도통행중,안전운전불이행,건조,맑음,기타 - 기타,승합,여,58세,상해없음,보행자,여,82세,경상
2023090500100177,2023년 9월 5일 09시,화요일,경상남도 창원시 진해구 석동,경상사고,0,0,1,0,차대차 - 기타,안전운전불이행,건조,맑음,단일로 - 기타,승용,여,64세,상해없음,승용,여,40세,경상
2023090500100217,2023년 9월 5일 10시,화요일,경상남도 김해시 어방동,경상사고,0,0,1,0,차대차 - 기타,안전운전불이행,건조,맑음,교차로 - 교차로안,화물,남,57세,상해없음,승용,남,64세,경상
2023090500100257,2023년 9월 5일 11시,화요일,경상남도 밀양시 내이동,경상사고,0,0,2,0,차대차 - 측면충돌,안전운전불이행,건조,맑음,단일로 - 기타,승용,여,29세,상해없음,승용,남,74세,경상
2023090500100258,2023년 9월 5일 11시,화요일,경상남도 고성군 영오면,중상사고,0,1,0,0,차대차 - 측면충돌,직진우회전진행방해,건조,맑음,교차로 - 교차로안,승용,남,24세,상해없음,승용,여,62세,중상
2023090500100259,2023년 9월 5일 11시,화요일,경상남도 산청군 산청읍,중상사고,0,2,1,0,차대차 - 추돌,안전운전불이행,건조,맑음,단일로 - 기타,화물,남,83세,경상,승용,남,36세,상해없음
2023090500100388,2023년 9월 5일 15시,화요일,경상남도 창원시 의창구 명서동,중상사고,0,1,0,0,차대사람 - 차도통행중,안전운전불이행,건조,맑음,단일로 - 기타,원동기,여,38세,상해없음,보행자,여,68세,중상
2023090500100389,2023년 9월 5일 15시,화요일,경상남도 창원시 의창구 봉곡동,중상사고,0,1,3,0,차대차 - 측면충돌,안전운전불이행,건조,맑음,교차로 - 교차로부근,승용,여,43세,상해없음,승합,남,24세,중상
2023090500100425,2023년 9월 5일 16시,화요일,경상남도 밀양시 부북면,중상사고,0,2,0,0,차대차 - 측면충돌,신호위반,건조,맑음,교차로 - 교차로안,승용,여,69세,중상,승용,남,52세,중상
2023090500100478,2023년 9월 5일 17시,화요일,경상남도 창원시 진해구 석동,경상사고,0,0,1,0,차대차 - 기타,차로위반,건조,맑음,단일로 - 기타,승용,남,54세,상해없음,승용,남,45세,경상
2023090500100479,2023년 9월 5일 17시,화요일,경상남도 김해시 동상동,경상사고,0,0,1,0,차대사람 - 차도통행중,안전운전불이행,건조,맑음,교차로 - 교차로안,화물,남,57세,상해없음,보행자,남,6세,경상
2023090500100480,2023년 9월 5일 17시,화요일,경상남도 양산시 물금읍,경상사고,0,0,1,0,차대차 - 측면충돌,교차로운행방법위반,건조,맑음,교차로 - 교차로안,승용,여,40세,상해없음,자전거,남,71세,경상
2023090500100532,2023년 9월 5일 18시,화요일,경상남도 창원시 마산합포구 동성동,부상신고사고,0,0,0,1,차대사람 - 차도통행중,안전운전불이행,건조,맑음,교차로 - 교차로부근,승용,여,53세,상해없음,보행자,남,63세,부상신고
2023090500100533,2023년 9월 5일 18시,화요일,경상남도 사천시 용강동,중상사고,0,1,0,0,차대사람 - 횡단중,안전운전불이행,건조,맑음,교차로 - 교차로안,승용,남,84세,상해없음,보행자,남,61세,중상
2023090500100534,2023년 9월 5일 18시,화요일,경상남도 창원시 의창구 서상동,중상사고,0,1,0,0,차대사람 - 기타,신호위반,건조,맑음,단일로 - 기타,승용,남,35세,상해없음,보행자,남,67세,중상
2023090500100535,2023년 9월 5일 18시,화요일,경상남도 창원시 의창구 서상동,중상사고,0,3,0,0,차대차 - 측면충돌,안전운전불이행,건조,맑음,교차로 - 교차로부근,승용,남,70세,상해없음,승용,여,47세,중상
2023090500100536,2023년 9월 5일 18시,화요일,경상남도 김해시 진영읍,경상사고,0,0,1,0,차대차 - 측면충돌,신호위반,건조,맑음,교차로 - 교차로안,승용,남,43세,상해없음,승용,여,42세,경상
2023090500100580,2023년 9월 5일 19시,화요일,경상남도 통영시 광도면,경상사고,0,0,1,0,차대차 - 측면충돌,교차로운행방법위반,건조,맑음,교차로 - 교차로안,이륜,남,23세,상해없음,승용,남,47세,상해없음
2023090500100632,2023년 9월 5일 21시,화요일,경상남도 사천시 향촌동,경상사고,0,0,1,0,차대사람 - 기타,안전운전불이행,건조,맑음,단일로 - 기타,승용,남,28세,상해없음,보행자,여,50세,경상
2023090500100633,2023년 9월 5일 21시,화요일,경상남도 창원시 성산구 안민동,경상사고,0,0,1,0,차대차 - 측면충돌,안전운전불이행,건조,맑음,기타 - 기타,승용,남,24세,기타불명,원동기,남,28세,경상
2023090500100653,2023년 9월 5일 22시,화요일,경상남도 창원시 성산구 삼정자동,경상사고,0,0,1,0,차대차 - 측면충돌,안전운전불이행,건조,맑음,교차로 - 교차로안,승용,남,41세,상해없음,승용,여,35세,경상
2023090600100010,2023년 9월 6일 00시,수요일,경상남도 남해군 남해읍,경상사고,0,0,1,0,차대차 - 측면충돌,안전운전불이행,건조,맑음,교차로 - 교차로부근,승용,여,62세,상해없음,승용,남,29세,경상
2023090600100075,2023년 9월 6일 07시,수요일,경상남도 창원시 마산합포구 자산동,경상사고,0,0,1,0,차대차 - 추돌,안전운전불이행,건조,맑음,교차로 - 교차로부근,화물,남,29세,상해없음,승용,남,64세,경상
2023090600100127,2023년 9월 6일 08시,수요일,경상남도 진주시 신안동,경상사고,0,0,1,0,차대차 - 측면충돌,안전운전불이행,건조,맑음,교차로 - 교차로안,승용,여,43세,상해없음,승용,여,42세,경상
2023090600100128,2023년 9월 6일 08시,수요일,경상남도 김해시 생림면,경상사고,0,0,1,0,차대차 - 기타,안전운전불이행,건조,맑음,교차로 - 교차로안,화물,남,55세,상해없음,승용,남,24세,경상
2023090600100129,2023년 9월 6일 08시,수요일,경상남도 창녕군 창녕읍,경상사고,0,0,3,0,차대차 - 추돌,안전운전불이행,건조,맑음,단일로 - 기타,이륜,남,69세,경상,승용,남,51세,경상
2023090600100130,2023년 9월 6일 08시,수요일,경상남도 창원시 성산구 남산동,경상사고,0,0,2,0,차대차 - 추돌,안전운전불이행,건조,맑음,교차로 - 교차로부근,특수,남,66세,상해없음,승용,여,45세,경상
2023090600100168,2023년 9월 6일 09시,수요일,경상남도 진주시 문산읍,경상사고,0,0,1,0,차대차 - 기타,안전운전불이행,건조,맑음,단일로 - 기타,승용,여,54세,상해없음,승용,여,53세,경상
2023090600100194,2023년 9월 6일 10시,수요일,경상남도 통영시 북신동,중상사고,0,1,0,0,차대사람 - 기타,신호위반,건조,맑음,교차로 - 교차로안,승용,남,76세,상해없음,보행자,여,73세,중상