사고번호,사고일시,요일,시군구,사고내용,사망자수,중상자수,경상자수,부상신고자수,사고유형,법규위반,노면상태,기상상태,도로형태,가해운전자 차종,가해운전자 성별,가해운전자 연령,가해운전자 상해정도,피해운전자 차종,피해운전자 성별,피해운전자 연령,피해운전자 상해정도
2023090600100195,2023년 9월 6일 10시,수요일,경상남도 하동군 횡천면,중상사고,0,1,0,0,차대차 - 추돌,안전운전불이행,건조,맑음,교차로 - 교차로안,승용,여,50세,상해없음,농기계,남,82세,중상
2023090600100218,2023년 9월 6일 11시,수요일,경상남도 사천시 정동면,중상사고,0,1,0,0,차대사람 - 기타,보행자보호의무위반,건조,맑음,단일로 - 기타,승용,여,30세,상해없음,보행자,여,63세,중상
2023090600100219,2023년 9월 6일 11시,수요일,경상남도 김해시 안동,경상사고,0,0,1,0,차대차 - 측면충돌,안전운전불이행,건조,맑음,단일로 - 기타,승용,남,62세,상해없음,이륜,남,50세,경상
2023090600100250,2023년 9월 6일 12시,수요일,경상남도 창녕군 남지읍,경상사고,0,0,2,0,차대차 - 측면충돌,직진우회전진행방해,건조,맑음,교차로 - 교차로안,화물,남,58세,상해없음,승용,남,77세,경상
2023090600100251,2023년 9월 6일 12시,수요일,경상남도 김해시 무계동,중상사고,0,1,0,0,차대사람 - 횡단중,안전운전불이행,건조,맑음,단일로 - 기타,승용,남,43세,상해없음,보행자,여,68세,중상
2023090600100252,2023년 9월 6일 12시,수요일,경상남도 함안군 산인면,중상사고,0,1,0,0,차대차 - 측면충돌,안전운전불이행,건조,맑음,단일로 - 기타,화물,남,66세,상해없음,승용,남,44세,중상
2023090600100283,2023년 9월 6일 13시,수요일,경상남도 창원시 마산회원구 내서읍,중상사고,0,1,0,0,차대차 - 측면충돌,안전운전불이행,건조,맑음,단일로 - 기타,승용,남,35세,상해없음,자전거,남,76세,중상
2023090600100320,2023년 9월 6일 14시,수요일,경상남도 사천시 벌리동,중상사고,0,1,0,0,차량단독 - 기타,안전운전불이행,건조,맑음,단일로 - 기타,승합,남,54세,상해없음,,,,
2023090600100321,2023년 9월 6일 14시,수요일,경상남도 양산시 물금읍,중상사고,0,1,0,0,차대사람 - 기타,안전운전불이행,건조,맑음,교차로 - 교차로부근,승용,여,47세,상해없음,보행자,여,70세,중상
2023090600100322,2023년 9월 6일 14시,수요일,경상남도 함안군 칠원읍,중상사고,0,1,0,0,차대차 - 정면충돌,신호위반,건조,맑음,교차로 - 교차로안,승용,남,72세,상해없음,승용,남,69세,중상
2023090600100355,2023년 9월 6일 15시,수요일,경상남도 창원시 진해구 석동,경상사고,0,0,1,0,차대차 - 측면충돌,안전운전불이행,건조,맑음,교차로 - 교차로안,승용,남,69세,상해없음,승용,남,40세,경상
2023090600100356,2023년 9월 6일 15시,수요일,경상남도 거창군 가조면,중상사고,0,1,0,0,차대사람 - 차도통행중,안전운전불이행,건조,맑음,단일로 - 기타,농기계,남,96세,상해없음,보행자,여,93세,중상
2023090600100398,2023년 9월 6일 16시,수요일,경상남도 김해시 외동,경상사고,0,0,2,0,차대차 - 측면충돌,교차로운행방법위반,건조,맑음,교차로 - 교차로안,승용,남,65세,경상,이륜,남,41세,경상
2023090600100399,2023년 9월 6일 16시,수요일,경상남도 거창군 거창읍,경상사고,0,0,1,0,차대차 - 측면충돌,기타,건조,맑음,단일로 - 기타,이륜,남,62세,경상,승용,여,44세,상해없음
2023090600100400,2023년 9월 6일 16시,수요일,경상남도 남해군 고현면,중상사고,0,1,0,0,차량단독 - 도로외이탈 - 추락,안전운전불이행,건조,맑음,단일로 - 기타,농기계,남,80세,중상,,,,
2023090600100453,2023년 9월 6일 17시,수요일,경상남도 김해시 봉황동,중상사고,0,1,0,0,차대사람 - 횡단중,신호위반,건조,맑음,교차로 - 교차로횡단보도내,건설기계,남,55세,상해없음,보행자,여,27세,중상
2023090600100454,2023년 9월 6일 17시,수요일,경상남도 창원시 의창구 소계동,경상사고,0,0,1,0,차대차 - 추돌,안전운전불이행,건조,맑음,단일로 - 고가도로위,기타불명,기타불명,미분류,기타불명,승용,여,42세,경상
2023090600100497,2023년 9월 6일 18시,수요일,경상남도 고성군 거류면,중상사고,0,1,0,0,차대차 - 측면충돌,교차로운행방법위반,건조,맑음,교차로 - 교차로안,승용,남,70세,상해없음,승용,남,76세,중상
2023090600100499,2023년 9월 6일 18시,수요일,경상남도 창원시 성산구 상남동,경상사고,0,0,1,1,차대차 - 측면충돌,안전운전불이행,건조,맑음,단일로 - 기타,승용,여,62세,부상신고,승용,남,34세,경상
2023090600100541,2023년 9월 6일 19시,수요일,경상남도 합천군 삼가면,경상사고,0,0,2,0,차대사람 - 길가장자리구역통행중,안전운전불이행,건조,맑음,단일로 - 교량,이륜,남,62세,경상,보행자,여,16세,경상
2023090600100543,2023년 9월 6일 19시,수요일,경상남도 창원시 성산구 사파동,경상사고,0,0,1,2,차대차 - 추돌,안전운전불이행,건조,맑음,교차로 - 교차로부근,승용,남,57세,상해없음,승용,남,26세,경상
2023090600100544,2023년 9월 6일 19시,수요일,경상남도 함안군 산인면,중상사고,0,2,0,0,차대차 - 기타,안전운전불이행,건조,맑음,단일로 - 기타,승용,남,54세,상해없음,특수,남,29세,중상
2023090600100597,2023년 9월 6일 21시,수요일,경상남도 양산시 물금읍,경상사고,0,0,1,0,차대차 - 측면충돌,신호위반,건조,맑음,교차로 - 교차로안,승용,남,59세,상해없음,이륜,남,29세,경상
2023090600100598,2023년 9월 6일 21시,수요일,경상남도 거제시 아주동,경상사고,0,0,1,0,차량단독 - 공작물충돌,안전운전불이행,건조,맑음,기타 - 기타,승용,남,51세,경상,,,,
2023090600100599,2023년 9월 6일 21시,수요일,경상남도 창원시 마산회원구 내서읍,중상사고,0,1,1,0,차대차 - 정면충돌,신호위반,건조,맑음,교차로 - 교차로안,승용,여,44세,상해없음,승용,남,63세,중상
2023090600100632,2023년 9월 6일 23시,수요일,경상남도 김해시 내동,경상사고,0,0,1,0,차대차 - 추돌,안전운전불이행,건조,맑음,단일로 - 기타,승용,남,59세,상해없음,이륜,남,16세,기타불명
2023090700100016,2023년 9월 7일 00시,목요일,경상남도 거제시 옥포동,경상사고,0,0,2,0,차대차 - 기타,안전운전불이행,건조,맑음,교차로 - 교차로안,승용,남,66세,상해없음,화물,남,63세,기타불명
2023090700100030,2023년 9월 7일 03시,목요일,경상남도 창원시 성산구 내동,경상사고,0,0,2,0,차대차 - 추돌,안전운전불이행,건조,맑음,교차로 - 교차로부근,승용,여,60세,상해없음,승용,남,59세,경상
2023090700100069,2023년 9월 7일 06시,목요일,경상남도 사천시 벌리동,경상사고,0,0,1,0,차대사람 - 차도통행중,안전운전불이행,건조,맑음,교차로 - 교차로안,승용,남,67세,상해없음,보행자,여,76세,경상
2023090700100171,2023년 9월 7일 08시,목요일,경상남도 진주시 상봉동,중상사고,0,1,0,0,차대사람 - 횡단중,보행자보호의무위반,건조,맑음,교차로 - 교차로횡단보도내,화물,남,74세,상해없음,보행자,여,73세,중상
2023090700100173,2023년 9월 7일 08시,목요일,경상남도 통영시 북신동,경상사고,0,0,1,0,차대차 - 측면충돌,직진우회전진행방해,건조,맑음,교차로 - 교차로안,승용,여,44세,상해없음,이륜,남,68세,경상
2023090700100174,2023년 9월 7일 08시,목요일,경상남도 김해시 부원동,경상사고,0,0,1,0,차대차 - 측면충돌,안전거리미확보,건조,맑음,교차로 - 교차로안,승용,남,81세,상해없음,화물,남,29세,경상
2023090700100175,2023년 9월 7일 08시,목요일,경상남도 함양군 함양읍,중상사고,0,1,0,0,차대차 - 측면충돌,신호위반,건조,맑음,교차로 - 교차로안,승합,남,49세,상해없음,이륜,여,67세,중상
2023090700100223,2023년 9월 7일 09시,목요일,경상남도 창원시 진해구 경화동,중상사고,0,1,0,0,차대사람 - 횡단중,보행자보호의무위반,건조,맑음,교차로 - 교차로횡단보도내,승용,여,60세,상해없음,보행자,여,72세,중상
2023090700100224,2023년 9월 7일 09시,목요일,경상남도 양산시 상북면,경상사고,0,0,1,0,차량단독 - 기타,안전운전불이행,건조,맑음,단일로 - 기타,승합,남,53세,상해없음,,,,
2023090700100225,2023년 9월 7일 09시,목요일,경상남도 거제시 사등면,경상사고,0,0,1,0,차대차 - 정면충돌,안전운전불이행,건조,맑음,교차로 - 교차로안,개인형이동수단(PM),남,13세,경상,승용,여,45세,상해없음
2023090700100226,2023년 9월 7일 09시,목요일,경상남도 창원시 성산구 천선동,경상사고,0,0,1,0,차대차 - 기타,안전운전불이행,건조,맑음,기타 - 기타,화물,남,57세,상해없음,승용,여,28세,경상
2023090700100257,2023년 9월 7일 10시,목요일,경상남도 김해시 삼정동,경상사고,0,0,1,0,차대사람 - 기타,안전운전불이행,건조,맑음,단일로 - 기타,화물,남,48세,상해없음,보행자,남,64세,경상
2023090700100258,2023년 9월 7일 10시,목요일,경상남도 김해시 삼문동,경상사고,0,0,1,0,차대차 - 측면충돌,신호위반,건조,맑음,단일로 - 지하차도(도로)내,특수,남,58세,상해없음,승용,남,54세,경상
2023090700100287,2023년 9월 7일 11시,목요일,경상남도 창원시 마산회원구 석전동,경상사고,0,0,1,0,차대차 - 측면충돌,안전운전불이행,건조,맑음,단일로 - 기타,승용,남,66세,상해없음,화물,남,29세,경상
2023090700100388,2023년 9월 7일 14시,목요일,경상남도 밀양시 하남읍,중상사고,0,1,0,0,차대차 - 측면충돌,안전운전불이행,건조,맑음,단일로 - 기타,화물,남,64세,상해없음,이륜,여,68세,중상
2023090700100428,2023년 9월 7일 15시,목요일,경상남도 창원시 성산구 상남동,경상사고,0,0,1,0,차대차 - 기타,직진우회전진행방해,건조,맑음,단일로 - 기타,승용,여,37세,상해없음,승용,남,55세,경상
2023090700100476,2023년 9월 7일 16시,목요일,경상남도 창원시 진해구 남양동,경상사고,0,0,2,0,차량단독 - 공작물충돌,안전운전불이행,건조,맑음,단일로 - 기타,승용,남,59세,경상,,,,
2023090700100477,2023년 9월 7일 16시,목요일,경상남도 통영시 도남동,경상사고,0,0,1,0,차대차 - 측면충돌,교차로운행방법위반,건조,맑음,교차로 - 교차로안,승용,남,59세,상해없음,승용,여,46세,경상
2023090700100478,2023년 9월 7일 16시,목요일,경상남도 통영시 광도면,경상사고,0,0,1,0,차대차 - 측면충돌,안전운전불이행,건조,맑음,교차로 - 교차로부근,승용,남,54세,상해없음,승용,여,43세,경상
2023090700100479,2023년 9월 7일 16시,목요일,경상남도 창원시 의창구 소답동,경상사고,0,0,1,0,차대사람 - 횡단중,보행자보호의무위반,건조,맑음,교차로 - 교차로안,화물,남,33세,상해없음,보행자,남,63세,경상
2023090700100536,2023년 9월 7일 17시,목요일,경상남도 창원시 진해구 자은동,경상사고,0,0,1,0,차대차 - 정면충돌,중앙선침범,건조,맑음,교차로 - 교차로부근,승용,남,75세,상해없음,이륜,남,45세,경상
2023090700100538,2023년 9월 7일 17시,목요일,경상남도 양산시 신기동,중상사고,0,1,1,0,차대차 - 추돌,안전거리미확보,건조,맑음,단일로 - 기타,이륜,남,38세,중상,승용,남,46세,경상
2023090700100539,2023년 9월 7일 17시,목요일,경상남도 함안군 칠원읍,중상사고,0,1,1,0,차대차 - 추돌,신호위반,건조,맑음,교차로 - 교차로안,승용,여,53세,경상,승용,남,53세,중상
2023090700100540,2023년 9월 7일 17시,목요일,경상남도 창원시 성산구 웅남동,경상사고,0,0,1,0,차대차 - 기타,안전운전불이행,건조,맑음,교차로 - 교차로부근,건설기계,남,60세,상해없음,승용,남,31세,경상
2023090700100588,2023년 9월 7일 18시,목요일,경상남도 밀양시 내이동,중상사고,0,1,0,1,차대차 - 추돌,안전운전불이행,건조,맑음,단일로 - 기타,화물,남,53세,상해없음,승용,남,47세,중상
2023090700100589,2023년 9월 7일 18시,목요일,경상남도 하동군 진교면,경상사고,0,0,1,0,차대차 - 측면충돌,안전운전불이행,건조,맑음,기타 - 기타,이륜,남,53세,상해없음,승용,여,53세,경상
2023090700100682,2023년 9월 7일 21시,목요일,경상남도 창원시 진해구 용원동,중상사고,0,1,0,0,차대차 - 기타,직진우회전진행방해,건조,맑음,교차로 - 교차로안,승용,여,65세,상해없음,자전거,남,65세,중상
2023090700100683,2023년 9월 7일 21시,목요일,경상남도 창원시 성산구 성주동,경상사고,0,0,2,0,차대사람 - 기타,보행자보호의무위반,건조,맑음,기타 - 기타,승용,남,59세,상해없음,보행자,여,60세,경상
2023090700100709,2023년 9월 7일 22시,목요일,경상남도 창원시 마산합포구 현동,중상사고,0,1,1,0,차대차 - 추돌,신호위반,건조,맑음,교차로 - 교차로부근,승용,여,52세,상해없음,승합,남,58세,상해없음
2023090700100731,2023년 9월 7일 23시,목요일,경상남도 김해시 진영읍,경상사고,0,0,1,0,차대사람 - 기타,안전운전불이행,건조,맑음,단일로 - 기타,개인형이동수단(PM),남,35세,경상,보행자,남,28세,상해없음
2023090800100007,2023년 9월 8일 00시,금요일,경상남도 김해시 흥동,경상사고,0,0,3,0,차대차 - 기타,안전운전불이행,건조,맑음,교차로 - 교차로부근,승용,여,58세,경상,승용,남,24세,경상
2023090800100047,2023년 9월 8일 05시,금요일,경상남도 창원시 진해구 용원동,중상사고,0,1,0,0,차대차 - 측면충돌,신호위반,건조,맑음,교차로 - 교차로안,승용,남,58세,상해없음,승용,남,67세,중상
2023090800100058,2023년 9월 8일 06시,금요일,경상남도 김해시 진영읍,경상사고,0,0,1,0,차대차 - 측면충돌,신호위반,건조,맑음,교차로 - 교차로안,승용,남,58세,상해없음,승용,남,45세,경상
2023090800100074,2023년 9월 8일 07시,금요일,경상남도 창원시 의창구 북면,중상사고,0,2,0,0,차대차 - 추돌,안전거리미확보,건조,맑음,단일로 - 기타,승용,여,28세,상해없음,승용,남,68세,중상
2023090800100122,2023년 9월 8일 08시,금요일,경상남도 양산시 물금읍,부상신고사고,0,0,0,1,차대사람 - 횡단중,안전운전불이행,건조,맑음,교차로 - 교차로부근,승용,여,53세,상해없음,보행자,여,23세,부상신고
2023090800100123,2023년 9월 8일 08시,금요일,경상남도 거제시 고현동,경상사고,0,0,1,0,차대차 - 기타,안전거리미확보,건조,맑음,단일로 - 기타,승용,남,46세,상해없음,승용,여,55세,경상
2023090800100124,2023년 9월 8일 08시,금요일,경상남도 김해시 주촌면,경상사고,0,0,1,0,차대차 - 기타,안전운전불이행,건조,맑음,단일로 - 기타,화물,남,68세,상해없음,승용,여,56세,경상
2023090800100163,2023년 9월 8일 09시,금요일,경상남도 양산시 물금읍,경상사고,0,0,1,0,차대사람 - 기타,안전운전불이행,건조,맑음,기타 - 기타,승용,여,42세,상해없음,보행자,남,32세,경상
2023090800100197,2023년 9월 8일 10시,금요일,경상남도 창원시 성산구 내동,사망사고,1,0,0,0,차대사람 - 횡단중,안전운전불이행,건조,맑음,단일로 - 기타,화물,남,68세,상해없음,보행자,여,73세,사망
2023090800100264,2023년 9월 8일 12시,금요일,경상남도 창원시 마산합포구 동성동,중상사고,0,2,0,0,차대차 - 기타,안전거리미확보,건조,맑음,단일로 - 기타,건설기계,남,63세,상해없음,승용,여,48세,상해없음
2023090800100265,2023년 9월 8일 12시,금요일,경상남도 통영시 광도면,중상사고,0,1,0,0,차대차 - 측면충돌,직진우회전진행방해,건조,맑음,교차로 - 교차로안,이륜,남,43세,중상,화물,남,64세,상해없음
2023090800100266,2023년 9월 8일 12시,금요일,경상남도 창원시 마산회원구 내서읍,중상사고,0,1,0,0,차대차 - 추돌,안전운전불이행,건조,맑음,단일로 - 고가도로위,승용,남,35세,상해없음,농기계,남,80세,중상
2023090800100309,2023년 9월 8일 13시,금요일,경상남도 창원시 마산회원구 양덕동,경상사고,0,0,1,0,차대차 - 측면충돌,기타,건조,맑음,단일로 - 기타,승용,남,76세,상해없음,이륜,남,34세,경상
2023090800100343,2023년 9월 8일 14시,금요일,경상남도 김해시 구산동,경상사고,0,0,1,0,차대사람 - 횡단중,보행자보호의무위반,건조,맑음,교차로 - 교차로횡단보도내,승용,남,58세,상해없음,보행자,남,9세,경상
2023090800100379,2023년 9월 8일 15시,금요일,경상남도 김해시 진영읍,경상사고,0,0,1,0,차대차 - 측면충돌,안전거리미확보,건조,맑음,단일로 - 기타,화물,남,54세,상해없음,승용,여,47세,경상
2023090800100433,2023년 9월 8일 16시,금요일,경상남도 사천시 사천읍,경상사고,0,0,2,0,차대차 - 측면충돌,안전운전불이행,건조,맑음,교차로 - 교차로안,승용,남,59세,상해없음,승용,여,57세,경상
2023090800100434,2023년 9월 8일 16시,금요일,경상남도 김해시 구산동,중상사고,0,1,0,0,차대차 - 측면충돌,차로위반,건조,맑음,교차로 - 교차로안,화물,남,55세,상해없음,승용,남,27세,중상
2023090800100435,2023년 9월 8일 16시,금요일,경상남도 양산시 삼호동,경상사고,0,0,1,0,차대차 - 정면충돌,신호위반,건조,맑음,교차로 - 교차로안,승용,남,53세,상해없음,승합,여,54세,경상
2023090800100436,2023년 9월 8일 16시,금요일,경상남도 거제시 장평동,경상사고,0,0,1,0,차대사람 - 기타,안전운전불이행,건조,맑음,단일로 - 기타,승용,남,69세,상해없음,보행자,남,10세,경상
2023090800100437,2023년 9월 8일 16시,금요일,경상남도 거제시 양정동,경상사고,0,0,2,0,차대차 - 측면충돌,기타,건조,맑음,단일로 - 기타,승용,여,36세,상해없음,승용,남,70세,경상
2023090800100438,2023년 9월 8일 16시,금요일,경상남도 산청군 신안면,중상사고,0,1,0,0,차대사람 - 횡단중,안전운전불이행,건조,맑음,교차로 - 교차로안,승용,남,30세,상해없음,보행자,여,89세,중상
2023090800100470,2023년 9월 8일 17시,금요일,경상남도 양산시 동면,경상사고,0,0,1,0,차대차 - 측면충돌,안전거리미확보,건조,맑음,단일로 - 기타,특수,남,59세,상해없음,승용,여,39세,경상
2023090800100516,2023년 9월 8일 17시,금요일,경상남도 창원시 마산합포구 교방동,경상사고,0,0,1,0,차대차 - 추돌,안전운전불이행,건조,맑음,교차로 - 교차로횡단보도내,승용,남,68세,상해없음,자전거,남,67세,경상
2023090800100517,2023년 9월 8일 17시,금요일,경상남도 함양군 서상면,중상사고,0,1,0,1,차량단독 - 도로외이탈 - 기타,안전운전불이행,건조,맑음,단일로 - 기타,이륜,남,54세,부상신고,,,,
2023090800100518,2023년 9월 8일 17시,금요일,경상남도 양산시 물금읍,중상사고,0,1,1,0,차대차 - 기타,교차로운행방법위반,건조,맑음,교차로 - 교차로안,승용,남,51세,중상,승용,남,52세,경상
2023090800100519,2023년 9월 8일 17시,금요일,경상남도 거제시 옥포동,중상사고,0,1,0,0,차대차 - 추돌,안전거리미확보,건조,맑음,교차로 - 교차로부근,승용,여,60세,상해없음,승용,남,41세,중상
2023090800100569,2023년 9월 8일 18시,금요일,경상남도 양산시 동면,경상사고,0,0,1,0,차대차 - 기타,신호위반,건조,맑음,교차로 - 교차로횡단보도내,승용,여,47세,상해없음,자전거,남,62세,경상
2023090800100570,2023년 9월 8일 18시,금요일,경상남도 양산시 유산동,경상사고,0,0,1,0,차대차 - 추돌,안전거리미확보,건조,맑음,단일로 - 기타,승용,남,38세,상해없음,승용,남,29세,상해없음
2023090800100571,2023년 9월 8일 18시,금요일,경상남도 고성군 상리면,중상사고,0,1,0,0,차대사람 - 기타,안전운전불이행,건조,맑음,단일로 - 기타,화물,남,63세,상해없음,보행자,여,89세,중상
2023090800100572,2023년 9월 8일 18시,금요일,경상남도 함안군 칠원읍,중상사고,0,1,0,0,차대사람 - 횡단중,안전운전불이행,건조,맑음,단일로 - 기타,원동기,남,62세,상해없음,보행자,여,48세,중상
2023090800100621,2023년 9월 8일 19시,금요일,경상남도 진주시 가좌동,경상사고,0,0,1,0,차대차 - 측면충돌,직진우회전진행방해,건조,맑음,교차로 - 교차로안,승용,여,38세,상해없음,이륜,남,31세,경상
2023090800100622,2023년 9월 8일 19시,금요일,경상남도 창원시 진해구 이동,중상사고,0,1,2,0,차대차 - 추돌,안전운전불이행,건조,맑음,교차로 - 교차로부근,승용,남,77세,상해없음,승용,남,24세,경상
2023090800100623,2023년 9월 8일 19시,금요일,경상남도 고성군 고성읍,중상사고,0,1,1,0,차대차 - 기타,안전운전불이행,건조,맑음,단일로 - 기타,화물,남,53세,상해없음,농기계,남,56세,경상
2023090800100644,2023년 9월 8일 20시,금요일,경상남도 밀양시 상동면,경상사고,0,0,1,0,차대차 - 추돌,안전거리미확보,건조,맑음,단일로 - 기타,승용,남,34세,상해없음,승용,남,58세,경상
2023090800100668,2023년 9월 8일 20시,금요일,경상남도 김해시 진례면,중상사고,0,1,0,0,차대사람 - 횡단중,신호위반,건조,맑음,교차로 - 교차로안,승용,여,50세,상해없음,보행자,남,33세,중상
2023090800100686,2023년 9월 8일 21시,금요일,경상남도 김해시 내동,경상사고,0,0,1,0,차대사람 - 횡단중,안전운전불이행,건조,맑음,단일로 - 기타,승용,남,64세,상해없음,보행자,여,12세,경상
2023090800100710,2023년 9월 8일 22시,금요일,경상남도 진주시 가좌동,경상사고,0,0,1,0,차대차 - 측면충돌,안전거리미확보,건조,맑음,교차로 - 교차로부근,승용,여,52세,상해없음,승용,남,31세,경상
2023090800100731,2023년 9월 8일 23시,금요일,경상남도 김해시 대청동,중상사고,0,1,0,0,차대차 - 기타,안전운전불이행,건조,맑음,단일로 - 기타,이륜,남,44세,중상,승용,남,44세,상해없음
2023090900100008,2023년 9월 9일 00시,토요일,경상남도 김해시 상동면,중상사고,0,1,0,0,차대차 - 추돌,안전거리미확보,건조,맑음,단일로 - 기타,승용,남,33세,상해없음,승용,남,24세,중상
2023090900100016,2023년 9월 9일 00시,토요일,경상남도 양산시 물금읍,경상사고,0,0,1,0,차대차 - 기타,안전운전불이행,건조,맑음,교차로 - 교차로부근,화물,남,27세,상해없음,승용,남,31세,경상
2023090900100072,2023년 9월 9일 06시,토요일,경상남도 김해시 내동,중상사고,0,1,0,0,차대사람 - 횡단중,안전운전불이행,건조,맑음,교차로 - 교차로부근,승용,남,52세,상해없음,보행자,여,77세,중상
2023090900100073,2023년 9월 9일 06시,토요일,경상남도 고성군 영오면,경상사고,0,0,1,0,차대차 - 추돌,안전운전불이행,건조,맑음,교차로 - 교차로안,이륜,여,57세,경상,화물,남,64세,상해없음
2023090900100088,2023년 9월 9일 07시,토요일,경상남도 김해시 외동,중상사고,0,1,0,0,차대사람 - 횡단중,보행자보호의무위반,건조,맑음,교차로 - 교차로횡단보도내,승합,남,58세,상해없음,보행자,남,80세,중상
2023090900100089,2023년 9월 9일 07시,토요일,경상남도 창원시 마산회원구 석전동,중상사고,0,1,0,0,차대사람 - 보도통행중,안전운전불이행,건조,맑음,교차로 - 교차로안,승용,남,62세,상해없음,보행자,여,84세,중상
2023090900100090,2023년 9월 9일 07시,토요일,경상남도 김해시 진영읍,경상사고,0,0,1,0,차대차 - 측면충돌,신호위반,건조,맑음,교차로 - 교차로안,승용,남,68세,상해없음,승용,남,44세,경상
2023090900100184,2023년 9월 9일 10시,토요일,경상남도 진주시 이반성면,경상사고,0,0,1,0,차대차 - 기타,직진우회전진행방해,건조,맑음,교차로 - 교차로안,자전거,남,57세,경상,승용,남,69세,상해없음
2023090900100185,2023년 9월 9일 10시,토요일,경상남도 통영시 광도면,중상사고,0,2,2,0,차대차 - 측면충돌,안전거리미확보,건조,맑음,단일로 - 기타,승용,여,64세,상해없음,승용,남,45세,중상
2023090900100186,2023년 9월 9일 10시,토요일,경상남도 밀양시 산내면,중상사고,0,2,0,0,차량단독 - 기타,안전운전불이행,건조,맑음,단일로 - 기타,승용,여,57세,중상,,,,
2023090900100187,2023년 9월 9일 10시,토요일,경상남도 함양군 수동면,경상사고,0,0,4,0,차대차 - 추돌,안전운전불이행,건조,맑음,교차로 - 교차로부근,화물,남,77세,상해없음,승용,남,41세,경상
2023090900100188,2023년 9월 9일 10시,토요일,경상남도 창원시 의창구 사림동,경상사고,0,0,1,0,차대차 - 측면충돌,신호위반,건조,맑음,교차로 - 교차로안,승용,남,78세,기타불명,승용,여,27세,경상
2023090900100189,2023년 9월 9일 10시,토요일,경상남도 김해시 진영읍,중상사고,0,1,0,0,차대사람 - 횡단중,보행자보호의무위반,건조,맑음,교차로 - 교차로안,승용,남,67세,상해없음,보행자,여,57세,중상
2023090900100273,2023년 9월 9일 12시,토요일,경상남도 창원시 마산합포구 교방동,경상사고,0,0,1,0,차대차 - 추돌,안전운전불이행,건조,맑음,교차로 - 교차로안,승용,여,29세,상해없음,승용,남,36세,경상
2023090900100274,2023년 9월 9일 12시,토요일,경상남도 창원시 진해구 자은동,경상사고,0,0,1,0,차대차 - 측면충돌,안전운전불이행,건조,맑음,교차로 - 교차로안,이륜,남,63세,경상,승용,남,48세,상해없음
2023090900100275,2023년 9월 9일 12시,토요일,경상남도 통영시 광도면,경상사고,0,0,1,0,차대차 - 측면충돌,중앙선침범,건조,맑음,교차로 - 교차로부근,화물,남,64세,상해없음,승용,남,42세,경상
2023090900100276,2023년 9월 9일 12시,토요일,경상남도 김해시 외동,사망사고,1,0,0,0,차대차 - 정면충돌,안전운전불이행,건조,맑음,단일로 - 기타,이륜,남,22세,상해없음,화물,남,22세,상해없음
2023090900100277,2023년 9월 9일 12시,토요일,경상남도 김해시 외동,경상사고,0,0,1,0,차대차 - 측면충돌,안전거리미확보,건조,맑음,교차로 - 교차로부근,승용,남,69세,상해없음,승합,남,31세,경상
2023090900100278,2023년 9월 9일 12시,토요일,경상남도 거제시 거제면,경상사고,0,0,2,0,차대차 - 측면충돌,중앙선침범,건조,맑음,기타 - 기타,화물,남,57세,상해없음,승용,남,41세,경상
2023090900100279,2023년 9월 9일 12시,토요일,경상남도 남해군 남해읍,중상사고,0,1,0,0,차대차 - 측면충돌,안전운전불이행,건조,맑음,교차로 - 교차로안,승용,남,54세,상해없음,원동기,남,80세,중상
2023090900100324,2023년 9월 9일 13시,토요일,경상남도 창원시 마산합포구 오동동,경상사고,0,0,1,0,차대사람 - 차도통행중,안전운전불이행,건조,맑음,단일로 - 기타,승용,남,74세,상해없음,보행자,여,53세,경상
2023090900100325,2023년 9월 9일 13시,토요일,경상남도 창원시 마산합포구 월영동,경상사고,0,0,1,0,차대차 - 측면충돌,안전운전불이행,건조,맑음,교차로 - 교차로부근,승용,남,66세,상해없음,승용,여,43세,경상
2023090900100326,2023년 9월 9일 13시,토요일,경상남도 창원시 성산구 중앙동,경상사고,0,0,1,0,차대차 - 측면충돌,신호위반,건조,맑음,교차로 - 교차로안,승용,남,69세,기타불명,화물,남,51세,경상
2023090900100365,2023년 9월 9일 14시,토요일,경상남도 통영시 도산면,경상사고,0,0,1,0,차대차 - 측면충돌,중앙선침범,건조,맑음,단일로 - 기타,화물,남,68세,상해없음,화물,남,53세,경상
2023090900100412,2023년 9월 9일 15시,토요일,경상남도 사천시 죽림동,중상사고,0,1,0,0,차대차 - 측면충돌,안전운전불이행,건조,맑음,교차로 - 교차로안,승용,여,74세,상해없음,자전거,여,51세,중상
2023090900100413,2023년 9월 9일 15시,토요일,경상남도 양산시 삼호동,경상사고,0,0,1,0,차대차 - 측면충돌,안전운전불이행,건조,맑음,단일로 - 기타,승용,남,61세,상해없음,승용,여,57세,경상
2023090900100414,2023년 9월 9일 15시,토요일,경상남도 거제시 거제면,부상신고사고,0,0,0,2,차대차 - 기타,안전운전불이행,건조,맑음,단일로 - 기타,이륜,남,56세,상해없음,승용,남,65세,부상신고
2023090900100448,2023년 9월 9일 16시,토요일,경상남도 진주시 상대동,경상사고,0,0,1,0,차대차 - 측면충돌,신호위반,건조,맑음,교차로 - 교차로안,화물,남,44세,상해없음,승용,남,29세,경상
2023090900100449,2023년 9월 9일 16시,토요일,경상남도 밀양시 상남면,경상사고,0,0,1,0,차대차 - 측면충돌,교차로운행방법위반,건조,맑음,교차로 - 교차로안,승용,남,55세,상해없음,이륜,남,66세,경상