사고번호,사고일시,요일,시군구,사고내용,사망자수,중상자수,경상자수,부상신고자수,사고유형,법규위반,노면상태,기상상태,도로형태,가해운전자 차종,가해운전자 성별,가해운전자 연령,가해운전자 상해정도,피해운전자 차종,피해운전자 성별,피해운전자 연령,피해운전자 상해정도
2023090900100450,2023년 9월 9일 16시,토요일,경상남도 김해시 봉황동,경상사고,0,0,1,0,차대차 - 정면충돌,직진우회전진행방해,건조,맑음,교차로 - 교차로안,승용,여,44세,상해없음,개인형이동수단(PM),남,23세,경상
2023090900100451,2023년 9월 9일 16시,토요일,경상남도 김해시 내동,경상사고,0,0,1,0,차대차 - 정면충돌,안전운전불이행,건조,맑음,교차로 - 교차로횡단보도내,승용,남,72세,상해없음,자전거,남,31세,경상
2023090900100452,2023년 9월 9일 16시,토요일,경상남도 양산시 물금읍,중상사고,0,1,0,0,차대차 - 측면충돌,신호위반,건조,맑음,교차로 - 교차로안,승용,남,54세,상해없음,이륜,남,29세,중상
2023090900100493,2023년 9월 9일 17시,토요일,경상남도 밀양시 삼문동,중상사고,0,1,1,0,차대사람 - 횡단중,보행자보호의무위반,건조,맑음,교차로 - 교차로횡단보도내,화물,남,64세,상해없음,보행자,남,68세,중상
2023090900100494,2023년 9월 9일 17시,토요일,경상남도 김해시 불암동,경상사고,0,0,3,0,차대차 - 정면충돌,신호위반,건조,맑음,교차로 - 교차로안,승용,남,53세,상해없음,승용,여,53세,경상
2023090900100532,2023년 9월 9일 18시,토요일,경상남도 사천시 정동면,경상사고,0,0,1,0,차대차 - 기타,교차로운행방법위반,건조,맑음,교차로 - 교차로안,승용,여,40세,상해없음,승용,남,39세,경상
2023090900100533,2023년 9월 9일 18시,토요일,경상남도 창녕군 창녕읍,중상사고,0,1,0,0,차대차 - 측면충돌,안전운전불이행,건조,맑음,교차로 - 교차로안,자전거,남,13세,중상,화물,남,67세,상해없음
2023090900100534,2023년 9월 9일 18시,토요일,경상남도 거제시 상동동,경상사고,0,0,1,0,차대차 - 기타,안전운전불이행,건조,기타,교차로 - 교차로안,이륜,남,50세,경상,승용,여,65세,상해없음
2023090900100535,2023년 9월 9일 18시,토요일,경상남도 함안군 칠원읍,경상사고,0,0,1,0,차대차 - 측면충돌,교차로운행방법위반,건조,맑음,교차로 - 교차로안,승용,남,39세,상해없음,승용,남,75세,경상
2023090900100536,2023년 9월 9일 18시,토요일,경상남도 함안군 칠원읍,경상사고,0,0,2,0,차대차 - 추돌,안전운전불이행,건조,맑음,단일로 - 기타,승용,남,25세,상해없음,승용,여,60세,경상
2023090900100577,2023년 9월 9일 19시,토요일,경상남도 창원시 진해구 남양동,경상사고,0,0,1,0,차량단독 - 기타,안전운전불이행,건조,맑음,교차로 - 교차로부근,승용,남,69세,상해없음,,,,
2023090900100578,2023년 9월 9일 19시,토요일,경상남도 창원시 마산회원구 양덕동,경상사고,0,0,1,0,차대차 - 추돌,안전운전불이행,건조,맑음,기타 - 기타,승용,남,57세,상해없음,이륜,남,54세,경상
2023090900100612,2023년 9월 9일 20시,토요일,경상남도 김해시 진영읍,경상사고,0,0,1,0,차대차 - 측면충돌,안전운전불이행,건조,맑음,교차로 - 교차로안,자전거,남,8세,경상,화물,남,23세,상해없음
2023090900100634,2023년 9월 9일 21시,토요일,경상남도 밀양시 산외면,중상사고,0,1,0,0,차량단독 - 기타,안전운전불이행,건조,맑음,단일로 - 기타,승용,남,65세,중상,,,,
2023090900100635,2023년 9월 9일 21시,토요일,경상남도 양산시 동면,부상신고사고,0,0,0,1,차대차 - 기타,안전거리미확보,건조,맑음,교차로 - 교차로안,원동기,남,33세,부상신고,승용,남,64세,상해없음
2023090900100651,2023년 9월 9일 22시,토요일,경상남도 창원시 의창구 서상동,경상사고,0,0,1,0,차대차 - 측면충돌,교차로운행방법위반,건조,맑음,교차로 - 교차로안,승용,남,55세,상해없음,승용,남,52세,경상
2023090900100668,2023년 9월 9일 23시,토요일,경상남도 양산시 물금읍,부상신고사고,0,0,0,1,차량단독 - 기타,안전운전불이행,건조,맑음,교차로 - 교차로부근,승용,남,68세,상해없음,,,,
2023091000100084,2023년 9월 10일 08시,일요일,경상남도 사천시 서동,경상사고,0,0,1,0,차대사람 - 횡단중,보행자보호의무위반,건조,맑음,교차로 - 교차로횡단보도내,승용,남,60세,상해없음,보행자,남,62세,경상
2023091000100086,2023년 9월 10일 08시,일요일,경상남도 창원시 마산회원구 석전동,중상사고,0,1,0,0,차량단독 - 기타,안전운전불이행,건조,맑음,단일로 - 기타,승합,남,48세,상해없음,,,,
2023091000100158,2023년 9월 10일 11시,일요일,경상남도 창원시 진해구 이동,경상사고,0,0,4,0,차대차 - 측면충돌,직진우회전진행방해,건조,맑음,교차로 - 교차로안,승용,여,56세,경상,승용,여,41세,경상
2023091000100159,2023년 9월 10일 11시,일요일,경상남도 양산시 물금읍,경상사고,0,0,1,0,차대차 - 측면충돌,교차로운행방법위반,건조,맑음,교차로 - 교차로안,승용,남,74세,상해없음,승용,남,38세,경상
2023091000100186,2023년 9월 10일 12시,일요일,경상남도 창원시 의창구 서상동,경상사고,0,0,2,0,차대차 - 측면충돌,직진우회전진행방해,건조,맑음,교차로 - 교차로안,승용,여,47세,상해없음,승용,여,50세,경상
2023091000100220,2023년 9월 10일 13시,일요일,경상남도 창원시 진해구 풍호동,경상사고,0,0,1,0,차대차 - 기타,신호위반,건조,맑음,교차로 - 교차로안,승합,남,38세,상해없음,승용,여,61세,경상
2023091000100221,2023년 9월 10일 13시,일요일,경상남도 사천시 벌리동,중상사고,0,1,0,0,차대차 - 측면충돌,교차로운행방법위반,건조,맑음,교차로 - 교차로안,승용,남,56세,상해없음,이륜,남,51세,중상
2023091000100222,2023년 9월 10일 13시,일요일,경상남도 거창군 남상면,경상사고,0,0,2,0,차대차 - 정면충돌,직진우회전진행방해,건조,맑음,교차로 - 교차로안,승용,여,45세,경상,승용,남,46세,경상
2023091000100223,2023년 9월 10일 13시,일요일,경상남도 창원시 마산회원구 양덕동,경상사고,0,0,2,0,차대차 - 측면충돌,안전운전불이행,건조,맑음,교차로 - 교차로안,승용,남,70세,상해없음,승용,남,33세,경상
2023091000100232,2023년 9월 10일 14시,일요일,경상남도 김해시 상동면,경상사고,0,0,1,0,차대차 - 측면충돌,안전거리미확보,건조,맑음,단일로 - 기타,승합,남,25세,상해없음,화물,남,43세,경상
2023091000100249,2023년 9월 10일 14시,일요일,경상남도 창원시 진해구 풍호동,경상사고,0,0,1,0,차대차 - 추돌,안전운전불이행,건조,맑음,교차로 - 교차로부근,승용,남,66세,상해없음,승용,여,45세,경상
2023091000100250,2023년 9월 10일 14시,일요일,경상남도 함양군 함양읍,부상신고사고,0,0,0,1,차대차 - 추돌,안전운전불이행,건조,맑음,단일로 - 기타,이륜,남,42세,부상신고,승용,남,75세,상해없음
2023091000100314,2023년 9월 10일 16시,일요일,경상남도 밀양시 부북면,중상사고,0,1,0,0,차대차 - 기타,안전운전불이행,건조,맑음,단일로 - 기타,승용,남,63세,상해없음,자전거,남,54세,중상
2023091000100315,2023년 9월 10일 16시,일요일,경상남도 양산시 산막동,경상사고,0,0,1,1,차대차 - 추돌,안전거리미확보,건조,맑음,단일로 - 기타,승용,남,31세,부상신고,승용,남,49세,경상
2023091000100383,2023년 9월 10일 18시,일요일,경상남도 사천시 정동면,사망사고,1,0,1,0,차대차 - 측면충돌,기타,건조,맑음,교차로 - 교차로부근,이륜,남,20세,경상,이륜,남,55세,사망
2023091000100384,2023년 9월 10일 18시,일요일,경상남도 함양군 서상면,중상사고,0,1,0,0,차대차 - 기타,중앙선침범,건조,맑음,단일로 - 기타,화물,남,71세,상해없음,사륜오토바이(ATV),여,66세,중상
2023091000100385,2023년 9월 10일 18시,일요일,경상남도 양산시 명동,중상사고,0,1,2,0,차대차 - 측면충돌,안전거리미확보,건조,맑음,교차로 - 교차로부근,승용,남,52세,상해없음,승용,남,23세,경상
2023091000100405,2023년 9월 10일 19시,일요일,경상남도 양산시 북정동,부상신고사고,0,0,0,1,차대사람 - 기타,안전운전불이행,건조,맑음,단일로 - 기타,승용,남,33세,상해없음,보행자,여,58세,부상신고
2023091000100429,2023년 9월 10일 20시,일요일,경상남도 창원시 진해구 석동,경상사고,0,0,1,0,차대차 - 측면충돌,안전운전불이행,건조,맑음,교차로 - 교차로부근,승합,남,74세,상해없음,승용,여,22세,경상
2023091000100430,2023년 9월 10일 20시,일요일,경상남도 거제시 상동동,경상사고,0,0,1,0,차대사람 - 기타,안전운전불이행,건조,맑음,기타 - 기타,승용,남,41세,상해없음,보행자,남,62세,경상
2023091000100450,2023년 9월 10일 21시,일요일,경상남도 창원시 의창구 서상동,경상사고,0,0,1,0,차대사람 - 기타,안전운전불이행,건조,맑음,교차로 - 교차로부근,승용,남,76세,상해없음,보행자,남,35세,경상
2023091100100011,2023년 9월 11일 02시,월요일,경상남도 통영시 정량동,경상사고,0,0,1,0,차량단독 - 공작물충돌,안전운전불이행,건조,맑음,교차로 - 교차로부근,승용,여,52세,경상,,,,
2023091100100018,2023년 9월 11일 03시,월요일,경상남도 거제시 장평동,중상사고,0,1,0,0,차대차 - 측면충돌,신호위반,건조,맑음,교차로 - 교차로안,이륜,남,19세,중상,승용,여,37세,상해없음
2023091100100051,2023년 9월 11일 06시,월요일,경상남도 창녕군 대합면,중상사고,0,1,0,0,차대차 - 기타,중앙선침범,건조,맑음,단일로 - 기타,승용,남,56세,상해없음,승용,여,54세,중상
2023091100100052,2023년 9월 11일 06시,월요일,경상남도 김해시 진영읍,경상사고,0,0,1,0,차대차 - 측면충돌,안전운전불이행,건조,맑음,교차로 - 교차로안,화물,남,44세,기타불명,개인형이동수단(PM),여,13세,경상
2023091100100084,2023년 9월 11일 07시,월요일,경상남도 양산시 물금읍,경상사고,0,0,1,0,차대차 - 측면충돌,신호위반,건조,맑음,교차로 - 교차로안,원동기,남,15세,상해없음,승용,여,52세,경상
2023091100100085,2023년 9월 11일 07시,월요일,경상남도 양산시 물금읍,경상사고,0,0,1,0,차대차 - 추돌,안전운전불이행,건조,맑음,단일로 - 기타,승용,남,43세,상해없음,승용,남,33세,경상
2023091100100086,2023년 9월 11일 07시,월요일,경상남도 창원시 성산구 양곡동,중상사고,0,1,0,0,차대차 - 측면충돌,안전운전불이행,건조,맑음,기타 - 기타,이륜,남,47세,상해없음,자전거,남,44세,중상
2023091100100087,2023년 9월 11일 07시,월요일,경상남도 창원시 의창구 팔용동,경상사고,0,0,1,0,차대차 - 측면충돌,교차로운행방법위반,건조,맑음,교차로 - 교차로안,승용,여,39세,상해없음,승용,남,44세,경상
2023091100100130,2023년 9월 11일 08시,월요일,경상남도 통영시 용남면,경상사고,0,0,2,0,차대차 - 측면충돌,안전운전불이행,건조,맑음,단일로 - 기타,승용,남,38세,상해없음,승용,남,50세,경상
2023091100100131,2023년 9월 11일 08시,월요일,경상남도 양산시 명곡동,부상신고사고,0,0,0,1,차량단독 - 공작물충돌,안전운전불이행,건조,맑음,단일로 - 기타,이륜,남,50세,부상신고,,,,
2023091100100178,2023년 9월 11일 09시,월요일,경상남도 사천시 곤명면,중상사고,0,1,0,0,차대사람 - 기타,보행자보호의무위반,건조,맑음,단일로 - 기타,화물,남,81세,상해없음,보행자,남,72세,중상
2023091100100179,2023년 9월 11일 09시,월요일,경상남도 밀양시 단장면,경상사고,0,0,2,0,차대차 - 측면충돌,중앙선침범,건조,맑음,교차로 - 교차로안,승용,여,55세,상해없음,승용,여,64세,경상
2023091100100180,2023년 9월 11일 09시,월요일,경상남도 함양군 함양읍,중상사고,0,1,0,0,차대사람 - 기타,안전운전불이행,건조,맑음,단일로 - 기타,승용,여,43세,상해없음,보행자,여,87세,중상
2023091100100181,2023년 9월 11일 09시,월요일,경상남도 양산시 물금읍,중상사고,0,2,0,0,차대사람 - 보도통행중,기타,건조,맑음,교차로 - 교차로안,승용,여,68세,상해없음,보행자,여,83세,중상
2023091100100218,2023년 9월 11일 10시,월요일,경상남도 남해군 이동면,중상사고,0,1,0,0,차대사람 - 기타,안전운전불이행,건조,맑음,단일로 - 기타,화물,남,71세,상해없음,보행자,여,87세,중상
2023091100100219,2023년 9월 11일 10시,월요일,경상남도 김해시 흥동,경상사고,0,0,1,0,차대차 - 추돌,교차로운행방법위반,건조,맑음,교차로 - 교차로안,승용,남,27세,상해없음,승용,남,47세,경상
2023091100100261,2023년 9월 11일 11시,월요일,경상남도 창원시 진해구 광화동,중상사고,0,1,1,0,차대차 - 측면충돌,직진우회전진행방해,건조,맑음,교차로 - 교차로안,이륜,남,74세,중상,승용,여,33세,경상
2023091100100262,2023년 9월 11일 11시,월요일,경상남도 창원시 진해구 이동,중상사고,0,1,0,0,차대차 - 기타,직진우회전진행방해,건조,맑음,교차로 - 교차로안,승용,남,66세,상해없음,이륜,남,20세,중상
2023091100100264,2023년 9월 11일 11시,월요일,경상남도 밀양시 삼문동,중상사고,0,1,0,0,차대사람 - 횡단중,안전운전불이행,건조,맑음,단일로 - 기타,승용,여,52세,상해없음,보행자,여,76세,중상
2023091100100265,2023년 9월 11일 11시,월요일,경상남도 거창군 마리면,중상사고,0,1,0,0,차량단독 - 전도전복 - 전도,안전운전불이행,건조,맑음,단일로 - 기타,사륜오토바이(ATV),여,82세,중상,,,,
2023091100100266,2023년 9월 11일 11시,월요일,경상남도 양산시 하북면,경상사고,0,0,3,0,차대차 - 측면충돌,직진우회전진행방해,건조,맑음,교차로 - 교차로안,승용,남,65세,상해없음,승용,여,41세,경상
2023091100100283,2023년 9월 11일 12시,월요일,경상남도 김해시 대동면,경상사고,0,0,2,0,차대차 - 측면충돌,안전운전불이행,건조,맑음,단일로 - 기타,특수,남,37세,상해없음,건설기계,남,73세,경상
2023091100100305,2023년 9월 11일 12시,월요일,경상남도 고성군 고성읍,경상사고,0,0,1,0,차대차 - 후진중충돌,안전운전불이행,건조,맑음,단일로 - 기타,승합,남,73세,상해없음,화물,남,31세,경상
2023091100100306,2023년 9월 11일 12시,월요일,경상남도 창원시 마산회원구 양덕동,부상신고사고,0,0,0,1,차대사람 - 보도통행중,신호위반,건조,맑음,단일로 - 기타,자전거,남,47세,기타불명,보행자,남,7세,부상신고
2023091100100339,2023년 9월 11일 13시,월요일,경상남도 하동군 옥종면,사망사고,1,0,0,0,차량단독 - 기타,안전운전불이행,건조,맑음,단일로 - 기타,이륜,남,78세,사망,,,,
2023091100100340,2023년 9월 11일 13시,월요일,경상남도 남해군 미조면,중상사고,0,1,1,0,차대차 - 측면충돌,중앙선침범,건조,맑음,단일로 - 기타,승용,남,65세,경상,화물,남,76세,중상
2023091100100369,2023년 9월 11일 14시,월요일,경상남도 함양군 함양읍,중상사고,0,1,0,0,차대사람 - 차도통행중,보행자보호의무위반,건조,맑음,교차로 - 교차로안,화물,남,54세,상해없음,보행자,여,70세,중상
2023091100100404,2023년 9월 11일 15시,월요일,경상남도 김해시 어방동,경상사고,0,0,1,0,차대차 - 기타,안전거리미확보,건조,맑음,교차로 - 교차로안,화물,남,67세,상해없음,승용,여,22세,경상
2023091100100405,2023년 9월 11일 15시,월요일,경상남도 김해시 삼계동,경상사고,0,0,1,0,차대차 - 추돌,안전운전불이행,건조,맑음,교차로 - 교차로안,승용,남,56세,상해없음,승용,여,44세,경상
2023091100100406,2023년 9월 11일 15시,월요일,경상남도 남해군 설천면,중상사고,0,2,1,0,차대차 - 측면충돌,중앙선침범,건조,맑음,교차로 - 교차로부근,승용,남,63세,경상,승용,여,52세,중상
2023091100100436,2023년 9월 11일 16시,월요일,경상남도 거창군 거창읍,경상사고,0,0,1,0,차대차 - 측면충돌,안전운전불이행,건조,맑음,교차로 - 교차로안,승용,남,69세,상해없음,승용,남,38세,경상
2023091100100437,2023년 9월 11일 16시,월요일,경상남도 창원시 의창구 팔용동,중상사고,0,1,0,0,차대차 - 측면충돌,차로위반,건조,맑음,단일로 - 기타,화물,남,68세,상해없음,승용,남,46세,중상
2023091100100479,2023년 9월 11일 17시,월요일,경상남도 사천시 죽림동,경상사고,0,0,1,0,차대차 - 측면충돌,신호위반,건조,맑음,교차로 - 교차로안,이륜,남,30세,경상,승용,남,36세,상해없음
2023091100100480,2023년 9월 11일 17시,월요일,경상남도 산청군 시천면,중상사고,0,1,0,0,차대차 - 측면충돌,안전운전불이행,건조,맑음,교차로 - 교차로부근,승용,남,54세,상해없음,이륜,남,85세,중상
2023091100100481,2023년 9월 11일 17시,월요일,경상남도 김해시 진례면,중상사고,0,1,3,0,차대차 - 측면충돌,신호위반,건조,맑음,교차로 - 교차로안,화물,남,58세,상해없음,승합,남,44세,경상
2023091100100521,2023년 9월 11일 18시,월요일,경상남도 밀양시 가곡동,중상사고,0,1,0,0,차대차 - 측면충돌,안전운전불이행,건조,맑음,교차로 - 교차로안,자전거,남,15세,중상,승용,여,33세,상해없음
2023091100100522,2023년 9월 11일 18시,월요일,경상남도 거창군 거창읍,중상사고,0,1,0,0,차대사람 - 길가장자리구역통행중,안전운전불이행,건조,맑음,교차로 - 교차로안,승용,남,58세,상해없음,보행자,여,8세,중상
2023091100100561,2023년 9월 11일 19시,월요일,경상남도 창녕군 도천면,중상사고,0,1,0,0,차대차 - 추돌,안전운전불이행,건조,맑음,단일로 - 기타,승용,남,66세,상해없음,사륜오토바이(ATV),남,80세,중상
2023091100100562,2023년 9월 11일 19시,월요일,경상남도 창녕군 도천면,중상사고,0,1,0,0,차대차 - 추돌,안전운전불이행,건조,맑음,단일로 - 기타,화물,남,69세,상해없음,개인형이동수단(PM),남,61세,중상
2023091100100597,2023년 9월 11일 21시,월요일,경상남도 김해시 진례면,부상신고사고,0,0,0,1,차대차 - 측면충돌,신호위반,건조,맑음,교차로 - 교차로안,승용,남,55세,상해없음,승용,남,32세,부상신고
2023091100100609,2023년 9월 11일 22시,월요일,경상남도 창원시 마산회원구 내서읍,중상사고,0,1,0,0,차대사람 - 기타,안전운전불이행,건조,맑음,교차로 - 교차로부근,승용,남,52세,상해없음,보행자,남,55세,중상
2023091100100618,2023년 9월 11일 23시,월요일,경상남도 창원시 의창구 소답동,중상사고,0,1,0,0,차대사람 - 기타,안전운전불이행,건조,맑음,교차로 - 교차로안,승용,남,59세,상해없음,보행자,남,25세,중상
2023091200100054,2023년 9월 12일 06시,화요일,경상남도 함양군 유림면,부상신고사고,0,0,0,1,차량단독 - 도로외이탈 - 기타,안전운전불이행,건조,맑음,단일로 - 기타,이륜,남,55세,부상신고,,,,
2023091200100055,2023년 9월 12일 06시,화요일,경상남도 고성군 거류면,중상사고,0,1,0,0,차대차 - 측면충돌,중앙선침범,건조,맑음,교차로 - 교차로부근,승용,여,59세,상해없음,승용,남,40세,중상
2023091200100118,2023년 9월 12일 08시,화요일,경상남도 하동군 하동읍,중상사고,0,1,0,0,차대사람 - 횡단중,안전운전불이행,건조,맑음,기타 - 기타,화물,남,73세,상해없음,보행자,여,76세,중상
2023091200100119,2023년 9월 12일 08시,화요일,경상남도 김해시 흥동,경상사고,0,0,1,0,차대차 - 기타,안전거리미확보,건조,맑음,단일로 - 기타,승용,남,80세,상해없음,승용,남,47세,경상
2023091200100196,2023년 9월 12일 10시,화요일,경상남도 양산시 삼호동,중상사고,0,1,0,0,차량단독 - 공작물충돌,안전운전불이행,건조,맑음,주차장 - 주차장,승용,남,83세,상해없음,,,,
2023091200100236,2023년 9월 12일 11시,화요일,경상남도 사천시 서포면,중상사고,0,1,0,0,차대차 - 기타,신호위반,건조,맑음,단일로 - 지하차도(도로)내,승용,남,65세,상해없음,건설기계,남,66세,중상
2023091200100237,2023년 9월 12일 11시,화요일,경상남도 김해시 내동,부상신고사고,0,0,0,1,차대차 - 측면충돌,안전운전불이행,건조,맑음,교차로 - 교차로부근,원동기,남,49세,부상신고,승용,남,69세,상해없음
2023091200100238,2023년 9월 12일 11시,화요일,경상남도 창녕군 남지읍,경상사고,0,0,1,0,차대사람 - 기타,기타,건조,맑음,교차로 - 교차로안,승용,여,55세,상해없음,보행자,여,71세,경상
2023091200100239,2023년 9월 12일 11시,화요일,경상남도 함안군 가야읍,중상사고,0,2,1,0,차대차 - 측면충돌,안전운전불이행,건조,맑음,교차로 - 교차로안,승용,여,51세,경상,승합,남,58세,중상
2023091200100240,2023년 9월 12일 11시,화요일,경상남도 김해시 대청동,부상신고사고,0,0,0,1,차대사람 - 횡단중,보행자보호의무위반,건조,맑음,교차로 - 교차로안,기타불명,기타불명,미분류,기타불명,보행자,여,23세,부상신고
2023091200100271,2023년 9월 12일 12시,화요일,경상남도 의령군 칠곡면,경상사고,0,0,1,0,차대차 - 추돌,안전운전불이행,건조,맑음,교차로 - 교차로부근,화물,남,52세,상해없음,승합,남,51세,경상
2023091200100272,2023년 9월 12일 12시,화요일,경상남도 창원시 마산합포구 산호동,경상사고,0,0,2,0,차대차 - 측면충돌,안전운전불이행,건조,맑음,단일로 - 기타,승용,남,66세,상해없음,승용,남,76세,경상
2023091200100273,2023년 9월 12일 12시,화요일,경상남도 창원시 의창구 북면,경상사고,0,0,1,0,차대차 - 추돌,안전운전불이행,건조,맑음,단일로 - 터널,화물,남,34세,상해없음,건설기계,남,64세,경상
2023091200100309,2023년 9월 12일 13시,화요일,경상남도 통영시 도남동,경상사고,0,0,1,0,차대차 - 측면충돌,교차로운행방법위반,건조,맑음,교차로 - 교차로부근,승용,남,71세,상해없음,이륜,남,43세,경상
2023091200100340,2023년 9월 12일 14시,화요일,경상남도 양산시 동면,경상사고,0,0,1,0,차대차 - 기타,안전거리미확보,건조,맑음,단일로 - 기타,승용,남,74세,상해없음,이륜,남,47세,경상
2023091200100376,2023년 9월 12일 15시,화요일,경상남도 창원시 성산구 신월동,경상사고,0,0,1,0,차대차 - 측면충돌,신호위반,건조,맑음,교차로 - 교차로안,승용,여,32세,상해없음,승용,여,63세,경상
2023091200100377,2023년 9월 12일 15시,화요일,경상남도 창원시 의창구 명서동,경상사고,0,0,2,0,차대차 - 추돌,안전운전불이행,건조,맑음,교차로 - 교차로부근,화물,남,45세,상해없음,승용,남,54세,경상
2023091200100417,2023년 9월 12일 16시,화요일,경상남도 창원시 마산합포구 상남동,경상사고,0,0,1,1,차대차 - 측면충돌,안전운전불이행,건조,맑음,교차로 - 교차로부근,원동기,남,76세,부상신고,승용,여,35세,경상
2023091200100418,2023년 9월 12일 16시,화요일,경상남도 진주시 상평동,경상사고,0,0,1,0,차대차 - 정면충돌,중앙선침범,건조,맑음,단일로 - 기타,승용,여,60세,상해없음,화물,남,44세,경상
2023091200100419,2023년 9월 12일 16시,화요일,경상남도 김해시 구산동,중상사고,0,1,0,0,차대사람 - 횡단중,안전운전불이행,건조,맑음,교차로 - 교차로횡단보도내,승용,여,60세,상해없음,보행자,남,10세,중상
2023091200100420,2023년 9월 12일 16시,화요일,경상남도 창녕군 영산면,중상사고,0,1,1,0,차대차 - 추돌,안전운전불이행,건조,맑음,단일로 - 기타,승용,남,65세,상해없음,화물,남,57세,경상
2023091200100473,2023년 9월 12일 17시,화요일,경상남도 창원시 마산합포구 창포동3가,경상사고,0,0,3,0,차대차 - 측면충돌,안전거리미확보,건조,맑음,교차로 - 교차로부근,승용,여,55세,상해없음,승용,여,39세,경상
2023091200100474,2023년 9월 12일 17시,화요일,경상남도 창원시 의창구 팔용동,경상사고,0,0,1,0,차대차 - 추돌,안전운전불이행,건조,맑음,교차로 - 교차로부근,승용,남,24세,상해없음,승용,남,36세,경상
2023091200100554,2023년 9월 12일 19시,화요일,경상남도 진주시 가좌동,경상사고,0,0,1,0,차대차 - 측면충돌,신호위반,건조,맑음,기타 - 기타,승용,남,62세,상해없음,자전거,남,19세,경상
2023091200100555,2023년 9월 12일 19시,화요일,경상남도 창원시 진해구 이동,중상사고,0,1,0,0,차대사람 - 차도통행중,안전운전불이행,건조,맑음,단일로 - 기타,특수,남,42세,상해없음,보행자,여,59세,중상
2023091200100556,2023년 9월 12일 19시,화요일,경상남도 양산시 물금읍,경상사고,0,0,1,0,차대차 - 후진중충돌,안전운전불이행,건조,맑음,단일로 - 기타,승용,여,52세,상해없음,이륜,남,45세,경상
2023091200100557,2023년 9월 12일 19시,화요일,경상남도 거제시 옥포동,중상사고,0,1,0,0,차대차 - 기타,기타,건조,맑음,교차로 - 교차로안,승용,여,52세,상해없음,이륜,남,49세,중상
2023091200100584,2023년 9월 12일 20시,화요일,경상남도 창원시 마산합포구 해운동,경상사고,0,0,1,0,차대사람 - 기타,안전운전불이행,건조,맑음,교차로 - 교차로안,승용,남,45세,상해없음,보행자,남,42세,경상
2023091200100585,2023년 9월 12일 20시,화요일,경상남도 밀양시 상남면,경상사고,0,0,1,0,차대차 - 추돌,안전운전불이행,건조,맑음,단일로 - 기타,승용,남,51세,상해없음,승용,남,25세,경상
2023091200100614,2023년 9월 12일 21시,화요일,경상남도 통영시 북신동,경상사고,0,0,2,0,차대차 - 추돌,안전운전불이행,건조,맑음,단일로 - 기타,승용,여,32세,상해없음,승용,남,57세,경상
2023091200100631,2023년 9월 12일 22시,화요일,경상남도 창원시 진해구 경화동,부상신고사고,0,0,0,1,차량단독 - 전도전복 - 전도,안전운전불이행,건조,맑음,단일로 - 기타,개인형이동수단(PM),남,18세,부상신고,,,,
2023091200100655,2023년 9월 12일 23시,화요일,경상남도 진주시 금산면,부상신고사고,0,0,0,1,차량단독 - 기타,안전운전불이행,건조,맑음,단일로 - 기타,자전거,남,41세,부상신고,,,,
2023091300100006,2023년 9월 13일 00시,수요일,경상남도 창원시 의창구 봉곡동,경상사고,0,0,1,0,차대사람 - 기타,안전운전불이행,건조,맑음,단일로 - 기타,승용,남,68세,상해없음,보행자,남,40세,경상
2023091300100012,2023년 9월 13일 01시,수요일,경상남도 창원시 성산구 귀산동,부상신고사고,0,0,0,1,차대차 - 정면충돌,중앙선침범,건조,맑음,단일로 - 고가도로위,승용,남,33세,상해없음,화물,남,51세,부상신고
2023091300100021,2023년 9월 13일 02시,수요일,경상남도 통영시 광도면,중상사고,0,1,1,0,차대차 - 측면충돌,직진우회전진행방해,건조,맑음,교차로 - 교차로안,이륜,남,42세,중상,화물,남,42세,경상
2023091300100022,2023년 9월 13일 02시,수요일,경상남도 사천시 사천읍,중상사고,0,1,0,0,차대사람 - 횡단중,신호위반,건조,맑음,교차로 - 교차로안,승용,남,60세,상해없음,보행자,여,65세,중상
2023091300100023,2023년 9월 13일 02시,수요일,경상남도 창원시 마산합포구 산호동,중상사고,0,1,1,0,차대차 - 추돌,안전운전불이행,건조,맑음,단일로 - 기타,승용,여,60세,경상,이륜,남,31세,중상
2023091300100028,2023년 9월 13일 04시,수요일,경상남도 밀양시 삼랑진읍,중상사고,0,1,0,0,차대차 - 측면충돌,안전운전불이행,건조,맑음,교차로 - 교차로안,화물,남,50세,상해없음,화물,남,66세,중상
2023091300100062,2023년 9월 13일 06시,수요일,경상남도 양산시 하북면,경상사고,0,0,1,0,차대차 - 측면충돌,직진우회전진행방해,건조,맑음,교차로 - 교차로안,화물,남,62세,상해없음,승합,남,36세,상해없음
2023091300100063,2023년 9월 13일 06시,수요일,경상남도 거제시 동부면,중상사고,0,1,1,0,차대사람 - 기타,안전운전불이행,건조,맑음,단일로 - 기타,승용,남,59세,상해없음,보행자,여,60세,중상
2023091300100088,2023년 9월 13일 07시,수요일,경상남도 사천시 동동,경상사고,0,0,2,0,차대차 - 기타,신호위반,건조,맑음,교차로 - 교차로안,승용,남,37세,상해없음,승용,남,55세,경상
2023091300100089,2023년 9월 13일 07시,수요일,경상남도 사천시 용강동,경상사고,0,0,1,0,차대차 - 측면충돌,안전운전불이행,건조,맑음,단일로 - 지하차도(도로)내,승용,여,53세,상해없음,자전거,남,81세,경상
2023091300100169,2023년 9월 13일 09시,수요일,경상남도 사천시 용현면,경상사고,0,0,1,0,차대차 - 기타,안전거리미확보,건조,맑음,단일로 - 기타,승용,남,70세,상해없음,승용,여,28세,경상