사고번호,사고일시,요일,시군구,사고내용,사망자수,중상자수,경상자수,부상신고자수,사고유형,법규위반,노면상태,기상상태,도로형태,가해운전자 차종,가해운전자 성별,가해운전자 연령,가해운전자 상해정도,피해운전자 차종,피해운전자 성별,피해운전자 연령,피해운전자 상해정도
2023091300100170,2023년 9월 13일 09시,수요일,경상남도 사천시 이홀동,경상사고,0,0,1,0,차대사람 - 기타,안전운전불이행,건조,맑음,단일로 - 기타,승용,여,64세,상해없음,보행자,여,65세,경상
2023091300100171,2023년 9월 13일 09시,수요일,경상남도 창원시 의창구 명서동,중상사고,0,1,2,0,차대차 - 측면충돌,신호위반,건조,맑음,교차로 - 교차로안,승용,남,69세,경상,화물,남,40세,경상
2023091300100201,2023년 9월 13일 10시,수요일,경상남도 사천시 향촌동,경상사고,0,0,1,0,차대차 - 측면충돌,교차로운행방법위반,건조,맑음,교차로 - 교차로안,승용,남,58세,상해없음,승용,여,68세,경상
2023091300100225,2023년 9월 13일 11시,수요일,경상남도 고성군 회화면,경상사고,0,0,2,0,차대차 - 추돌,안전운전불이행,젖음/습기,비,단일로 - 교량,승용,남,21세,상해없음,화물,남,63세,경상
2023091300100226,2023년 9월 13일 11시,수요일,경상남도 창원시 마산회원구 내서읍,경상사고,0,0,1,0,차대차 - 측면충돌,안전운전불이행,기타,기타,교차로 - 교차로안,화물,남,29세,상해없음,승합,남,61세,경상
2023091300100256,2023년 9월 13일 12시,수요일,경상남도 진주시 문산읍,경상사고,0,0,1,0,차대사람 - 기타,안전운전불이행,건조,맑음,기타 - 기타,화물,남,65세,상해없음,보행자,여,68세,경상
2023091300100257,2023년 9월 13일 12시,수요일,경상남도 김해시 구산동,경상사고,0,0,1,0,차대차 - 측면충돌,안전운전불이행,건조,맑음,단일로 - 기타,승용,여,44세,상해없음,승용,남,24세,경상
2023091300100258,2023년 9월 13일 12시,수요일,경상남도 창녕군 창녕읍,중상사고,0,1,0,0,차대차 - 기타,안전운전불이행,건조,맑음,교차로 - 교차로부근,승용,남,75세,상해없음,승용,여,51세,중상
2023091300100291,2023년 9월 13일 13시,수요일,경상남도 통영시 도남동,경상사고,0,0,1,0,차대차 - 정면충돌,안전운전불이행,건조,맑음,교차로 - 교차로안,화물,여,61세,상해없음,승용,여,27세,경상
2023091300100292,2023년 9월 13일 13시,수요일,경상남도 밀양시 청도면,부상신고사고,0,0,0,1,차량단독 - 기타,안전운전불이행,건조,맑음,단일로 - 기타,원동기,남,41세,부상신고,,,,
2023091300100293,2023년 9월 13일 13시,수요일,경상남도 김해시 어방동,경상사고,0,0,1,0,차대차 - 추돌,안전거리미확보,건조,맑음,단일로 - 기타,승용,여,52세,상해없음,승용,여,41세,경상
2023091300100294,2023년 9월 13일 13시,수요일,경상남도 합천군 대병면,경상사고,0,0,2,0,차대차 - 추돌,안전운전불이행,건조,맑음,교차로 - 교차로부근,승용,남,32세,상해없음,승용,여,31세,경상
2023091300100295,2023년 9월 13일 13시,수요일,경상남도 양산시 동면,경상사고,0,0,2,0,차대차 - 정면충돌,안전운전불이행,건조,맑음,교차로 - 교차로안,화물,남,36세,경상,화물,남,60세,상해없음
2023091300100368,2023년 9월 13일 15시,수요일,경상남도 창원시 진해구 용원동,경상사고,0,0,1,0,차대차 - 측면충돌,안전운전불이행,건조,맑음,교차로 - 교차로횡단보도내,승용,여,43세,상해없음,자전거,남,12세,경상
2023091300100369,2023년 9월 13일 15시,수요일,경상남도 김해시 외동,경상사고,0,0,1,0,차대사람 - 횡단중,보행자보호의무위반,건조,맑음,단일로 - 기타,기타불명,기타불명,미분류,기타불명,보행자,여,22세,경상
2023091300100370,2023년 9월 13일 15시,수요일,경상남도 의령군 용덕면,경상사고,0,0,2,0,차대차 - 측면충돌,안전운전불이행,건조,맑음,교차로 - 교차로안,승용,남,39세,경상,화물,남,70세,경상
2023091300100411,2023년 9월 13일 16시,수요일,경상남도 김해시 내동,경상사고,0,0,1,0,차대차 - 측면충돌,신호위반,건조,맑음,교차로 - 교차로안,승용,여,43세,상해없음,승용,여,56세,경상
2023091300100412,2023년 9월 13일 16시,수요일,경상남도 창녕군 대지면,중상사고,0,1,0,0,차대차 - 측면충돌,안전운전불이행,건조,맑음,단일로 - 기타,승용,남,68세,상해없음,이륜,여,82세,중상
2023091300100454,2023년 9월 13일 17시,수요일,경상남도 창원시 진해구 석동,경상사고,0,0,2,1,차대차 - 추돌,안전운전불이행,건조,맑음,단일로 - 터널,승용,여,32세,부상신고,승용,여,35세,경상
2023091300100455,2023년 9월 13일 17시,수요일,경상남도 김해시 구산동,경상사고,0,0,1,0,차대사람 - 횡단중,기타,건조,흐림,단일로 - 기타,승용,여,31세,상해없음,보행자,여,7세,경상
2023091300100456,2023년 9월 13일 17시,수요일,경상남도 창원시 마산회원구 봉암동,경상사고,0,0,1,0,차대사람 - 횡단중,보행자보호의무위반,기타,기타,교차로 - 교차로횡단보도내,승용,여,25세,상해없음,보행자,여,46세,경상
2023091300100511,2023년 9월 13일 18시,수요일,경상남도 창원시 진해구 자은동,경상사고,0,0,1,0,차대사람 - 횡단중,신호위반,건조,맑음,교차로 - 교차로부근,승용,여,52세,상해없음,보행자,남,21세,경상
2023091300100512,2023년 9월 13일 18시,수요일,경상남도 밀양시 삼문동,경상사고,0,0,1,0,차대차 - 측면충돌,중앙선침범,건조,맑음,교차로 - 교차로안,자전거,남,27세,경상,승용,남,71세,상해없음
2023091300100513,2023년 9월 13일 18시,수요일,경상남도 김해시 불암동,경상사고,0,0,1,0,차대차 - 측면충돌,신호위반,건조,맑음,교차로 - 교차로안,승용,남,25세,상해없음,승용,남,56세,경상
2023091300100514,2023년 9월 13일 18시,수요일,경상남도 창원시 성산구 대원동,경상사고,0,0,1,0,차대차 - 측면충돌,안전운전불이행,건조,맑음,교차로 - 교차로안,승용,남,27세,상해없음,승용,여,45세,경상
2023091300100574,2023년 9월 13일 19시,수요일,경상남도 김해시 서상동,중상사고,0,1,0,0,차대차 - 측면충돌,안전운전불이행,건조,맑음,교차로 - 교차로안,이륜,남,58세,중상,승용,남,47세,상해없음
2023091300100575,2023년 9월 13일 19시,수요일,경상남도 창원시 의창구 소계동,중상사고,0,1,0,0,차대차 - 측면충돌,안전거리미확보,건조,맑음,단일로 - 기타,승용,남,45세,상해없음,원동기,남,44세,중상
2023091300100630,2023년 9월 13일 20시,수요일,경상남도 김해시 삼계동,중상사고,0,1,0,0,차대차 - 측면충돌,안전운전불이행,건조,맑음,교차로 - 교차로안,승용,남,52세,상해없음,이륜,남,37세,중상
2023091300100631,2023년 9월 13일 20시,수요일,경상남도 양산시 덕계동,경상사고,0,0,1,0,차대차 - 측면충돌,교차로운행방법위반,건조,맑음,교차로 - 교차로안,승용,여,42세,상해없음,승용,여,42세,경상
2023091300100662,2023년 9월 13일 21시,수요일,경상남도 양산시 평산동,경상사고,0,0,1,0,차대차 - 기타,교차로운행방법위반,젖음/습기,비,교차로 - 교차로안,승용,여,51세,상해없음,이륜,남,39세,경상
2023091300100708,2023년 9월 13일 23시,수요일,경상남도 창원시 의창구 소답동,경상사고,0,0,4,0,차대차 - 측면충돌,직진우회전진행방해,건조,맑음,교차로 - 교차로안,승용,남,61세,상해없음,승용,남,28세,경상
2023091400100017,2023년 9월 14일 00시,목요일,경상남도 통영시 봉평동,경상사고,0,0,1,0,차대사람 - 차도통행중,안전운전불이행,건조,맑음,단일로 - 기타,승용,남,66세,상해없음,보행자,남,36세,경상
2023091400100092,2023년 9월 14일 07시,목요일,경상남도 사천시 사남면,중상사고,0,1,1,0,차대차 - 추돌,안전거리미확보,건조,맑음,단일로 - 기타,화물,남,37세,경상,화물,남,66세,중상
2023091400100138,2023년 9월 14일 08시,목요일,경상남도 양산시 상북면,사망사고,1,2,0,0,차대차 - 추돌,신호위반,젖음/습기,비,단일로 - 기타,승용,남,42세,상해없음,승용,여,55세,중상
2023091400100139,2023년 9월 14일 08시,목요일,경상남도 양산시 물금읍,중상사고,0,1,0,0,차대차 - 측면충돌,신호위반,건조,맑음,교차로 - 교차로안,승용,여,45세,상해없음,승용,남,48세,중상
2023091400100140,2023년 9월 14일 08시,목요일,경상남도 김해시 진영읍,경상사고,0,0,1,0,차대차 - 추돌,안전운전불이행,젖음/습기,비,단일로 - 기타,승용,여,22세,상해없음,승용,여,37세,경상
2023091400100174,2023년 9월 14일 09시,목요일,경상남도 창원시 마산회원구 내서읍,경상사고,0,0,1,0,차대차 - 정면충돌,안전운전불이행,젖음/습기,맑음,교차로 - 교차로안,승용,남,19세,상해없음,승용,여,53세,경상
2023091400100200,2023년 9월 14일 10시,목요일,경상남도 창원시 진해구 석동,경상사고,0,0,1,0,차대차 - 측면충돌,교차로운행방법위반,건조,맑음,교차로 - 교차로안,이륜,남,29세,상해없음,승용,여,45세,경상
2023091400100201,2023년 9월 14일 10시,목요일,경상남도 통영시 무전동,경상사고,0,0,1,0,차대차 - 추돌,안전운전불이행,건조,맑음,단일로 - 기타,승용,남,54세,상해없음,승용,여,41세,경상
2023091400100296,2023년 9월 14일 13시,목요일,경상남도 통영시 용남면,중상사고,0,1,0,0,차대차 - 추돌,안전거리미확보,젖음/습기,비,단일로 - 기타,승용,남,51세,상해없음,화물,남,59세,중상
2023091400100297,2023년 9월 14일 13시,목요일,경상남도 산청군 산청읍,중상사고,0,1,0,0,차대차 - 측면충돌,신호위반,건조,맑음,교차로 - 교차로안,원동기,여,74세,중상,화물,남,61세,상해없음
2023091400100330,2023년 9월 14일 14시,목요일,경상남도 통영시 광도면,경상사고,0,0,1,0,차대차 - 측면충돌,안전거리미확보,젖음/습기,비,단일로 - 기타,승용,여,34세,상해없음,승용,여,39세,경상
2023091400100331,2023년 9월 14일 14시,목요일,경상남도 김해시 전하동,중상사고,0,1,0,0,차대차 - 측면충돌,안전거리미확보,건조,맑음,교차로 - 교차로부근,자전거,남,81세,중상,승용,여,29세,상해없음
2023091400100332,2023년 9월 14일 14시,목요일,경상남도 합천군 야로면,중상사고,0,1,1,0,차대차 - 측면충돌,안전운전불이행,젖음/습기,비,교차로 - 교차로안,승용,여,50세,경상,승용,여,63세,중상
2023091400100354,2023년 9월 14일 15시,목요일,경상남도 창원시 진해구 풍호동,중상사고,0,1,0,0,차대차 - 측면충돌,신호위반,젖음/습기,비,교차로 - 교차로횡단보도내,자전거,남,56세,중상,승용,여,41세,상해없음
2023091400100355,2023년 9월 14일 15시,목요일,경상남도 김해시 외동,경상사고,0,0,1,0,차대사람 - 기타,안전운전불이행,건조,맑음,단일로 - 기타,화물,남,64세,상해없음,보행자,여,9세,경상
2023091400100356,2023년 9월 14일 15시,목요일,경상남도 창원시 성산구 상남동,경상사고,0,0,1,0,차대차 - 정면충돌,안전운전불이행,젖음/습기,비,교차로 - 교차로안,승용,여,62세,상해없음,화물,남,42세,경상
2023091400100390,2023년 9월 14일 16시,목요일,경상남도 양산시 물금읍,중상사고,0,1,0,0,차대사람 - 횡단중,보행자보호의무위반,건조,맑음,교차로 - 교차로횡단보도내,승용,남,44세,상해없음,보행자,여,10세,중상
2023091400100391,2023년 9월 14일 16시,목요일,경상남도 양산시 물금읍,경상사고,0,0,1,0,차대차 - 후진중충돌,안전운전불이행,건조,맑음,단일로 - 기타,승합,여,18세,상해없음,승용,여,30세,경상
2023091400100392,2023년 9월 14일 16시,목요일,경상남도 창원시 마산회원구 석전동,경상사고,0,0,1,0,차대사람 - 횡단중,보행자보호의무위반,젖음/습기,비,단일로 - 기타,승용,여,46세,상해없음,보행자,여,75세,경상
2023091400100430,2023년 9월 14일 17시,목요일,경상남도 양산시 중부동,경상사고,0,0,1,0,차대차 - 측면충돌,안전운전불이행,건조,맑음,교차로 - 교차로안,승용,남,62세,상해없음,승용,여,48세,경상
2023091400100477,2023년 9월 14일 18시,목요일,경상남도 창원시 진해구 석동,경상사고,0,0,1,0,차대차 - 기타,교차로운행방법위반,젖음/습기,흐림,교차로 - 교차로부근,승용,남,40세,상해없음,이륜,남,46세,경상
2023091400100478,2023년 9월 14일 18시,목요일,경상남도 거제시 고현동,중상사고,0,1,2,0,차대차 - 기타,중앙선침범,젖음/습기,흐림,단일로 - 기타,승용,여,34세,경상,이륜,남,25세,중상
2023091400100479,2023년 9월 14일 18시,목요일,경상남도 창원시 마산회원구 합성동,경상사고,0,0,1,0,차대사람 - 횡단중,보행자보호의무위반,젖음/습기,비,교차로 - 교차로부근,승용,남,49세,상해없음,보행자,여,71세,경상
2023091400100480,2023년 9월 14일 18시,목요일,경상남도 창원시 의창구 도계동,경상사고,0,0,1,0,차대차 - 기타,차로위반,젖음/습기,비,교차로 - 교차로부근,승용,남,44세,상해없음,이륜,남,57세,경상
2023091400100524,2023년 9월 14일 19시,목요일,경상남도 양산시 물금읍,경상사고,0,0,1,0,차대차 - 측면충돌,안전운전불이행,젖음/습기,비,교차로 - 교차로안,승용,남,55세,상해없음,이륜,여,21세,경상
2023091400100525,2023년 9월 14일 19시,목요일,경상남도 창원시 마산회원구 내서읍,경상사고,0,0,1,0,차대차 - 후진중충돌,안전운전불이행,건조,맑음,기타 - 기타,승용,여,71세,기타불명,승합,남,44세,경상
2023091400100526,2023년 9월 14일 19시,목요일,경상남도 창원시 마산회원구 내서읍,경상사고,0,0,2,0,차대차 - 측면충돌,안전운전불이행,젖음/습기,비,교차로 - 교차로안,승용,남,51세,상해없음,승용,남,29세,경상
2023091400100548,2023년 9월 14일 20시,목요일,경상남도 밀양시 상남면,중상사고,0,1,1,0,차대사람 - 횡단중,안전운전불이행,젖음/습기,비,단일로 - 기타,자전거,남,47세,경상,보행자,여,17세,중상
2023091500100010,2023년 9월 15일 00시,금요일,경상남도 김해시 삼방동,경상사고,0,0,1,0,차대차 - 측면충돌,신호위반,건조,맑음,교차로 - 교차로안,승용,남,66세,상해없음,승용,여,24세,경상
2023091500100011,2023년 9월 15일 00시,금요일,경상남도 창원시 마산회원구 석전동,경상사고,0,0,2,0,차대차 - 측면충돌,안전운전불이행,젖음/습기,흐림,교차로 - 교차로안,승용,남,55세,상해없음,승용,여,54세,경상
2023091500100018,2023년 9월 15일 01시,금요일,경상남도 창원시 마산회원구 회원동,경상사고,0,0,2,0,차대차 - 기타,중앙선침범,젖음/습기,흐림,단일로 - 기타,화물,남,42세,기타불명,승용,남,63세,경상
2023091500100037,2023년 9월 15일 04시,금요일,경상남도 김해시 신문동,경상사고,0,0,2,0,차대차 - 기타,기타,젖음/습기,비,단일로 - 기타,기타불명,기타불명,미분류,기타불명,승용,여,48세,경상
2023091500100049,2023년 9월 15일 05시,금요일,경상남도 김해시 삼정동,중상사고,0,1,0,0,차대사람 - 횡단중,안전운전불이행,건조,맑음,교차로 - 교차로횡단보도내,승용,남,38세,상해없음,보행자,남,66세,중상
2023091500100050,2023년 9월 15일 05시,금요일,경상남도 양산시 상북면,중상사고,0,1,0,0,차대차 - 측면충돌,신호위반,건조,맑음,교차로 - 교차로안,승용,남,67세,상해없음,승용,남,32세,중상
2023091500100051,2023년 9월 15일 05시,금요일,경상남도 고성군 고성읍,중상사고,0,1,0,0,차대사람 - 차도통행중,안전운전불이행,젖음/습기,비,단일로 - 기타,화물,남,59세,상해없음,보행자,남,48세,중상
2023091500100071,2023년 9월 15일 06시,금요일,경상남도 함안군 가야읍,경상사고,0,0,1,0,차대차 - 기타,신호위반,젖음/습기,비,교차로 - 교차로횡단보도내,자전거,남,78세,경상,승용,여,48세,상해없음
2023091500100093,2023년 9월 15일 07시,금요일,경상남도 김해시 진영읍,경상사고,0,0,4,0,차대차 - 추돌,안전운전불이행,젖음/습기,흐림,교차로 - 교차로부근,승용,남,30세,상해없음,승용,남,25세,경상
2023091500100124,2023년 9월 15일 08시,금요일,경상남도 거창군 거창읍,중상사고,0,1,1,0,차대차 - 측면충돌,신호위반,젖음/습기,비,교차로 - 교차로안,승용,여,45세,경상,승용,남,28세,중상
2023091500100125,2023년 9월 15일 08시,금요일,경상남도 창원시 마산회원구 석전동,경상사고,0,0,1,0,차대차 - 추돌,안전운전불이행,건조,맑음,단일로 - 기타,승용,여,67세,상해없음,승용,여,40세,경상
2023091500100126,2023년 9월 15일 08시,금요일,경상남도 창원시 의창구 북면,경상사고,0,0,2,0,차대차 - 측면충돌,신호위반,건조,맑음,단일로 - 기타,승용,남,31세,경상,승용,여,59세,경상
2023091500100166,2023년 9월 15일 09시,금요일,경상남도 통영시 무전동,중상사고,0,1,1,0,차대차 - 측면충돌,교차로운행방법위반,건조,맑음,교차로 - 교차로안,승용,남,37세,상해없음,이륜,남,73세,중상
2023091500100191,2023년 9월 15일 10시,금요일,경상남도 진주시 충무공동,중상사고,0,1,0,0,차대차 - 측면충돌,신호위반,건조,맑음,교차로 - 교차로안,승용,남,57세,상해없음,이륜,남,40세,중상
2023091500100223,2023년 9월 15일 11시,금요일,경상남도 창원시 진해구 석동,경상사고,0,0,1,0,차대차 - 측면충돌,교차로운행방법위반,건조,맑음,교차로 - 교차로부근,원동기,남,33세,상해없음,승합,여,53세,경상
2023091500100225,2023년 9월 15일 11시,금요일,경상남도 의령군 의령읍,경상사고,0,0,1,0,차대차 - 정면충돌,안전운전불이행,건조,맑음,교차로 - 교차로부근,승용,여,66세,상해없음,화물,남,45세,경상
2023091500100226,2023년 9월 15일 11시,금요일,경상남도 창원시 의창구 대산면,중상사고,0,1,0,0,차대차 - 기타,신호위반,건조,맑음,교차로 - 교차로안,화물,남,55세,상해없음,자전거,남,61세,중상
2023091500100249,2023년 9월 15일 12시,금요일,경상남도 진주시 가좌동,경상사고,0,0,1,0,차대차 - 측면충돌,신호위반,건조,맑음,교차로 - 교차로안,승용,남,72세,상해없음,승용,남,52세,경상
2023091500100292,2023년 9월 15일 13시,금요일,경상남도 사천시 벌리동,부상신고사고,0,0,0,1,차대차 - 측면충돌,직진우회전진행방해,건조,맑음,교차로 - 교차로안,승용,여,55세,상해없음,승용,여,54세,부상신고
2023091500100293,2023년 9월 15일 13시,금요일,경상남도 양산시 물금읍,경상사고,0,0,2,0,차대차 - 측면충돌,신호위반,건조,맑음,교차로 - 교차로안,승합,남,39세,상해없음,승용,여,47세,경상
2023091500100325,2023년 9월 15일 14시,금요일,경상남도 김해시 한림면,경상사고,0,0,1,0,차대차 - 측면충돌,안전거리미확보,건조,맑음,단일로 - 기타,화물,남,50세,상해없음,승용,여,44세,경상
2023091500100358,2023년 9월 15일 15시,금요일,경상남도 김해시 부원동,경상사고,0,0,2,0,차대차 - 측면충돌,직진우회전진행방해,젖음/습기,비,교차로 - 교차로안,화물,남,79세,상해없음,승용,여,58세,경상
2023091500100359,2023년 9월 15일 15시,금요일,경상남도 창녕군 장마면,중상사고,0,1,0,0,차대차 - 기타,중앙선침범,건조,맑음,단일로 - 기타,화물,남,63세,상해없음,화물,남,41세,중상
2023091500100360,2023년 9월 15일 15시,금요일,경상남도 산청군 신안면,경상사고,0,0,1,0,차대차 - 추돌,안전운전불이행,건조,흐림,단일로 - 기타,승용,남,59세,상해없음,승용,남,63세,경상
2023091500100390,2023년 9월 15일 16시,금요일,경상남도 김해시 삼정동,경상사고,0,0,3,0,차대차 - 측면충돌,안전거리미확보,건조,흐림,단일로 - 기타,승용,남,71세,상해없음,승용,남,28세,경상
2023091500100391,2023년 9월 15일 16시,금요일,경상남도 양산시 동면,경상사고,0,0,1,0,차대차 - 측면충돌,교차로운행방법위반,건조,맑음,교차로 - 교차로안,승용,남,55세,상해없음,승용,남,41세,경상
2023091500100392,2023년 9월 15일 16시,금요일,경상남도 함안군 법수면,중상사고,0,2,0,0,차대차 - 기타,직진우회전진행방해,건조,맑음,교차로 - 교차로안,화물,남,60세,기타불명,승용,남,71세,중상
2023091500100393,2023년 9월 15일 16시,금요일,경상남도 창원시 의창구 봉곡동,중상사고,0,1,0,0,차대차 - 측면충돌,안전운전불이행,건조,맑음,교차로 - 교차로부근,승용,여,55세,상해없음,자전거,남,60세,중상
2023091500100437,2023년 9월 15일 17시,금요일,경상남도 밀양시 무안면,중상사고,0,1,0,0,차대사람 - 횡단중,안전운전불이행,건조,맑음,교차로 - 교차로횡단보도내,이륜,남,62세,상해없음,보행자,남,15세,상해없음
2023091500100438,2023년 9월 15일 17시,금요일,경상남도 양산시 덕계동,경상사고,0,0,1,0,차대차 - 기타,안전운전불이행,건조,맑음,교차로 - 교차로안,승용,남,57세,상해없음,승용,남,45세,경상
2023091500100495,2023년 9월 15일 18시,금요일,경상남도 창원시 진해구 대흥동,중상사고,0,1,0,0,차대사람 - 횡단중,보행자보호의무위반,젖음/습기,비,교차로 - 교차로횡단보도내,승용,여,27세,상해없음,보행자,여,52세,중상
2023091500100496,2023년 9월 15일 18시,금요일,경상남도 김해시 대동면,경상사고,0,0,1,0,차대차 - 추돌,안전운전불이행,건조,흐림,기타 - 기타,화물,여,60세,상해없음,승용,남,30세,경상
2023091500100497,2023년 9월 15일 18시,금요일,경상남도 함양군 마천면,부상신고사고,0,0,0,1,차대차 - 추돌,안전운전불이행,건조,맑음,단일로 - 기타,화물,남,67세,부상신고,화물,남,56세,기타불명
2023091500100498,2023년 9월 15일 18시,금요일,경상남도 창원시 성산구 상남동,경상사고,0,0,1,0,차대사람 - 보도통행중,보행자보호의무위반,젖음/습기,비,단일로 - 기타,원동기,남,42세,기타불명,보행자,남,55세,경상
2023091500100499,2023년 9월 15일 18시,금요일,경상남도 창원시 마산합포구 산호동,경상사고,0,0,1,0,차대차 - 측면충돌,안전운전불이행,젖음/습기,비,단일로 - 기타,승용,남,69세,상해없음,이륜,남,30세,경상
2023091500100556,2023년 9월 15일 19시,금요일,경상남도 창원시 마산합포구 해운동,중상사고,0,1,2,0,차대차 - 추돌,안전거리미확보,젖음/습기,비,교차로 - 교차로안,승합,남,42세,상해없음,승합,남,58세,상해없음
2023091500100557,2023년 9월 15일 19시,금요일,경상남도 거창군 주상면,경상사고,0,0,2,0,차대차 - 측면충돌,중앙선침범,건조,기타,교차로 - 교차로부근,승용,남,68세,상해없음,승용,여,29세,경상
2023091500100558,2023년 9월 15일 19시,금요일,경상남도 김해시 진영읍,경상사고,0,0,1,0,차대차 - 추돌,안전거리미확보,젖음/습기,비,단일로 - 기타,승용,남,44세,상해없음,승용,남,48세,경상
2023091500100595,2023년 9월 15일 20시,금요일,경상남도 창원시 성산구 상남동,중상사고,0,1,0,0,차대사람 - 기타,안전운전불이행,건조,흐림,교차로 - 교차로안,원동기,남,18세,기타불명,보행자,여,51세,중상
2023091500100620,2023년 9월 15일 21시,금요일,경상남도 김해시 외동,중상사고,0,1,0,0,차대차 - 측면충돌,안전거리미확보,건조,맑음,기타 - 기타,승용,남,40세,상해없음,승용,남,54세,중상
2023091500100656,2023년 9월 15일 22시,금요일,경상남도 거제시 아주동,경상사고,0,0,1,0,차대차 - 정면충돌,신호위반,건조,맑음,교차로 - 교차로안,승용,남,29세,상해없음,이륜,남,50세,경상
2023091500100657,2023년 9월 15일 22시,금요일,경상남도 창원시 성산구 상남동,경상사고,0,0,1,0,차대차 - 측면충돌,신호위반,건조,맑음,교차로 - 교차로안,승용,남,27세,기타불명,승용,남,30세,경상
2023091500100683,2023년 9월 15일 23시,금요일,경상남도 창원시 마산합포구 해운동,부상신고사고,0,0,0,2,차대차 - 추돌,안전거리미확보,건조,맑음,단일로 - 기타,승용,남,28세,상해없음,승용,여,45세,부상신고
2023091600100097,2023년 9월 16일 08시,토요일,경상남도 합천군 쌍백면,경상사고,0,0,2,0,차대차 - 측면충돌,중앙선침범,젖음/습기,비,단일로 - 기타,화물,남,30세,상해없음,승용,남,55세,경상
2023091600100123,2023년 9월 16일 09시,토요일,경상남도 진주시 정촌면,중상사고,0,1,1,0,차대차 - 추돌,안전운전불이행,젖음/습기,비,단일로 - 기타,승용,남,42세,상해없음,승용,여,44세,중상
2023091600100144,2023년 9월 16일 10시,토요일,경상남도 밀양시 산외면,중상사고,0,2,1,0,차대차 - 측면충돌,안전운전불이행,젖음/습기,비,단일로 - 기타,승용,남,68세,경상,승용,남,62세,중상
2023091600100145,2023년 9월 16일 10시,토요일,경상남도 거제시 덕포동,경상사고,0,0,1,0,차량단독 - 공작물충돌,안전운전불이행,젖음/습기,비,단일로 - 기타,승용,여,42세,경상,,,,
2023091600100184,2023년 9월 16일 11시,토요일,경상남도 창원시 성산구 신촌동,경상사고,0,0,3,0,차대차 - 정면충돌,중앙선침범,젖음/습기,비,단일로 - 교량,승용,남,78세,상해없음,승용,여,44세,경상
2023091600100230,2023년 9월 16일 12시,토요일,경상남도 밀양시 삼랑진읍,부상신고사고,0,0,0,1,차대차 - 측면충돌,안전운전불이행,젖음/습기,비,단일로 - 기타,승용,남,62세,상해없음,승용,남,43세,부상신고
2023091600100231,2023년 9월 16일 12시,토요일,경상남도 함양군 서하면,중상사고,0,2,2,0,차대차 - 측면충돌,안전운전불이행,젖음/습기,비,교차로 - 교차로안,화물,남,50세,상해없음,승용,여,35세,경상
2023091600100232,2023년 9월 16일 12시,토요일,경상남도 남해군 남해읍,중상사고,0,1,0,0,차대차 - 정면충돌,교차로운행방법위반,젖음/습기,비,교차로 - 교차로안,승용,여,54세,상해없음,이륜,남,39세,중상
2023091600100233,2023년 9월 16일 12시,토요일,경상남도 김해시 부곡동,경상사고,0,0,1,0,차대차 - 측면충돌,안전운전불이행,젖음/습기,비,단일로 - 기타,승용,여,43세,상해없음,승용,여,49세,경상
2023091600100252,2023년 9월 16일 13시,토요일,경상남도 양산시 다방동,중상사고,0,1,0,2,차대차 - 추돌,안전운전불이행,젖음/습기,비,단일로 - 기타,화물,남,56세,상해없음,화물,남,63세,중상
2023091600100267,2023년 9월 16일 13시,토요일,경상남도 창원시 마산합포구 우산동,경상사고,0,0,1,0,차대차 - 추돌,안전운전불이행,건조,맑음,단일로 - 기타,승용,남,33세,상해없음,승합,남,23세,경상
2023091600100307,2023년 9월 16일 14시,토요일,경상남도 산청군 산청읍,경상사고,0,0,2,0,차대차 - 측면충돌,중앙선침범,젖음/습기,비,교차로 - 교차로부근,화물,여,63세,상해없음,승용,남,53세,경상
2023091600100334,2023년 9월 16일 15시,토요일,경상남도 밀양시 부북면,중상사고,0,1,0,0,차대차 - 측면충돌,교차로운행방법위반,젖음/습기,비,교차로 - 교차로안,건설기계,남,57세,상해없음,승용,남,53세,중상
2023091600100375,2023년 9월 16일 16시,토요일,경상남도 김해시 서상동,중상사고,0,1,0,0,차대차 - 기타,신호위반,젖음/습기,비,교차로 - 교차로안,자전거,여,78세,중상,화물,남,67세,상해없음
2023091600100377,2023년 9월 16일 16시,토요일,경상남도 김해시 풍유동,경상사고,0,0,1,0,차대차 - 측면충돌,안전운전불이행,젖음/습기,비,교차로 - 교차로부근,화물,남,62세,상해없음,승용,남,30세,경상
2023091600100418,2023년 9월 16일 17시,토요일,경상남도 양산시 소주동,중상사고,0,1,2,0,차대차 - 측면충돌,직진우회전진행방해,젖음/습기,비,교차로 - 교차로안,승합,남,29세,상해없음,승용,여,61세,경상
2023091600100453,2023년 9월 16일 18시,토요일,경상남도 양산시 삼호동,경상사고,0,0,2,0,차대차 - 측면충돌,교차로운행방법위반,젖음/습기,비,교차로 - 교차로안,승용,남,42세,상해없음,승용,남,40세,경상
2023091600100531,2023년 9월 16일 20시,토요일,경상남도 김해시 내동,경상사고,0,0,1,0,차대차 - 기타,안전운전불이행,건조,맑음,교차로 - 교차로부근,승용,남,59세,상해없음,이륜,남,25세,경상
2023091600100532,2023년 9월 16일 20시,토요일,경상남도 창원시 의창구 사림동,중상사고,0,2,0,0,차대차 - 측면충돌,신호위반,건조,맑음,교차로 - 교차로안,이륜,남,18세,중상,승용,남,54세,상해없음