사고번호,사고일시,요일,시군구,사고내용,사망자수,중상자수,경상자수,부상신고자수,사고유형,법규위반,노면상태,기상상태,도로형태,가해운전자 차종,가해운전자 성별,가해운전자 연령,가해운전자 상해정도,피해운전자 차종,피해운전자 성별,피해운전자 연령,피해운전자 상해정도
2023091700100013,2023년 9월 17일 00시,일요일,경상남도 양산시 물금읍,경상사고,0,0,1,0,차대차 - 기타,안전운전불이행,젖음/습기,맑음,교차로 - 교차로부근,승합,남,22세,상해없음,개인형이동수단(PM),남,37세,경상
2023091700100020,2023년 9월 17일 01시,일요일,경상남도 함안군 가야읍,중상사고,0,1,0,0,차량단독 - 공작물충돌,안전운전불이행,젖음/습기,비,단일로 - 기타,승용,남,30세,중상,,,,
2023091700100029,2023년 9월 17일 02시,일요일,경상남도 창원시 마산합포구 오동동,중상사고,0,1,0,0,차대사람 - 기타,안전운전불이행,건조,맑음,단일로 - 기타,화물,남,51세,상해없음,보행자,남,69세,중상
2023091700100043,2023년 9월 17일 04시,일요일,경상남도 창원시 진해구 용원동,경상사고,0,0,1,0,차대사람 - 차도통행중,교차로운행방법위반,건조,맑음,교차로 - 교차로안,승용,남,26세,상해없음,보행자,남,76세,경상
2023091700100044,2023년 9월 17일 04시,일요일,경상남도 김해시 내동,중상사고,0,1,0,0,차량단독 - 전도전복 - 전도,안전운전불이행,젖음/습기,비,단일로 - 기타,원동기,남,28세,중상,,,,
2023091700100052,2023년 9월 17일 05시,일요일,경상남도 김해시 진영읍,중상사고,0,1,0,0,차대차 - 측면충돌,안전운전불이행,젖음/습기,비,단일로 - 기타,승용,남,29세,상해없음,승용,남,48세,중상
2023091700100123,2023년 9월 17일 10시,일요일,경상남도 창원시 진해구 석동,중상사고,0,1,0,0,차대차 - 추돌,안전운전불이행,젖음/습기,비,단일로 - 기타,승용,남,81세,상해없음,승용,남,42세,기타불명
2023091700100149,2023년 9월 17일 11시,일요일,경상남도 진주시 정촌면,중상사고,0,1,1,0,차대차 - 추돌,안전운전불이행,건조,맑음,교차로 - 교차로안,화물,남,65세,상해없음,승용,남,29세,경상
2023091700100150,2023년 9월 17일 11시,일요일,경상남도 양산시 삼호동,중상사고,0,1,0,0,차대차 - 기타,안전운전불이행,건조,맑음,단일로 - 기타,승용,남,76세,중상,승용,남,69세,기타불명
2023091700100203,2023년 9월 17일 13시,일요일,경상남도 양산시 물금읍,경상사고,0,0,4,0,차대차 - 기타,안전거리미확보,건조,맑음,교차로 - 교차로안,승용,남,19세,상해없음,승용,남,36세,경상
2023091700100204,2023년 9월 17일 13시,일요일,경상남도 창원시 성산구 상남동,경상사고,0,0,1,0,차대사람 - 횡단중,보행자보호의무위반,건조,맑음,교차로 - 교차로안,승용,여,37세,상해없음,보행자,남,14세,경상
2023091700100249,2023년 9월 17일 14시,일요일,경상남도 진주시 내동면,중상사고,0,1,1,0,차대차 - 정면충돌,중앙선침범,건조,흐림,단일로 - 기타,승용,남,64세,상해없음,승용,여,23세,경상
2023091700100250,2023년 9월 17일 14시,일요일,경상남도 남해군 창선면,중상사고,0,1,0,0,차량단독 - 공작물충돌,안전운전불이행,건조,흐림,단일로 - 기타,승용,남,67세,중상,,,,
2023091700100283,2023년 9월 17일 15시,일요일,경상남도 진주시 이현동,경상사고,0,0,3,0,차대차 - 추돌,안전운전불이행,건조,흐림,단일로 - 기타,화물,남,28세,상해없음,승용,여,26세,경상
2023091700100312,2023년 9월 17일 16시,일요일,경상남도 창원시 의창구 팔용동,경상사고,0,0,1,0,차대차 - 측면충돌,신호위반,건조,맑음,교차로 - 교차로안,이륜,남,33세,상해없음,승용,남,40세,경상
2023091700100369,2023년 9월 17일 18시,일요일,경상남도 진주시 평거동,중상사고,0,1,0,0,차대사람 - 횡단중,보행자보호의무위반,건조,흐림,교차로 - 교차로횡단보도내,승용,남,36세,상해없음,보행자,남,19세,중상
2023091700100401,2023년 9월 17일 19시,일요일,경상남도 양산시 덕계동,중상사고,0,1,0,0,차대사람 - 길가장자리구역통행중,안전운전불이행,건조,맑음,단일로 - 기타,승용,남,63세,상해없음,보행자,남,31세,중상
2023091700100424,2023년 9월 17일 20시,일요일,경상남도 창원시 의창구 소계동,경상사고,0,0,1,0,차대차 - 측면충돌,안전거리미확보,건조,맑음,단일로 - 기타,승용,남,68세,상해없음,승용,남,65세,상해없음
2023091700100455,2023년 9월 17일 21시,일요일,경상남도 양산시 유산동,경상사고,0,0,1,0,차대차 - 기타,신호위반,젖음/습기,맑음,교차로 - 교차로안,승용,남,45세,상해없음,이륜,남,53세,경상
2023091700100485,2023년 9월 17일 23시,일요일,경상남도 창원시 마산합포구 오동동,중상사고,0,1,0,0,차대차 - 정면충돌,중앙선침범,건조,맑음,단일로 - 기타,승용,남,28세,상해없음,승용,남,34세,중상
2023091800100005,2023년 9월 18일 01시,월요일,경상남도 함양군 유림면,부상신고사고,0,0,0,1,차량단독 - 도로외이탈 - 기타,안전운전불이행,젖음/습기,비,단일로 - 기타,이륜,남,52세,부상신고,,,,
2023091800100024,2023년 9월 18일 05시,월요일,경상남도 창원시 의창구 팔용동,경상사고,0,0,1,0,차량단독 - 공작물충돌,안전운전불이행,건조,맑음,단일로 - 기타,화물,남,50세,상해없음,,,,
2023091800100040,2023년 9월 18일 06시,월요일,경상남도 창녕군 대합면,중상사고,0,1,0,0,차대차 - 추돌,안전운전불이행,건조,맑음,단일로 - 기타,승용,남,27세,상해없음,농기계,남,72세,중상
2023091800100051,2023년 9월 18일 07시,월요일,경상남도 김해시 상동면,경상사고,0,0,1,0,차대차 - 추돌,안전거리미확보,젖음/습기,비,단일로 - 기타,화물,남,71세,상해없음,승용,여,26세,경상
2023091800100107,2023년 9월 18일 08시,월요일,경상남도 통영시 무전동,경상사고,0,0,1,0,차대사람 - 차도통행중,보행자보호의무위반,건조,맑음,교차로 - 교차로횡단보도내,승용,여,58세,상해없음,보행자,남,74세,경상
2023091800100108,2023년 9월 18일 08시,월요일,경상남도 산청군 단성면,사망사고,1,0,0,0,차량단독 - 전도전복 - 전도,안전운전불이행,젖음/습기,맑음,단일로 - 기타,농기계,남,75세,사망,,,,
2023091800100109,2023년 9월 18일 08시,월요일,경상남도 창원시 의창구 명서동,경상사고,0,0,1,0,차대차 - 기타,안전운전불이행,건조,맑음,주차장 - 주차장,승용,여,38세,경상,승용,남,50세,상해없음
2023091800100152,2023년 9월 18일 09시,월요일,경상남도 합천군 대양면,중상사고,0,1,0,0,차량단독 - 공작물충돌,안전운전불이행,건조,맑음,단일로 - 기타,승용,여,43세,중상,,,,
2023091800100153,2023년 9월 18일 09시,월요일,경상남도 거제시 사등면,경상사고,0,0,1,0,차대사람 - 기타,안전운전불이행,건조,맑음,단일로 - 기타,특수,남,54세,상해없음,보행자,남,60세,경상
2023091800100154,2023년 9월 18일 09시,월요일,경상남도 함안군 가야읍,경상사고,0,0,1,0,차대차 - 측면충돌,교차로운행방법위반,건조,맑음,교차로 - 교차로안,승용,여,58세,상해없음,승합,남,58세,상해없음
2023091800100155,2023년 9월 18일 09시,월요일,경상남도 창원시 의창구 사림동,중상사고,0,1,0,0,차대사람 - 횡단중,보행자보호의무위반,건조,맑음,교차로 - 교차로안,승용,남,63세,상해없음,보행자,여,72세,중상
2023091800100185,2023년 9월 18일 10시,월요일,경상남도 창원시 마산합포구 현동,중상사고,0,1,0,0,차량단독 - 기타,안전운전불이행,건조,맑음,단일로 - 기타,이륜,남,71세,중상,,,,
2023091800100216,2023년 9월 18일 11시,월요일,경상남도 창원시 마산합포구 상남동,사망사고,1,0,0,0,차량단독 - 전도전복 - 전도,안전운전불이행,건조,맑음,단일로 - 기타,이륜,남,83세,사망,,,,
2023091800100217,2023년 9월 18일 11시,월요일,경상남도 창원시 진해구 용원동,경상사고,0,0,1,0,차대차 - 측면충돌,안전운전불이행,건조,맑음,단일로 - 기타,승용,여,49세,상해없음,이륜,남,73세,경상
2023091800100218,2023년 9월 18일 11시,월요일,경상남도 김해시 삼계동,경상사고,0,0,1,0,차대차 - 측면충돌,신호위반,건조,맑음,교차로 - 교차로안,승용,남,59세,상해없음,원동기,남,25세,경상
2023091800100219,2023년 9월 18일 11시,월요일,경상남도 거창군 거창읍,경상사고,0,0,1,0,차대차 - 추돌,교차로운행방법위반,건조,맑음,교차로 - 교차로안,승용,남,75세,상해없음,이륜,여,54세,경상
2023091800100220,2023년 9월 18일 11시,월요일,경상남도 창녕군 남지읍,경상사고,0,0,1,0,차대차 - 측면충돌,안전운전불이행,건조,맑음,교차로 - 교차로안,승용,남,80세,상해없음,이륜,남,90세,경상
2023091800100221,2023년 9월 18일 11시,월요일,경상남도 창녕군 영산면,중상사고,0,3,0,0,차대차 - 측면충돌,신호위반,건조,맑음,교차로 - 교차로안,승용,여,59세,상해없음,승용,남,74세,중상
2023091800100222,2023년 9월 18일 11시,월요일,경상남도 거제시 하청면,경상사고,0,0,1,0,차대사람 - 기타,안전운전불이행,건조,맑음,단일로 - 기타,승용,남,49세,상해없음,보행자,남,63세,경상
2023091800100255,2023년 9월 18일 12시,월요일,경상남도 밀양시 삼문동,중상사고,0,1,0,0,차대차 - 기타,안전운전불이행,건조,맑음,단일로 - 기타,승용,여,51세,상해없음,이륜,남,70세,상해없음
2023091800100320,2023년 9월 18일 14시,월요일,경상남도 산청군 오부면,경상사고,0,0,1,0,차대차 - 기타,중앙선침범,건조,맑음,단일로 - 기타,화물,남,57세,상해없음,이륜,남,54세,경상
2023091800100321,2023년 9월 18일 14시,월요일,경상남도 창원시 마산회원구 회성동,사망사고,1,0,0,0,차대사람 - 횡단중,안전운전불이행,건조,맑음,교차로 - 교차로횡단보도내,화물,남,56세,상해없음,보행자,여,63세,사망
2023091800100360,2023년 9월 18일 15시,월요일,경상남도 김해시 내동,부상신고사고,0,0,0,1,차대차 - 측면충돌,안전거리미확보,건조,맑음,단일로 - 기타,이륜,남,21세,부상신고,승합,남,45세,상해없음
2023091800100361,2023년 9월 18일 15시,월요일,경상남도 함양군 병곡면,중상사고,0,1,1,0,차대차 - 정면충돌,안전운전불이행,건조,맑음,단일로 - 기타,화물,남,46세,경상,화물,남,65세,중상
2023091800100362,2023년 9월 18일 15시,월요일,경상남도 함양군 함양읍,부상신고사고,0,0,0,1,차대사람 - 기타,보행자보호의무위반,건조,맑음,기타 - 기타,승용,남,50세,상해없음,보행자,남,12세,부상신고
2023091800100363,2023년 9월 18일 15시,월요일,경상남도 양산시 물금읍,경상사고,0,0,2,0,차대차 - 측면충돌,안전거리미확보,건조,맑음,단일로 - 기타,승용,남,50세,상해없음,승용,여,46세,경상
2023091800100364,2023년 9월 18일 15시,월요일,경상남도 거제시 사등면,경상사고,0,0,1,0,차대차 - 기타,안전운전불이행,건조,맑음,단일로 - 기타,승용,남,65세,상해없음,승용,남,45세,경상
2023091800100365,2023년 9월 18일 15시,월요일,경상남도 창원시 의창구 명서동,중상사고,0,1,0,0,차대사람 - 횡단중,안전운전불이행,건조,맑음,단일로 - 기타,승용,여,27세,상해없음,보행자,여,84세,중상
2023091800100466,2023년 9월 18일 17시,월요일,경상남도 창녕군 창녕읍,중상사고,0,1,0,0,차대사람 - 횡단중,안전운전불이행,건조,맑음,단일로 - 기타,승용,남,46세,상해없음,보행자,여,80세,중상
2023091800100520,2023년 9월 18일 18시,월요일,경상남도 거제시 장평동,부상신고사고,0,0,0,1,차량단독 - 기타,안전운전불이행,기타,기타,기타 - 기타,이륜,남,43세,부상신고,,,,
2023091800100568,2023년 9월 18일 19시,월요일,경상남도 창원시 진해구 풍호동,중상사고,0,1,0,0,차대사람 - 횡단중,보행자보호의무위반,건조,맑음,교차로 - 교차로횡단보도내,승용,여,42세,상해없음,보행자,여,61세,중상
2023091800100569,2023년 9월 18일 19시,월요일,경상남도 통영시 무전동,중상사고,0,1,0,0,차량단독 - 기타,기타,건조,맑음,단일로 - 기타,승합,남,58세,상해없음,,,,
2023091800100570,2023년 9월 18일 19시,월요일,경상남도 사천시 축동면,중상사고,0,1,0,0,차대차 - 측면충돌,안전운전불이행,건조,맑음,단일로 - 기타,화물,남,61세,상해없음,승용,여,59세,중상
2023091800100571,2023년 9월 18일 19시,월요일,경상남도 김해시 삼계동,중상사고,0,1,0,0,차대사람 - 횡단중,보행자보호의무위반,건조,맑음,단일로 - 기타,승용,남,71세,상해없음,보행자,남,19세,중상
2023091800100572,2023년 9월 18일 19시,월요일,경상남도 김해시 삼방동,중상사고,0,1,0,0,차대사람 - 기타,안전운전불이행,건조,맑음,교차로 - 교차로횡단보도내,승용,남,68세,상해없음,보행자,남,57세,중상
2023091800100573,2023년 9월 18일 19시,월요일,경상남도 김해시 대청동,중상사고,0,2,0,0,차대차 - 정면충돌,중앙선침범,건조,맑음,기타 - 기타,승용,남,50세,상해없음,승용,여,38세,중상
2023091800100598,2023년 9월 18일 20시,월요일,경상남도 창원시 마산합포구 가포동,경상사고,0,0,2,0,차대차 - 측면충돌,차로위반,건조,맑음,단일로 - 터널,승용,남,65세,상해없음,승용,남,37세,경상
2023091800100599,2023년 9월 18일 20시,월요일,경상남도 창원시 진해구 경화동,부상신고사고,0,0,0,1,차대사람 - 횡단중,안전운전불이행,건조,맑음,교차로 - 교차로부근,승용,남,24세,상해없음,보행자,남,65세,부상신고
2023091800100600,2023년 9월 18일 20시,월요일,경상남도 양산시 소주동,중상사고,0,1,0,0,차대차 - 정면충돌,안전운전불이행,건조,맑음,교차로 - 교차로안,승용,여,47세,상해없음,승용,남,32세,중상
2023091800100622,2023년 9월 18일 21시,월요일,경상남도 진주시 지수면,사망사고,1,0,0,0,차대차 - 추돌,안전거리미확보,건조,맑음,단일로 - 기타,특수,남,55세,상해없음,승용,남,64세,사망
2023091900100007,2023년 9월 19일 00시,화요일,경상남도 거제시 고현동,경상사고,0,0,2,0,차대차 - 정면충돌,안전운전불이행,건조,맑음,단일로 - 기타,승용,여,45세,상해없음,승합,여,29세,경상
2023091900100017,2023년 9월 19일 02시,화요일,경상남도 창원시 마산합포구 진동면,중상사고,0,1,0,0,차대차 - 추돌,안전운전불이행,건조,맑음,단일로 - 기타,승용,남,36세,상해없음,승용,여,63세,중상
2023091900100035,2023년 9월 19일 05시,화요일,경상남도 창원시 성산구 중앙동,중상사고,0,1,0,0,차대사람 - 횡단중,안전운전불이행,건조,흐림,단일로 - 기타,이륜,남,33세,상해없음,보행자,여,55세,중상
2023091900100053,2023년 9월 19일 06시,화요일,경상남도 김해시 삼계동,경상사고,0,0,2,0,차대차 - 추돌,안전운전불이행,건조,맑음,교차로 - 교차로부근,승용,여,49세,상해없음,승용,남,25세,경상
2023091900100074,2023년 9월 19일 07시,화요일,경상남도 김해시 봉황동,중상사고,0,1,0,0,차대차 - 기타,안전운전불이행,건조,맑음,기타 - 기타,이륜,남,44세,상해없음,자전거,여,58세,중상
2023091900100075,2023년 9월 19일 07시,화요일,경상남도 산청군 신안면,경상사고,0,0,1,0,차대차 - 추돌,안전거리미확보,건조,흐림,단일로 - 기타,화물,남,53세,상해없음,승용,남,47세,경상
2023091900100076,2023년 9월 19일 07시,화요일,경상남도 창원시 성산구 안민동,경상사고,0,0,2,0,차대차 - 정면충돌,중앙선침범,건조,맑음,교차로 - 교차로부근,승용,여,45세,상해없음,승용,남,29세,경상
2023091900100077,2023년 9월 19일 07시,화요일,경상남도 김해시 강동,경상사고,0,0,1,0,차대차 - 정면충돌,안전운전불이행,건조,맑음,교차로 - 교차로안,승용,남,47세,상해없음,승용,남,32세,경상
2023091900100112,2023년 9월 19일 08시,화요일,경상남도 창원시 마산회원구 석전동,중상사고,0,1,0,0,차대사람 - 기타,안전운전불이행,건조,맑음,단일로 - 기타,승용,여,63세,상해없음,보행자,여,65세,중상
2023091900100113,2023년 9월 19일 08시,화요일,경상남도 창원시 의창구 동정동,경상사고,0,0,2,0,차대차 - 측면충돌,신호위반,건조,맑음,교차로 - 교차로안,승용,남,64세,상해없음,승용,남,50세,경상
2023091900100150,2023년 9월 19일 09시,화요일,경상남도 함안군 가야읍,중상사고,0,1,0,0,차대차 - 측면충돌,교차로운행방법위반,건조,맑음,교차로 - 교차로횡단보도내,승용,남,66세,상해없음,이륜,여,70세,중상
2023091900100216,2023년 9월 19일 11시,화요일,경상남도 진주시 옥봉동,경상사고,0,0,1,0,차대사람 - 횡단중,안전운전불이행,건조,맑음,교차로 - 교차로부근,화물,남,65세,상해없음,보행자,여,64세,경상
2023091900100217,2023년 9월 19일 11시,화요일,경상남도 창원시 성산구 사파동,중상사고,0,1,0,0,차대차 - 정면충돌,안전운전불이행,건조,맑음,교차로 - 교차로횡단보도내,이륜,남,45세,상해없음,자전거,남,61세,중상
2023091900100256,2023년 9월 19일 12시,화요일,경상남도 사천시 동금동,경상사고,0,0,1,0,차대사람 - 횡단중,안전운전불이행,건조,맑음,단일로 - 기타,이륜,남,73세,상해없음,보행자,여,60세,경상
2023091900100282,2023년 9월 19일 13시,화요일,경상남도 합천군 합천읍,중상사고,0,1,0,0,차대차 - 기타,교차로운행방법위반,건조,맑음,교차로 - 교차로안,승용,여,60세,상해없음,자전거,여,75세,중상
2023091900100283,2023년 9월 19일 13시,화요일,경상남도 김해시 무계동,경상사고,0,0,1,0,차대사람 - 횡단중,안전운전불이행,건조,맑음,교차로 - 교차로부근,승용,여,35세,상해없음,보행자,여,32세,경상
2023091900100320,2023년 9월 19일 14시,화요일,경상남도 창원시 의창구 대산면,경상사고,0,0,1,0,차대차 - 측면충돌,중앙선침범,건조,맑음,교차로 - 교차로안,화물,남,60세,상해없음,이륜,남,88세,경상
2023091900100346,2023년 9월 19일 15시,화요일,경상남도 진주시 봉곡동,경상사고,0,0,6,0,차대차 - 추돌,안전운전불이행,건조,맑음,단일로 - 기타,승용,여,42세,경상,승용,여,49세,경상
2023091900100347,2023년 9월 19일 15시,화요일,경상남도 김해시 내동,경상사고,0,0,1,0,차대사람 - 기타,안전운전불이행,건조,맑음,기타 - 기타,승용,남,77세,상해없음,보행자,여,39세,경상
2023091900100348,2023년 9월 19일 15시,화요일,경상남도 하동군 금성면,중상사고,0,1,0,1,차대차 - 기타,안전운전불이행,건조,맑음,기타 - 기타,화물,남,68세,부상신고,승용,여,56세,중상
2023091900100349,2023년 9월 19일 15시,화요일,경상남도 창원시 성산구 상남동,중상사고,0,1,0,0,차대사람 - 횡단중,안전운전불이행,건조,맑음,교차로 - 교차로안,승용,여,51세,상해없음,보행자,여,85세,중상
2023091900100380,2023년 9월 19일 16시,화요일,경상남도 양산시 유산동,경상사고,0,0,1,0,차대차 - 측면충돌,안전운전불이행,건조,맑음,단일로 - 기타,화물,남,52세,상해없음,승용,여,43세,경상
2023091900100381,2023년 9월 19일 16시,화요일,경상남도 양산시 남부동,경상사고,0,0,1,0,차량단독 - 기타,기타,건조,맑음,단일로 - 기타,승합,남,55세,상해없음,,,,
2023091900100382,2023년 9월 19일 16시,화요일,경상남도 창원시 의창구 봉곡동,경상사고,0,0,1,0,차대사람 - 기타,안전운전불이행,건조,맑음,교차로 - 교차로안,승합,남,72세,상해없음,보행자,남,50세,경상
2023091900100421,2023년 9월 19일 17시,화요일,경상남도 창원시 진해구 속천동,경상사고,0,0,1,0,차대차 - 측면충돌,안전운전불이행,건조,맑음,교차로 - 교차로안,승용,남,64세,상해없음,이륜,남,73세,경상
2023091900100422,2023년 9월 19일 17시,화요일,경상남도 창원시 진해구 이동,경상사고,0,0,3,0,차대차 - 측면충돌,안전운전불이행,건조,맑음,교차로 - 교차로부근,승용,남,65세,상해없음,승용,여,69세,경상
2023091900100423,2023년 9월 19일 17시,화요일,경상남도 양산시 물금읍,경상사고,0,0,1,1,차대차 - 측면충돌,안전운전불이행,건조,맑음,교차로 - 교차로안,승용,남,54세,상해없음,승용,여,23세,경상
2023091900100463,2023년 9월 19일 18시,화요일,경상남도 창원시 진해구 석동,경상사고,0,0,1,0,차대사람 - 횡단중,보행자보호의무위반,건조,맑음,단일로 - 기타,승용,남,57세,상해없음,보행자,여,12세,경상
2023091900100464,2023년 9월 19일 18시,화요일,경상남도 창원시 진해구 광화동,경상사고,0,0,2,0,차대차 - 측면충돌,안전운전불이행,건조,맑음,교차로 - 교차로안,이륜,남,63세,경상,이륜,남,20세,경상
2023091900100465,2023년 9월 19일 18시,화요일,경상남도 양산시 용당동,경상사고,0,0,4,0,차대차 - 측면충돌,신호위반,젖음/습기,비,교차로 - 교차로안,승용,남,80세,상해없음,승용,남,23세,경상
2023091900100466,2023년 9월 19일 18시,화요일,경상남도 양산시 평산동,중상사고,0,1,0,0,차대사람 - 차도통행중,안전운전불이행,건조,맑음,교차로 - 교차로안,개인형이동수단(PM),남,15세,상해없음,보행자,여,46세,중상
2023091900100467,2023년 9월 19일 18시,화요일,경상남도 산청군 신안면,중상사고,0,2,0,0,차대차 - 추돌,안전운전불이행,건조,맑음,단일로 - 기타,승용,남,44세,상해없음,승용,남,77세,중상
2023091900100468,2023년 9월 19일 18시,화요일,경상남도 창원시 성산구 성산동,경상사고,0,0,1,0,차대차 - 추돌,안전운전불이행,건조,맑음,교차로 - 교차로부근,승용,남,29세,상해없음,승용,남,38세,경상
2023091900100502,2023년 9월 19일 19시,화요일,경상남도 김해시 진영읍,부상신고사고,0,0,0,1,차대사람 - 기타,안전운전불이행,건조,맑음,교차로 - 교차로부근,승용,여,46세,상해없음,보행자,남,44세,부상신고
2023091900100527,2023년 9월 19일 20시,화요일,경상남도 진주시 망경동,중상사고,0,1,0,0,차대사람 - 횡단중,신호위반,건조,맑음,교차로 - 교차로횡단보도내,승용,여,38세,상해없음,보행자,남,48세,중상
2023091900100528,2023년 9월 19일 20시,화요일,경상남도 통영시 광도면,경상사고,0,0,3,0,차대차 - 추돌,안전운전불이행,건조,맑음,기타 - 기타,승용,여,62세,상해없음,승용,남,50세,경상
2023091900100552,2023년 9월 19일 21시,화요일,경상남도 사천시 벌리동,중상사고,0,1,0,0,차대차 - 정면충돌,교차로운행방법위반,건조,맑음,교차로 - 교차로안,승용,남,53세,상해없음,이륜,남,28세,중상
2023091900100553,2023년 9월 19일 21시,화요일,경상남도 거제시 고현동,경상사고,0,0,1,0,차대사람 - 길가장자리구역통행중,안전운전불이행,건조,맑음,단일로 - 기타,승용,여,49세,상해없음,보행자,남,20세,경상
2023091900100554,2023년 9월 19일 21시,화요일,경상남도 창원시 의창구 팔용동,중상사고,0,1,0,0,차대차 - 측면충돌,직진우회전진행방해,건조,맑음,교차로 - 교차로안,승용,남,24세,상해없음,이륜,남,53세,중상
2023092000100040,2023년 9월 20일 05시,수요일,경상남도 진주시 초전동,경상사고,0,0,2,0,차대차 - 측면충돌,신호위반,건조,맑음,교차로 - 교차로안,승용,여,63세,경상,승용,남,34세,경상
2023092000100044,2023년 9월 20일 06시,수요일,경상남도 창원시 마산합포구 월영동,중상사고,0,1,1,0,차대차 - 추돌,안전운전불이행,건조,맑음,기타 - 기타,화물,남,41세,기타불명,승용,남,69세,경상
2023092000100045,2023년 9월 20일 06시,수요일,경상남도 남해군 설천면,사망사고,1,0,0,0,차대차 - 측면충돌,안전운전불이행,건조,맑음,교차로 - 교차로안,승용,남,79세,사망,승용,남,77세,상해없음
2023092000100070,2023년 9월 20일 07시,수요일,경상남도 고성군 고성읍,경상사고,0,0,1,0,차대차 - 측면충돌,안전거리미확보,건조,맑음,단일로 - 기타,승용,여,54세,상해없음,건설기계,남,58세,경상
2023092000100127,2023년 9월 20일 08시,수요일,경상남도 창원시 진해구 이동,경상사고,0,0,1,0,차대차 - 측면충돌,안전거리미확보,건조,맑음,단일로 - 기타,승용,남,76세,상해없음,승용,남,37세,경상
2023092000100128,2023년 9월 20일 08시,수요일,경상남도 밀양시 내이동,경상사고,0,0,1,0,차대차 - 측면충돌,안전운전불이행,건조,맑음,교차로 - 교차로안,화물,남,28세,상해없음,승용,남,51세,경상
2023092000100129,2023년 9월 20일 08시,수요일,경상남도 김해시 외동,부상신고사고,0,0,0,1,차대차 - 정면충돌,안전운전불이행,건조,맑음,교차로 - 교차로안,자전거,남,11세,부상신고,승용,남,60세,상해없음
2023092000100130,2023년 9월 20일 08시,수요일,경상남도 김해시 삼계동,경상사고,0,0,1,0,차대차 - 측면충돌,안전운전불이행,건조,맑음,단일로 - 기타,승용,남,26세,상해없음,건설기계,남,44세,경상
2023092000100131,2023년 9월 20일 08시,수요일,경상남도 양산시 북정동,중상사고,0,1,0,0,차대사람 - 횡단중,보행자보호의무위반,건조,맑음,교차로 - 교차로안,화물,남,53세,상해없음,보행자,남,11세,중상
2023092000100132,2023년 9월 20일 08시,수요일,경상남도 양산시 평산동,경상사고,0,0,1,2,차대차 - 측면충돌,안전운전불이행,건조,맑음,교차로 - 교차로안,화물,남,66세,경상,승용,남,48세,부상신고
2023092000100133,2023년 9월 20일 08시,수요일,경상남도 산청군 신안면,중상사고,0,1,0,0,차대사람 - 횡단중,안전운전불이행,건조,맑음,단일로 - 기타,승용,여,61세,상해없음,보행자,남,13세,중상
2023092000100160,2023년 9월 20일 09시,수요일,경상남도 양산시 동면,중상사고,0,1,0,0,차대차 - 기타,안전운전불이행,건조,맑음,단일로 - 기타,화물,남,57세,상해없음,화물,남,31세,상해없음
2023092000100161,2023년 9월 20일 09시,수요일,경상남도 거제시 고현동,경상사고,0,0,1,0,차대차 - 정면충돌,중앙선침범,건조,맑음,교차로 - 교차로안,승용,여,50세,상해없음,승용,남,48세,경상
2023092000100162,2023년 9월 20일 09시,수요일,경상남도 창원시 마산회원구 석전동,경상사고,0,0,1,0,차대차 - 측면충돌,신호위반,건조,맑음,교차로 - 교차로안,화물,남,75세,상해없음,승용,여,60세,경상
2023092000100197,2023년 9월 20일 10시,수요일,경상남도 김해시 외동,중상사고,0,1,0,0,차대차 - 측면충돌,안전거리미확보,건조,맑음,단일로 - 기타,건설기계,남,55세,상해없음,승용,여,50세,중상
2023092000100198,2023년 9월 20일 10시,수요일,경상남도 창원시 마산합포구 산호동,경상사고,0,0,1,0,차대차 - 측면충돌,안전운전불이행,건조,맑음,교차로 - 교차로안,승용,남,75세,상해없음,승용,남,35세,경상
2023092000100245,2023년 9월 20일 11시,수요일,경상남도 창원시 의창구 명서동,중상사고,0,1,0,0,차대사람 - 차도통행중,신호위반,건조,맑음,교차로 - 교차로안,승용,남,51세,상해없음,보행자,여,70세,중상
2023092000100268,2023년 9월 20일 12시,수요일,경상남도 산청군 신안면,경상사고,0,0,1,0,차대사람 - 횡단중,보행자보호의무위반,건조,흐림,교차로 - 교차로안,화물,남,65세,기타불명,보행자,여,51세,경상
2023092000100269,2023년 9월 20일 12시,수요일,경상남도 창원시 의창구 도계동,중상사고,0,1,0,0,차대차 - 기타,신호위반,건조,맑음,교차로 - 교차로안,승용,여,54세,상해없음,화물,남,28세,중상
2023092000100303,2023년 9월 20일 13시,수요일,경상남도 창원시 마산회원구 석전동,경상사고,0,0,1,0,차대차 - 측면충돌,신호위반,건조,맑음,교차로 - 교차로안,화물,남,62세,상해없음,승용,여,29세,경상
2023092000100304,2023년 9월 20일 13시,수요일,경상남도 창원시 의창구 대산면,중상사고,0,1,0,0,차대차 - 측면충돌,신호위반,건조,맑음,단일로 - 기타,화물,남,36세,상해없음,승용,여,62세,중상
2023092000100341,2023년 9월 20일 14시,수요일,경상남도 창원시 진해구 석동,경상사고,0,0,1,0,차대차 - 추돌,안전운전불이행,건조,흐림,교차로 - 교차로부근,승용,남,58세,상해없음,승용,남,62세,경상
2023092000100342,2023년 9월 20일 14시,수요일,경상남도 통영시 정량동,중상사고,0,1,0,0,차대사람 - 기타,안전운전불이행,건조,맑음,단일로 - 기타,승용,여,32세,상해없음,보행자,남,69세,중상