사고번호,사고일시,요일,시군구,사고내용,사망자수,중상자수,경상자수,부상신고자수,사고유형,법규위반,노면상태,기상상태,도로형태,가해운전자 차종,가해운전자 성별,가해운전자 연령,가해운전자 상해정도,피해운전자 차종,피해운전자 성별,피해운전자 연령,피해운전자 상해정도
2023092000100343,2023년 9월 20일 14시,수요일,경상남도 사천시 곤명면,경상사고,0,0,2,0,차대차 - 추돌,안전운전불이행,건조,맑음,교차로 - 교차로부근,화물,남,67세,상해없음,승용,남,63세,경상
2023092000100344,2023년 9월 20일 14시,수요일,경상남도 합천군 합천읍,중상사고,0,1,0,0,차대차 - 추돌,안전운전불이행,젖음/습기,비,단일로 - 기타,화물,남,25세,상해없음,승용,남,66세,중상
2023092000100345,2023년 9월 20일 14시,수요일,경상남도 김해시 화목동,중상사고,0,1,0,0,차대차 - 후진중충돌,안전운전불이행,건조,맑음,교차로 - 교차로안,화물,남,67세,상해없음,승용,남,43세,중상
2023092000100383,2023년 9월 20일 15시,수요일,경상남도 통영시 무전동,경상사고,0,0,1,0,차대차 - 측면충돌,신호위반,건조,맑음,교차로 - 교차로부근,승용,여,53세,상해없음,승용,남,53세,상해없음
2023092000100431,2023년 9월 20일 16시,수요일,경상남도 창원시 진해구 자은동,경상사고,0,0,1,0,차대차 - 기타,차로위반,건조,맑음,단일로 - 기타,승용,여,27세,상해없음,승용,여,39세,경상
2023092000100432,2023년 9월 20일 16시,수요일,경상남도 함양군 함양읍,중상사고,0,1,0,0,차대차 - 기타,안전운전불이행,건조,맑음,교차로 - 교차로안,기타불명,기타불명,미분류,기타불명,자전거,여,73세,중상
2023092000100486,2023년 9월 20일 17시,수요일,경상남도 사천시 곤양면,중상사고,0,1,1,0,차대차 - 측면충돌,교차로운행방법위반,건조,맑음,교차로 - 교차로안,화물,남,52세,상해없음,승합,남,73세,중상
2023092000100487,2023년 9월 20일 17시,수요일,경상남도 양산시 명동,경상사고,0,0,2,0,차대차 - 추돌,안전운전불이행,젖음/습기,비,교차로 - 교차로부근,승합,남,69세,상해없음,승용,남,46세,경상
2023092000100550,2023년 9월 20일 18시,수요일,경상남도 창원시 마산회원구 합성동,경상사고,0,0,1,0,차대차 - 후진중충돌,안전운전불이행,건조,맑음,단일로 - 기타,승용,여,66세,상해없음,승용,남,48세,경상
2023092000100552,2023년 9월 20일 18시,수요일,경상남도 창원시 의창구 도계동,중상사고,0,1,0,0,차대차 - 추돌,안전운전불이행,건조,맑음,단일로 - 기타,승용,여,55세,상해없음,승용,남,62세,중상
2023092000100584,2023년 9월 20일 19시,수요일,경상남도 김해시 무계동,경상사고,0,0,1,0,차대차 - 기타,안전거리미확보,건조,맑음,단일로 - 기타,화물,남,30세,상해없음,승용,여,31세,경상
2023092000100610,2023년 9월 20일 19시,수요일,경상남도 김해시 외동,중상사고,0,1,0,0,차대차 - 추돌,안전거리미확보,젖음/습기,비,교차로 - 교차로부근,화물,남,53세,상해없음,승용,남,50세,중상
2023092000100611,2023년 9월 20일 19시,수요일,경상남도 김해시 삼계동,경상사고,0,0,2,0,차대차 - 측면충돌,신호위반,젖음/습기,비,교차로 - 교차로안,승용,남,49세,상해없음,승합,남,58세,경상
2023092000100612,2023년 9월 20일 19시,수요일,경상남도 양산시 동면,경상사고,0,0,3,0,차대차 - 추돌,안전거리미확보,젖음/습기,비,교차로 - 교차로안,승용,여,43세,경상,승용,여,23세,경상
2023092000100613,2023년 9월 20일 19시,수요일,경상남도 양산시 주남동,중상사고,0,1,0,0,차대사람 - 횡단중,신호위반,젖음/습기,비,교차로 - 교차로안,이륜,남,57세,상해없음,보행자,남,25세,중상
2023092000100615,2023년 9월 20일 19시,수요일,경상남도 김해시 진영읍,경상사고,0,0,1,0,차대사람 - 길가장자리구역통행중,안전운전불이행,젖음/습기,흐림,교차로 - 교차로안,승용,남,58세,상해없음,보행자,남,58세,경상
2023092000100656,2023년 9월 20일 20시,수요일,경상남도 사천시 벌리동,경상사고,0,0,1,0,차대사람 - 횡단중,보행자보호의무위반,젖음/습기,비,교차로 - 교차로횡단보도내,승용,남,68세,상해없음,보행자,남,61세,경상
2023092000100692,2023년 9월 20일 21시,수요일,경상남도 통영시 동호동,경상사고,0,0,1,0,차대차 - 추돌,안전운전불이행,건조,맑음,교차로 - 교차로부근,화물,남,59세,기타불명,승용,남,62세,경상
2023092000100693,2023년 9월 20일 21시,수요일,경상남도 통영시 당동,경상사고,0,0,1,0,차대차 - 추돌,안전운전불이행,건조,맑음,교차로 - 교차로부근,승용,남,49세,기타불명,승용,여,65세,경상
2023092000100694,2023년 9월 20일 21시,수요일,경상남도 양산시 북부동,경상사고,0,0,1,0,차대차 - 추돌,안전운전불이행,젖음/습기,비,단일로 - 기타,승용,남,56세,상해없음,이륜,남,36세,경상
2023092000100716,2023년 9월 20일 22시,수요일,경상남도 사천시 선구동,경상사고,0,0,1,0,차대차 - 측면충돌,신호위반,젖음/습기,비,교차로 - 교차로안,승용,남,44세,상해없음,승용,남,57세,경상
2023092000100717,2023년 9월 20일 22시,수요일,경상남도 김해시 주촌면,경상사고,0,0,2,0,차대차 - 후진중충돌,안전운전불이행,건조,맑음,단일로 - 기타,승용,남,22세,상해없음,승용,남,35세,경상
2023092100100004,2023년 9월 21일 00시,목요일,경상남도 양산시 동면,경상사고,0,0,1,0,차대차 - 측면충돌,중앙선침범,건조,맑음,교차로 - 교차로안,화물,남,55세,상해없음,승용,남,42세,경상
2023092100100018,2023년 9월 21일 03시,목요일,경상남도 함양군 서상면,경상사고,0,0,1,0,차량단독 - 전도전복 - 전도,안전운전불이행,젖음/습기,비,단일로 - 기타,원동기,여,67세,경상,,,,
2023092100100036,2023년 9월 21일 05시,목요일,경상남도 창원시 마산회원구 합성동,경상사고,0,0,1,0,차대차 - 측면충돌,신호위반,건조,맑음,교차로 - 교차로안,화물,여,70세,상해없음,승용,남,57세,경상
2023092100100042,2023년 9월 21일 06시,목요일,경상남도 창원시 의창구 소계동,중상사고,0,1,0,0,차대차 - 측면충돌,안전운전불이행,건조,맑음,단일로 - 기타,승용,남,71세,상해없음,개인형이동수단(PM),남,72세,중상
2023092100100065,2023년 9월 21일 07시,목요일,경상남도 김해시 동상동,경상사고,0,0,1,0,차대차 - 추돌,안전운전불이행,젖음/습기,흐림,교차로 - 교차로부근,화물,남,32세,상해없음,승용,남,29세,경상
2023092100100066,2023년 9월 21일 07시,목요일,경상남도 김해시 구산동,경상사고,0,0,1,0,차대차 - 후진중충돌,안전운전불이행,젖음/습기,흐림,교차로 - 교차로안,화물,남,65세,상해없음,승용,남,39세,경상
2023092100100067,2023년 9월 21일 07시,목요일,경상남도 거제시 옥포동,경상사고,0,0,1,0,차대사람 - 보도통행중,안전운전불이행,건조,맑음,주차장 - 주차장,승용,남,33세,상해없음,보행자,여,17세,경상
2023092100100068,2023년 9월 21일 07시,목요일,경상남도 창원시 의창구 북면,경상사고,0,0,1,0,차대차 - 추돌,안전운전불이행,젖음/습기,비,단일로 - 기타,화물,남,59세,상해없음,화물,남,52세,경상
2023092100100108,2023년 9월 21일 08시,목요일,경상남도 김해시 어방동,경상사고,0,0,1,0,차대차 - 추돌,안전운전불이행,젖음/습기,흐림,단일로 - 지하차도(도로)내,화물,남,30세,상해없음,화물,남,29세,경상
2023092100100110,2023년 9월 21일 08시,목요일,경상남도 양산시 물금읍,중상사고,0,1,0,0,차대차 - 측면충돌,교차로운행방법위반,건조,맑음,교차로 - 교차로안,화물,남,46세,중상,승용,여,64세,상해없음
2023092100100111,2023년 9월 21일 08시,목요일,경상남도 거제시 옥포동,경상사고,0,0,1,0,차대차 - 추돌,안전거리미확보,젖음/습기,비,단일로 - 기타,건설기계,남,50세,상해없음,승용,여,37세,경상
2023092100100112,2023년 9월 21일 08시,목요일,경상남도 거제시 옥포동,경상사고,0,0,2,0,차대차 - 추돌,안전거리미확보,젖음/습기,비,단일로 - 기타,승용,남,56세,경상,승용,여,33세,상해없음
2023092100100113,2023년 9월 21일 08시,목요일,경상남도 창원시 의창구 팔용동,경상사고,0,0,1,0,차대차 - 측면충돌,안전거리미확보,기타,기타,기타 - 기타,승용,남,58세,기타불명,승용,남,47세,경상
2023092100100158,2023년 9월 21일 09시,목요일,경상남도 양산시 동면,중상사고,0,1,0,0,차대사람 - 차도통행중,안전운전불이행,건조,맑음,단일로 - 기타,승용,남,69세,상해없음,보행자,남,66세,중상
2023092100100159,2023년 9월 21일 09시,목요일,경상남도 창원시 마산회원구 내서읍,경상사고,0,0,1,0,차대차 - 후진중충돌,안전운전불이행,건조,맑음,기타 - 기타,승용,남,54세,상해없음,승용,여,53세,경상
2023092100100181,2023년 9월 21일 10시,목요일,경상남도 밀양시 상동면,중상사고,0,1,0,0,차대차 - 추돌,신호위반,건조,맑음,단일로 - 터널,화물,남,55세,상해없음,승용,남,28세,중상
2023092100100198,2023년 9월 21일 10시,목요일,경상남도 진주시 명석면,경상사고,0,0,1,0,차대차 - 추돌,안전운전불이행,건조,맑음,단일로 - 기타,화물,남,62세,경상,승용,여,43세,상해없음
2023092100100199,2023년 9월 21일 10시,목요일,경상남도 창원시 성산구 성산동,경상사고,0,0,1,0,차대차 - 측면충돌,신호위반,젖음/습기,비,교차로 - 교차로안,승용,여,74세,상해없음,이륜,남,41세,경상
2023092100100268,2023년 9월 21일 12시,목요일,경상남도 통영시 당동,경상사고,0,0,1,0,차대차 - 측면충돌,중앙선침범,건조,맑음,단일로 - 기타,승용,남,75세,상해없음,화물,남,60세,경상
2023092100100296,2023년 9월 21일 13시,목요일,경상남도 거제시 연초면,경상사고,0,0,1,0,차대차 - 측면충돌,안전거리미확보,젖음/습기,비,단일로 - 기타,승용,남,75세,상해없음,승용,남,63세,경상
2023092100100332,2023년 9월 21일 14시,목요일,경상남도 양산시 북정동,경상사고,0,0,1,0,차대차 - 측면충돌,신호위반,건조,맑음,교차로 - 교차로안,승용,남,31세,상해없음,화물,남,32세,경상
2023092100100333,2023년 9월 21일 14시,목요일,경상남도 산청군 삼장면,경상사고,0,0,4,0,차대차 - 정면충돌,안전운전불이행,젖음/습기,비,단일로 - 기타,승용,여,56세,경상,승용,여,29세,경상
2023092100100345,2023년 9월 21일 15시,목요일,경상남도 양산시 다방동,경상사고,0,0,1,0,차대차 - 기타,안전거리미확보,건조,맑음,단일로 - 기타,화물,남,47세,상해없음,승용,남,53세,경상
2023092100100471,2023년 9월 21일 18시,목요일,경상남도 통영시 북신동,중상사고,0,1,0,0,차대차 - 측면충돌,신호위반,건조,맑음,단일로 - 기타,이륜,남,18세,상해없음,이륜,남,47세,중상
2023092100100472,2023년 9월 21일 18시,목요일,경상남도 하동군 고전면,경상사고,0,0,2,0,차대차 - 추돌,안전운전불이행,젖음/습기,비,단일로 - 교량,승용,여,72세,기타불명,화물,남,53세,기타불명
2023092100100473,2023년 9월 21일 18시,목요일,경상남도 김해시 흥동,경상사고,0,0,2,0,차대차 - 측면충돌,신호위반,젖음/습기,비,교차로 - 교차로안,화물,남,50세,상해없음,승용,남,55세,경상
2023092100100551,2023년 9월 21일 20시,목요일,경상남도 사천시 정동면,경상사고,0,0,1,0,차대사람 - 횡단중,안전운전불이행,건조,맑음,교차로 - 교차로부근,승용,여,22세,상해없음,보행자,남,25세,경상
2023092100100552,2023년 9월 21일 20시,목요일,경상남도 김해시 무계동,중상사고,0,1,0,0,차대사람 - 횡단중,보행자보호의무위반,건조,맑음,교차로 - 교차로안,승용,남,34세,상해없음,보행자,남,60세,중상
2023092100100553,2023년 9월 21일 20시,목요일,경상남도 김해시 주촌면,중상사고,0,1,0,0,차대사람 - 횡단중,기타,건조,맑음,단일로 - 기타,승합,남,70세,상해없음,보행자,여,58세,중상
2023092100100575,2023년 9월 21일 21시,목요일,경상남도 창원시 진해구 자은동,경상사고,0,0,1,0,차대차 - 추돌,안전운전불이행,젖음/습기,흐림,단일로 - 기타,이륜,남,25세,상해없음,승용,여,41세,경상
2023092100100576,2023년 9월 21일 21시,목요일,경상남도 양산시 주남동,경상사고,0,0,1,0,차대차 - 측면충돌,신호위반,젖음/습기,흐림,교차로 - 교차로안,승용,여,52세,상해없음,승용,남,58세,경상
2023092100100577,2023년 9월 21일 21시,목요일,경상남도 창원시 성산구 사파동,경상사고,0,0,1,0,차대차 - 정면충돌,신호위반,건조,맑음,교차로 - 교차로안,승용,남,70세,기타불명,승용,남,69세,경상
2023092100100600,2023년 9월 21일 22시,목요일,경상남도 거제시 고현동,경상사고,0,0,3,0,차대차 - 기타,신호위반,건조,맑음,교차로 - 교차로안,승용,여,50세,상해없음,승용,남,42세,경상
2023092100100601,2023년 9월 21일 22시,목요일,경상남도 창원시 의창구 소답동,경상사고,0,0,1,0,차대사람 - 기타,안전운전불이행,건조,맑음,기타 - 기타,승합,남,45세,상해없음,보행자,여,27세,경상
2023092100100621,2023년 9월 21일 23시,목요일,경상남도 창원시 의창구 봉곡동,부상신고사고,0,0,0,1,차대사람 - 차도통행중,안전운전불이행,젖음/습기,비,교차로 - 교차로안,개인형이동수단(PM),남,68세,상해없음,보행자,남,71세,부상신고
2023092200100027,2023년 9월 22일 02시,금요일,경상남도 창원시 의창구 봉곡동,중상사고,0,1,0,0,차대사람 - 기타,안전운전불이행,건조,맑음,단일로 - 기타,승용,남,32세,상해없음,보행자,남,28세,중상
2023092200100030,2023년 9월 22일 03시,금요일,경상남도 거제시 수월동,중상사고,0,2,0,0,차량단독 - 공작물충돌,안전운전불이행,건조,맑음,교차로 - 교차로부근,승용,남,43세,중상,,,,
2023092200100031,2023년 9월 22일 03시,금요일,경상남도 김해시 진례면,중상사고,0,2,0,0,차대차 - 추돌,안전운전불이행,건조,맑음,단일로 - 기타,승용,여,32세,중상,승용,여,66세,중상
2023092200100046,2023년 9월 22일 05시,금요일,경상남도 김해시 부곡동,경상사고,0,0,1,0,차대사람 - 횡단중,안전운전불이행,건조,맑음,교차로 - 교차로횡단보도내,승합,남,62세,상해없음,보행자,남,80세,경상
2023092200100061,2023년 9월 22일 06시,금요일,경상남도 하동군 진교면,중상사고,0,2,2,0,차대차 - 추돌,신호위반,젖음/습기,맑음,교차로 - 교차로안,화물,남,75세,기타불명,화물,남,72세,중상
2023092200100062,2023년 9월 22일 06시,금요일,경상남도 창원시 성산구 신월동,부상신고사고,0,0,0,1,차대사람 - 기타,안전운전불이행,건조,맑음,기타 - 기타,승용,남,64세,상해없음,보행자,남,76세,부상신고
2023092200100090,2023년 9월 22일 07시,금요일,경상남도 창원시 마산합포구 성호동,중상사고,0,1,0,0,차대차 - 측면충돌,직진우회전진행방해,건조,맑음,교차로 - 교차로안,승용,여,56세,중상,승용,남,36세,상해없음
2023092200100091,2023년 9월 22일 07시,금요일,경상남도 거제시 연초면,부상신고사고,0,0,0,1,차대차 - 추돌,안전운전불이행,건조,맑음,교차로 - 교차로부근,이륜,남,27세,부상신고,승용,남,51세,상해없음
2023092200100138,2023년 9월 22일 08시,금요일,경상남도 창원시 마산합포구 해운동,경상사고,0,0,1,0,차대차 - 측면충돌,안전운전불이행,건조,맑음,교차로 - 교차로안,승용,남,58세,상해없음,화물,남,40세,경상
2023092200100139,2023년 9월 22일 08시,금요일,경상남도 창원시 진해구 안골동,경상사고,0,0,1,0,차대차 - 추돌,안전운전불이행,건조,맑음,단일로 - 기타,승용,여,28세,상해없음,승용,남,37세,경상
2023092200100140,2023년 9월 22일 08시,금요일,경상남도 사천시 사천읍,경상사고,0,0,1,0,차대차 - 측면충돌,직진우회전진행방해,건조,맑음,교차로 - 교차로안,승용,남,75세,상해없음,승용,남,41세,경상
2023092200100141,2023년 9월 22일 08시,금요일,경상남도 양산시 명동,경상사고,0,0,1,0,차대차 - 측면충돌,안전운전불이행,건조,맑음,교차로 - 교차로부근,승용,남,50세,상해없음,승용,여,47세,경상
2023092200100184,2023년 9월 22일 09시,금요일,경상남도 밀양시 교동,경상사고,0,0,1,0,차대차 - 측면충돌,안전운전불이행,건조,맑음,교차로 - 교차로안,승용,여,74세,상해없음,승용,여,36세,경상
2023092200100185,2023년 9월 22일 09시,금요일,경상남도 김해시 외동,중상사고,0,1,0,0,차대차 - 기타,안전운전불이행,건조,맑음,교차로 - 교차로안,자전거,남,91세,중상,승용,남,49세,상해없음
2023092200100186,2023년 9월 22일 09시,금요일,경상남도 김해시 내동,경상사고,0,0,3,0,차대차 - 측면충돌,신호위반,건조,맑음,교차로 - 교차로안,승용,여,54세,상해없음,승용,남,65세,경상
2023092200100187,2023년 9월 22일 09시,금요일,경상남도 합천군 용주면,중상사고,0,2,1,0,차대차 - 기타,안전운전불이행,건조,맑음,단일로 - 기타,화물,남,75세,경상,승용,남,53세,중상
2023092200100188,2023년 9월 22일 09시,금요일,경상남도 양산시 평산동,경상사고,0,0,1,0,차대차 - 기타,안전거리미확보,건조,맑음,단일로 - 기타,승용,여,40세,상해없음,승합,남,44세,경상
2023092200100221,2023년 9월 22일 10시,금요일,경상남도 김해시 삼계동,중상사고,0,1,0,0,차대차 - 기타,안전운전불이행,건조,맑음,교차로 - 교차로안,화물,남,66세,상해없음,자전거,여,44세,중상
2023092200100222,2023년 9월 22일 10시,금요일,경상남도 합천군 합천읍,경상사고,0,0,1,0,차대차 - 측면충돌,중앙선침범,건조,맑음,단일로 - 기타,자전거,남,78세,경상,승용,여,68세,상해없음
2023092200100260,2023년 9월 22일 11시,금요일,경상남도 양산시 명동,경상사고,0,0,1,0,차대차 - 기타,직진우회전진행방해,건조,맑음,교차로 - 교차로안,이륜,남,47세,상해없음,승용,여,31세,경상
2023092200100294,2023년 9월 22일 12시,금요일,경상남도 창원시 의창구 대산면,경상사고,0,0,3,0,차대차 - 추돌,안전운전불이행,건조,맑음,단일로 - 기타,승용,여,55세,경상,화물,남,47세,경상
2023092200100331,2023년 9월 22일 13시,금요일,경상남도 창원시 마산합포구 진북면,경상사고,0,0,1,0,차대차 - 측면충돌,안전운전불이행,건조,맑음,교차로 - 교차로부근,승용,남,75세,상해없음,승용,남,43세,경상
2023092200100332,2023년 9월 22일 13시,금요일,경상남도 창원시 진해구 이동,경상사고,0,0,1,0,차대사람 - 차도통행중,안전운전불이행,건조,맑음,단일로 - 기타,승용,남,78세,상해없음,보행자,여,14세,경상
2023092200100333,2023년 9월 22일 13시,금요일,경상남도 사천시 사천읍,부상신고사고,0,0,0,1,차대사람 - 기타,안전운전불이행,건조,맑음,단일로 - 기타,승용,남,40세,부상신고,보행자,여,31세,상해없음
2023092200100366,2023년 9월 22일 14시,금요일,경상남도 창원시 마산합포구 중앙동2가,중상사고,0,1,0,0,차량단독 - 기타,기타,건조,맑음,단일로 - 기타,승합,남,62세,상해없음,,,,
2023092200100367,2023년 9월 22일 14시,금요일,경상남도 거제시 아주동,경상사고,0,0,1,0,차대차 - 측면충돌,교차로운행방법위반,건조,맑음,교차로 - 교차로안,승용,여,35세,경상,화물,남,69세,상해없음
2023092200100368,2023년 9월 22일 14시,금요일,경상남도 김해시 풍유동,경상사고,0,0,1,0,차대차 - 측면충돌,차로위반,건조,맑음,단일로 - 기타,승용,남,81세,상해없음,승용,여,55세,경상
2023092200100411,2023년 9월 22일 15시,금요일,경상남도 거창군 거창읍,중상사고,0,1,2,0,차대차 - 측면충돌,교차로운행방법위반,건조,맑음,교차로 - 교차로안,승용,남,66세,상해없음,승용,여,49세,경상
2023092200100412,2023년 9월 22일 15시,금요일,경상남도 양산시 물금읍,경상사고,0,0,1,0,차대차 - 기타,안전운전불이행,건조,맑음,단일로 - 기타,승용,남,27세,상해없음,승용,여,50세,경상
2023092200100473,2023년 9월 22일 16시,금요일,경상남도 양산시 남부동,경상사고,0,0,1,0,차대차 - 측면충돌,안전운전불이행,건조,맑음,단일로 - 기타,승용,여,49세,상해없음,개인형이동수단(PM),남,15세,경상
2023092200100474,2023년 9월 22일 16시,금요일,경상남도 함안군 가야읍,중상사고,0,1,2,0,차대차 - 측면충돌,교차로운행방법위반,건조,맑음,교차로 - 교차로부근,승용,여,46세,중상,승용,남,66세,경상
2023092200100475,2023년 9월 22일 16시,금요일,경상남도 함안군 법수면,중상사고,0,1,1,0,차대차 - 기타,중앙선침범,건조,맑음,교차로 - 교차로부근,승용,여,72세,경상,화물,남,60세,중상
2023092200100538,2023년 9월 22일 17시,금요일,경상남도 창원시 진해구 대죽동,경상사고,0,0,1,0,차대차 - 정면충돌,안전운전불이행,건조,맑음,교차로 - 교차로안,자전거,여,64세,경상,승용,남,37세,상해없음
2023092200100539,2023년 9월 22일 17시,금요일,경상남도 양산시 북부동,경상사고,0,0,1,0,차대차 - 측면충돌,신호위반,건조,맑음,교차로 - 교차로안,승용,여,51세,상해없음,자전거,남,33세,경상
2023092200100540,2023년 9월 22일 17시,금요일,경상남도 창원시 의창구 동읍,경상사고,0,0,1,0,차대차 - 측면충돌,신호위반,건조,맑음,단일로 - 기타,승용,남,62세,상해없음,승용,남,57세,경상
2023092200100573,2023년 9월 22일 18시,금요일,경상남도 김해시 흥동,경상사고,0,0,1,0,차대차 - 추돌,안전거리미확보,건조,맑음,단일로 - 기타,화물,여,57세,상해없음,승용,남,29세,경상
2023092200100596,2023년 9월 22일 18시,금요일,경상남도 밀양시 하남읍,중상사고,0,1,0,0,차대차 - 측면충돌,교차로운행방법위반,건조,맑음,단일로 - 기타,승용,여,56세,상해없음,자전거,여,74세,중상
2023092200100597,2023년 9월 22일 18시,금요일,경상남도 김해시 삼방동,경상사고,0,0,1,0,차대차 - 측면충돌,안전운전불이행,건조,맑음,교차로 - 교차로안,승용,남,59세,상해없음,자전거,남,47세,경상
2023092200100598,2023년 9월 22일 18시,금요일,경상남도 창원시 마산회원구 내서읍,경상사고,0,0,1,0,차대차 - 추돌,안전운전불이행,건조,맑음,교차로 - 교차로부근,화물,남,67세,상해없음,승용,남,68세,경상
2023092200100665,2023년 9월 22일 19시,금요일,경상남도 양산시 북부동,중상사고,0,1,0,0,차대사람 - 횡단중,보행자보호의무위반,건조,맑음,교차로 - 교차로안,승용,여,47세,상해없음,보행자,남,70세,중상
2023092200100666,2023년 9월 22일 19시,금요일,경상남도 창원시 의창구 봉곡동,경상사고,0,0,1,0,차대사람 - 횡단중,안전운전불이행,건조,맑음,단일로 - 기타,이륜,남,31세,상해없음,보행자,남,61세,경상
2023092200100700,2023년 9월 22일 20시,금요일,경상남도 창원시 진해구 자은동,경상사고,0,0,1,0,차대차 - 후진중충돌,안전운전불이행,건조,맑음,교차로 - 교차로안,승용,여,55세,상해없음,이륜,남,38세,경상
2023092200100736,2023년 9월 22일 21시,금요일,경상남도 하동군 진교면,경상사고,0,0,3,0,차대차 - 추돌,안전운전불이행,건조,맑음,단일로 - 기타,승합,남,65세,상해없음,승용,남,33세,경상
2023092300100016,2023년 9월 23일 00시,토요일,경상남도 창원시 의창구 봉곡동,부상신고사고,0,0,0,1,차대사람 - 길가장자리구역통행중,안전운전불이행,건조,맑음,기타 - 기타,승용,남,55세,상해없음,보행자,여,20세,부상신고
2023092300100062,2023년 9월 23일 04시,토요일,경상남도 창원시 마산회원구 두척동,경상사고,0,0,1,0,차대차 - 기타,안전운전불이행,건조,맑음,단일로 - 기타,화물,남,70세,기타불명,승용,남,34세,경상
2023092300100080,2023년 9월 23일 06시,토요일,경상남도 거제시 아주동,중상사고,0,1,0,0,차량단독 - 기타,안전운전불이행,건조,맑음,단일로 - 기타,개인형이동수단(PM),남,19세,중상,,,,
2023092300100090,2023년 9월 23일 07시,토요일,경상남도 통영시 용남면,경상사고,0,0,1,0,차대차 - 측면충돌,신호위반,건조,맑음,교차로 - 교차로안,승용,남,50세,상해없음,승합,남,50세,경상
2023092300100091,2023년 9월 23일 07시,토요일,경상남도 창원시 의창구 북면,중상사고,0,1,0,0,차대차 - 기타,기타,건조,맑음,교차로 - 교차로안,승합,남,36세,상해없음,농기계,남,66세,중상
2023092300100139,2023년 9월 23일 09시,토요일,경상남도 밀양시 삼문동,중상사고,0,1,0,0,차대사람 - 횡단중,보행자보호의무위반,건조,맑음,교차로 - 교차로횡단보도내,화물,남,62세,상해없음,보행자,여,16세,중상
2023092300100141,2023년 9월 23일 09시,토요일,경상남도 창원시 성산구 반림동,중상사고,0,1,0,0,차대차 - 측면충돌,안전운전불이행,건조,맑음,교차로 - 교차로부근,승용,여,54세,상해없음,승용,남,62세,중상
2023092300100142,2023년 9월 23일 09시,토요일,경상남도 창원시 마산회원구 합성동,경상사고,0,0,1,0,차대차 - 측면충돌,안전운전불이행,건조,맑음,단일로 - 기타,화물,남,69세,상해없음,화물,남,26세,경상
2023092300100189,2023년 9월 23일 10시,토요일,경상남도 통영시 용남면,경상사고,0,0,3,0,차대차 - 측면충돌,안전운전불이행,건조,맑음,단일로 - 기타,승용,남,63세,상해없음,승용,남,43세,경상
2023092300100222,2023년 9월 23일 11시,토요일,경상남도 창원시 마산합포구 동성동,중상사고,0,1,0,0,차대차 - 측면충돌,안전운전불이행,건조,맑음,단일로 - 기타,승용,남,61세,상해없음,자전거,남,44세,중상
2023092300100223,2023년 9월 23일 11시,토요일,경상남도 통영시 봉평동,경상사고,0,0,1,0,차대차 - 추돌,안전거리미확보,건조,맑음,교차로 - 교차로부근,승용,남,66세,상해없음,이륜,남,17세,경상
2023092300100224,2023년 9월 23일 11시,토요일,경상남도 거제시 문동동,경상사고,0,0,1,1,차대차 - 측면충돌,신호위반,건조,맑음,교차로 - 교차로안,이륜,남,18세,상해없음,승용,남,35세,경상
2023092300100226,2023년 9월 23일 11시,토요일,경상남도 창원시 의창구 팔용동,경상사고,0,0,1,0,차대사람 - 기타,안전운전불이행,건조,맑음,단일로 - 기타,승용,남,60세,상해없음,보행자,남,16세,경상
2023092300100270,2023년 9월 23일 12시,토요일,경상남도 창원시 진해구 석동,중상사고,0,1,3,0,차대차 - 추돌,안전운전불이행,건조,맑음,교차로 - 교차로부근,승용,남,48세,경상,승용,남,58세,경상
2023092300100271,2023년 9월 23일 12시,토요일,경상남도 양산시 동면,중상사고,0,1,1,0,차대차 - 기타,불법유턴,건조,맑음,단일로 - 기타,자전거,남,70세,중상,승용,남,32세,경상
2023092300100272,2023년 9월 23일 12시,토요일,경상남도 함안군 군북면,경상사고,0,0,1,0,차량단독 - 공작물충돌,안전운전불이행,건조,맑음,단일로 - 기타,화물,남,77세,경상,,,,
2023092300100308,2023년 9월 23일 13시,토요일,경상남도 함안군 가야읍,부상신고사고,0,0,0,1,차대사람 - 보도통행중,안전운전불이행,건조,맑음,기타 - 기타,승용,여,63세,상해없음,보행자,남,64세,부상신고
2023092300100341,2023년 9월 23일 14시,토요일,경상남도 창원시 진해구 남양동,경상사고,0,0,1,0,차대차 - 추돌,안전운전불이행,건조,맑음,단일로 - 기타,승용,남,49세,상해없음,이륜,남,44세,경상
2023092300100342,2023년 9월 23일 14시,토요일,경상남도 거창군 가조면,경상사고,0,0,1,0,차대차 - 측면충돌,안전운전불이행,건조,맑음,교차로 - 교차로안,사륜오토바이(ATV),여,72세,경상,승용,남,68세,상해없음
2023092300100343,2023년 9월 23일 14시,토요일,경상남도 함양군 안의면,중상사고,0,2,0,0,차대차 - 정면충돌,중앙선침범,건조,맑음,단일로 - 기타,승용,남,40세,상해없음,승용,여,64세,중상
2023092300100344,2023년 9월 23일 14시,토요일,경상남도 김해시 한림면,경상사고,0,0,1,0,차대차 - 측면충돌,교차로운행방법위반,건조,맑음,교차로 - 교차로안,화물,남,21세,상해없음,화물,남,40세,경상
2023092300100379,2023년 9월 23일 15시,토요일,경상남도 진주시 문산읍,중상사고,0,1,2,0,차대차 - 추돌,안전운전불이행,건조,맑음,단일로 - 기타,특수,남,50세,상해없음,승용,여,59세,경상