사고번호,사고일시,요일,시군구,사고내용,사망자수,중상자수,경상자수,부상신고자수,사고유형,법규위반,노면상태,기상상태,도로형태,가해운전자 차종,가해운전자 성별,가해운전자 연령,가해운전자 상해정도,피해운전자 차종,피해운전자 성별,피해운전자 연령,피해운전자 상해정도
2023092300100422,2023년 9월 23일 16시,토요일,경상남도 함안군 가야읍,부상신고사고,0,0,0,1,차대차 - 측면충돌,신호위반,건조,맑음,교차로 - 교차로안,이륜,남,85세,부상신고,화물,남,69세,상해없음
2023092300100423,2023년 9월 23일 16시,토요일,경상남도 의령군 부림면,중상사고,0,2,0,0,차대차 - 기타,안전운전불이행,건조,맑음,교차로 - 교차로안,승용,남,30세,중상,승용,남,51세,중상
2023092300100424,2023년 9월 23일 16시,토요일,경상남도 창원시 성산구 중앙동,경상사고,0,0,1,0,차대차 - 추돌,안전운전불이행,건조,맑음,교차로 - 교차로부근,승용,남,59세,상해없음,승용,남,31세,경상
2023092300100469,2023년 9월 23일 17시,토요일,경상남도 양산시 원동면,중상사고,0,1,0,0,차대차 - 측면충돌,안전운전불이행,건조,맑음,교차로 - 교차로안,승용,남,25세,기타불명,이륜,남,30세,중상
2023092300100470,2023년 9월 23일 17시,토요일,경상남도 거제시 장평동,경상사고,0,0,1,0,차대차 - 기타,교차로운행방법위반,건조,맑음,교차로 - 교차로안,이륜,남,48세,상해없음,자전거,남,40세,경상
2023092300100573,2023년 9월 23일 20시,토요일,경상남도 함양군 서상면,중상사고,0,1,0,0,차량단독 - 도로외이탈 - 기타,안전운전불이행,건조,맑음,단일로 - 기타,승용,남,57세,상해없음,,,,
2023092300100598,2023년 9월 23일 21시,토요일,경상남도 진주시 정촌면,경상사고,0,0,1,0,차대차 - 측면충돌,교차로운행방법위반,건조,맑음,교차로 - 교차로안,승용,여,52세,상해없음,승용,남,74세,경상
2023092300100599,2023년 9월 23일 21시,토요일,경상남도 함양군 함양읍,경상사고,0,0,1,0,차대차 - 추돌,안전운전불이행,건조,맑음,단일로 - 기타,승용,남,67세,상해없음,자전거,남,15세,경상
2023092300100600,2023년 9월 23일 21시,토요일,경상남도 김해시 주촌면,중상사고,0,1,0,1,차대차 - 측면충돌,신호위반,건조,맑음,교차로 - 교차로안,승용,남,20세,부상신고,승용,남,57세,중상
2023092300100601,2023년 9월 23일 21시,토요일,경상남도 김해시 율하동,경상사고,0,0,2,0,차대차 - 정면충돌,안전운전불이행,건조,맑음,교차로 - 교차로부근,승용,남,47세,상해없음,승용,남,24세,경상
2023092300100628,2023년 9월 23일 22시,토요일,경상남도 양산시 삼호동,경상사고,0,0,1,0,차대차 - 기타,안전운전불이행,건조,맑음,단일로 - 기타,승용,남,31세,상해없음,이륜,남,50세,경상
2023092300100648,2023년 9월 23일 23시,토요일,경상남도 거제시 문동동,경상사고,0,0,1,0,차대차 - 후진중충돌,안전운전불이행,건조,맑음,단일로 - 기타,승용,남,54세,상해없음,승용,남,23세,경상
2023092400100010,2023년 9월 24일 00시,일요일,경상남도 통영시 봉평동,사망사고,1,0,0,0,차대사람 - 횡단중,보행자보호의무위반,건조,맑음,교차로 - 교차로횡단보도내,승용,남,55세,상해없음,보행자,남,52세,사망
2023092400100018,2023년 9월 24일 01시,일요일,경상남도 김해시 외동,경상사고,0,0,2,0,차대차 - 추돌,안전운전불이행,건조,맑음,교차로 - 교차로안,승용,남,35세,상해없음,승용,남,52세,경상
2023092400100030,2023년 9월 24일 02시,일요일,경상남도 양산시 명동,경상사고,0,0,2,0,차대차 - 추돌,안전운전불이행,건조,맑음,교차로 - 교차로부근,승용,여,65세,상해없음,승용,남,42세,경상
2023092400100062,2023년 9월 24일 06시,일요일,경상남도 양산시 물금읍,중상사고,0,1,0,0,차대사람 - 기타,안전운전불이행,건조,맑음,주차장 - 주차장,승용,남,68세,상해없음,보행자,여,69세,중상
2023092400100070,2023년 9월 24일 07시,일요일,경상남도 밀양시 삼문동,경상사고,0,0,1,0,차대차 - 추돌,안전운전불이행,건조,맑음,교차로 - 교차로안,이륜,남,78세,경상,승용,남,52세,상해없음
2023092400100088,2023년 9월 24일 08시,일요일,경상남도 김해시 서상동,경상사고,0,0,3,0,차대차 - 측면충돌,기타,건조,맑음,단일로 - 기타,승용,남,73세,경상,이륜,남,44세,경상
2023092400100089,2023년 9월 24일 08시,일요일,경상남도 창원시 의창구 북면,경상사고,0,0,2,0,차대차 - 추돌,안전거리미확보,건조,맑음,단일로 - 기타,승용,남,31세,상해없음,승용,남,65세,경상
2023092400100125,2023년 9월 24일 10시,일요일,경상남도 사천시 동동,경상사고,0,0,1,0,차대차 - 기타,불법유턴,건조,맑음,주차장 - 주차장,승용,남,66세,상해없음,승용,여,38세,경상
2023092400100127,2023년 9월 24일 10시,일요일,경상남도 고성군 고성읍,경상사고,0,0,1,0,차대사람 - 보도통행중,안전운전불이행,건조,맑음,단일로 - 기타,승용,여,69세,상해없음,보행자,여,63세,경상
2023092400100163,2023년 9월 24일 11시,일요일,경상남도 창원시 마산합포구 진북면,경상사고,0,0,2,0,차대차 - 측면충돌,안전운전불이행,건조,맑음,단일로 - 기타,이륜,남,26세,경상,승용,여,28세,경상
2023092400100164,2023년 9월 24일 11시,일요일,경상남도 양산시 북부동,경상사고,0,0,1,0,차대사람 - 횡단중,신호위반,건조,맑음,교차로 - 교차로횡단보도내,이륜,남,20세,상해없음,보행자,남,62세,경상
2023092400100165,2023년 9월 24일 11시,일요일,경상남도 함안군 칠북면,부상신고사고,0,0,0,1,차대사람 - 차도통행중,안전운전불이행,건조,맑음,기타 - 기타,화물,남,70세,상해없음,보행자,남,76세,부상신고
2023092400100166,2023년 9월 24일 11시,일요일,경상남도 창원시 성산구 성주동,경상사고,0,0,3,0,차대차 - 측면충돌,신호위반,건조,맑음,교차로 - 교차로안,승용,남,53세,상해없음,승용,남,54세,경상
2023092400100194,2023년 9월 24일 12시,일요일,경상남도 진주시 초전동,경상사고,0,0,1,0,차대사람 - 횡단중,신호위반,건조,맑음,교차로 - 교차로횡단보도내,승용,남,61세,상해없음,보행자,남,13세,경상
2023092400100195,2023년 9월 24일 12시,일요일,경상남도 통영시 광도면,경상사고,0,0,2,0,차대차 - 측면충돌,신호위반,건조,맑음,단일로 - 기타,승용,남,74세,상해없음,승용,여,43세,경상
2023092400100196,2023년 9월 24일 12시,일요일,경상남도 거창군 거창읍,경상사고,0,0,1,0,차대차 - 측면충돌,신호위반,건조,맑음,교차로 - 교차로안,승용,남,40세,상해없음,승용,남,33세,경상
2023092400100226,2023년 9월 24일 13시,일요일,경상남도 밀양시 산외면,중상사고,0,1,0,0,차대사람 - 횡단중,안전운전불이행,건조,맑음,주차장 - 주차장,승용,남,85세,상해없음,보행자,남,64세,중상
2023092400100227,2023년 9월 24일 13시,일요일,경상남도 합천군 합천읍,경상사고,0,0,1,0,차대차 - 추돌,안전운전불이행,건조,맑음,교차로 - 교차로부근,승용,여,24세,상해없음,승용,여,65세,경상
2023092400100268,2023년 9월 24일 14시,일요일,경상남도 합천군 야로면,경상사고,0,0,1,0,차량단독 - 공작물충돌,안전운전불이행,건조,맑음,교차로 - 교차로부근,이륜,남,81세,경상,,,,
2023092400100269,2023년 9월 24일 14시,일요일,경상남도 창원시 의창구 팔용동,중상사고,0,1,1,0,차대차 - 추돌,안전운전불이행,건조,맑음,교차로 - 교차로부근,승용,남,37세,상해없음,승용,남,19세,상해없음
2023092400100294,2023년 9월 24일 15시,일요일,경상남도 사천시 정동면,경상사고,0,0,2,0,차대차 - 기타,안전운전불이행,건조,맑음,단일로 - 터널,이륜,여,60세,경상,이륜,남,81세,경상
2023092400100320,2023년 9월 24일 16시,일요일,경상남도 함양군 서하면,경상사고,0,0,1,0,차량단독 - 공작물충돌,안전운전불이행,건조,맑음,단일로 - 기타,화물,남,71세,경상,,,,
2023092400100322,2023년 9월 24일 16시,일요일,경상남도 남해군 이동면,중상사고,0,1,0,0,차대사람 - 길가장자리구역통행중,안전운전불이행,건조,맑음,단일로 - 기타,승용,여,53세,상해없음,보행자,여,82세,중상
2023092400100348,2023년 9월 24일 17시,일요일,경상남도 산청군 오부면,경상사고,0,0,1,0,차대차 - 추돌,안전거리미확보,건조,맑음,단일로 - 기타,화물,남,70세,상해없음,승용,남,61세,경상
2023092400100349,2023년 9월 24일 17시,일요일,경상남도 진주시 진성면,사망사고,1,1,1,0,차대차 - 정면충돌,중앙선침범,건조,맑음,단일로 - 기타,화물,남,80세,사망,승용,남,57세,중상
2023092400100374,2023년 9월 24일 18시,일요일,경상남도 진주시 정촌면,경상사고,0,0,3,0,차대차 - 측면충돌,신호위반,건조,맑음,교차로 - 교차로안,승용,남,64세,상해없음,승용,남,43세,경상
2023092400100375,2023년 9월 24일 18시,일요일,경상남도 진주시 정촌면,경상사고,0,0,1,0,차대사람 - 길가장자리구역통행중,안전운전불이행,건조,맑음,단일로 - 기타,승용,여,55세,상해없음,보행자,남,62세,경상
2023092400100376,2023년 9월 24일 18시,일요일,경상남도 창원시 성산구 성주동,중상사고,0,1,1,0,차대차 - 측면충돌,신호위반,건조,맑음,교차로 - 교차로안,승용,남,37세,상해없음,승용,여,27세,경상
2023092400100405,2023년 9월 24일 19시,일요일,경상남도 김해시 진영읍,중상사고,0,1,0,0,차대차 - 추돌,안전운전불이행,건조,맑음,단일로 - 기타,승용,남,50세,상해없음,승용,남,55세,상해없음
2023092400100455,2023년 9월 24일 21시,일요일,경상남도 양산시 북부동,중상사고,0,2,0,0,차대차 - 측면충돌,중앙선침범,건조,맑음,단일로 - 기타,승용,남,75세,상해없음,이륜,여,28세,중상
2023092500100045,2023년 9월 25일 06시,월요일,경상남도 창원시 마산회원구 합성동,경상사고,0,0,1,0,차대사람 - 횡단중,보행자보호의무위반,건조,맑음,교차로 - 교차로횡단보도내,승용,남,63세,기타불명,보행자,남,43세,경상
2023092500100064,2023년 9월 25일 07시,월요일,경상남도 김해시 삼방동,경상사고,0,0,2,0,차대차 - 측면충돌,안전운전불이행,건조,맑음,단일로 - 기타,승용,여,35세,상해없음,승용,남,75세,경상
2023092500100105,2023년 9월 25일 08시,월요일,경상남도 창원시 진해구 경화동,경상사고,0,0,1,0,차대차 - 측면충돌,안전운전불이행,건조,맑음,단일로 - 기타,승용,남,48세,상해없음,승용,여,27세,경상
2023092500100106,2023년 9월 25일 08시,월요일,경상남도 하동군 북천면,경상사고,0,0,1,0,차대차 - 추돌,안전거리미확보,건조,맑음,단일로 - 기타,화물,남,46세,상해없음,승용,남,73세,경상
2023092500100160,2023년 9월 25일 09시,월요일,경상남도 창원시 진해구 충무동,경상사고,0,0,1,0,차대차 - 측면충돌,차로위반,건조,맑음,교차로 - 교차로부근,승용,남,61세,상해없음,승합,남,44세,경상
2023092500100194,2023년 9월 25일 10시,월요일,경상남도 진주시 평거동,중상사고,0,1,0,0,차대차 - 추돌,안전운전불이행,건조,맑음,단일로 - 기타,승용,남,41세,상해없음,승용,여,45세,중상
2023092500100195,2023년 9월 25일 10시,월요일,경상남도 사천시 사등동,중상사고,0,1,0,0,차대차 - 추돌,안전운전불이행,건조,맑음,단일로 - 지하차도(도로)내,승용,여,21세,상해없음,승용,여,60세,중상
2023092500100196,2023년 9월 25일 10시,월요일,경상남도 김해시 삼계동,중상사고,0,1,1,0,차대차 - 측면충돌,안전운전불이행,건조,맑음,교차로 - 교차로안,승용,남,27세,중상,화물,남,48세,경상
2023092500100238,2023년 9월 25일 11시,월요일,경상남도 양산시 어곡동,경상사고,0,0,1,0,차대차 - 측면충돌,신호위반,건조,맑음,교차로 - 교차로안,승용,남,67세,상해없음,건설기계,남,62세,상해없음
2023092500100239,2023년 9월 25일 11시,월요일,경상남도 양산시 신기동,경상사고,0,0,1,0,차대차 - 추돌,안전운전불이행,건조,맑음,단일로 - 기타,화물,남,60세,상해없음,화물,남,39세,상해없음
2023092500100240,2023년 9월 25일 11시,월요일,경상남도 거제시 고현동,중상사고,0,3,0,0,차대차 - 측면충돌,직진우회전진행방해,건조,맑음,교차로 - 교차로안,승용,여,40세,상해없음,승합,남,64세,중상
2023092500100241,2023년 9월 25일 11시,월요일,경상남도 산청군 생비량면,중상사고,0,1,1,0,차량단독 - 공작물충돌,안전운전불이행,건조,흐림,단일로 - 기타,승용,남,77세,경상,,,,
2023092500100242,2023년 9월 25일 11시,월요일,경상남도 함안군 가야읍,경상사고,0,0,1,0,차대사람 - 횡단중,안전운전불이행,젖음/습기,비,교차로 - 교차로횡단보도내,화물,남,74세,상해없음,보행자,여,83세,경상
2023092500100279,2023년 9월 25일 12시,월요일,경상남도 진주시 대안동,중상사고,0,1,0,0,차량단독 - 기타,안전운전불이행,건조,맑음,기타 - 기타,승합,남,60세,상해없음,,,,
2023092500100280,2023년 9월 25일 12시,월요일,경상남도 창원시 진해구 장천동,경상사고,0,0,1,0,차대차 - 측면충돌,안전운전불이행,건조,맑음,교차로 - 교차로안,승용,여,49세,상해없음,승용,여,46세,경상
2023092500100281,2023년 9월 25일 12시,월요일,경상남도 사천시 벌리동,경상사고,0,0,1,0,차대차 - 측면충돌,안전운전불이행,건조,맑음,기타 - 기타,승용,여,52세,상해없음,승용,여,67세,경상
2023092500100324,2023년 9월 25일 13시,월요일,경상남도 사천시 정동면,경상사고,0,0,1,0,차대차 - 측면충돌,안전운전불이행,건조,맑음,교차로 - 교차로부근,승용,여,40세,상해없음,자전거,여,68세,경상
2023092500100325,2023년 9월 25일 13시,월요일,경상남도 양산시 물금읍,경상사고,0,0,1,0,차대사람 - 차도통행중,안전운전불이행,건조,맑음,단일로 - 기타,승용,남,24세,상해없음,보행자,여,48세,경상
2023092500100326,2023년 9월 25일 13시,월요일,경상남도 양산시 동면,중상사고,0,1,0,0,차대차 - 추돌,안전운전불이행,건조,맑음,단일로 - 기타,승용,여,37세,상해없음,이륜,남,40세,중상
2023092500100327,2023년 9월 25일 13시,월요일,경상남도 창원시 성산구 상남동,경상사고,0,0,1,0,차량단독 - 기타,안전운전불이행,건조,맑음,단일로 - 기타,승합,남,49세,상해없음,,,,
2023092500100363,2023년 9월 25일 14시,월요일,경상남도 통영시 광도면,중상사고,0,1,0,0,차대사람 - 횡단중,보행자보호의무위반,건조,맑음,단일로 - 기타,승용,남,68세,상해없음,보행자,여,11세,중상
2023092500100364,2023년 9월 25일 14시,월요일,경상남도 통영시 북신동,경상사고,0,0,1,0,차대차 - 기타,안전운전불이행,건조,맑음,단일로 - 기타,승용,여,61세,상해없음,승용,여,26세,경상
2023092500100365,2023년 9월 25일 14시,월요일,경상남도 창원시 의창구 동읍,경상사고,0,0,1,0,차대차 - 측면충돌,안전운전불이행,건조,맑음,단일로 - 기타,화물,남,79세,상해없음,승용,남,68세,경상
2023092500100415,2023년 9월 25일 15시,월요일,경상남도 양산시 유산동,경상사고,0,0,2,0,차대차 - 측면충돌,안전거리미확보,건조,맑음,교차로 - 교차로안,승용,여,43세,경상,화물,남,43세,경상
2023092500100417,2023년 9월 25일 15시,월요일,경상남도 창원시 의창구 동정동,중상사고,0,1,0,0,차대차 - 측면충돌,안전운전불이행,건조,맑음,단일로 - 기타,승합,남,42세,상해없음,승용,여,61세,중상
2023092500100418,2023년 9월 25일 15시,월요일,경상남도 창원시 의창구 북면,중상사고,0,1,0,0,차대차 - 기타,안전운전불이행,건조,맑음,단일로 - 기타,승용,남,66세,상해없음,자전거,남,54세,중상
2023092500100454,2023년 9월 25일 16시,월요일,경상남도 거창군 거창읍,중상사고,0,1,0,0,차대차 - 측면충돌,직진우회전진행방해,건조,맑음,교차로 - 교차로안,승용,남,61세,상해없음,승용,여,26세,중상
2023092500100486,2023년 9월 25일 17시,월요일,경상남도 거창군 거창읍,경상사고,0,0,3,0,차대차 - 추돌,안전운전불이행,건조,맑음,단일로 - 기타,승용,남,38세,상해없음,화물,남,23세,경상
2023092500100487,2023년 9월 25일 17시,월요일,경상남도 창원시 성산구 남양동,중상사고,0,1,0,0,차대사람 - 횡단중,보행자보호의무위반,건조,맑음,교차로 - 교차로횡단보도내,승용,남,76세,상해없음,보행자,남,62세,중상
2023092500100532,2023년 9월 25일 18시,월요일,경상남도 양산시 중부동,중상사고,0,1,0,0,차대사람 - 횡단중,보행자보호의무위반,건조,흐림,단일로 - 기타,이륜,남,17세,상해없음,보행자,여,59세,중상
2023092500100533,2023년 9월 25일 18시,월요일,경상남도 거제시 고현동,경상사고,0,0,1,0,차대사람 - 기타,안전운전불이행,건조,맑음,단일로 - 기타,승용,남,48세,상해없음,보행자,남,61세,경상
2023092500100534,2023년 9월 25일 18시,월요일,경상남도 김해시 관동동,경상사고,0,0,1,0,차대사람 - 기타,안전운전불이행,건조,맑음,단일로 - 기타,승용,여,33세,상해없음,보행자,남,11세,경상
2023092500100582,2023년 9월 25일 19시,월요일,경상남도 진주시 망경동,중상사고,0,1,0,0,차대사람 - 횡단중,신호위반,건조,맑음,교차로 - 교차로안,승용,여,67세,상해없음,보행자,여,20세,중상
2023092500100583,2023년 9월 25일 19시,월요일,경상남도 양산시 북부동,경상사고,0,0,1,0,차대사람 - 차도통행중,안전운전불이행,건조,맑음,단일로 - 기타,승용,남,57세,상해없음,보행자,남,18세,경상
2023092500100584,2023년 9월 25일 19시,월요일,경상남도 거제시 연초면,부상신고사고,0,0,0,1,차대차 - 측면충돌,안전운전불이행,건조,맑음,교차로 - 교차로부근,승용,남,62세,상해없음,자전거,남,7세,부상신고
2023092500100585,2023년 9월 25일 19시,월요일,경상남도 창원시 성산구 상남동,부상신고사고,0,0,0,1,차대사람 - 기타,안전운전불이행,건조,맑음,단일로 - 기타,승용,남,72세,상해없음,보행자,남,28세,부상신고
2023092500100656,2023년 9월 25일 21시,월요일,경상남도 양산시 북정동,경상사고,0,0,1,0,차대사람 - 횡단중,신호위반,건조,맑음,교차로 - 교차로부근,승용,남,66세,상해없음,보행자,남,32세,경상
2023092500100688,2023년 9월 25일 22시,월요일,경상남도 통영시 광도면,경상사고,0,0,1,0,차대차 - 측면충돌,안전운전불이행,건조,맑음,교차로 - 교차로부근,승용,여,40세,상해없음,승용,남,39세,경상
2023092600100089,2023년 9월 26일 07시,화요일,경상남도 진주시 대곡면,사망사고,1,0,0,0,차량단독 - 기타,안전운전불이행,건조,흐림,단일로 - 기타,이륜,남,32세,사망,,,,
2023092600100090,2023년 9월 26일 07시,화요일,경상남도 거제시 고현동,중상사고,0,1,0,0,차대차 - 추돌,안전운전불이행,건조,맑음,교차로 - 교차로부근,승용,남,63세,기타불명,이륜,남,55세,중상
2023092600100136,2023년 9월 26일 08시,화요일,경상남도 진주시 장대동,경상사고,0,0,1,0,차대차 - 측면충돌,교차로운행방법위반,건조,맑음,교차로 - 교차로안,화물,남,53세,상해없음,자전거,여,49세,경상
2023092600100137,2023년 9월 26일 08시,화요일,경상남도 창원시 진해구 용원동,중상사고,0,1,0,0,차대차 - 추돌,안전운전불이행,건조,맑음,교차로 - 교차로안,승용,남,63세,상해없음,승용,남,43세,중상
2023092600100138,2023년 9월 26일 08시,화요일,경상남도 사천시 용강동,중상사고,0,1,3,0,차대차 - 측면충돌,신호위반,건조,맑음,단일로 - 지하차도(도로)내,승용,여,36세,상해없음,승용,여,45세,경상
2023092600100185,2023년 9월 26일 09시,화요일,경상남도 사천시 봉남동,중상사고,0,1,0,0,차대사람 - 길가장자리구역통행중,안전운전불이행,건조,맑음,단일로 - 기타,승용,남,62세,상해없음,보행자,여,78세,중상
2023092600100186,2023년 9월 26일 09시,화요일,경상남도 창원시 성산구 신월동,중상사고,0,1,0,0,차대차 - 추돌,안전운전불이행,건조,맑음,교차로 - 교차로부근,승용,남,22세,기타불명,화물,남,49세,중상
2023092600100244,2023년 9월 26일 11시,화요일,경상남도 통영시 광도면,중상사고,0,1,0,0,차량단독 - 기타,안전운전불이행,건조,맑음,단일로 - 기타,자전거,남,75세,중상,,,,
2023092600100245,2023년 9월 26일 11시,화요일,경상남도 김해시 봉황동,경상사고,0,0,1,0,차대차 - 기타,중앙선침범,건조,맑음,교차로 - 교차로안,자전거,남,77세,경상,화물,남,59세,상해없음
2023092600100246,2023년 9월 26일 11시,화요일,경상남도 남해군 남해읍,경상사고,0,0,1,0,차대사람 - 길가장자리구역통행중,안전운전불이행,건조,맑음,단일로 - 기타,승용,여,21세,상해없음,보행자,남,62세,경상
2023092600100247,2023년 9월 26일 11시,화요일,경상남도 창원시 의창구 소답동,경상사고,0,0,1,0,차대차 - 추돌,안전운전불이행,젖음/습기,비,단일로 - 기타,승용,남,56세,상해없음,승용,여,60세,경상
2023092600100285,2023년 9월 26일 12시,화요일,경상남도 창원시 의창구 명서동,경상사고,0,0,1,0,차대차 - 측면충돌,안전운전불이행,건조,맑음,교차로 - 교차로부근,화물,남,41세,상해없음,승용,여,51세,경상
2023092600100313,2023년 9월 26일 13시,화요일,경상남도 창원시 진해구 풍호동,경상사고,0,0,1,0,차대차 - 기타,안전운전불이행,젖음/습기,비,단일로 - 고가도로위,건설기계,남,63세,상해없음,승용,남,63세,경상
2023092600100314,2023년 9월 26일 13시,화요일,경상남도 창원시 진해구 자은동,경상사고,0,0,4,0,차대차 - 측면충돌,기타,건조,맑음,교차로 - 교차로부근,승용,여,68세,경상,승용,여,32세,경상
2023092600100315,2023년 9월 26일 13시,화요일,경상남도 밀양시 삼문동,경상사고,0,0,1,0,차대차 - 측면충돌,안전운전불이행,건조,맑음,단일로 - 기타,승용,남,53세,상해없음,승용,남,65세,경상
2023092600100316,2023년 9월 26일 13시,화요일,경상남도 산청군 시천면,중상사고,0,1,0,0,차량단독 - 전도전복 - 전도,안전운전불이행,젖음/습기,비,단일로 - 기타,이륜,남,43세,중상,,,,
2023092600100351,2023년 9월 26일 14시,화요일,경상남도 김해시 외동,중상사고,0,1,0,0,차대차 - 측면충돌,신호위반,건조,맑음,교차로 - 교차로안,이륜,남,61세,상해없음,이륜,남,65세,중상
2023092600100352,2023년 9월 26일 14시,화요일,경상남도 양산시 동면,경상사고,0,0,1,0,차대차 - 측면충돌,신호위반,건조,맑음,교차로 - 교차로안,승용,여,44세,상해없음,승용,남,74세,경상
2023092600100353,2023년 9월 26일 14시,화요일,경상남도 거제시 상동동,경상사고,0,0,1,0,차대차 - 기타,신호위반,젖음/습기,흐림,교차로 - 교차로안,건설기계,남,56세,상해없음,승용,여,46세,경상
2023092600100354,2023년 9월 26일 14시,화요일,경상남도 창원시 성산구 사파동,경상사고,0,0,1,0,차대차 - 추돌,안전운전불이행,건조,맑음,단일로 - 기타,승용,남,35세,기타불명,승용,남,26세,경상
2023092600100355,2023년 9월 26일 14시,화요일,경상남도 창원시 의창구 명서동,경상사고,0,0,2,0,차대차 - 측면충돌,신호위반,건조,맑음,교차로 - 교차로안,승용,여,53세,상해없음,승용,남,47세,경상
2023092600100397,2023년 9월 26일 15시,화요일,경상남도 합천군 합천읍,사망사고,1,0,0,0,차량단독 - 도로외이탈 - 추락,안전운전불이행,건조,흐림,단일로 - 기타,승용,남,64세,사망,,,,
2023092600100398,2023년 9월 26일 15시,화요일,경상남도 창원시 의창구 봉곡동,중상사고,0,1,0,0,차대사람 - 기타,안전운전불이행,건조,맑음,단일로 - 기타,승용,여,57세,상해없음,보행자,여,76세,중상
2023092600100440,2023년 9월 26일 16시,화요일,경상남도 통영시 문화동,경상사고,0,0,2,0,차대차 - 추돌,안전운전불이행,건조,맑음,교차로 - 교차로부근,이륜,남,18세,상해없음,승용,남,46세,경상
2023092600100441,2023년 9월 26일 16시,화요일,경상남도 통영시 용남면,경상사고,0,0,3,0,차대차 - 측면충돌,직진우회전진행방해,건조,맑음,교차로 - 교차로안,승용,남,68세,상해없음,승용,여,62세,경상
2023092600100443,2023년 9월 26일 16시,화요일,경상남도 김해시 서상동,경상사고,0,0,1,0,차대사람 - 기타,기타,건조,맑음,단일로 - 기타,자전거,여,57세,상해없음,보행자,남,53세,경상
2023092600100500,2023년 9월 26일 17시,화요일,경상남도 진주시 신안동,경상사고,0,0,1,0,차대사람 - 차도통행중,안전운전불이행,건조,맑음,단일로 - 기타,기타불명,기타불명,미분류,기타불명,보행자,여,75세,경상
2023092600100501,2023년 9월 26일 17시,화요일,경상남도 사천시 사천읍,경상사고,0,0,1,0,차대차 - 측면충돌,교차로운행방법위반,건조,맑음,교차로 - 교차로안,이륜,남,75세,경상,승합,여,55세,상해없음
2023092600100549,2023년 9월 26일 18시,화요일,경상남도 김해시 삼계동,경상사고,0,0,1,0,차대차 - 기타,교차로운행방법위반,건조,맑음,교차로 - 교차로안,승용,여,24세,상해없음,이륜,남,43세,경상
2023092600100550,2023년 9월 26일 18시,화요일,경상남도 거창군 거창읍,중상사고,0,1,0,0,차대차 - 기타,기타,젖음/습기,비,단일로 - 기타,승용,남,66세,상해없음,이륜,남,41세,중상
2023092600100551,2023년 9월 26일 18시,화요일,경상남도 거제시 고현동,중상사고,0,1,0,0,차대차 - 기타,안전운전불이행,건조,맑음,교차로 - 교차로부근,승용,남,50세,상해없음,이륜,여,53세,중상
2023092600100601,2023년 9월 26일 19시,화요일,경상남도 합천군 합천읍,경상사고,0,0,1,0,차대차 - 측면충돌,교차로운행방법위반,건조,맑음,교차로 - 교차로안,승용,남,59세,상해없음,이륜,남,70세,경상
2023092600100602,2023년 9월 26일 19시,화요일,경상남도 창원시 의창구 팔용동,경상사고,0,0,1,0,차대차 - 측면충돌,직진우회전진행방해,건조,맑음,교차로 - 교차로안,승용,여,23세,상해없음,승용,여,33세,경상
2023092600100639,2023년 9월 26일 20시,화요일,경상남도 김해시 부곡동,경상사고,0,0,1,0,차대차 - 추돌,안전거리미확보,건조,맑음,교차로 - 교차로부근,화물,남,47세,상해없음,승용,남,56세,경상
2023092600100669,2023년 9월 26일 21시,화요일,경상남도 김해시 어방동,경상사고,0,0,1,0,차대사람 - 차도통행중,교차로운행방법위반,건조,맑음,교차로 - 교차로안,승용,남,50세,상해없음,보행자,남,71세,경상
2023092700100100,2023년 9월 27일 07시,수요일,경상남도 창원시 마산합포구 월영동,경상사고,0,0,1,0,차대사람 - 횡단중,보행자보호의무위반,건조,맑음,교차로 - 교차로횡단보도내,화물,남,73세,상해없음,보행자,여,61세,경상
2023092700100101,2023년 9월 27일 07시,수요일,경상남도 거제시 연초면,중상사고,0,1,0,0,차대차 - 정면충돌,신호위반,건조,맑음,단일로 - 기타,승용,남,63세,상해없음,이륜,남,41세,중상
2023092700100149,2023년 9월 27일 08시,수요일,경상남도 진주시 호탄동,경상사고,0,0,1,0,차대차 - 추돌,안전운전불이행,건조,맑음,단일로 - 기타,승합,남,73세,상해없음,승용,여,71세,경상
2023092700100150,2023년 9월 27일 08시,수요일,경상남도 거제시 고현동,중상사고,0,1,0,0,차대사람 - 기타,기타,건조,맑음,교차로 - 교차로부근,승합,남,64세,상해없음,보행자,여,72세,중상
2023092700100151,2023년 9월 27일 08시,수요일,경상남도 김해시 전하동,경상사고,0,0,3,0,차대차 - 측면충돌,안전운전불이행,건조,맑음,교차로 - 교차로안,승용,여,71세,상해없음,승합,남,68세,경상
2023092700100194,2023년 9월 27일 09시,수요일,경상남도 창원시 진해구 안골동,경상사고,0,0,1,0,차대차 - 측면충돌,안전운전불이행,건조,맑음,교차로 - 교차로안,특수,남,54세,상해없음,특수,남,31세,경상
2023092700100195,2023년 9월 27일 09시,수요일,경상남도 통영시 중앙동,중상사고,0,1,0,0,차대사람 - 차도통행중,안전운전불이행,건조,맑음,기타 - 기타,승용,여,38세,상해없음,보행자,여,76세,중상