사고번호,사고일시,요일,시군구,사고내용,사망자수,중상자수,경상자수,부상신고자수,사고유형,법규위반,노면상태,기상상태,도로형태,가해운전자 차종,가해운전자 성별,가해운전자 연령,가해운전자 상해정도,피해운전자 차종,피해운전자 성별,피해운전자 연령,피해운전자 상해정도
2023100100100122,2023년 10월 1일 11시,일요일,경상남도 양산시 동면,경상사고,0,0,2,0,차대차 - 측면충돌,안전운전불이행,건조,맑음,단일로 - 기타,화물,남,48세,상해없음,승용,남,37세,경상
2023100100100150,2023년 10월 1일 12시,일요일,경상남도 합천군 대병면,중상사고,0,1,0,0,차량단독 - 도로외이탈 - 추락,안전운전불이행,건조,맑음,단일로 - 기타,화물,남,65세,중상,,,,
2023100100100151,2023년 10월 1일 12시,일요일,경상남도 산청군 단성면,중상사고,0,1,2,0,차대차 - 추돌,차로위반,건조,맑음,단일로 - 기타,승용,남,64세,상해없음,승용,남,62세,경상
2023100100100152,2023년 10월 1일 12시,일요일,경상남도 창원시 마산합포구 산호동,경상사고,0,0,1,0,차대차 - 추돌,안전운전불이행,건조,맑음,단일로 - 기타,승용,남,76세,상해없음,승용,여,23세,경상
2023100100100153,2023년 10월 1일 12시,일요일,경상남도 창원시 의창구 북면,경상사고,0,0,1,4,차대차 - 추돌,안전거리미확보,건조,맑음,단일로 - 기타,승용,남,43세,부상신고,승용,남,35세,상해없음
2023100100100154,2023년 10월 1일 12시,일요일,경상남도 김해시 무계동,경상사고,0,0,1,0,차대차 - 측면충돌,신호위반,건조,맑음,교차로 - 교차로안,승용,남,54세,상해없음,원동기,남,48세,경상
2023100100100165,2023년 10월 1일 13시,일요일,경상남도 양산시 상북면,경상사고,0,0,3,0,차대차 - 추돌,안전거리미확보,건조,맑음,단일로 - 기타,승용,남,25세,상해없음,승용,남,75세,상해없음
2023100100100233,2023년 10월 1일 15시,일요일,경상남도 김해시 대동면,부상신고사고,0,0,0,2,차대차 - 기타,안전거리미확보,건조,맑음,단일로 - 기타,승합,남,71세,상해없음,승용,남,70세,부상신고
2023100100100249,2023년 10월 1일 15시,일요일,경상남도 진주시 대안동,경상사고,0,0,1,0,차대사람 - 차도통행중,안전운전불이행,건조,맑음,단일로 - 기타,개인형이동수단(PM),남,15세,상해없음,보행자,여,51세,경상
2023100100100284,2023년 10월 1일 16시,일요일,경상남도 김해시 내동,중상사고,0,1,0,0,차대사람 - 횡단중,보행자보호의무위반,건조,맑음,단일로 - 기타,승용,남,64세,상해없음,보행자,여,75세,중상
2023100100100285,2023년 10월 1일 16시,일요일,경상남도 함양군 휴천면,중상사고,0,2,1,0,차대차 - 추돌,안전운전불이행,건조,맑음,단일로 - 기타,승용,남,42세,상해없음,승용,남,51세,중상
2023100100100315,2023년 10월 1일 17시,일요일,경상남도 창원시 의창구 팔용동,경상사고,0,0,1,0,차대차 - 추돌,안전운전불이행,건조,맑음,단일로 - 기타,승용,여,56세,상해없음,승용,여,45세,경상
2023100100100316,2023년 10월 1일 17시,일요일,경상남도 김해시 대청동,경상사고,0,0,3,0,차대차 - 측면충돌,안전운전불이행,건조,맑음,교차로 - 교차로부근,승용,남,21세,상해없음,승용,남,34세,경상
2023100100100342,2023년 10월 1일 18시,일요일,경상남도 창원시 마산회원구 양덕동,경상사고,0,0,1,0,차대사람 - 길가장자리구역통행중,안전운전불이행,건조,맑음,단일로 - 기타,승용,남,58세,상해없음,보행자,남,38세,경상
2023100100100343,2023년 10월 1일 18시,일요일,경상남도 창원시 의창구 봉림동,경상사고,0,0,1,0,차대사람 - 횡단중,안전운전불이행,건조,맑음,교차로 - 교차로부근,승용,남,21세,상해없음,보행자,남,69세,경상
2023100100100344,2023년 10월 1일 18시,일요일,경상남도 창원시 의창구 팔용동,경상사고,0,0,1,0,차대차 - 측면충돌,안전운전불이행,건조,맑음,교차로 - 교차로안,이륜,남,57세,상해없음,승용,남,62세,경상
2023100100100374,2023년 10월 1일 19시,일요일,경상남도 진주시 칠암동,부상신고사고,0,0,0,1,차대사람 - 차도통행중,안전운전불이행,건조,맑음,단일로 - 기타,개인형이동수단(PM),남,17세,상해없음,보행자,여,61세,부상신고
2023100100100375,2023년 10월 1일 19시,일요일,경상남도 김해시 어방동,경상사고,0,0,1,0,차대사람 - 차도통행중,안전운전불이행,건조,흐림,단일로 - 기타,승용,여,28세,상해없음,보행자,여,46세,경상
2023100100100400,2023년 10월 1일 20시,일요일,경상남도 진주시 문산읍,중상사고,0,1,0,0,차량단독 - 도로외이탈 - 추락,안전운전불이행,건조,맑음,단일로 - 기타,이륜,남,36세,중상,,,,
2023100100100420,2023년 10월 1일 21시,일요일,경상남도 창원시 진해구 이동,중상사고,0,1,0,0,차대사람 - 횡단중,안전운전불이행,건조,맑음,단일로 - 기타,승용,남,26세,상해없음,보행자,남,46세,중상
2023100100100421,2023년 10월 1일 21시,일요일,경상남도 창원시 의창구 도계동,경상사고,0,0,1,0,차대차 - 추돌,차로위반,건조,맑음,단일로 - 기타,승용,여,32세,상해없음,이륜,남,44세,경상
2023100100100437,2023년 10월 1일 22시,일요일,경상남도 창원시 성산구 사파동,경상사고,0,0,1,0,차대차 - 추돌,안전운전불이행,건조,맑음,교차로 - 교차로부근,승용,남,24세,기타불명,승용,남,30세,경상
2023100100100452,2023년 10월 1일 23시,일요일,경상남도 고성군 하일면,중상사고,0,1,0,0,차대사람 - 길가장자리구역통행중,안전운전불이행,건조,맑음,단일로 - 기타,승용,남,51세,상해없음,보행자,남,50세,중상
2023100200100048,2023년 10월 2일 07시,월요일,경상남도 창원시 마산합포구 월남동1가,사망사고,1,0,0,0,차량단독 - 공작물충돌,안전운전불이행,건조,맑음,교차로 - 교차로부근,승용,남,23세,사망,,,,
2023100200100060,2023년 10월 2일 08시,월요일,경상남도 김해시 주촌면,경상사고,0,0,1,0,차대차 - 정면충돌,안전운전불이행,건조,맑음,단일로 - 기타,승용,여,50세,상해없음,원동기,남,55세,경상
2023100200100149,2023년 10월 2일 12시,월요일,경상남도 김해시 불암동,경상사고,0,0,1,0,차대차 - 측면충돌,중앙선침범,건조,맑음,단일로 - 기타,승용,남,64세,상해없음,화물,남,66세,경상
2023100200100150,2023년 10월 2일 12시,월요일,경상남도 양산시 물금읍,경상사고,0,0,1,0,차대차 - 측면충돌,직진우회전진행방해,건조,맑음,교차로 - 교차로안,승용,남,44세,상해없음,자전거,남,62세,경상
2023100200100192,2023년 10월 2일 13시,월요일,경상남도 양산시 삼호동,경상사고,0,0,1,0,차대차 - 정면충돌,안전운전불이행,건조,맑음,교차로 - 교차로안,승용,여,36세,상해없음,이륜,남,31세,경상
2023100200100193,2023년 10월 2일 13시,월요일,경상남도 남해군 삼동면,경상사고,0,0,2,0,차대차 - 후진중충돌,안전운전불이행,건조,맑음,단일로 - 기타,승용,남,34세,상해없음,승용,남,41세,경상
2023100200100226,2023년 10월 2일 14시,월요일,경상남도 밀양시 하남읍,중상사고,0,1,1,0,차대차 - 측면충돌,안전운전불이행,건조,맑음,교차로 - 교차로안,승용,여,44세,상해없음,승용,남,66세,중상
2023100200100227,2023년 10월 2일 14시,월요일,경상남도 김해시 어방동,중상사고,0,1,9,0,차대차 - 추돌,안전운전불이행,건조,맑음,교차로 - 교차로부근,승용,남,88세,상해없음,승용,남,29세,경상
2023100200100228,2023년 10월 2일 14시,월요일,경상남도 양산시 물금읍,경상사고,0,0,1,0,차대차 - 측면충돌,신호위반,건조,맑음,교차로 - 교차로안,이륜,남,56세,상해없음,승용,남,64세,경상
2023100200100229,2023년 10월 2일 14시,월요일,경상남도 양산시 물금읍,경상사고,0,0,1,0,차대차 - 측면충돌,안전운전불이행,건조,맑음,교차로 - 교차로횡단보도내,승용,남,46세,상해없음,자전거,남,29세,경상
2023100200100230,2023년 10월 2일 14시,월요일,경상남도 양산시 물금읍,중상사고,0,1,0,0,차대차 - 측면충돌,안전거리미확보,건조,맑음,단일로 - 기타,승용,남,49세,상해없음,이륜,남,31세,중상
2023100200100263,2023년 10월 2일 15시,월요일,경상남도 김해시 부원동,경상사고,0,0,2,0,차대차 - 측면충돌,교차로운행방법위반,건조,맑음,교차로 - 교차로안,승용,여,47세,상해없음,승용,남,30세,경상
2023100200100264,2023년 10월 2일 15시,월요일,경상남도 함양군 안의면,부상신고사고,0,0,0,1,차량단독 - 전도전복 - 전도,안전운전불이행,건조,맑음,단일로 - 기타,이륜,남,19세,부상신고,,,,
2023100200100286,2023년 10월 2일 16시,월요일,경상남도 하동군 금남면,경상사고,0,0,1,0,차대차 - 기타,안전운전불이행,건조,맑음,교차로 - 교차로부근,승용,여,72세,상해없음,승용,남,30세,경상
2023100200100317,2023년 10월 2일 17시,월요일,경상남도 창원시 성산구 상남동,경상사고,0,0,1,0,차대차 - 측면충돌,신호위반,건조,맑음,교차로 - 교차로안,승용,남,55세,상해없음,승용,남,29세,경상
2023100200100356,2023년 10월 2일 18시,월요일,경상남도 진주시 가좌동,경상사고,0,0,1,0,차대차 - 측면충돌,안전운전불이행,건조,맑음,교차로 - 교차로횡단보도내,승용,여,38세,기타불명,승용,여,24세,경상
2023100200100357,2023년 10월 2일 18시,월요일,경상남도 김해시 대동면,사망사고,1,0,0,0,차량단독 - 도로외이탈 - 추락,안전운전불이행,건조,맑음,단일로 - 기타,이륜,남,52세,사망,,,,
2023100200100358,2023년 10월 2일 18시,월요일,경상남도 거제시 일운면,중상사고,0,1,0,0,차대차 - 측면충돌,중앙선침범,건조,맑음,교차로 - 교차로부근,승용,남,30세,상해없음,이륜,남,25세,중상
2023100200100386,2023년 10월 2일 19시,월요일,경상남도 양산시 물금읍,부상신고사고,0,0,0,1,차대차 - 측면충돌,안전거리미확보,건조,맑음,교차로 - 교차로안,승용,남,60세,상해없음,이륜,남,31세,부상신고
2023100200100387,2023년 10월 2일 19시,월요일,경상남도 의령군 궁류면,부상신고사고,0,0,0,1,차대차 - 추돌,안전운전불이행,건조,기타,단일로 - 기타,자전거,남,58세,부상신고,승용,남,58세,기타불명
2023100200100414,2023년 10월 2일 20시,월요일,경상남도 창원시 의창구 명서동,중상사고,0,1,0,0,차대사람 - 기타,보행자보호의무위반,건조,맑음,단일로 - 기타,기타불명,기타불명,미분류,기타불명,보행자,남,44세,중상
2023100200100415,2023년 10월 2일 20시,월요일,경상남도 함양군 서상면,경상사고,0,0,3,0,차대차 - 측면충돌,안전운전불이행,건조,맑음,단일로 - 기타,승용,남,52세,상해없음,승용,남,37세,경상
2023100200100447,2023년 10월 2일 21시,월요일,경상남도 합천군 삼가면,경상사고,0,0,1,0,차대차 - 측면충돌,안전운전불이행,건조,맑음,교차로 - 교차로부근,화물,남,76세,상해없음,승용,남,83세,경상
2023100200100466,2023년 10월 2일 22시,월요일,경상남도 거제시 덕포동,사망사고,1,0,0,0,차대사람 - 횡단중,기타,건조,맑음,교차로 - 교차로횡단보도내,승용,남,62세,상해없음,보행자,남,14세,사망
2023100300100006,2023년 10월 3일 00시,화요일,경상남도 진주시 평거동,사망사고,1,0,0,0,차대사람 - 횡단중,기타,건조,맑음,단일로 - 터널,승용,남,54세,상해없음,보행자,남,48세,사망
2023100300100067,2023년 10월 3일 09시,화요일,경상남도 창원시 마산합포구 진북면,경상사고,0,0,1,0,차대차 - 측면충돌,안전운전불이행,건조,맑음,단일로 - 기타,농기계,남,79세,상해없음,화물,남,52세,경상
2023100300100077,2023년 10월 3일 10시,화요일,경상남도 거제시 사등면,중상사고,0,1,1,0,차대차 - 측면충돌,안전운전불이행,건조,맑음,단일로 - 기타,승용,남,28세,상해없음,승용,여,56세,경상
2023100300100112,2023년 10월 3일 12시,화요일,경상남도 창원시 진해구 경화동,중상사고,0,1,0,0,차대차 - 측면충돌,신호위반,젖음/습기,비,교차로 - 교차로안,승용,남,70세,상해없음,이륜,남,84세,중상
2023100300100113,2023년 10월 3일 12시,화요일,경상남도 양산시 동면,중상사고,0,2,0,0,차대사람 - 기타,안전운전불이행,건조,맑음,기타 - 기타,자전거,남,9세,중상,보행자,여,3세,중상
2023100300100114,2023년 10월 3일 12시,화요일,경상남도 창원시 성산구 가음동,경상사고,0,0,1,0,차대차 - 측면충돌,안전운전불이행,건조,맑음,단일로 - 기타,원동기,남,37세,상해없음,승용,여,45세,경상
2023100300100135,2023년 10월 3일 13시,화요일,경상남도 사천시 송포동,경상사고,0,0,4,0,차대차 - 측면충돌,안전거리미확보,건조,맑음,단일로 - 지하차도(도로)내,화물,남,65세,상해없음,승용,남,26세,경상
2023100300100187,2023년 10월 3일 15시,화요일,경상남도 창원시 성산구 상남동,중상사고,0,1,0,0,차대사람 - 횡단중,보행자보호의무위반,젖음/습기,비,교차로 - 교차로횡단보도내,승용,여,69세,상해없음,보행자,남,66세,중상
2023100300100241,2023년 10월 3일 17시,화요일,경상남도 양산시 삼호동,경상사고,0,0,1,0,차대차 - 추돌,안전거리미확보,건조,맑음,교차로 - 교차로부근,화물,남,22세,상해없음,승용,남,54세,경상
2023100300100273,2023년 10월 3일 18시,화요일,경상남도 김해시 구산동,경상사고,0,0,1,0,차대사람 - 횡단중,보행자보호의무위반,건조,맑음,단일로 - 기타,기타불명,기타불명,미분류,기타불명,보행자,남,48세,경상
2023100300100274,2023년 10월 3일 18시,화요일,경상남도 창원시 성산구 대방동,중상사고,0,1,0,0,차대차 - 측면충돌,신호위반,젖음/습기,비,교차로 - 교차로안,승용,여,33세,상해없음,원동기,남,60세,중상
2023100300100288,2023년 10월 3일 19시,화요일,경상남도 창녕군 계성면,사망사고,1,0,0,0,차대차 - 추돌,안전운전불이행,건조,흐림,단일로 - 교량,화물,남,60세,상해없음,농기계,남,63세,사망
2023100300100351,2023년 10월 3일 23시,화요일,경상남도 창원시 진해구 청안동,중상사고,0,1,0,0,차대사람 - 기타,안전운전불이행,건조,맑음,교차로 - 교차로안,승용,남,44세,상해없음,보행자,남,31세,중상
2023100400100011,2023년 10월 4일 01시,수요일,경상남도 남해군 설천면,경상사고,0,0,1,0,차량단독 - 공작물충돌,안전운전불이행,건조,흐림,단일로 - 기타,승용,여,26세,경상,,,,
2023100400100030,2023년 10월 4일 05시,수요일,경상남도 사천시 용강동,중상사고,0,1,0,0,차대차 - 측면충돌,신호위반,건조,맑음,단일로 - 지하차도(도로)내,승용,남,63세,상해없음,승용,여,62세,중상
2023100400100043,2023년 10월 4일 06시,수요일,경상남도 김해시 지내동,경상사고,0,0,1,0,차대사람 - 기타,안전운전불이행,건조,맑음,교차로 - 교차로안,승용,여,61세,상해없음,보행자,여,58세,경상
2023100400100044,2023년 10월 4일 06시,수요일,경상남도 합천군 가야면,부상신고사고,0,0,0,1,차대사람 - 길가장자리구역통행중,안전운전불이행,건조,맑음,단일로 - 기타,승용,여,65세,상해없음,보행자,여,68세,부상신고
2023100400100045,2023년 10월 4일 06시,수요일,경상남도 김해시 한림면,중상사고,0,1,1,0,차대차 - 추돌,안전거리미확보,건조,맑음,단일로 - 터널,승용,여,53세,중상,승용,남,32세,경상
2023100400100096,2023년 10월 4일 08시,수요일,경상남도 진주시 동성동,경상사고,0,0,1,0,차대차 - 기타,직진우회전진행방해,건조,맑음,교차로 - 교차로안,승용,남,32세,상해없음,승용,여,58세,경상
2023100400100097,2023년 10월 4일 08시,수요일,경상남도 양산시 물금읍,경상사고,0,0,1,0,차대사람 - 차도통행중,안전운전불이행,건조,맑음,교차로 - 교차로안,화물,남,61세,상해없음,보행자,여,31세,경상
2023100400100098,2023년 10월 4일 08시,수요일,경상남도 창원시 의창구 소계동,경상사고,0,0,1,0,차대차 - 측면충돌,안전운전불이행,건조,맑음,교차로 - 교차로부근,화물,남,79세,상해없음,승용,남,59세,경상
2023100400100138,2023년 10월 4일 09시,수요일,경상남도 진주시 초전동,중상사고,0,1,2,0,차대차 - 측면충돌,직진우회전진행방해,건조,맑음,교차로 - 교차로안,승용,남,49세,중상,승합,남,28세,경상
2023100400100139,2023년 10월 4일 09시,수요일,경상남도 사천시 서포면,중상사고,0,1,0,0,차대사람 - 차도통행중,안전운전불이행,건조,맑음,교차로 - 교차로부근,승용,남,73세,상해없음,보행자,여,77세,중상
2023100400100167,2023년 10월 4일 10시,수요일,경상남도 김해시 불암동,경상사고,0,0,2,0,차대차 - 정면충돌,중앙선침범,건조,맑음,단일로 - 기타,승용,남,83세,상해없음,화물,남,80세,경상
2023100400100168,2023년 10월 4일 10시,수요일,경상남도 양산시 삼호동,중상사고,0,1,0,0,차대차 - 측면충돌,안전운전불이행,건조,맑음,교차로 - 교차로부근,자전거,남,83세,중상,승용,여,70세,상해없음
2023100400100203,2023년 10월 4일 11시,수요일,경상남도 진주시 하대동,중상사고,0,1,0,0,차대사람 - 횡단중,안전운전불이행,건조,맑음,교차로 - 교차로안,승용,남,59세,상해없음,보행자,남,75세,중상
2023100400100204,2023년 10월 4일 11시,수요일,경상남도 창원시 진해구 용원동,경상사고,0,0,1,0,차대차 - 측면충돌,차로위반,건조,맑음,교차로 - 교차로안,화물,남,69세,상해없음,승용,여,31세,경상
2023100400100205,2023년 10월 4일 11시,수요일,경상남도 양산시 물금읍,경상사고,0,0,2,0,차대차 - 추돌,안전운전불이행,건조,맑음,단일로 - 기타,승용,여,76세,상해없음,승용,여,38세,경상
2023100400100206,2023년 10월 4일 11시,수요일,경상남도 하동군 하동읍,부상신고사고,0,0,0,1,차대차 - 측면충돌,안전운전불이행,건조,맑음,단일로 - 기타,승용,남,67세,상해없음,승용,여,40세,부상신고
2023100400100237,2023년 10월 4일 12시,수요일,경상남도 창원시 성산구 사파동,경상사고,0,0,1,0,차대사람 - 기타,안전운전불이행,건조,맑음,단일로 - 기타,이륜,남,45세,상해없음,보행자,남,59세,경상
2023100400100270,2023년 10월 4일 13시,수요일,경상남도 창원시 진해구 석동,경상사고,0,0,2,0,차대차 - 추돌,안전거리미확보,건조,맑음,단일로 - 기타,승용,여,27세,경상,승용,남,61세,상해없음
2023100400100271,2023년 10월 4일 13시,수요일,경상남도 통영시 당동,중상사고,0,1,0,0,차대사람 - 횡단중,신호위반,건조,맑음,단일로 - 기타,승용,여,71세,상해없음,보행자,여,71세,중상
2023100400100272,2023년 10월 4일 13시,수요일,경상남도 창원시 의창구 명서동,경상사고,0,0,2,0,차대차 - 기타,불법유턴,건조,맑음,단일로 - 기타,승용,남,23세,상해없음,승용,남,39세,경상
2023100400100306,2023년 10월 4일 14시,수요일,경상남도 거제시 능포동,중상사고,0,1,0,0,차대사람 - 보도통행중,기타,건조,맑음,단일로 - 기타,승용,남,63세,상해없음,보행자,여,81세,중상
2023100400100307,2023년 10월 4일 14시,수요일,경상남도 창원시 의창구 봉곡동,경상사고,0,0,1,0,차대차 - 후진중충돌,안전운전불이행,건조,맑음,기타 - 기타,승용,남,61세,상해없음,승용,여,58세,경상
2023100400100334,2023년 10월 4일 15시,수요일,경상남도 창원시 마산합포구 현동,경상사고,0,0,2,0,차대차 - 추돌,안전운전불이행,건조,맑음,단일로 - 기타,화물,남,22세,경상,화물,남,24세,경상
2023100400100335,2023년 10월 4일 15시,수요일,경상남도 거제시 연초면,경상사고,0,0,1,0,차대사람 - 기타,안전운전불이행,건조,맑음,교차로 - 교차로횡단보도내,건설기계,남,51세,상해없음,보행자,여,55세,경상
2023100400100336,2023년 10월 4일 15시,수요일,경상남도 창원시 의창구 동읍,경상사고,0,0,2,0,차대차 - 추돌,안전거리미확보,건조,맑음,단일로 - 고가도로위,화물,남,57세,상해없음,승용,여,38세,경상
2023100400100337,2023년 10월 4일 15시,수요일,경상남도 김해시 한림면,경상사고,0,0,1,0,차대차 - 측면충돌,중앙선침범,건조,맑음,단일로 - 기타,승용,여,64세,상해없음,승용,남,51세,경상
2023100400100381,2023년 10월 4일 16시,수요일,경상남도 창원시 진해구 용원동,경상사고,0,0,1,0,차대차 - 기타,직진우회전진행방해,건조,맑음,교차로 - 교차로안,승용,남,67세,상해없음,승용,남,33세,경상
2023100400100416,2023년 10월 4일 17시,수요일,경상남도 진주시 명석면,경상사고,0,0,1,0,차대차 - 추돌,안전운전불이행,건조,맑음,단일로 - 기타,화물,남,31세,상해없음,화물,남,39세,경상
2023100400100463,2023년 10월 4일 18시,수요일,경상남도 사천시 벌리동,경상사고,0,0,1,0,차대사람 - 횡단중,안전운전불이행,건조,맑음,교차로 - 교차로안,승용,여,54세,상해없음,보행자,여,68세,경상
2023100400100464,2023년 10월 4일 18시,수요일,경상남도 김해시 불암동,경상사고,0,0,1,0,차대차 - 측면충돌,신호위반,건조,맑음,교차로 - 교차로부근,승용,남,64세,상해없음,승용,남,65세,경상
2023100400100465,2023년 10월 4일 18시,수요일,경상남도 합천군 합천읍,경상사고,0,0,1,0,차대사람 - 길가장자리구역통행중,안전운전불이행,건조,맑음,단일로 - 기타,승용,남,78세,상해없음,보행자,남,13세,경상
2023100400100466,2023년 10월 4일 18시,수요일,경상남도 양산시 삼호동,경상사고,0,0,1,0,차대차 - 기타,안전운전불이행,건조,맑음,교차로 - 교차로안,승용,여,26세,상해없음,승용,남,36세,경상
2023100400100511,2023년 10월 4일 19시,수요일,경상남도 창원시 진해구 남양동,경상사고,0,0,1,0,차대차 - 추돌,안전운전불이행,건조,맑음,단일로 - 기타,특수,남,40세,경상,화물,남,65세,기타불명
2023100400100512,2023년 10월 4일 19시,수요일,경상남도 김해시 삼정동,경상사고,0,0,1,0,차대사람 - 기타,안전운전불이행,건조,맑음,교차로 - 교차로안,승용,남,67세,상해없음,보행자,남,77세,경상
2023100400100546,2023년 10월 4일 20시,수요일,경상남도 사천시 사천읍,중상사고,0,1,0,0,차대차 - 추돌,안전운전불이행,건조,기타,교차로 - 교차로부근,승용,남,62세,상해없음,승용,남,31세,중상
2023100400100547,2023년 10월 4일 20시,수요일,경상남도 창원시 의창구 도계동,부상신고사고,0,0,0,1,차대차 - 기타,안전운전불이행,건조,맑음,기타 - 기타,이륜,남,18세,상해없음,개인형이동수단(PM),남,16세,부상신고
2023100400100582,2023년 10월 4일 23시,수요일,경상남도 진주시 주약동,사망사고,1,0,0,0,차대사람 - 횡단중,안전운전불이행,건조,맑음,단일로 - 기타,화물,남,43세,상해없음,보행자,남,24세,사망
2023100500100110,2023년 10월 5일 08시,목요일,경상남도 고성군 고성읍,중상사고,0,1,1,0,차대차 - 측면충돌,신호위반,건조,맑음,교차로 - 교차로안,승용,여,38세,경상,승용,여,57세,중상
2023100500100111,2023년 10월 5일 08시,목요일,경상남도 창원시 마산합포구 산호동,중상사고,0,1,0,0,차대사람 - 차도통행중,안전운전불이행,건조,맑음,교차로 - 교차로안,승용,남,60세,상해없음,보행자,여,61세,중상
2023100500100151,2023년 10월 5일 09시,목요일,경상남도 진주시 상평동,경상사고,0,0,1,0,차대차 - 측면충돌,신호위반,건조,맑음,교차로 - 교차로안,승용,남,73세,상해없음,승용,남,34세,경상
2023100500100218,2023년 10월 5일 11시,목요일,경상남도 양산시 물금읍,중상사고,0,1,0,0,차대차 - 정면충돌,교차로운행방법위반,건조,맑음,교차로 - 교차로안,승용,남,64세,상해없음,자전거,남,50세,중상
2023100500100242,2023년 10월 5일 12시,목요일,경상남도 창원시 진해구 용원동,경상사고,0,0,1,0,차대사람 - 보도통행중,기타,건조,맑음,단일로 - 기타,개인형이동수단(PM),남,47세,상해없음,보행자,여,21세,경상
2023100500100243,2023년 10월 5일 12시,목요일,경상남도 창원시 성산구 중앙동,중상사고,0,1,0,0,차량단독 - 기타,안전운전불이행,건조,맑음,기타 - 기타,승합,남,62세,상해없음,,,,
2023100500100275,2023년 10월 5일 13시,목요일,경상남도 진주시 집현면,경상사고,0,0,1,0,차대차 - 후진중충돌,안전운전불이행,건조,맑음,단일로 - 기타,화물,남,64세,상해없음,승용,여,55세,경상
2023100500100276,2023년 10월 5일 13시,목요일,경상남도 창원시 진해구 용원동,경상사고,0,0,1,0,차대차 - 측면충돌,교차로운행방법위반,건조,맑음,교차로 - 교차로안,특수,남,43세,상해없음,승용,남,34세,경상
2023100500100277,2023년 10월 5일 13시,목요일,경상남도 산청군 산청읍,중상사고,0,1,0,0,차대사람 - 차도통행중,안전운전불이행,건조,맑음,단일로 - 기타,승용,남,62세,상해없음,보행자,여,72세,중상
2023100500100278,2023년 10월 5일 13시,목요일,경상남도 창원시 의창구 봉곡동,경상사고,0,0,1,0,차대사람 - 횡단중,안전운전불이행,건조,맑음,교차로 - 교차로안,이륜,남,58세,상해없음,보행자,여,61세,경상
2023100500100303,2023년 10월 5일 14시,목요일,경상남도 창녕군 남지읍,경상사고,0,0,1,0,차대차 - 기타,안전운전불이행,건조,맑음,단일로 - 기타,승용,남,47세,상해없음,화물,남,39세,상해없음
2023100500100331,2023년 10월 5일 15시,목요일,경상남도 거창군 거창읍,경상사고,0,0,1,0,차대차 - 측면충돌,안전운전불이행,건조,맑음,교차로 - 교차로안,승용,남,76세,상해없음,자전거,남,11세,경상
2023100500100332,2023년 10월 5일 15시,목요일,경상남도 거제시 사등면,경상사고,0,0,1,0,차대차 - 기타,차로위반,건조,맑음,단일로 - 기타,승용,남,78세,상해없음,승합,남,43세,경상
2023100500100369,2023년 10월 5일 16시,목요일,경상남도 사천시 용강동,경상사고,0,0,1,0,차대사람 - 보도통행중,안전운전불이행,건조,맑음,교차로 - 교차로부근,승용,남,29세,상해없음,보행자,남,15세,경상
2023100500100405,2023년 10월 5일 17시,목요일,경상남도 양산시 삼호동,중상사고,0,1,1,0,차대차 - 측면충돌,신호위반,건조,맑음,교차로 - 교차로안,승용,여,60세,중상,승용,남,49세,경상
2023100500100406,2023년 10월 5일 17시,목요일,경상남도 함안군 가야읍,중상사고,0,2,1,0,차대차 - 추돌,안전운전불이행,건조,맑음,단일로 - 기타,승용,남,86세,경상,농기계,남,49세,중상
2023100500100407,2023년 10월 5일 17시,목요일,경상남도 창원시 성산구 남산동,경상사고,0,0,3,0,차대차 - 기타,신호위반,건조,맑음,기타 - 기타,이륜,남,41세,상해없음,승용,남,43세,경상
2023100500100408,2023년 10월 5일 17시,목요일,경상남도 창원시 의창구 팔용동,경상사고,0,0,1,0,차대차 - 추돌,안전운전불이행,건조,맑음,단일로 - 기타,승용,여,52세,상해없음,승용,남,27세,경상
2023100500100409,2023년 10월 5일 17시,목요일,경상남도 김해시 진영읍,경상사고,0,0,1,0,차대차 - 기타,안전운전불이행,건조,맑음,단일로 - 기타,승용,남,50세,상해없음,개인형이동수단(PM),남,14세,경상
2023100500100444,2023년 10월 5일 18시,목요일,경상남도 양산시 중부동,경상사고,0,0,1,0,차대차 - 측면충돌,안전거리미확보,건조,맑음,단일로 - 기타,승용,여,45세,상해없음,승용,남,31세,경상
2023100500100501,2023년 10월 5일 19시,목요일,경상남도 사천시 사천읍,경상사고,0,0,1,0,차대차 - 측면충돌,안전운전불이행,건조,맑음,교차로 - 교차로안,승용,여,38세,상해없음,이륜,남,29세,경상
2023100500100502,2023년 10월 5일 19시,목요일,경상남도 밀양시 상남면,경상사고,0,0,1,0,차대차 - 측면충돌,교차로운행방법위반,건조,맑음,단일로 - 기타,승용,남,29세,상해없음,승용,남,24세,경상
2023100500100503,2023년 10월 5일 19시,목요일,경상남도 양산시 삼호동,부상신고사고,0,0,0,1,차대사람 - 횡단중,안전운전불이행,건조,맑음,단일로 - 기타,승합,남,48세,상해없음,보행자,남,47세,부상신고
2023100500100504,2023년 10월 5일 19시,목요일,경상남도 양산시 삼호동,경상사고,0,0,1,0,차대차 - 측면충돌,신호위반,건조,맑음,교차로 - 교차로안,이륜,남,28세,상해없음,이륜,남,39세,경상
2023100500100525,2023년 10월 5일 20시,목요일,경상남도 창원시 의창구 소계동,중상사고,0,1,0,0,차대차 - 측면충돌,안전거리미확보,건조,맑음,단일로 - 기타,승용,남,60세,상해없음,원동기,남,27세,중상