사고번호,사고일시,요일,시군구,사고내용,사망자수,중상자수,경상자수,부상신고자수,사고유형,법규위반,노면상태,기상상태,도로형태,가해운전자 차종,가해운전자 성별,가해운전자 연령,가해운전자 상해정도,피해운전자 차종,피해운전자 성별,피해운전자 연령,피해운전자 상해정도
2023100500100550,2023년 10월 5일 21시,목요일,경상남도 사천시 용현면,중상사고,0,1,1,0,차대차 - 추돌,안전운전불이행,건조,맑음,교차로 - 교차로부근,승용,여,55세,상해없음,승용,남,69세,중상
2023100500100551,2023년 10월 5일 21시,목요일,경상남도 양산시 물금읍,경상사고,0,0,2,0,차대차 - 추돌,안전운전불이행,건조,맑음,교차로 - 교차로부근,승용,남,55세,상해없음,승용,여,48세,경상
2023100500100578,2023년 10월 5일 23시,목요일,경상남도 거제시 장평동,중상사고,0,1,0,0,차량단독 - 전도전복 - 전도,안전운전불이행,건조,맑음,단일로 - 기타,자전거,남,35세,중상,,,,
2023100600100072,2023년 10월 6일 07시,금요일,경상남도 김해시 어방동,경상사고,0,0,1,0,차대차 - 측면충돌,신호위반,건조,맑음,교차로 - 교차로안,화물,남,66세,상해없음,승용,여,24세,경상
2023100600100073,2023년 10월 6일 07시,금요일,경상남도 창원시 마산회원구 석전동,사망사고,1,0,0,0,차대사람 - 길가장자리구역통행중,안전운전불이행,건조,맑음,단일로 - 기타,승용,여,60세,상해없음,보행자,여,79세,사망
2023100600100108,2023년 10월 6일 08시,금요일,경상남도 창원시 진해구 석동,경상사고,0,0,1,0,차대차 - 측면충돌,교차로운행방법위반,건조,맑음,교차로 - 교차로안,승용,여,43세,상해없음,승용,여,25세,경상
2023100600100109,2023년 10월 6일 08시,금요일,경상남도 김해시 내동,경상사고,0,0,1,0,차대사람 - 기타,안전운전불이행,건조,흐림,단일로 - 기타,화물,남,68세,상해없음,보행자,여,17세,경상
2023100600100110,2023년 10월 6일 08시,금요일,경상남도 양산시 동면,경상사고,0,0,1,0,차대사람 - 횡단중,신호위반,건조,맑음,교차로 - 교차로부근,화물,남,40세,상해없음,보행자,남,11세,경상
2023100600100111,2023년 10월 6일 08시,금요일,경상남도 창원시 의창구 팔용동,경상사고,0,0,1,0,차대차 - 측면충돌,신호위반,건조,맑음,교차로 - 교차로횡단보도내,승용,남,65세,상해없음,자전거,여,26세,경상
2023100600100146,2023년 10월 6일 09시,금요일,경상남도 남해군 남해읍,부상신고사고,0,0,0,1,차량단독 - 전도전복 - 전도,안전운전불이행,건조,맑음,단일로 - 기타,이륜,남,84세,부상신고,,,,
2023100600100147,2023년 10월 6일 09시,금요일,경상남도 창원시 마산회원구 내서읍,경상사고,0,0,1,0,차대사람 - 횡단중,보행자보호의무위반,건조,맑음,교차로 - 교차로안,화물,여,64세,상해없음,보행자,여,18세,경상
2023100600100179,2023년 10월 6일 10시,금요일,경상남도 김해시 삼계동,경상사고,0,0,1,0,차대차 - 측면충돌,안전거리미확보,건조,맑음,단일로 - 기타,승용,남,63세,상해없음,이륜,남,36세,경상
2023100600100209,2023년 10월 6일 11시,금요일,경상남도 창원시 마산합포구 현동,경상사고,0,0,1,0,차대사람 - 기타,안전운전불이행,건조,맑음,교차로 - 교차로부근,승용,남,80세,상해없음,보행자,남,70세,경상
2023100600100210,2023년 10월 6일 11시,금요일,경상남도 거창군 거창읍,중상사고,0,1,0,0,차대사람 - 횡단중,안전운전불이행,건조,맑음,교차로 - 교차로부근,이륜,여,66세,상해없음,보행자,여,70세,중상
2023100600100211,2023년 10월 6일 11시,금요일,경상남도 하동군 진교면,경상사고,0,0,1,0,차대차 - 측면충돌,직진우회전진행방해,건조,맑음,교차로 - 교차로안,화물,남,70세,상해없음,화물,여,56세,경상
2023100600100244,2023년 10월 6일 12시,금요일,경상남도 밀양시 상남면,경상사고,0,0,1,0,차량단독 - 공작물충돌,안전운전불이행,건조,맑음,교차로 - 교차로안,화물,남,70세,경상,,,,
2023100600100245,2023년 10월 6일 12시,금요일,경상남도 밀양시 삼랑진읍,경상사고,0,0,1,0,차대차 - 측면충돌,안전운전불이행,건조,맑음,교차로 - 교차로안,승용,남,68세,상해없음,승용,남,54세,경상
2023100600100277,2023년 10월 6일 13시,금요일,경상남도 창원시 성산구 외동,경상사고,0,0,1,0,차대차 - 추돌,안전운전불이행,건조,맑음,교차로 - 교차로부근,화물,남,45세,상해없음,승용,남,37세,경상
2023100600100311,2023년 10월 6일 14시,금요일,경상남도 양산시 동면,경상사고,0,0,1,0,차대차 - 후진중충돌,안전운전불이행,건조,맑음,단일로 - 기타,화물,남,59세,상해없음,이륜,남,23세,경상
2023100600100313,2023년 10월 6일 14시,금요일,경상남도 함안군 칠원읍,경상사고,0,0,2,0,차대차 - 측면충돌,직진우회전진행방해,건조,맑음,교차로 - 교차로안,승용,여,50세,경상,승용,남,52세,경상
2023100600100314,2023년 10월 6일 14시,금요일,경상남도 창원시 성산구 성산동,경상사고,0,0,1,0,차대차 - 추돌,안전운전불이행,건조,맑음,교차로 - 교차로부근,승용,남,60세,상해없음,화물,남,31세,경상
2023100600100349,2023년 10월 6일 15시,금요일,경상남도 밀양시 삼문동,경상사고,0,0,1,0,차대차 - 측면충돌,교차로운행방법위반,건조,맑음,교차로 - 교차로안,승용,남,72세,상해없음,이륜,남,65세,경상
2023100600100385,2023년 10월 6일 16시,금요일,경상남도 사천시 용현면,경상사고,0,0,2,0,차대차 - 측면충돌,안전거리미확보,건조,맑음,단일로 - 기타,화물,남,60세,경상,승용,여,28세,경상
2023100600100386,2023년 10월 6일 16시,금요일,경상남도 김해시 구산동,경상사고,0,0,2,0,차대차 - 정면충돌,중앙선침범,건조,맑음,단일로 - 기타,승용,여,47세,경상,승용,여,41세,경상
2023100600100387,2023년 10월 6일 16시,금요일,경상남도 창원시 마산회원구 양덕동,경상사고,0,0,1,0,차대차 - 추돌,안전운전불이행,건조,맑음,단일로 - 기타,이륜,남,32세,상해없음,이륜,남,43세,경상
2023100600100423,2023년 10월 6일 17시,금요일,경상남도 사천시 사남면,중상사고,0,1,0,0,차대차 - 기타,안전운전불이행,건조,맑음,교차로 - 교차로안,승용,남,37세,상해없음,자전거,여,45세,중상
2023100600100424,2023년 10월 6일 17시,금요일,경상남도 창원시 성산구 가음동,경상사고,0,0,2,0,차대차 - 추돌,안전운전불이행,건조,맑음,교차로 - 교차로부근,승용,여,66세,상해없음,승용,남,36세,경상
2023100600100472,2023년 10월 6일 18시,금요일,경상남도 밀양시 상남면,중상사고,0,1,1,0,차대차 - 측면충돌,안전운전불이행,건조,맑음,교차로 - 교차로안,승용,남,53세,상해없음,화물,남,67세,중상
2023100600100473,2023년 10월 6일 18시,금요일,경상남도 고성군 동해면,경상사고,0,0,1,0,차량단독 - 도로외이탈 - 기타,안전운전불이행,건조,맑음,단일로 - 기타,농기계,남,82세,경상,,,,
2023100600100474,2023년 10월 6일 18시,금요일,경상남도 김해시 강동,경상사고,0,0,2,0,차대차 - 추돌,안전운전불이행,건조,맑음,단일로 - 기타,화물,남,54세,상해없음,승용,남,38세,경상
2023100600100475,2023년 10월 6일 18시,금요일,경상남도 김해시 진영읍,부상신고사고,0,0,0,1,차대사람 - 횡단중,안전운전불이행,건조,맑음,교차로 - 교차로부근,이륜,남,58세,상해없음,보행자,남,54세,부상신고
2023100600100476,2023년 10월 6일 18시,금요일,경상남도 김해시 장유동,중상사고,0,1,0,0,차대차 - 측면충돌,안전거리미확보,건조,맑음,단일로 - 기타,화물,남,67세,상해없음,승용,남,62세,중상
2023100600100513,2023년 10월 6일 19시,금요일,경상남도 김해시 부곡동,중상사고,0,1,0,0,차대차 - 측면충돌,신호위반,건조,맑음,교차로 - 교차로안,이륜,남,22세,상해없음,승용,여,38세,중상
2023100600100552,2023년 10월 6일 20시,금요일,경상남도 창녕군 대지면,중상사고,0,1,0,0,차대차 - 추돌,안전운전불이행,건조,맑음,단일로 - 기타,승용,남,30세,상해없음,사륜오토바이(ATV),남,33세,중상
2023100600100582,2023년 10월 6일 21시,금요일,경상남도 창원시 마산회원구 합성동,경상사고,0,0,1,0,차대사람 - 횡단중,보행자보호의무위반,건조,맑음,단일로 - 기타,승용,남,48세,상해없음,보행자,남,49세,경상
2023100600100583,2023년 10월 6일 21시,금요일,경상남도 김해시 관동동,경상사고,0,0,1,0,차대사람 - 횡단중,보행자보호의무위반,건조,맑음,교차로 - 교차로안,이륜,남,19세,상해없음,보행자,남,16세,경상
2023100700100027,2023년 10월 7일 02시,토요일,경상남도 양산시 하북면,중상사고,0,2,0,0,차대차 - 기타,안전운전불이행,건조,맑음,단일로 - 기타,화물,남,54세,상해없음,승용,여,53세,중상
2023100700100036,2023년 10월 7일 03시,토요일,경상남도 창원시 마산회원구 양덕동,사망사고,1,0,0,0,차대사람 - 횡단중,안전운전불이행,건조,맑음,교차로 - 교차로횡단보도내,승용,남,19세,상해없음,보행자,여,25세,사망
2023100700100058,2023년 10월 7일 06시,토요일,경상남도 사천시 사천읍,중상사고,0,1,0,0,차대차 - 측면충돌,신호위반,건조,맑음,교차로 - 교차로안,원동기,남,15세,중상,승용,여,70세,상해없음
2023100700100066,2023년 10월 7일 07시,토요일,경상남도 창원시 성산구 신촌동,경상사고,0,0,1,0,차대차 - 추돌,안전운전불이행,건조,맑음,교차로 - 교차로안,건설기계,남,64세,상해없음,승용,남,38세,경상
2023100700100096,2023년 10월 7일 09시,토요일,경상남도 김해시 구산동,중상사고,0,1,0,0,차대사람 - 횡단중,보행자보호의무위반,건조,맑음,교차로 - 교차로횡단보도내,화물,남,61세,상해없음,보행자,남,72세,중상
2023100700100124,2023년 10월 7일 10시,토요일,경상남도 진주시 동성동,경상사고,0,0,1,0,차대차 - 측면충돌,교차로운행방법위반,건조,맑음,단일로 - 기타,승용,남,71세,상해없음,승합,남,55세,경상
2023100700100125,2023년 10월 7일 10시,토요일,경상남도 함양군 서상면,부상신고사고,0,0,0,1,차대차 - 측면충돌,중앙선침범,건조,맑음,단일로 - 기타,승용,여,32세,부상신고,화물,남,75세,상해없음
2023100700100153,2023년 10월 7일 11시,토요일,경상남도 통영시 무전동,경상사고,0,0,1,0,차대사람 - 차도통행중,안전운전불이행,건조,맑음,주차장 - 주차장,승용,남,21세,기타불명,보행자,여,71세,경상
2023100700100154,2023년 10월 7일 11시,토요일,경상남도 사천시 벌리동,부상신고사고,0,0,0,1,차대사람 - 기타,안전운전불이행,건조,맑음,단일로 - 기타,승용,남,62세,상해없음,보행자,여,80세,부상신고
2023100700100155,2023년 10월 7일 11시,토요일,경상남도 하동군 하동읍,경상사고,0,0,1,0,차대사람 - 횡단중,안전운전불이행,건조,맑음,단일로 - 기타,승용,남,55세,상해없음,보행자,남,8세,경상
2023100700100156,2023년 10월 7일 11시,토요일,경상남도 김해시 주촌면,중상사고,0,2,0,1,차대차 - 측면충돌,안전운전불이행,건조,맑음,교차로 - 교차로안,승용,남,49세,부상신고,화물,남,51세,중상
2023100700100227,2023년 10월 7일 13시,토요일,경상남도 김해시 내덕동,경상사고,0,0,1,0,차대차 - 측면충돌,신호위반,건조,맑음,교차로 - 교차로안,승용,여,61세,경상,승용,남,40세,상해없음
2023100700100254,2023년 10월 7일 14시,토요일,경상남도 사천시 향촌동,중상사고,0,1,0,0,차대차 - 추돌,안전운전불이행,건조,맑음,교차로 - 교차로부근,승용,남,44세,상해없음,승용,여,59세,중상
2023100700100255,2023년 10월 7일 14시,토요일,경상남도 산청군 금서면,경상사고,0,0,2,0,차대차 - 측면충돌,교차로운행방법위반,건조,흐림,교차로 - 교차로안,화물,남,64세,상해없음,승용,남,54세,경상
2023100700100296,2023년 10월 7일 15시,토요일,경상남도 창원시 마산합포구 부림동,경상사고,0,0,3,0,차대차 - 측면충돌,안전운전불이행,건조,맑음,단일로 - 기타,승합,남,48세,상해없음,승용,남,71세,경상
2023100700100297,2023년 10월 7일 15시,토요일,경상남도 창녕군 창녕읍,중상사고,0,1,0,0,차대차 - 기타,중앙선침범,건조,맑음,교차로 - 교차로부근,승용,여,62세,상해없음,승용,여,61세,중상
2023100700100298,2023년 10월 7일 15시,토요일,경상남도 창원시 마산회원구 내서읍,중상사고,0,1,0,0,차대사람 - 기타,안전운전불이행,기타,기타,단일로 - 기타,승합,남,51세,기타불명,보행자,여,79세,중상
2023100700100331,2023년 10월 7일 16시,토요일,경상남도 합천군 합천읍,경상사고,0,0,2,1,차대차 - 측면충돌,안전운전불이행,건조,맑음,단일로 - 기타,승용,여,32세,부상신고,승용,남,32세,경상
2023100700100360,2023년 10월 7일 17시,토요일,경상남도 창원시 진해구 용원동,중상사고,0,2,4,0,차대차 - 측면충돌,안전운전불이행,건조,맑음,교차로 - 교차로부근,승용,여,44세,경상,승합,남,47세,경상
2023100700100390,2023년 10월 7일 18시,토요일,경상남도 김해시 진영읍,경상사고,0,0,1,0,차대차 - 추돌,신호위반,건조,맑음,교차로 - 교차로안,원동기,남,35세,경상,승용,남,57세,상해없음
2023100700100463,2023년 10월 7일 20시,토요일,경상남도 통영시 광도면,경상사고,0,0,2,0,차대차 - 기타,안전운전불이행,젖음/습기,비,교차로 - 교차로안,승용,남,42세,상해없음,승용,여,35세,경상
2023100700100464,2023년 10월 7일 20시,토요일,경상남도 거창군 거창읍,중상사고,0,1,0,0,차대차 - 정면충돌,중앙선침범,건조,맑음,단일로 - 기타,이륜,남,22세,상해없음,이륜,남,26세,중상
2023100700100465,2023년 10월 7일 20시,토요일,경상남도 창원시 의창구 도계동,경상사고,0,0,1,0,차대차 - 추돌,안전운전불이행,건조,맑음,교차로 - 교차로부근,승용,남,63세,상해없음,이륜,남,29세,경상
2023100700100466,2023년 10월 7일 20시,토요일,경상남도 창원시 의창구 명서동,중상사고,0,1,0,0,차대차 - 추돌,안전운전불이행,건조,맑음,교차로 - 교차로부근,기타불명,기타불명,미분류,기타불명,승용,남,51세,상해없음
2023100700100467,2023년 10월 7일 20시,토요일,경상남도 김해시 율하동,경상사고,0,0,3,0,차대차 - 후진중충돌,안전운전불이행,젖음/습기,비,기타 - 기타,승용,남,46세,상해없음,승용,기타불명,미분류,기타불명
2023100700100498,2023년 10월 7일 21시,토요일,경상남도 진주시 상평동,중상사고,0,1,0,0,차대차 - 정면충돌,중앙선침범,건조,흐림,단일로 - 기타,이륜,남,38세,중상,승용,남,26세,상해없음
2023100700100510,2023년 10월 7일 22시,토요일,경상남도 창원시 마산합포구 해운동,경상사고,0,0,1,0,차대차 - 측면충돌,교차로운행방법위반,건조,맑음,교차로 - 교차로안,승용,남,43세,상해없음,승용,여,61세,경상
2023100700100511,2023년 10월 7일 22시,토요일,경상남도 사천시 사남면,경상사고,0,0,2,0,차대차 - 측면충돌,신호위반,젖음/습기,비,교차로 - 교차로안,승용,남,62세,경상,승용,여,49세,경상
2023100700100512,2023년 10월 7일 22시,토요일,경상남도 함안군 가야읍,중상사고,0,1,0,0,차대사람 - 횡단중,안전운전불이행,건조,맑음,기타 - 기타,화물,남,61세,상해없음,보행자,남,39세,중상
2023100700100525,2023년 10월 7일 23시,토요일,경상남도 김해시 어방동,경상사고,0,0,1,0,차대차 - 측면충돌,안전운전불이행,젖음/습기,비,기타 - 기타,승용,남,58세,상해없음,이륜,남,33세,경상
2023100700100526,2023년 10월 7일 23시,토요일,경상남도 창원시 의창구 봉곡동,경상사고,0,0,2,0,차대차 - 측면충돌,안전운전불이행,건조,맑음,교차로 - 교차로안,승용,남,52세,상해없음,승용,남,25세,경상
2023100800100006,2023년 10월 8일 00시,일요일,경상남도 창원시 진해구 용원동,경상사고,0,0,2,0,차대차 - 기타,신호위반,건조,맑음,교차로 - 교차로부근,승용,남,47세,상해없음,승용,남,55세,경상
2023100800100017,2023년 10월 8일 02시,일요일,경상남도 김해시 대동면,경상사고,0,0,1,0,차대차 - 기타,안전운전불이행,젖음/습기,비,단일로 - 기타,화물,남,43세,상해없음,승용,남,74세,경상
2023100800100028,2023년 10월 8일 04시,일요일,경상남도 진주시 호탄동,경상사고,0,0,2,0,차대차 - 추돌,안전운전불이행,젖음/습기,흐림,교차로 - 교차로부근,승용,남,25세,상해없음,승용,남,68세,경상
2023100800100029,2023년 10월 8일 04시,일요일,경상남도 김해시 어방동,경상사고,0,0,2,0,차대사람 - 보도통행중,기타,건조,맑음,단일로 - 기타,이륜,남,22세,경상,보행자,남,17세,경상
2023100800100092,2023년 10월 8일 10시,일요일,경상남도 사천시 사남면,경상사고,0,0,4,0,차대차 - 기타,직진우회전진행방해,건조,맑음,교차로 - 교차로안,승용,여,31세,경상,승용,남,35세,경상
2023100800100093,2023년 10월 8일 10시,일요일,경상남도 거창군 거창읍,경상사고,0,0,1,0,차대차 - 측면충돌,안전운전불이행,건조,맑음,단일로 - 기타,자전거,남,11세,경상,승용,여,70세,상해없음
2023100800100094,2023년 10월 8일 10시,일요일,경상남도 양산시 북부동,중상사고,0,1,0,0,차대사람 - 횡단중,신호위반,건조,맑음,교차로 - 교차로횡단보도내,이륜,남,60세,상해없음,보행자,여,49세,중상
2023100800100095,2023년 10월 8일 10시,일요일,경상남도 하동군 진교면,경상사고,0,0,1,0,차대사람 - 기타,안전운전불이행,건조,맑음,주차장 - 주차장,화물,남,60세,상해없음,보행자,여,64세,경상
2023100800100129,2023년 10월 8일 12시,일요일,경상남도 창원시 진해구 제황산동,경상사고,0,0,1,0,차대차 - 추돌,안전운전불이행,건조,맑음,단일로 - 기타,승용,남,71세,상해없음,승용,여,52세,경상
2023100800100149,2023년 10월 8일 13시,일요일,경상남도 거제시 하청면,중상사고,0,1,0,0,차대차 - 측면충돌,중앙선침범,건조,맑음,단일로 - 기타,승용,남,49세,상해없음,승용,남,72세,중상
2023100800100172,2023년 10월 8일 14시,일요일,경상남도 진주시 강남동,경상사고,0,0,1,0,차대사람 - 횡단중,보행자보호의무위반,건조,맑음,교차로 - 교차로횡단보도내,화물,남,62세,상해없음,보행자,여,70세,경상
2023100800100174,2023년 10월 8일 14시,일요일,경상남도 하동군 화개면,중상사고,0,2,0,0,차대차 - 정면충돌,중앙선침범,건조,맑음,단일로 - 기타,승용,남,70세,상해없음,승용,여,52세,중상
2023100800100196,2023년 10월 8일 15시,일요일,경상남도 양산시 상북면,경상사고,0,0,1,0,차대차 - 측면충돌,교차로운행방법위반,건조,맑음,교차로 - 교차로안,승용,여,68세,상해없음,승용,남,48세,경상
2023100800100218,2023년 10월 8일 16시,일요일,경상남도 창녕군 부곡면,경상사고,0,0,2,0,차대차 - 측면충돌,직진우회전진행방해,건조,맑음,교차로 - 교차로부근,승용,여,53세,상해없음,승용,남,75세,경상
2023100800100239,2023년 10월 8일 17시,일요일,경상남도 창녕군 창녕읍,중상사고,0,1,0,0,차대사람 - 차도통행중,교차로운행방법위반,건조,맑음,교차로 - 교차로부근,승용,남,64세,상해없음,보행자,여,71세,중상
2023100800100269,2023년 10월 8일 18시,일요일,경상남도 진주시 봉곡동,중상사고,0,1,1,0,차대차 - 측면충돌,교차로운행방법위반,건조,맑음,교차로 - 교차로안,화물,남,54세,상해없음,승용,남,29세,경상
2023100800100270,2023년 10월 8일 18시,일요일,경상남도 의령군 칠곡면,중상사고,0,1,5,0,차대차 - 추돌,안전운전불이행,건조,맑음,교차로 - 교차로부근,승용,여,60세,상해없음,승용,남,58세,경상
2023100800100314,2023년 10월 8일 20시,일요일,경상남도 진주시 강남동,경상사고,0,0,1,0,차대사람 - 기타,안전운전불이행,건조,맑음,단일로 - 기타,개인형이동수단(PM),남,53세,상해없음,보행자,여,66세,경상
2023100800100315,2023년 10월 8일 20시,일요일,경상남도 진주시 봉곡동,경상사고,0,0,2,0,차대차 - 추돌,안전운전불이행,건조,맑음,단일로 - 기타,승용,남,64세,상해없음,승용,남,28세,경상
2023100800100351,2023년 10월 8일 22시,일요일,경상남도 창원시 마산합포구 월영동,중상사고,0,1,1,0,차대차 - 기타,신호위반,건조,기타,교차로 - 교차로안,승용,여,48세,상해없음,승용,여,25세,경상
2023100900100009,2023년 10월 9일 00시,월요일,경상남도 창원시 마산합포구 신포동2가,경상사고,0,0,2,0,차대차 - 추돌,안전운전불이행,건조,맑음,단일로 - 기타,승용,여,48세,상해없음,승용,여,34세,경상
2023100900100018,2023년 10월 9일 01시,월요일,경상남도 진주시 평거동,경상사고,0,0,2,0,차대차 - 측면충돌,안전운전불이행,건조,맑음,단일로 - 기타,승용,남,50세,기타불명,원동기,남,17세,경상
2023100900100049,2023년 10월 9일 05시,월요일,경상남도 의령군 의령읍,경상사고,0,0,3,0,차대차 - 추돌,안전운전불이행,건조,맑음,교차로 - 교차로부근,승용,남,53세,상해없음,승용,남,68세,경상
2023100900100061,2023년 10월 9일 06시,월요일,경상남도 창원시 마산합포구 월포동,중상사고,0,1,0,0,차대차 - 추돌,안전운전불이행,건조,맑음,교차로 - 교차로부근,승용,남,44세,상해없음,승용,남,74세,중상
2023100900100116,2023년 10월 9일 10시,월요일,경상남도 창원시 진해구 풍호동,중상사고,0,1,0,0,차대사람 - 보도통행중,보행자보호의무위반,건조,맑음,기타 - 기타,승용,여,43세,상해없음,보행자,여,49세,중상
2023100900100139,2023년 10월 9일 11시,월요일,경상남도 김해시 불암동,중상사고,0,1,3,0,차대차 - 측면충돌,신호위반,건조,맑음,교차로 - 교차로안,승용,남,48세,상해없음,승용,남,32세,경상
2023100900100169,2023년 10월 9일 12시,월요일,경상남도 통영시 당동,중상사고,0,1,0,0,차량단독 - 공작물충돌,안전운전불이행,건조,맑음,교차로 - 교차로부근,이륜,남,43세,중상,,,,
2023100900100170,2023년 10월 9일 12시,월요일,경상남도 거제시 동부면,부상신고사고,0,0,0,2,차대차 - 정면충돌,중앙선침범,건조,맑음,단일로 - 기타,승용,여,59세,부상신고,승합,남,53세,부상신고
2023100900100192,2023년 10월 9일 13시,월요일,경상남도 김해시 삼정동,경상사고,0,0,3,0,차대차 - 측면충돌,신호위반,건조,맑음,단일로 - 기타,화물,남,68세,상해없음,승용,남,28세,경상
2023100900100193,2023년 10월 9일 13시,월요일,경상남도 함안군 군북면,경상사고,0,0,1,0,차대차 - 추돌,안전운전불이행,건조,맑음,단일로 - 기타,화물,남,62세,상해없음,승용,남,32세,경상
2023100900100194,2023년 10월 9일 13시,월요일,경상남도 의령군 의령읍,중상사고,0,1,0,0,차대사람 - 기타,안전운전불이행,건조,맑음,단일로 - 기타,승용,남,52세,상해없음,보행자,여,63세,중상
2023100900100195,2023년 10월 9일 13시,월요일,경상남도 김해시 신문동,경상사고,0,0,1,0,차대차 - 측면충돌,안전거리미확보,건조,맑음,단일로 - 기타,승용,여,56세,상해없음,승용,남,37세,경상
2023100900100220,2023년 10월 9일 14시,월요일,경상남도 진주시 초전동,경상사고,0,0,2,0,차대사람 - 횡단중,보행자보호의무위반,건조,맑음,교차로 - 교차로횡단보도내,승용,여,39세,상해없음,보행자,여,43세,경상
2023100900100243,2023년 10월 9일 15시,월요일,경상남도 하동군 화개면,경상사고,0,0,1,0,차대차 - 기타,안전운전불이행,건조,맑음,단일로 - 기타,승용,남,63세,상해없음,화물,남,69세,경상
2023100900100291,2023년 10월 9일 17시,월요일,경상남도 김해시 외동,경상사고,0,0,3,0,차대차 - 측면충돌,신호위반,건조,맑음,교차로 - 교차로안,승용,남,50세,상해없음,승용,여,48세,경상
2023100900100326,2023년 10월 9일 18시,월요일,경상남도 창원시 마산합포구 진동면,경상사고,0,0,2,0,차대차 - 측면충돌,안전운전불이행,건조,맑음,단일로 - 기타,승용,여,38세,상해없음,승용,남,55세,경상
2023100900100327,2023년 10월 9일 18시,월요일,경상남도 김해시 삼계동,중상사고,0,1,0,0,차대사람 - 기타,안전운전불이행,건조,맑음,단일로 - 기타,승합,남,51세,상해없음,보행자,남,12세,중상
2023100900100328,2023년 10월 9일 18시,월요일,경상남도 거창군 거창읍,경상사고,0,0,1,0,차대차 - 측면충돌,안전운전불이행,건조,기타,교차로 - 교차로안,승용,남,54세,상해없음,자전거,남,10세,경상
2023100900100329,2023년 10월 9일 18시,월요일,경상남도 창원시 마산회원구 내서읍,중상사고,0,1,0,0,차대차 - 측면충돌,안전운전불이행,건조,맑음,단일로 - 기타,승용,남,47세,상해없음,이륜,남,29세,중상
2023100900100330,2023년 10월 9일 18시,월요일,경상남도 창원시 의창구 봉곡동,부상신고사고,0,0,0,1,차대사람 - 기타,안전운전불이행,건조,맑음,단일로 - 기타,화물,남,66세,상해없음,보행자,남,68세,부상신고
2023100900100382,2023년 10월 9일 20시,월요일,경상남도 김해시 외동,경상사고,0,0,1,0,차대차 - 기타,안전운전불이행,건조,맑음,교차로 - 교차로안,승용,남,55세,상해없음,승용,남,31세,경상
2023100900100428,2023년 10월 9일 23시,월요일,경상남도 창원시 성산구 사파동,경상사고,0,0,1,0,차대차 - 추돌,안전운전불이행,건조,맑음,교차로 - 교차로부근,이륜,남,33세,상해없음,승용,남,40세,경상
2023101000100009,2023년 10월 10일 02시,화요일,경상남도 진주시 상대동,중상사고,0,1,0,0,차량단독 - 전도전복 - 전도,안전운전불이행,건조,맑음,단일로 - 기타,이륜,남,28세,중상,,,,
2023101000100042,2023년 10월 10일 06시,화요일,경상남도 하동군 하동읍,경상사고,0,0,1,1,차대차 - 측면충돌,안전운전불이행,건조,맑음,기타 - 기타,승용,남,80세,부상신고,승용,남,60세,경상
2023101000100067,2023년 10월 10일 07시,화요일,경상남도 양산시 덕계동,경상사고,0,0,1,0,차대사람 - 횡단중,보행자보호의무위반,건조,맑음,교차로 - 교차로안,승용,여,68세,상해없음,보행자,여,33세,경상
2023101000100112,2023년 10월 10일 08시,화요일,경상남도 거제시 옥포동,경상사고,0,0,1,0,차대차 - 기타,교차로운행방법위반,건조,맑음,단일로 - 기타,승용,남,62세,상해없음,승용,여,41세,경상
2023101000100113,2023년 10월 10일 08시,화요일,경상남도 창원시 마산회원구 내서읍,경상사고,0,0,1,0,차대차 - 측면충돌,안전운전불이행,건조,맑음,단일로 - 기타,승용,여,67세,기타불명,승용,남,28세,경상
2023101000100114,2023년 10월 10일 08시,화요일,경상남도 창원시 의창구 팔용동,중상사고,0,1,2,0,차대차 - 추돌,안전거리미확보,건조,맑음,단일로 - 기타,승용,남,53세,상해없음,승용,남,31세,경상
2023101000100115,2023년 10월 10일 08시,화요일,경상남도 창원시 의창구 동정동,중상사고,0,1,2,0,차대차 - 추돌,안전거리미확보,건조,맑음,단일로 - 기타,화물,남,51세,상해없음,승용,남,37세,중상
2023101000100116,2023년 10월 10일 08시,화요일,경상남도 김해시 전하동,경상사고,0,0,1,0,차대차 - 측면충돌,안전운전불이행,건조,맑음,단일로 - 기타,승용,남,30세,상해없음,자전거,남,68세,경상
2023101000100160,2023년 10월 10일 09시,화요일,경상남도 밀양시 상남면,중상사고,0,1,0,0,차대차 - 측면충돌,안전운전불이행,건조,맑음,단일로 - 기타,승용,남,72세,상해없음,이륜,남,40세,중상
2023101000100161,2023년 10월 10일 09시,화요일,경상남도 김해시 어방동,중상사고,0,1,0,0,차대사람 - 횡단중,보행자보호의무위반,건조,맑음,교차로 - 교차로횡단보도내,승용,남,35세,상해없음,보행자,여,29세,중상
2023101000100162,2023년 10월 10일 09시,화요일,경상남도 거창군 신원면,중상사고,0,1,0,0,차량단독 - 도로외이탈 - 추락,안전운전불이행,건조,맑음,단일로 - 기타,건설기계,남,63세,중상,,,,
2023101000100163,2023년 10월 10일 09시,화요일,경상남도 함안군 칠북면,경상사고,0,0,1,0,차량단독 - 공작물충돌,안전운전불이행,건조,맑음,단일로 - 기타,승용,남,68세,경상,,,,
2023101000100164,2023년 10월 10일 09시,화요일,경상남도 의령군 정곡면,경상사고,0,0,1,0,차대차 - 측면충돌,직진우회전진행방해,건조,맑음,교차로 - 교차로안,승용,여,64세,상해없음,이륜,남,80세,경상