사고번호,사고일시,요일,시군구,사고내용,사망자수,중상자수,경상자수,부상신고자수,사고유형,법규위반,노면상태,기상상태,도로형태,가해운전자 차종,가해운전자 성별,가해운전자 연령,가해운전자 상해정도,피해운전자 차종,피해운전자 성별,피해운전자 연령,피해운전자 상해정도
2023101400100027,2023년 10월 14일 02시,토요일,경상남도 사천시 선구동,중상사고,0,2,1,0,차대차 - 측면충돌,신호위반,건조,맑음,교차로 - 교차로안,승용,여,22세,상해없음,화물,남,77세,중상
2023101400100028,2023년 10월 14일 02시,토요일,경상남도 창원시 성산구 가음정동,중상사고,0,1,0,0,차대차 - 기타,신호위반,건조,맑음,교차로 - 교차로안,승용,여,48세,상해없음,승용,남,63세,중상
2023101400100042,2023년 10월 14일 04시,토요일,경상남도 양산시 물금읍,중상사고,0,1,0,0,차량단독 - 전도전복 - 전도,안전운전불이행,건조,맑음,단일로 - 기타,개인형이동수단(PM),남,51세,중상,,,,
2023101400100054,2023년 10월 14일 05시,토요일,경상남도 양산시 동면,경상사고,0,0,1,0,차대차 - 측면충돌,안전운전불이행,건조,맑음,단일로 - 기타,화물,남,70세,상해없음,화물,남,56세,경상
2023101400100065,2023년 10월 14일 06시,토요일,경상남도 김해시 삼계동,경상사고,0,0,1,0,차대차 - 측면충돌,교차로운행방법위반,건조,맑음,교차로 - 교차로안,승용,남,67세,상해없음,화물,남,68세,경상
2023101400100077,2023년 10월 14일 07시,토요일,경상남도 양산시 동면,경상사고,0,0,1,0,차대차 - 기타,신호위반,건조,맑음,교차로 - 교차로안,승용,여,65세,기타불명,자전거,남,27세,경상
2023101400100091,2023년 10월 14일 08시,토요일,경상남도 창녕군 도천면,사망사고,1,0,0,0,차량단독 - 공작물충돌,안전운전불이행,건조,맑음,교차로 - 교차로안,승용,여,52세,사망,,,,
2023101400100092,2023년 10월 14일 08시,토요일,경상남도 양산시 남부동,부상신고사고,0,0,0,1,차대차 - 후진중충돌,안전운전불이행,건조,맑음,기타 - 기타,승용,남,82세,부상신고,승용,남,65세,기타불명
2023101400100116,2023년 10월 14일 09시,토요일,경상남도 김해시 관동동,경상사고,0,0,1,0,차대차 - 측면충돌,안전거리미확보,건조,맑음,단일로 - 기타,화물,남,69세,상해없음,승용,남,28세,경상
2023101400100146,2023년 10월 14일 10시,토요일,경상남도 창원시 진해구 장천동,중상사고,0,1,0,0,차대사람 - 기타,안전운전불이행,건조,맑음,교차로 - 교차로부근,승용,여,58세,상해없음,보행자,남,18세,중상
2023101400100147,2023년 10월 14일 10시,토요일,경상남도 사천시 동금동,중상사고,0,1,0,0,차대사람 - 기타,기타,건조,맑음,단일로 - 기타,승용,남,70세,상해없음,보행자,여,80세,중상
2023101400100219,2023년 10월 14일 12시,토요일,경상남도 밀양시 상남면,경상사고,0,0,1,0,차대차 - 측면충돌,안전운전불이행,건조,맑음,단일로 - 기타,화물,남,58세,기타불명,개인형이동수단(PM),남,84세,경상
2023101400100290,2023년 10월 14일 14시,토요일,경상남도 진주시 옥봉동,중상사고,0,1,0,0,차대사람 - 횡단중,안전운전불이행,건조,맑음,단일로 - 기타,승용,남,43세,상해없음,보행자,여,82세,중상
2023101400100291,2023년 10월 14일 14시,토요일,경상남도 진주시 가좌동,경상사고,0,0,1,0,차대차 - 정면충돌,중앙선침범,건조,맑음,단일로 - 기타,승용,남,65세,상해없음,이륜,남,27세,경상
2023101400100292,2023년 10월 14일 14시,토요일,경상남도 통영시 무전동,경상사고,0,0,1,0,차대차 - 측면충돌,신호위반,건조,맑음,교차로 - 교차로안,승용,여,71세,기타불명,승용,여,68세,경상
2023101400100325,2023년 10월 14일 15시,토요일,경상남도 양산시 평산동,경상사고,0,0,1,0,차대차 - 측면충돌,안전운전불이행,건조,맑음,단일로 - 기타,승용,남,50세,상해없음,원동기,남,49세,경상
2023101400100363,2023년 10월 14일 16시,토요일,경상남도 창원시 진해구 죽곡동,경상사고,0,0,1,0,차대차 - 측면충돌,안전운전불이행,건조,맑음,단일로 - 기타,승용,남,56세,상해없음,승용,여,67세,경상
2023101400100394,2023년 10월 14일 17시,토요일,경상남도 진주시 호탄동,경상사고,0,0,1,0,차대차 - 측면충돌,차로위반,건조,맑음,단일로 - 기타,승용,남,54세,상해없음,승용,여,58세,경상
2023101400100395,2023년 10월 14일 17시,토요일,경상남도 통영시 용남면,경상사고,0,0,1,0,차대차 - 정면충돌,중앙선침범,건조,맑음,교차로 - 교차로안,승용,남,42세,기타불명,승용,남,40세,경상
2023101400100396,2023년 10월 14일 17시,토요일,경상남도 김해시 외동,경상사고,0,0,3,0,차대차 - 추돌,안전운전불이행,건조,맑음,단일로 - 기타,승용,남,73세,상해없음,승용,남,62세,경상
2023101400100397,2023년 10월 14일 17시,토요일,경상남도 창원시 의창구 도계동,중상사고,0,1,0,0,차대사람 - 길가장자리구역통행중,안전운전불이행,건조,맑음,단일로 - 기타,승용,남,58세,상해없음,보행자,여,65세,중상
2023101400100398,2023년 10월 14일 17시,토요일,경상남도 창원시 의창구 도계동,경상사고,0,0,3,0,차대차 - 기타,신호위반,건조,맑음,단일로 - 기타,이륜,남,31세,기타불명,승용,남,55세,경상
2023101400100399,2023년 10월 14일 17시,토요일,경상남도 창원시 의창구 북면,중상사고,0,1,0,0,차대사람 - 기타,기타,건조,맑음,기타 - 기타,승용,남,43세,상해없음,보행자,남,68세,중상
2023101400100434,2023년 10월 14일 18시,토요일,경상남도 진주시 호탄동,중상사고,0,1,0,0,차대차 - 측면충돌,직진우회전진행방해,건조,맑음,교차로 - 교차로안,승용,남,29세,상해없음,이륜,남,80세,중상
2023101400100435,2023년 10월 14일 18시,토요일,경상남도 통영시 미수동,중상사고,0,1,0,0,차대사람 - 횡단중,신호위반,건조,맑음,교차로 - 교차로부근,승용,남,61세,상해없음,보행자,남,63세,중상
2023101400100470,2023년 10월 14일 19시,토요일,경상남도 밀양시 산내면,경상사고,0,0,1,0,차대차 - 추돌,안전운전불이행,건조,맑음,단일로 - 기타,승용,남,63세,상해없음,화물,여,64세,경상
2023101400100471,2023년 10월 14일 19시,토요일,경상남도 창원시 의창구 북면,경상사고,0,0,1,0,차대차 - 측면충돌,안전운전불이행,건조,맑음,단일로 - 기타,승용,여,61세,상해없음,화물,남,43세,경상
2023101400100506,2023년 10월 14일 20시,토요일,경상남도 고성군 고성읍,중상사고,0,1,0,0,차대사람 - 차도통행중,안전운전불이행,건조,맑음,단일로 - 기타,승용,남,66세,상해없음,보행자,여,49세,중상
2023101400100507,2023년 10월 14일 20시,토요일,경상남도 거제시 상동동,중상사고,0,1,0,0,차대차 - 기타,안전거리미확보,건조,맑음,단일로 - 기타,승용,남,29세,상해없음,이륜,남,48세,중상
2023101400100508,2023년 10월 14일 20시,토요일,경상남도 창원시 성산구 남산동,중상사고,0,1,0,0,차대차 - 정면충돌,신호위반,건조,맑음,교차로 - 교차로안,승용,남,58세,상해없음,승용,남,44세,중상
2023101400100559,2023년 10월 14일 22시,토요일,경상남도 사천시 동금동,중상사고,0,1,0,0,차대차 - 기타,안전운전불이행,건조,맑음,단일로 - 기타,승용,여,62세,상해없음,이륜,남,19세,중상
2023101400100572,2023년 10월 14일 23시,토요일,경상남도 양산시 동면,사망사고,1,0,0,0,차량단독 - 공작물충돌,안전운전불이행,건조,맑음,단일로 - 기타,승용,남,49세,사망,,,,
2023101400100573,2023년 10월 14일 23시,토요일,경상남도 창원시 의창구 중동,중상사고,0,1,0,0,차대사람 - 횡단중,안전운전불이행,건조,맑음,교차로 - 교차로횡단보도내,승용,남,29세,상해없음,보행자,남,26세,중상
2023101500100010,2023년 10월 15일 00시,일요일,경상남도 김해시 어방동,중상사고,0,1,0,0,차량단독 - 전도전복 - 전도,안전운전불이행,건조,맑음,단일로 - 기타,이륜,남,18세,중상,,,,
2023101500100055,2023년 10월 15일 06시,일요일,경상남도 창원시 마산회원구 구암동,경상사고,0,0,1,0,차대차 - 정면충돌,중앙선침범,건조,맑음,단일로 - 기타,화물,남,55세,상해없음,승용,남,75세,경상
2023101500100061,2023년 10월 15일 07시,일요일,경상남도 밀양시 삼랑진읍,경상사고,0,0,2,0,차대차 - 정면충돌,중앙선침범,건조,맑음,단일로 - 지하차도(도로)내,승용,남,56세,상해없음,승용,남,79세,경상
2023101500100074,2023년 10월 15일 08시,일요일,경상남도 밀양시 삼문동,중상사고,0,1,0,0,차대차 - 측면충돌,안전운전불이행,건조,맑음,기타 - 기타,승용,남,61세,상해없음,자전거,남,87세,중상
2023101500100088,2023년 10월 15일 09시,일요일,경상남도 밀양시 삼랑진읍,중상사고,0,1,0,0,차대차 - 추돌,안전운전불이행,건조,맑음,단일로 - 기타,이륜,남,50세,중상,승용,남,53세,상해없음
2023101500100089,2023년 10월 15일 09시,일요일,경상남도 김해시 삼계동,경상사고,0,0,2,0,차대차 - 측면충돌,교차로운행방법위반,건조,맑음,단일로 - 기타,승용,남,46세,상해없음,승용,여,60세,경상
2023101500100090,2023년 10월 15일 09시,일요일,경상남도 거제시 고현동,중상사고,0,1,0,0,차대차 - 측면충돌,신호위반,건조,맑음,교차로 - 교차로안,승용,여,46세,상해없음,이륜,남,61세,중상
2023101500100114,2023년 10월 15일 10시,일요일,경상남도 사천시 실안동,사망사고,1,0,1,0,차대차 - 추돌,안전운전불이행,건조,맑음,교차로 - 교차로부근,화물,남,61세,사망,화물,남,27세,경상
2023101500100115,2023년 10월 15일 10시,일요일,경상남도 사천시 사천읍,경상사고,0,0,4,0,차대차 - 측면충돌,안전운전불이행,건조,맑음,교차로 - 교차로안,승용,남,56세,상해없음,승용,남,39세,경상
2023101500100133,2023년 10월 15일 11시,일요일,경상남도 통영시 미수동,경상사고,0,0,1,0,차대차 - 측면충돌,신호위반,건조,맑음,교차로 - 교차로안,승용,남,44세,상해없음,승용,여,51세,경상
2023101500100134,2023년 10월 15일 11시,일요일,경상남도 양산시 원동면,경상사고,0,0,1,0,차대차 - 측면충돌,안전운전불이행,건조,맑음,단일로 - 기타,자전거,남,57세,상해없음,자전거,남,45세,경상
2023101500100135,2023년 10월 15일 11시,일요일,경상남도 고성군 동해면,중상사고,0,1,0,0,차대차 - 기타,직진우회전진행방해,건조,맑음,교차로 - 교차로안,승용,남,42세,상해없음,이륜,남,49세,중상
2023101500100153,2023년 10월 15일 12시,일요일,경상남도 양산시 원동면,사망사고,1,0,0,0,차대사람 - 기타,중앙선침범,건조,맑음,단일로 - 기타,승용,여,67세,상해없음,보행자,남,50세,사망
2023101500100187,2023년 10월 15일 13시,일요일,경상남도 남해군 고현면,중상사고,0,1,0,0,차대차 - 측면충돌,안전운전불이행,건조,맑음,교차로 - 교차로안,승용,여,70세,상해없음,이륜,남,45세,중상
2023101500100188,2023년 10월 15일 13시,일요일,경상남도 창원시 마산회원구 내서읍,중상사고,0,1,0,0,차대차 - 측면충돌,안전운전불이행,기타,기타,단일로 - 기타,승용,남,56세,상해없음,이륜,남,56세,중상
2023101500100226,2023년 10월 15일 14시,일요일,경상남도 사천시 용현면,중상사고,0,3,1,0,차대차 - 측면충돌,신호위반,건조,맑음,교차로 - 교차로안,승용,남,50세,경상,승용,여,42세,중상
2023101500100227,2023년 10월 15일 14시,일요일,경상남도 사천시 벌리동,중상사고,0,1,0,0,차대차 - 측면충돌,안전거리미확보,건조,맑음,교차로 - 교차로부근,승용,남,67세,상해없음,이륜,남,46세,중상
2023101500100228,2023년 10월 15일 14시,일요일,경상남도 거창군 남하면,경상사고,0,0,1,0,차대차 - 측면충돌,중앙선침범,건조,맑음,단일로 - 기타,승합,남,27세,상해없음,이륜,남,39세,경상
2023101500100264,2023년 10월 15일 15시,일요일,경상남도 창원시 진해구 자은동,경상사고,0,0,1,0,차대차 - 후진중충돌,안전운전불이행,건조,맑음,교차로 - 교차로안,승용,남,58세,상해없음,이륜,남,38세,경상
2023101500100321,2023년 10월 15일 17시,일요일,경상남도 진주시 동성동,중상사고,0,1,0,0,차대사람 - 기타,교차로운행방법위반,건조,맑음,교차로 - 교차로안,승용,여,63세,상해없음,보행자,남,30세,중상
2023101500100322,2023년 10월 15일 17시,일요일,경상남도 김해시 삼계동,경상사고,0,0,2,0,차대차 - 추돌,안전운전불이행,건조,맑음,단일로 - 기타,승용,남,46세,상해없음,승용,남,56세,경상
2023101500100323,2023년 10월 15일 17시,일요일,경상남도 의령군 의령읍,경상사고,0,0,1,0,차대차 - 측면충돌,안전운전불이행,건조,맑음,주차장 - 주차장,승용,여,52세,상해없음,승용,남,48세,경상
2023101500100324,2023년 10월 15일 17시,일요일,경상남도 창원시 의창구 북면,중상사고,0,1,0,0,차대차 - 측면충돌,안전운전불이행,건조,맑음,교차로 - 교차로안,승용,남,75세,상해없음,자전거,남,63세,중상
2023101500100352,2023년 10월 15일 18시,일요일,경상남도 사천시 사천읍,부상신고사고,0,0,0,1,차대사람 - 기타,안전운전불이행,건조,맑음,단일로 - 기타,승용,남,67세,상해없음,보행자,남,42세,부상신고
2023101500100353,2023년 10월 15일 18시,일요일,경상남도 김해시 내동,중상사고,0,1,0,0,차대차 - 측면충돌,안전운전불이행,건조,맑음,교차로 - 교차로안,화물,남,43세,상해없음,이륜,남,20세,중상
2023101500100384,2023년 10월 15일 19시,일요일,경상남도 김해시 대청동,부상신고사고,0,0,0,1,차대차 - 측면충돌,안전운전불이행,건조,맑음,단일로 - 기타,이륜,남,21세,부상신고,승용,남,19세,상해없음
2023101500100385,2023년 10월 15일 19시,일요일,경상남도 김해시 율하동,경상사고,0,0,1,0,차대차 - 측면충돌,신호위반,건조,맑음,단일로 - 기타,자전거,남,15세,경상,승용,남,44세,상해없음
2023101500100405,2023년 10월 15일 20시,일요일,경상남도 진주시 문산읍,경상사고,0,0,1,0,차대차 - 측면충돌,신호위반,건조,맑음,교차로 - 교차로안,승용,남,36세,상해없음,승용,여,65세,경상
2023101500100422,2023년 10월 15일 21시,일요일,경상남도 창원시 성산구 중앙동,경상사고,0,0,1,0,차대사람 - 차도통행중,안전운전불이행,건조,맑음,단일로 - 기타,승용,남,27세,상해없음,보행자,남,52세,경상
2023101500100435,2023년 10월 15일 22시,일요일,경상남도 밀양시 삼문동,중상사고,0,1,0,0,차대차 - 측면충돌,안전운전불이행,건조,흐림,교차로 - 교차로안,원동기,남,16세,상해없음,승용,여,49세,기타불명
2023101500100440,2023년 10월 15일 23시,일요일,경상남도 김해시 외동,중상사고,0,1,0,0,차대차 - 측면충돌,안전운전불이행,건조,맑음,교차로 - 교차로안,승용,남,33세,상해없음,이륜,남,45세,중상
2023101600100029,2023년 10월 16일 03시,월요일,경상남도 통영시 태평동,중상사고,0,1,0,0,차량단독 - 기타,안전운전불이행,건조,맑음,단일로 - 기타,이륜,남,46세,중상,,,,
2023101600100049,2023년 10월 16일 06시,월요일,경상남도 거창군 남상면,경상사고,0,0,1,0,차대차 - 추돌,안전운전불이행,건조,맑음,단일로 - 기타,화물,남,55세,상해없음,화물,남,59세,경상
2023101600100070,2023년 10월 16일 07시,월요일,경상남도 창원시 마산합포구 신창동,경상사고,0,0,1,0,차대차 - 측면충돌,안전운전불이행,건조,맑음,교차로 - 교차로부근,승용,남,18세,상해없음,승용,남,64세,경상
2023101600100071,2023년 10월 16일 07시,월요일,경상남도 양산시 북정동,중상사고,0,1,0,0,차대차 - 측면충돌,교차로운행방법위반,건조,맑음,교차로 - 교차로안,화물,남,56세,상해없음,자전거,남,69세,중상
2023101600100073,2023년 10월 16일 07시,월요일,경상남도 창원시 의창구 북면,중상사고,0,2,0,0,차대차 - 추돌,안전운전불이행,건조,맑음,단일로 - 기타,승용,남,47세,상해없음,농기계,남,75세,중상
2023101600100092,2023년 10월 16일 08시,월요일,경상남도 김해시 주촌면,경상사고,0,0,1,0,차대차 - 추돌,안전운전불이행,건조,맑음,단일로 - 기타,승용,남,57세,상해없음,승용,남,42세,경상
2023101600100113,2023년 10월 16일 08시,월요일,경상남도 통영시 도남동,중상사고,0,1,0,0,차대차 - 기타,교차로운행방법위반,건조,맑음,교차로 - 교차로안,승용,여,49세,기타불명,승용,여,52세,중상
2023101600100114,2023년 10월 16일 08시,월요일,경상남도 김해시 대청동,경상사고,0,0,1,0,차대차 - 정면충돌,안전운전불이행,건조,맑음,단일로 - 기타,승용,여,32세,상해없음,승용,여,41세,경상
2023101600100156,2023년 10월 16일 09시,월요일,경상남도 거제시 상동동,중상사고,0,1,0,0,차대차 - 후진중충돌,안전운전불이행,건조,맑음,단일로 - 기타,승용,남,80세,상해없음,승용,여,42세,중상
2023101600100187,2023년 10월 16일 10시,월요일,경상남도 합천군 초계면,경상사고,0,0,1,0,차대차 - 추돌,안전운전불이행,건조,맑음,교차로 - 교차로부근,승용,남,70세,상해없음,화물,남,67세,경상
2023101600100188,2023년 10월 16일 10시,월요일,경상남도 양산시 북부동,부상신고사고,0,0,0,1,차대사람 - 횡단중,안전운전불이행,건조,맑음,교차로 - 교차로안,승용,남,72세,상해없음,보행자,여,69세,부상신고
2023101600100230,2023년 10월 16일 11시,월요일,경상남도 통영시 항남동,경상사고,0,0,1,0,차대차 - 측면충돌,신호위반,건조,맑음,단일로 - 기타,승용,남,74세,상해없음,화물,남,52세,경상
2023101600100232,2023년 10월 16일 11시,월요일,경상남도 김해시 관동동,경상사고,0,0,1,0,차대차 - 측면충돌,안전운전불이행,건조,맑음,단일로 - 기타,승용,남,72세,상해없음,승용,여,57세,경상
2023101600100260,2023년 10월 16일 12시,월요일,경상남도 김해시 삼계동,중상사고,0,1,0,0,차대차 - 측면충돌,안전운전불이행,건조,맑음,교차로 - 교차로안,승용,여,63세,상해없음,이륜,남,29세,중상
2023101600100261,2023년 10월 16일 12시,월요일,경상남도 김해시 삼계동,경상사고,0,0,1,0,차대차 - 측면충돌,안전운전불이행,건조,맑음,단일로 - 기타,승용,여,30세,상해없음,승용,여,54세,경상
2023101600100262,2023년 10월 16일 12시,월요일,경상남도 창원시 성산구 상남동,사망사고,1,0,0,0,차대사람 - 횡단중,안전운전불이행,건조,맑음,단일로 - 기타,승용,여,27세,상해없음,보행자,여,52세,사망
2023101600100263,2023년 10월 16일 12시,월요일,경상남도 통영시 당동,경상사고,0,0,2,0,차대차 - 기타,기타,건조,맑음,단일로 - 기타,특수,남,52세,상해없음,승용,남,48세,경상
2023101600100302,2023년 10월 16일 13시,월요일,경상남도 창원시 마산합포구 진전면,부상신고사고,0,0,0,3,차대차 - 정면충돌,중앙선침범,건조,맑음,단일로 - 기타,승용,남,63세,상해없음,승용,남,39세,부상신고
2023101600100303,2023년 10월 16일 13시,월요일,경상남도 고성군 마암면,중상사고,0,1,0,0,차대차 - 추돌,안전운전불이행,건조,맑음,단일로 - 기타,승용,여,40세,상해없음,승용,여,68세,중상
2023101600100374,2023년 10월 16일 15시,월요일,경상남도 밀양시 교동,경상사고,0,0,1,0,차대차 - 추돌,안전운전불이행,건조,맑음,교차로 - 교차로안,승용,남,73세,상해없음,승용,여,56세,경상
2023101600100375,2023년 10월 16일 15시,월요일,경상남도 창녕군 고암면,경상사고,0,0,3,0,차대차 - 측면충돌,신호위반,건조,맑음,교차로 - 교차로안,승용,남,74세,상해없음,승용,남,51세,경상
2023101600100376,2023년 10월 16일 15시,월요일,경상남도 창원시 의창구 도계동,경상사고,0,0,1,0,차대차 - 추돌,안전운전불이행,건조,맑음,단일로 - 기타,승용,여,48세,상해없음,자전거,남,45세,경상
2023101600100377,2023년 10월 16일 15시,월요일,경상남도 창원시 의창구 북면,경상사고,0,0,1,0,차대사람 - 횡단중,안전운전불이행,건조,맑음,기타 - 기타,승용,여,40세,상해없음,보행자,남,28세,경상
2023101600100424,2023년 10월 16일 16시,월요일,경상남도 사천시 서포면,중상사고,0,1,1,0,차대차 - 추돌,기타,건조,맑음,단일로 - 기타,승용,남,40세,상해없음,승용,남,47세,중상
2023101600100425,2023년 10월 16일 16시,월요일,경상남도 사천시 사천읍,경상사고,0,0,1,0,차대사람 - 기타,안전운전불이행,건조,맑음,단일로 - 기타,화물,남,65세,상해없음,보행자,남,12세,경상
2023101600100426,2023년 10월 16일 16시,월요일,경상남도 고성군 고성읍,경상사고,0,0,2,0,차대차 - 추돌,안전운전불이행,건조,맑음,단일로 - 기타,특수,남,52세,경상,화물,남,69세,경상
2023101600100427,2023년 10월 16일 16시,월요일,경상남도 의령군 의령읍,중상사고,0,1,0,0,차대차 - 측면충돌,직진우회전진행방해,건조,맑음,교차로 - 교차로안,이륜,남,79세,중상,승용,남,53세,상해없음
2023101600100474,2023년 10월 16일 17시,월요일,경상남도 창원시 마산합포구 완월동,경상사고,0,0,1,0,차대차 - 측면충돌,안전운전불이행,건조,맑음,교차로 - 교차로부근,승합,남,54세,상해없음,승용,여,28세,경상
2023101600100475,2023년 10월 16일 17시,월요일,경상남도 고성군 마암면,경상사고,0,0,1,0,차대차 - 추돌,안전운전불이행,건조,맑음,단일로 - 기타,승용,남,64세,상해없음,승용,남,73세,경상
2023101600100533,2023년 10월 16일 18시,월요일,경상남도 통영시 광도면,경상사고,0,0,2,0,차대차 - 추돌,안전운전불이행,건조,맑음,교차로 - 교차로부근,승용,남,58세,상해없음,승용,남,60세,경상
2023101600100534,2023년 10월 16일 18시,월요일,경상남도 사천시 사천읍,중상사고,0,1,0,0,차대차 - 기타,신호위반,건조,맑음,교차로 - 교차로부근,이륜,남,49세,중상,승용,남,66세,상해없음
2023101600100535,2023년 10월 16일 18시,월요일,경상남도 창녕군 대지면,경상사고,0,0,3,0,차대차 - 추돌,안전운전불이행,건조,맑음,교차로 - 교차로부근,승용,여,64세,경상,승용,남,37세,경상
2023101600100536,2023년 10월 16일 18시,월요일,경상남도 양산시 하북면,경상사고,0,0,1,0,차대차 - 측면충돌,신호위반,건조,맑음,교차로 - 교차로안,화물,남,34세,상해없음,승용,여,32세,경상
2023101600100537,2023년 10월 16일 18시,월요일,경상남도 거제시 수월동,경상사고,0,0,1,0,차대차 - 기타,신호위반,건조,맑음,교차로 - 교차로부근,승용,남,70세,경상,이륜,남,52세,기타불명
2023101600100572,2023년 10월 16일 19시,월요일,경상남도 사천시 용현면,중상사고,0,2,0,0,차대차 - 추돌,안전운전불이행,건조,맑음,교차로 - 교차로부근,승용,남,51세,상해없음,승용,여,37세,중상
2023101600100573,2023년 10월 16일 19시,월요일,경상남도 양산시 물금읍,경상사고,0,0,1,0,차대차 - 측면충돌,안전운전불이행,건조,맑음,교차로 - 교차로안,승용,남,55세,상해없음,승용,여,45세,경상
2023101600100614,2023년 10월 16일 21시,월요일,경상남도 창원시 마산합포구 월남동2가,경상사고,0,0,1,0,차대차 - 추돌,안전운전불이행,건조,맑음,단일로 - 기타,승용,여,62세,상해없음,승용,여,48세,경상
2023101600100615,2023년 10월 16일 21시,월요일,경상남도 함안군 산인면,경상사고,0,0,1,0,차대차 - 추돌,안전운전불이행,건조,맑음,단일로 - 기타,승용,여,60세,상해없음,승합,남,68세,경상
2023101600100616,2023년 10월 16일 21시,월요일,경상남도 김해시 관동동,경상사고,0,0,2,0,차대차 - 정면충돌,안전운전불이행,건조,맑음,교차로 - 교차로안,승용,남,37세,상해없음,승용,여,54세,경상
2023101600100625,2023년 10월 16일 22시,월요일,경상남도 양산시 물금읍,경상사고,0,0,1,0,차대차 - 추돌,기타,건조,맑음,단일로 - 기타,승용,남,22세,상해없음,승용,여,32세,경상
2023101600100626,2023년 10월 16일 22시,월요일,경상남도 함안군 가야읍,경상사고,0,0,1,0,차대차 - 측면충돌,안전운전불이행,건조,맑음,단일로 - 기타,특수,남,54세,상해없음,승용,여,58세,경상
2023101700100013,2023년 10월 17일 01시,화요일,경상남도 창원시 의창구 팔용동,경상사고,0,0,1,1,차대차 - 추돌,안전운전불이행,건조,맑음,교차로 - 교차로부근,승용,남,37세,상해없음,승용,남,50세,경상
2023101700100070,2023년 10월 17일 07시,화요일,경상남도 창원시 진해구 석동,경상사고,0,0,1,0,차대차 - 측면충돌,안전운전불이행,건조,맑음,교차로 - 교차로부근,이륜,남,16세,상해없음,승용,여,23세,경상
2023101700100071,2023년 10월 17일 07시,화요일,경상남도 사천시 축동면,경상사고,0,0,1,0,차대차 - 측면충돌,안전운전불이행,건조,맑음,교차로 - 교차로안,승용,남,61세,상해없음,승용,남,39세,경상
2023101700100072,2023년 10월 17일 07시,화요일,경상남도 김해시 외동,경상사고,0,0,1,0,차대차 - 측면충돌,안전운전불이행,건조,맑음,교차로 - 교차로안,승용,남,20세,상해없음,승용,남,37세,경상
2023101700100123,2023년 10월 17일 08시,화요일,경상남도 김해시 부원동,경상사고,0,0,1,0,차대차 - 기타,안전운전불이행,건조,맑음,교차로 - 교차로안,승용,남,81세,상해없음,자전거,남,69세,경상
2023101700100124,2023년 10월 17일 08시,화요일,경상남도 김해시 삼정동,경상사고,0,0,1,0,차대차 - 측면충돌,안전운전불이행,건조,맑음,교차로 - 교차로안,승용,여,25세,상해없음,승용,여,65세,경상
2023101700100125,2023년 10월 17일 08시,화요일,경상남도 창원시 의창구 소답동,경상사고,0,0,1,0,차대사람 - 기타,안전운전불이행,건조,맑음,단일로 - 기타,승용,여,34세,상해없음,보행자,남,86세,경상
2023101700100166,2023년 10월 17일 09시,화요일,경상남도 양산시 물금읍,중상사고,0,1,0,0,차량단독 - 도로외이탈 - 추락,안전거리미확보,건조,맑음,단일로 - 기타,화물,남,56세,중상,,,,
2023101700100167,2023년 10월 17일 09시,화요일,경상남도 창원시 의창구 사림동,경상사고,0,0,1,0,차대차 - 기타,신호위반,건조,맑음,교차로 - 교차로안,승용,여,60세,상해없음,자전거,남,83세,경상
2023101700100208,2023년 10월 17일 10시,화요일,경상남도 창원시 의창구 팔용동,경상사고,0,0,1,0,차대차 - 측면충돌,안전운전불이행,건조,맑음,교차로 - 교차로부근,건설기계,남,69세,상해없음,자전거,남,58세,경상
2023101700100209,2023년 10월 17일 10시,화요일,경상남도 김해시 대청동,경상사고,0,0,2,0,차대차 - 측면충돌,안전운전불이행,건조,맑음,단일로 - 기타,특수,남,61세,상해없음,승용,여,47세,경상
2023101700100247,2023년 10월 17일 11시,화요일,경상남도 산청군 단성면,경상사고,0,0,1,0,차대사람 - 기타,기타,건조,맑음,단일로 - 기타,승용,여,42세,상해없음,보행자,여,66세,경상
2023101700100248,2023년 10월 17일 11시,화요일,경상남도 함안군 산인면,경상사고,0,0,3,0,차대차 - 추돌,안전운전불이행,건조,맑음,교차로 - 교차로부근,화물,남,37세,상해없음,승용,여,65세,경상
2023101700100249,2023년 10월 17일 11시,화요일,경상남도 김해시 주촌면,중상사고,0,1,1,0,차대차 - 측면충돌,교차로운행방법위반,건조,맑음,교차로 - 교차로안,건설기계,남,68세,경상,화물,남,57세,중상
2023101700100269,2023년 10월 17일 12시,화요일,경상남도 김해시 대동면,중상사고,0,1,0,0,차대차 - 추돌,안전운전불이행,건조,맑음,단일로 - 기타,승용,여,67세,상해없음,승용,남,38세,중상
2023101700100285,2023년 10월 17일 12시,화요일,경상남도 창원시 진해구 용원동,경상사고,0,0,1,0,차대사람 - 차도통행중,안전운전불이행,건조,맑음,교차로 - 교차로안,승합,남,43세,상해없음,보행자,여,80세,경상
2023101700100286,2023년 10월 17일 12시,화요일,경상남도 통영시 광도면,경상사고,0,0,1,0,차대사람 - 기타,안전운전불이행,건조,맑음,단일로 - 기타,승용,남,32세,상해없음,보행자,남,41세,경상
2023101700100287,2023년 10월 17일 12시,화요일,경상남도 사천시 사남면,경상사고,0,0,1,0,차대차 - 측면충돌,신호위반,건조,맑음,교차로 - 교차로안,화물,남,56세,상해없음,승용,여,53세,경상