사고번호,사고일시,요일,시군구,사고내용,사망자수,중상자수,경상자수,부상신고자수,사고유형,법규위반,노면상태,기상상태,도로형태,가해운전자 차종,가해운전자 성별,가해운전자 연령,가해운전자 상해정도,피해운전자 차종,피해운전자 성별,피해운전자 연령,피해운전자 상해정도
2023101700100288,2023년 10월 17일 12시,화요일,경상남도 밀양시 가곡동,중상사고,0,1,1,0,차대차 - 측면충돌,교차로운행방법위반,건조,맑음,교차로 - 교차로안,승용,남,34세,상해없음,승용,남,18세,중상
2023101700100289,2023년 10월 17일 12시,화요일,경상남도 김해시 상동면,경상사고,0,0,1,0,차대차 - 추돌,안전거리미확보,건조,맑음,단일로 - 터널,화물,남,52세,상해없음,화물,남,74세,경상
2023101700100290,2023년 10월 17일 12시,화요일,경상남도 김해시 상동면,중상사고,0,1,1,0,차대차 - 추돌,안전운전불이행,건조,맑음,단일로 - 터널,화물,남,51세,중상,특수,남,62세,경상
2023101700100321,2023년 10월 17일 13시,화요일,경상남도 창원시 진해구 두동,경상사고,0,0,2,0,차대차 - 측면충돌,교차로운행방법위반,건조,맑음,교차로 - 교차로안,화물,남,52세,경상,화물,남,46세,경상
2023101700100322,2023년 10월 17일 13시,화요일,경상남도 김해시 주촌면,부상신고사고,0,0,0,1,차대사람 - 기타,안전운전불이행,건조,맑음,기타 - 기타,승용,남,60세,상해없음,보행자,남,30세,부상신고
2023101700100323,2023년 10월 17일 13시,화요일,경상남도 김해시 진영읍,경상사고,0,0,1,0,차대차 - 추돌,안전거리미확보,건조,맑음,단일로 - 기타,화물,남,55세,상해없음,승용,남,70세,경상
2023101700100361,2023년 10월 17일 14시,화요일,경상남도 진주시 상대동,경상사고,0,0,1,0,차대차 - 측면충돌,교차로운행방법위반,건조,맑음,교차로 - 교차로부근,승용,남,67세,상해없음,승합,남,54세,상해없음
2023101700100362,2023년 10월 17일 14시,화요일,경상남도 진주시 가좌동,경상사고,0,0,1,0,차대차 - 정면충돌,신호위반,건조,맑음,교차로 - 교차로안,승용,여,59세,상해없음,승용,남,48세,경상
2023101700100401,2023년 10월 17일 15시,화요일,경상남도 합천군 적중면,중상사고,0,1,0,0,차대차 - 측면충돌,안전운전불이행,건조,맑음,단일로 - 기타,승용,여,65세,상해없음,이륜,남,78세,중상
2023101700100402,2023년 10월 17일 15시,화요일,경상남도 남해군 남해읍,경상사고,0,0,1,0,차대사람 - 기타,안전운전불이행,건조,맑음,교차로 - 교차로부근,화물,남,52세,상해없음,보행자,여,89세,경상
2023101700100449,2023년 10월 17일 16시,화요일,경상남도 창원시 진해구 마천동,경상사고,0,0,1,1,차대차 - 측면충돌,안전운전불이행,건조,맑음,교차로 - 교차로안,승용,여,42세,상해없음,승용,남,49세,경상
2023101700100450,2023년 10월 17일 16시,화요일,경상남도 함양군 함양읍,중상사고,0,1,0,0,차대사람 - 횡단중,보행자보호의무위반,건조,맑음,교차로 - 교차로안,화물,남,28세,상해없음,보행자,남,73세,중상
2023101700100501,2023년 10월 17일 17시,화요일,경상남도 김해시 불암동,경상사고,0,0,1,0,차대차 - 추돌,안전거리미확보,건조,맑음,단일로 - 교량,이륜,남,39세,경상,화물,남,54세,상해없음
2023101700100550,2023년 10월 17일 18시,화요일,경상남도 창원시 마산합포구 신포동2가,부상신고사고,0,0,0,1,차대차 - 기타,안전운전불이행,건조,맑음,교차로 - 교차로안,승용,여,48세,상해없음,원동기,남,35세,부상신고
2023101700100551,2023년 10월 17일 18시,화요일,경상남도 진주시 금산면,경상사고,0,0,1,0,차대차 - 측면충돌,중앙선침범,건조,맑음,단일로 - 기타,승용,남,41세,상해없음,원동기,남,27세,경상
2023101700100605,2023년 10월 17일 19시,화요일,경상남도 창원시 의창구 대산면,중상사고,0,1,0,0,차대사람 - 횡단중,안전운전불이행,건조,맑음,단일로 - 기타,승용,남,54세,상해없음,보행자,남,78세,중상
2023101700100606,2023년 10월 17일 19시,화요일,경상남도 김해시 율하동,경상사고,0,0,1,0,차대차 - 측면충돌,신호위반,건조,맑음,교차로 - 교차로안,이륜,남,33세,상해없음,자전거,남,12세,경상
2023101700100631,2023년 10월 17일 20시,화요일,경상남도 밀양시 내이동,경상사고,0,0,1,0,차대차 - 측면충돌,안전운전불이행,건조,흐림,단일로 - 기타,승용,여,41세,상해없음,승용,여,52세,경상
2023101700100632,2023년 10월 17일 20시,화요일,경상남도 양산시 신기동,경상사고,0,0,1,0,차대차 - 추돌,안전운전불이행,건조,맑음,교차로 - 교차로안,승용,남,44세,상해없음,승용,여,61세,경상
2023101700100654,2023년 10월 17일 21시,화요일,경상남도 진주시 상평동,경상사고,0,0,2,0,차대사람 - 기타,안전운전불이행,건조,맑음,교차로 - 교차로안,승용,남,42세,상해없음,보행자,여,32세,경상
2023101700100655,2023년 10월 17일 21시,화요일,경상남도 진주시 충무공동,경상사고,0,0,1,0,차대차 - 측면충돌,안전운전불이행,건조,맑음,교차로 - 교차로안,승용,남,25세,상해없음,자전거,남,27세,경상
2023101700100674,2023년 10월 17일 22시,화요일,경상남도 사천시 정동면,중상사고,0,1,0,0,차대사람 - 횡단중,안전운전불이행,건조,맑음,단일로 - 기타,승용,여,40세,상해없음,보행자,남,52세,중상
2023101700100685,2023년 10월 17일 23시,화요일,경상남도 김해시 외동,경상사고,0,0,1,0,차대차 - 기타,신호위반,건조,맑음,교차로 - 교차로안,승용,남,19세,상해없음,이륜,남,40세,경상
2023101700100686,2023년 10월 17일 23시,화요일,경상남도 양산시 물금읍,중상사고,0,1,0,0,차대차 - 기타,안전거리미확보,건조,맑음,교차로 - 교차로횡단보도내,자전거,남,47세,중상,승용,여,44세,상해없음
2023101800100019,2023년 10월 18일 01시,수요일,경상남도 양산시 동면,중상사고,0,1,0,0,차량단독 - 기타,안전운전불이행,건조,맑음,단일로 - 기타,개인형이동수단(PM),남,61세,중상,,,,
2023101800100025,2023년 10월 18일 03시,수요일,경상남도 창원시 마산합포구 서성동,경상사고,0,0,1,0,차대차 - 측면충돌,신호위반,건조,맑음,교차로 - 교차로안,화물,남,54세,상해없음,승용,남,64세,상해없음
2023101800100083,2023년 10월 18일 07시,수요일,경상남도 진주시 주약동,경상사고,0,0,2,0,차대차 - 추돌,안전운전불이행,건조,맑음,단일로 - 기타,승용,여,48세,상해없음,승용,여,41세,경상
2023101800100084,2023년 10월 18일 07시,수요일,경상남도 통영시 욕지면,중상사고,0,1,0,0,차대사람 - 기타,안전운전불이행,건조,맑음,단일로 - 기타,원동기,남,67세,상해없음,보행자,남,64세,중상
2023101800100127,2023년 10월 18일 08시,수요일,경상남도 창원시 진해구 자은동,경상사고,0,0,1,0,차대사람 - 기타,안전운전불이행,건조,맑음,교차로 - 교차로부근,화물,남,48세,상해없음,보행자,여,67세,경상
2023101800100128,2023년 10월 18일 08시,수요일,경상남도 밀양시 삼문동,중상사고,0,1,0,0,차대사람 - 횡단중,보행자보호의무위반,건조,맑음,교차로 - 교차로횡단보도내,승용,여,65세,상해없음,보행자,남,76세,중상
2023101800100129,2023년 10월 18일 08시,수요일,경상남도 함안군 여항면,중상사고,0,1,0,0,차대차 - 기타,안전운전불이행,건조,맑음,교차로 - 교차로안,승용,남,81세,상해없음,사륜오토바이(ATV),여,79세,중상
2023101800100130,2023년 10월 18일 08시,수요일,경상남도 김해시 신문동,경상사고,0,0,2,0,차대차 - 추돌,안전운전불이행,건조,맑음,단일로 - 기타,화물,남,38세,상해없음,화물,남,56세,경상
2023101800100163,2023년 10월 18일 09시,수요일,경상남도 진주시 상평동,사망사고,1,0,0,0,차대차 - 기타,안전운전불이행,건조,맑음,교차로 - 교차로부근,화물,남,61세,상해없음,자전거,남,75세,사망
2023101800100194,2023년 10월 18일 10시,수요일,경상남도 창원시 마산합포구 해운동,중상사고,0,1,0,0,차대사람 - 횡단중,안전운전불이행,건조,맑음,단일로 - 기타,승용,남,47세,상해없음,보행자,여,76세,중상
2023101800100195,2023년 10월 18일 10시,수요일,경상남도 거제시 고현동,경상사고,0,0,1,0,차대사람 - 차도통행중,안전운전불이행,건조,맑음,교차로 - 교차로안,승용,여,58세,상해없음,보행자,여,18세,경상
2023101800100196,2023년 10월 18일 10시,수요일,경상남도 김해시 진영읍,경상사고,0,0,2,0,차대차 - 측면충돌,안전운전불이행,건조,맑음,교차로 - 교차로안,승용,여,64세,상해없음,승용,남,32세,경상
2023101800100310,2023년 10월 18일 13시,수요일,경상남도 진주시 내동면,중상사고,0,1,0,0,차대사람 - 기타,불법유턴,건조,맑음,단일로 - 기타,화물,남,55세,상해없음,보행자,여,83세,중상
2023101800100311,2023년 10월 18일 13시,수요일,경상남도 함안군 가야읍,중상사고,0,1,0,0,차대차 - 추돌,안전거리미확보,건조,맑음,기타 - 기타,승용,남,48세,상해없음,승용,남,51세,중상
2023101800100347,2023년 10월 18일 14시,수요일,경상남도 진주시 초전동,중상사고,0,1,0,0,차대사람 - 횡단중,보행자보호의무위반,건조,맑음,교차로 - 교차로횡단보도내,승용,여,38세,상해없음,보행자,남,8세,중상
2023101800100348,2023년 10월 18일 14시,수요일,경상남도 창원시 진해구 도천동,경상사고,0,0,1,0,차대차 - 측면충돌,차로위반,건조,맑음,단일로 - 기타,화물,남,62세,상해없음,승용,남,26세,경상
2023101800100349,2023년 10월 18일 14시,수요일,경상남도 사천시 정동면,부상신고사고,0,0,0,1,차량단독 - 기타,안전운전불이행,건조,맑음,단일로 - 기타,승용,남,66세,상해없음,,,,
2023101800100350,2023년 10월 18일 14시,수요일,경상남도 거창군 주상면,중상사고,0,1,0,0,차대사람 - 차도통행중,안전운전불이행,건조,맑음,단일로 - 기타,승용,여,67세,상해없음,보행자,여,84세,중상
2023101800100386,2023년 10월 18일 15시,수요일,경상남도 창원시 마산회원구 합성동,중상사고,0,1,0,0,차대차 - 측면충돌,안전운전불이행,건조,맑음,단일로 - 기타,승용,여,46세,상해없음,승용,여,61세,중상
2023101800100424,2023년 10월 18일 16시,수요일,경상남도 창원시 마산합포구 두월동2가,경상사고,0,0,1,0,차대차 - 기타,신호위반,건조,맑음,교차로 - 교차로안,승용,여,38세,상해없음,승합,남,43세,경상
2023101800100425,2023년 10월 18일 16시,수요일,경상남도 창원시 진해구 석동,경상사고,0,0,1,0,차대사람 - 차도통행중,안전운전불이행,건조,맑음,교차로 - 교차로안,이륜,남,37세,상해없음,보행자,여,15세,경상
2023101800100426,2023년 10월 18일 16시,수요일,경상남도 창원시 진해구 용원동,중상사고,0,1,0,0,차대사람 - 횡단중,보행자보호의무위반,건조,맑음,교차로 - 교차로부근,승용,여,40세,상해없음,보행자,여,32세,중상
2023101800100468,2023년 10월 18일 17시,수요일,경상남도 통영시 도천동,경상사고,0,0,2,0,차대사람 - 보도통행중,안전운전불이행,건조,맑음,단일로 - 기타,화물,여,68세,상해없음,보행자,여,16세,경상
2023101800100469,2023년 10월 18일 17시,수요일,경상남도 밀양시 삼문동,부상신고사고,0,0,0,1,차대사람 - 횡단중,안전운전불이행,건조,맑음,단일로 - 기타,승용,여,54세,상해없음,보행자,여,7세,부상신고
2023101800100470,2023년 10월 18일 17시,수요일,경상남도 김해시 대동면,경상사고,0,0,2,0,차대차 - 기타,안전운전불이행,건조,맑음,교차로 - 교차로안,승용,남,73세,상해없음,화물,남,39세,경상
2023101800100471,2023년 10월 18일 17시,수요일,경상남도 창원시 성산구 귀산동,중상사고,0,1,0,0,차대차 - 추돌,안전운전불이행,건조,맑음,단일로 - 기타,승용,여,54세,상해없음,승용,남,40세,중상
2023101800100526,2023년 10월 18일 18시,수요일,경상남도 창원시 진해구 태평동,중상사고,0,1,0,0,차대사람 - 기타,안전운전불이행,건조,맑음,교차로 - 교차로부근,화물,남,58세,상해없음,보행자,여,51세,중상
2023101800100527,2023년 10월 18일 18시,수요일,경상남도 산청군 산청읍,부상신고사고,0,0,0,1,차대사람 - 횡단중,보행자보호의무위반,건조,맑음,단일로 - 기타,기타불명,기타불명,미분류,기타불명,보행자,여,5세,부상신고
2023101800100567,2023년 10월 18일 19시,수요일,경상남도 양산시 물금읍,경상사고,0,0,1,0,차대차 - 측면충돌,안전운전불이행,건조,맑음,교차로 - 교차로안,승용,여,30세,상해없음,개인형이동수단(PM),여,27세,경상
2023101800100568,2023년 10월 18일 19시,수요일,경상남도 양산시 상북면,경상사고,0,0,1,0,차대차 - 기타,신호위반,건조,맑음,교차로 - 교차로안,승용,여,54세,상해없음,승용,남,57세,경상
2023101800100599,2023년 10월 18일 20시,수요일,경상남도 함안군 가야읍,경상사고,0,0,1,0,차대차 - 기타,기타,건조,맑음,교차로 - 교차로부근,화물,남,41세,상해없음,승용,남,31세,경상
2023101800100626,2023년 10월 18일 21시,수요일,경상남도 창원시 성산구 용호동,중상사고,0,1,0,0,차대사람 - 횡단중,신호위반,건조,맑음,단일로 - 기타,이륜,남,18세,상해없음,보행자,남,74세,중상
2023101900100017,2023년 10월 19일 02시,목요일,경상남도 진주시 상대동,중상사고,0,1,0,0,차대차 - 추돌,안전운전불이행,건조,맑음,단일로 - 기타,승용,남,29세,상해없음,화물,남,49세,중상
2023101900100050,2023년 10월 19일 06시,목요일,경상남도 창원시 의창구 명서동,중상사고,0,1,0,0,차대차 - 측면충돌,신호위반,건조,맑음,교차로 - 교차로안,승용,남,66세,상해없음,화물,남,43세,중상
2023101900100075,2023년 10월 19일 07시,목요일,경상남도 양산시 물금읍,중상사고,0,1,0,0,차대차 - 측면충돌,신호위반,건조,맑음,교차로 - 교차로횡단보도내,자전거,남,37세,중상,승용,여,65세,상해없음
2023101900100151,2023년 10월 19일 09시,목요일,경상남도 김해시 삼계동,경상사고,0,0,6,0,차대차 - 추돌,안전운전불이행,건조,맑음,단일로 - 기타,승용,남,61세,경상,승용,여,36세,경상
2023101900100174,2023년 10월 19일 10시,목요일,경상남도 김해시 상동면,중상사고,0,1,0,0,차대차 - 측면충돌,신호위반,건조,맑음,단일로 - 교량,승용,남,57세,상해없음,화물,남,64세,중상
2023101900100186,2023년 10월 19일 10시,목요일,경상남도 창원시 진해구 이동,경상사고,0,0,1,1,차대차 - 측면충돌,안전운전불이행,건조,맑음,교차로 - 교차로부근,승용,여,68세,부상신고,건설기계,남,36세,경상
2023101900100283,2023년 10월 19일 14시,목요일,경상남도 거제시 상동동,경상사고,0,0,1,2,차대차 - 추돌,안전거리미확보,건조,맑음,단일로 - 기타,승용,남,54세,상해없음,승용,남,37세,상해없음
2023101900100295,2023년 10월 19일 14시,목요일,경상남도 창원시 진해구 용원동,경상사고,0,0,1,0,차대차 - 측면충돌,신호위반,건조,맑음,단일로 - 기타,승용,남,23세,상해없음,승용,남,25세,경상
2023101900100333,2023년 10월 19일 15시,목요일,경상남도 진주시 봉곡동,경상사고,0,0,1,0,차대사람 - 기타,안전운전불이행,건조,맑음,단일로 - 기타,승합,남,62세,상해없음,보행자,여,58세,경상
2023101900100362,2023년 10월 19일 16시,목요일,경상남도 김해시 부원동,경상사고,0,0,1,0,차대사람 - 횡단중,안전운전불이행,건조,맑음,단일로 - 기타,승용,남,43세,상해없음,보행자,여,33세,경상
2023101900100363,2023년 10월 19일 16시,목요일,경상남도 김해시 삼방동,중상사고,0,2,4,1,차대차 - 기타,신호위반,건조,맑음,교차로 - 교차로안,화물,남,41세,경상,승합,남,44세,경상
2023101900100364,2023년 10월 19일 16시,목요일,경상남도 의령군 봉수면,중상사고,0,1,0,0,차대차 - 측면충돌,직진우회전진행방해,건조,맑음,교차로 - 교차로안,자전거,남,56세,중상,승용,남,80세,상해없음
2023101900100365,2023년 10월 19일 16시,목요일,경상남도 창원시 의창구 명서동,경상사고,0,0,1,0,차대차 - 측면충돌,교차로운행방법위반,건조,맑음,교차로 - 교차로부근,승용,남,53세,상해없음,자전거,남,14세,경상
2023101900100410,2023년 10월 19일 17시,목요일,경상남도 양산시 삼호동,경상사고,0,0,2,0,차대차 - 추돌,안전운전불이행,건조,맑음,단일로 - 터널,승용,남,62세,상해없음,화물,남,32세,경상
2023101900100411,2023년 10월 19일 17시,목요일,경상남도 함안군 가야읍,중상사고,0,1,0,0,차대사람 - 횡단중,안전운전불이행,건조,맑음,기타 - 기타,이륜,남,36세,상해없음,보행자,여,75세,중상
2023101900100412,2023년 10월 19일 17시,목요일,경상남도 창원시 의창구 북면,경상사고,0,0,1,0,차대차 - 측면충돌,안전운전불이행,건조,맑음,단일로 - 기타,기타불명,기타불명,미분류,기타불명,농기계,남,69세,경상
2023101900100453,2023년 10월 19일 18시,목요일,경상남도 창원시 진해구 석동,경상사고,0,0,1,0,차대차 - 기타,안전거리미확보,건조,맑음,단일로 - 기타,승합,남,63세,상해없음,이륜,남,48세,경상
2023101900100454,2023년 10월 19일 18시,목요일,경상남도 창녕군 대지면,중상사고,0,1,0,0,차대차 - 측면충돌,신호위반,건조,맑음,교차로 - 교차로안,화물,남,46세,상해없음,승용,남,35세,중상
2023101900100455,2023년 10월 19일 18시,목요일,경상남도 양산시 삼호동,경상사고,0,0,1,0,차대사람 - 횡단중,보행자보호의무위반,건조,맑음,교차로 - 교차로횡단보도내,화물,남,42세,상해없음,보행자,남,55세,경상
2023101900100494,2023년 10월 19일 19시,목요일,경상남도 함양군 함양읍,경상사고,0,0,1,0,차대차 - 측면충돌,교차로운행방법위반,건조,맑음,교차로 - 교차로안,승용,여,73세,상해없음,이륜,남,25세,경상
2023101900100495,2023년 10월 19일 19시,목요일,경상남도 김해시 진영읍,중상사고,0,1,0,0,차대사람 - 횡단중,보행자보호의무위반,건조,맑음,단일로 - 기타,화물,여,63세,상해없음,보행자,여,13세,중상
2023101900100530,2023년 10월 19일 20시,목요일,경상남도 창원시 진해구 용원동,경상사고,0,0,1,0,차대차 - 측면충돌,안전운전불이행,건조,맑음,교차로 - 교차로안,승용,여,44세,상해없음,승용,남,25세,경상
2023101900100531,2023년 10월 19일 20시,목요일,경상남도 김해시 내동,경상사고,0,0,1,0,차대사람 - 횡단중,보행자보호의무위반,건조,맑음,기타 - 기타,승용,여,63세,상해없음,보행자,여,22세,경상
2023101900100532,2023년 10월 19일 20시,목요일,경상남도 창원시 의창구 팔용동,경상사고,0,0,2,0,차대차 - 추돌,안전거리미확보,건조,맑음,교차로 - 교차로부근,승용,남,28세,상해없음,승용,남,64세,경상
2023101900100533,2023년 10월 19일 20시,목요일,경상남도 김해시 진영읍,중상사고,0,1,0,0,차대차 - 측면충돌,신호위반,건조,맑음,교차로 - 교차로안,원동기,남,30세,상해없음,이륜,남,34세,중상
2023101900100534,2023년 10월 19일 20시,목요일,경상남도 함안군 군북면,경상사고,0,0,1,0,차대차 - 측면충돌,기타,건조,맑음,단일로 - 기타,화물,남,59세,상해없음,승용,여,39세,경상
2023101900100565,2023년 10월 19일 21시,목요일,경상남도 양산시 남부동,경상사고,0,0,1,0,차대차 - 측면충돌,안전운전불이행,건조,맑음,교차로 - 교차로부근,승용,남,80세,상해없음,승용,여,30세,경상
2023101900100566,2023년 10월 19일 21시,목요일,경상남도 거제시 사등면,경상사고,0,0,1,0,차대사람 - 기타,안전운전불이행,건조,기타,단일로 - 기타,승용,여,60세,상해없음,보행자,남,51세,경상
2023101900100615,2023년 10월 19일 23시,목요일,경상남도 사천시 벌리동,경상사고,0,0,3,0,차대차 - 기타,신호위반,젖음/습기,비,교차로 - 교차로안,승용,여,40세,상해없음,승용,남,52세,경상
2023102000100004,2023년 10월 20일 00시,금요일,경상남도 통영시 광도면,경상사고,0,0,1,0,차대차 - 측면충돌,신호위반,건조,맑음,교차로 - 교차로안,승용,남,32세,기타불명,승용,남,62세,상해없음
2023102000100014,2023년 10월 20일 01시,금요일,경상남도 양산시 물금읍,경상사고,0,0,1,0,차대차 - 측면충돌,신호위반,건조,맑음,교차로 - 교차로안,승용,남,31세,상해없음,승용,남,35세,경상
2023102000100021,2023년 10월 20일 02시,금요일,경상남도 김해시 내동,경상사고,0,0,1,0,차대차 - 측면충돌,안전운전불이행,젖음/습기,비,교차로 - 교차로안,기타불명,기타불명,미분류,기타불명,자전거,남,25세,경상
2023102000100077,2023년 10월 20일 07시,금요일,경상남도 고성군 고성읍,경상사고,0,0,1,0,차대사람 - 횡단중,보행자보호의무위반,건조,맑음,교차로 - 교차로안,승용,남,62세,상해없음,보행자,여,68세,경상
2023102000100078,2023년 10월 20일 07시,금요일,경상남도 함안군 법수면,경상사고,0,0,1,0,차량단독 - 공작물충돌,안전운전불이행,건조,맑음,기타 - 기타,승용,여,47세,경상,,,,
2023102000100079,2023년 10월 20일 07시,금요일,경상남도 창원시 의창구 동정동,경상사고,0,0,1,0,차대사람 - 횡단중,안전운전불이행,건조,맑음,단일로 - 기타,화물,남,62세,상해없음,보행자,남,54세,경상
2023102000100126,2023년 10월 20일 08시,금요일,경상남도 김해시 불암동,중상사고,0,1,0,0,차대차 - 추돌,안전운전불이행,건조,맑음,단일로 - 기타,승용,남,76세,상해없음,승용,남,54세,상해없음
2023102000100127,2023년 10월 20일 08시,금요일,경상남도 거창군 거창읍,중상사고,0,1,1,0,차대차 - 추돌,안전운전불이행,건조,맑음,교차로 - 교차로부근,승용,남,44세,경상,승용,남,34세,중상
2023102000100128,2023년 10월 20일 08시,금요일,경상남도 김해시 흥동,중상사고,0,1,0,0,차대차 - 기타,안전운전불이행,건조,맑음,교차로 - 교차로안,승용,여,48세,상해없음,이륜,남,48세,중상
2023102000100172,2023년 10월 20일 09시,금요일,경상남도 창녕군 창녕읍,경상사고,0,0,1,0,차대차 - 측면충돌,신호위반,건조,맑음,교차로 - 교차로부근,승용,여,49세,상해없음,승용,남,50세,경상
2023102000100173,2023년 10월 20일 09시,금요일,경상남도 남해군 남해읍,부상신고사고,0,0,0,2,차대차 - 측면충돌,신호위반,건조,맑음,교차로 - 교차로안,승용,남,53세,부상신고,승용,남,30세,부상신고
2023102000100229,2023년 10월 20일 11시,금요일,경상남도 진주시 상대동,중상사고,0,1,2,0,차대차 - 정면충돌,중앙선침범,건조,맑음,단일로 - 터널,화물,남,48세,중상,승용,남,76세,경상
2023102000100230,2023년 10월 20일 11시,금요일,경상남도 통영시 무전동,중상사고,0,1,0,0,차대사람 - 기타,안전운전불이행,건조,맑음,단일로 - 기타,이륜,남,33세,상해없음,보행자,남,22세,중상
2023102000100231,2023년 10월 20일 11시,금요일,경상남도 통영시 북신동,경상사고,0,0,1,0,차대차 - 측면충돌,교차로운행방법위반,건조,맑음,교차로 - 교차로안,승합,남,68세,상해없음,승용,여,43세,경상
2023102000100233,2023년 10월 20일 11시,금요일,경상남도 하동군 하동읍,중상사고,0,1,0,0,차대사람 - 차도통행중,안전운전불이행,건조,맑음,단일로 - 기타,승용,남,78세,상해없음,보행자,남,79세,중상
2023102000100234,2023년 10월 20일 11시,금요일,경상남도 거제시 옥포동,경상사고,0,0,3,0,차대차 - 추돌,안전운전불이행,건조,맑음,단일로 - 기타,승용,남,55세,상해없음,승용,여,61세,경상
2023102000100276,2023년 10월 20일 12시,금요일,경상남도 밀양시 가곡동,경상사고,0,0,1,0,차대차 - 측면충돌,안전운전불이행,건조,맑음,단일로 - 기타,승용,남,71세,상해없음,승용,남,74세,경상
2023102000100277,2023년 10월 20일 12시,금요일,경상남도 남해군 삼동면,경상사고,0,0,2,0,차대차 - 측면충돌,안전운전불이행,건조,맑음,단일로 - 기타,화물,남,43세,상해없음,승용,여,55세,경상
2023102000100278,2023년 10월 20일 12시,금요일,경상남도 창원시 의창구 팔용동,경상사고,0,0,1,0,차대차 - 측면충돌,교차로운행방법위반,건조,맑음,교차로 - 교차로안,승용,남,63세,상해없음,특수,남,45세,경상
2023102000100361,2023년 10월 20일 14시,금요일,경상남도 사천시 사남면,중상사고,0,1,2,0,차대차 - 측면충돌,안전운전불이행,건조,맑음,단일로 - 기타,승용,남,68세,경상,승용,여,29세,경상
2023102000100410,2023년 10월 20일 15시,금요일,경상남도 산청군 신안면,중상사고,0,1,1,0,차량단독 - 도로외이탈 - 추락,안전운전불이행,건조,맑음,단일로 - 기타,농기계,남,53세,경상,,,,
2023102000100472,2023년 10월 20일 16시,금요일,경상남도 밀양시 내이동,중상사고,0,1,0,0,차대차 - 측면충돌,안전운전불이행,건조,맑음,단일로 - 기타,화물,남,70세,상해없음,자전거,남,69세,중상
2023102000100473,2023년 10월 20일 16시,금요일,경상남도 거창군 거창읍,경상사고,0,0,1,0,차대사람 - 기타,안전운전불이행,건조,맑음,단일로 - 기타,승용,여,63세,상해없음,보행자,남,9세,경상
2023102000100474,2023년 10월 20일 16시,금요일,경상남도 김해시 대청동,경상사고,0,0,1,0,차대차 - 측면충돌,교차로운행방법위반,건조,맑음,교차로 - 교차로안,승용,여,57세,상해없음,승용,남,46세,경상
2023102000100531,2023년 10월 20일 17시,금요일,경상남도 김해시 한림면,중상사고,0,1,0,0,차대차 - 측면충돌,신호위반,건조,맑음,교차로 - 교차로안,화물,남,53세,상해없음,사륜오토바이(ATV),여,67세,중상
2023102000100597,2023년 10월 20일 18시,금요일,경상남도 진주시 수곡면,경상사고,0,0,1,0,차대사람 - 기타,안전운전불이행,건조,맑음,단일로 - 기타,승용,여,38세,상해없음,보행자,여,62세,경상
2023102000100598,2023년 10월 20일 18시,금요일,경상남도 창원시 진해구 이동,경상사고,0,0,2,0,차대차 - 측면충돌,교차로운행방법위반,건조,맑음,교차로 - 교차로안,승용,여,64세,경상,승용,남,58세,경상
2023102000100599,2023년 10월 20일 18시,금요일,경상남도 밀양시 무안면,경상사고,0,0,1,0,차대차 - 측면충돌,중앙선침범,건조,흐림,교차로 - 교차로부근,승용,남,74세,상해없음,승용,남,41세,경상
2023102000100600,2023년 10월 20일 18시,금요일,경상남도 김해시 삼방동,경상사고,0,0,1,0,차대사람 - 기타,안전운전불이행,건조,맑음,교차로 - 교차로안,승용,여,31세,상해없음,보행자,여,59세,경상
2023102000100601,2023년 10월 20일 18시,금요일,경상남도 김해시 진영읍,경상사고,0,0,1,0,차대차 - 측면충돌,안전운전불이행,건조,맑음,단일로 - 기타,승용,남,53세,상해없음,승용,여,71세,경상
2023102000100654,2023년 10월 20일 19시,금요일,경상남도 남해군 설천면,중상사고,0,2,0,0,차대차 - 정면충돌,중앙선침범,건조,맑음,단일로 - 기타,승용,남,77세,상해없음,승용,남,70세,중상
2023102000100673,2023년 10월 20일 20시,금요일,경상남도 창원시 진해구 소사동,경상사고,0,0,2,0,차대차 - 추돌,기타,건조,맑음,기타 - 기타,승용,여,34세,경상,화물,남,64세,경상
2023102000100754,2023년 10월 20일 23시,금요일,경상남도 밀양시 삼문동,경상사고,0,0,1,0,차대차 - 기타,안전운전불이행,건조,흐림,단일로 - 기타,이륜,남,21세,상해없음,자전거,여,18세,경상
2023102000100755,2023년 10월 20일 23시,금요일,경상남도 창원시 의창구 북면,중상사고,0,1,0,0,차량단독 - 기타,안전운전불이행,건조,맑음,단일로 - 기타,개인형이동수단(PM),남,53세,중상,,,,
2023102100100009,2023년 10월 21일 00시,토요일,경상남도 양산시 물금읍,부상신고사고,0,0,0,1,차대차 - 정면충돌,중앙선침범,건조,맑음,단일로 - 기타,개인형이동수단(PM),남,35세,부상신고,승용,여,24세,상해없음
2023102100100078,2023년 10월 21일 07시,토요일,경상남도 밀양시 삼랑진읍,중상사고,0,1,0,0,차량단독 - 기타,안전운전불이행,건조,맑음,단일로 - 기타,이륜,남,73세,중상,,,,