사고번호,사고일시,요일,시군구,사고내용,사망자수,중상자수,경상자수,부상신고자수,사고유형,법규위반,노면상태,기상상태,도로형태,가해운전자 차종,가해운전자 성별,가해운전자 연령,가해운전자 상해정도,피해운전자 차종,피해운전자 성별,피해운전자 연령,피해운전자 상해정도
2023102100100079,2023년 10월 21일 07시,토요일,경상남도 거창군 가조면,경상사고,0,0,1,0,차대차 - 측면충돌,교차로운행방법위반,건조,맑음,교차로 - 교차로안,승용,남,67세,경상,화물,남,62세,상해없음
2023102100100129,2023년 10월 21일 09시,토요일,경상남도 함양군 지곡면,중상사고,0,1,0,1,차대차 - 정면충돌,중앙선침범,건조,맑음,단일로 - 기타,승합,여,64세,부상신고,화물,남,51세,중상
2023102100100168,2023년 10월 21일 10시,토요일,경상남도 진주시 금곡면,중상사고,0,1,0,0,차대차 - 측면충돌,안전운전불이행,건조,맑음,단일로 - 기타,승용,남,85세,상해없음,승용,기타불명,미분류,기타불명
2023102100100170,2023년 10월 21일 10시,토요일,경상남도 통영시 중앙동,경상사고,0,0,2,0,차대차 - 기타,안전거리미확보,건조,맑음,기타 - 기타,승용,여,43세,상해없음,승합,남,53세,경상
2023102100100171,2023년 10월 21일 10시,토요일,경상남도 김해시 내동,경상사고,0,0,2,0,차대차 - 측면충돌,신호위반,건조,맑음,교차로 - 교차로안,승용,남,38세,상해없음,승용,남,51세,경상
2023102100100207,2023년 10월 21일 11시,토요일,경상남도 진주시 이현동,경상사고,0,0,3,0,차대차 - 측면충돌,교차로운행방법위반,건조,맑음,단일로 - 기타,승용,여,45세,상해없음,승용,여,29세,경상
2023102100100208,2023년 10월 21일 11시,토요일,경상남도 통영시 무전동,경상사고,0,0,1,0,차대차 - 추돌,안전거리미확보,건조,맑음,교차로 - 교차로부근,이륜,여,40세,상해없음,승용,여,39세,경상
2023102100100209,2023년 10월 21일 11시,토요일,경상남도 김해시 한림면,중상사고,0,1,0,0,차량단독 - 전도전복 - 전도,안전운전불이행,건조,맑음,교차로 - 교차로부근,이륜,남,55세,중상,,,,
2023102100100256,2023년 10월 21일 12시,토요일,경상남도 김해시 외동,경상사고,0,0,1,0,차대차 - 측면충돌,중앙선침범,건조,맑음,교차로 - 교차로부근,승용,남,33세,기타불명,승용,남,35세,경상
2023102100100257,2023년 10월 21일 12시,토요일,경상남도 합천군 대병면,중상사고,0,1,0,0,차대차 - 기타,안전운전불이행,건조,맑음,교차로 - 교차로안,승용,남,63세,상해없음,이륜,남,29세,중상
2023102100100258,2023년 10월 21일 12시,토요일,경상남도 창녕군 이방면,경상사고,0,0,2,1,차대차 - 후진중충돌,불법유턴,건조,맑음,기타 - 기타,화물,여,65세,부상신고,화물,남,49세,경상
2023102100100259,2023년 10월 21일 12시,토요일,경상남도 양산시 평산동,경상사고,0,0,1,0,차대차 - 측면충돌,교차로운행방법위반,건조,맑음,교차로 - 교차로안,승용,남,68세,상해없음,승용,여,44세,경상
2023102100100260,2023년 10월 21일 12시,토요일,경상남도 거제시 고현동,경상사고,0,0,2,0,차대차 - 추돌,안전거리미확보,건조,맑음,단일로 - 기타,승용,남,35세,경상,승용,여,58세,상해없음
2023102100100293,2023년 10월 21일 13시,토요일,경상남도 양산시 중부동,중상사고,0,1,0,0,차대차 - 추돌,안전운전불이행,건조,맑음,단일로 - 기타,승용,여,31세,상해없음,이륜,남,75세,중상
2023102100100294,2023년 10월 21일 13시,토요일,경상남도 거제시 거제면,중상사고,0,1,2,0,차대차 - 추돌,교차로운행방법위반,건조,맑음,교차로 - 교차로안,승용,여,45세,경상,승용,남,28세,중상
2023102100100337,2023년 10월 21일 14시,토요일,경상남도 통영시 항남동,경상사고,0,0,1,0,차대사람 - 차도통행중,안전운전불이행,건조,맑음,기타 - 기타,승용,남,66세,상해없음,보행자,남,76세,경상
2023102100100338,2023년 10월 21일 14시,토요일,경상남도 거제시 남부면,중상사고,0,1,0,0,차대차 - 추돌,안전운전불이행,건조,맑음,단일로 - 기타,이륜,남,54세,중상,승용,남,46세,상해없음
2023102100100339,2023년 10월 21일 14시,토요일,경상남도 창원시 마산회원구 합성동,중상사고,0,1,0,0,차대사람 - 기타,안전운전불이행,건조,맑음,단일로 - 기타,승용,남,47세,상해없음,보행자,남,67세,중상
2023102100100373,2023년 10월 21일 15시,토요일,경상남도 사천시 사남면,경상사고,0,0,1,0,차대차 - 측면충돌,안전운전불이행,건조,맑음,단일로 - 지하차도(도로)내,승용,남,61세,상해없음,승용,남,36세,경상
2023102100100374,2023년 10월 21일 15시,토요일,경상남도 하동군 진교면,중상사고,0,1,0,0,차대차 - 정면충돌,중앙선침범,건조,맑음,기타 - 기타,승용,여,28세,기타불명,승용,남,34세,중상
2023102100100375,2023년 10월 21일 15시,토요일,경상남도 김해시 무계동,중상사고,0,1,0,0,차대사람 - 횡단중,보행자보호의무위반,건조,맑음,교차로 - 교차로안,승용,여,57세,상해없음,보행자,남,81세,중상
2023102100100416,2023년 10월 21일 16시,토요일,경상남도 진주시 상대동,경상사고,0,0,1,0,차대사람 - 횡단중,보행자보호의무위반,건조,맑음,단일로 - 기타,승용,남,50세,상해없음,보행자,여,43세,경상
2023102100100417,2023년 10월 21일 16시,토요일,경상남도 창원시 성산구 반림동,부상신고사고,0,0,0,1,차대사람 - 횡단중,보행자보호의무위반,건조,맑음,교차로 - 교차로횡단보도내,승용,남,58세,기타불명,보행자,남,53세,부상신고
2023102100100418,2023년 10월 21일 16시,토요일,경상남도 창원시 의창구 동읍,경상사고,0,0,2,0,차대차 - 측면충돌,직진우회전진행방해,건조,맑음,교차로 - 교차로안,승용,남,35세,상해없음,화물,남,75세,상해없음
2023102100100419,2023년 10월 21일 16시,토요일,경상남도 김해시 주촌면,경상사고,0,0,1,0,차대사람 - 차도통행중,안전운전불이행,건조,맑음,단일로 - 기타,승용,여,59세,상해없음,보행자,남,44세,경상
2023102100100420,2023년 10월 21일 16시,토요일,경상남도 김해시 대청동,경상사고,0,0,1,0,차대차 - 추돌,안전거리미확보,건조,맑음,단일로 - 기타,승용,여,67세,상해없음,승용,남,71세,상해없음
2023102100100457,2023년 10월 21일 17시,토요일,경상남도 김해시 신문동,경상사고,0,0,1,0,차대차 - 측면충돌,안전운전불이행,건조,맑음,교차로 - 교차로안,승용,남,62세,상해없음,개인형이동수단(PM),남,16세,경상
2023102100100497,2023년 10월 21일 18시,토요일,경상남도 거제시 장승포동,경상사고,0,0,2,0,차대차 - 측면충돌,교차로운행방법위반,건조,맑음,교차로 - 교차로안,승용,남,62세,상해없음,승용,여,47세,경상
2023102100100560,2023년 10월 21일 20시,토요일,경상남도 김해시 상동면,중상사고,0,2,0,0,차대차 - 추돌,안전운전불이행,건조,맑음,단일로 - 기타,화물,남,50세,상해없음,승용,남,65세,중상
2023102100100574,2023년 10월 21일 20시,토요일,경상남도 합천군 율곡면,중상사고,0,3,0,0,차대차 - 정면충돌,중앙선침범,건조,맑음,단일로 - 기타,화물,남,63세,중상,화물,남,73세,중상
2023102100100575,2023년 10월 21일 20시,토요일,경상남도 양산시 평산동,경상사고,0,0,1,0,차대사람 - 횡단중,안전운전불이행,건조,맑음,단일로 - 기타,승용,여,40세,기타불명,보행자,남,63세,경상
2023102100100576,2023년 10월 21일 20시,토요일,경상남도 창원시 의창구 명서동,경상사고,0,0,1,0,차대차 - 측면충돌,신호위반,건조,맑음,교차로 - 교차로안,승용,남,57세,상해없음,승용,여,66세,경상
2023102100100577,2023년 10월 21일 20시,토요일,경상남도 김해시 율하동,중상사고,0,1,1,0,차대차 - 측면충돌,신호위반,건조,맑음,교차로 - 교차로안,이륜,남,37세,중상,승용,여,29세,경상
2023102100100604,2023년 10월 21일 21시,토요일,경상남도 김해시 어방동,경상사고,0,0,1,0,차대차 - 측면충돌,안전운전불이행,건조,맑음,단일로 - 기타,승용,남,62세,상해없음,승용,남,69세,경상
2023102100100629,2023년 10월 21일 22시,토요일,경상남도 양산시 평산동,부상신고사고,0,0,0,1,차대사람 - 차도통행중,안전운전불이행,건조,맑음,단일로 - 기타,기타불명,기타불명,미분류,기타불명,보행자,여,10세,부상신고
2023102100100630,2023년 10월 21일 22시,토요일,경상남도 양산시 동면,경상사고,0,0,3,0,차대차 - 추돌,안전운전불이행,건조,맑음,교차로 - 교차로안,승용,남,58세,상해없음,승합,남,52세,경상
2023102100100631,2023년 10월 21일 22시,토요일,경상남도 거제시 장목면,중상사고,0,1,0,0,차대차 - 측면충돌,차로위반,건조,맑음,단일로 - 기타,승용,여,48세,상해없음,승용,여,57세,중상
2023102200100025,2023년 10월 22일 01시,일요일,경상남도 거제시 수월동,중상사고,0,1,0,0,차대차 - 정면충돌,불법유턴,건조,맑음,교차로 - 교차로부근,개인형이동수단(PM),남,15세,중상,승용,남,68세,상해없음
2023102200100033,2023년 10월 22일 03시,일요일,경상남도 창원시 마산합포구 상남동,경상사고,0,0,2,0,차대차 - 정면충돌,신호위반,건조,맑음,교차로 - 교차로안,승용,남,19세,상해없음,승용,남,41세,경상
2023102200100047,2023년 10월 22일 05시,일요일,경상남도 창원시 진해구 남양동,중상사고,0,2,2,0,차대차 - 측면충돌,신호위반,건조,흐림,교차로 - 교차로안,승용,남,43세,상해없음,승용,남,59세,경상
2023102200100130,2023년 10월 22일 10시,일요일,경상남도 통영시 한산면,경상사고,0,0,1,0,차대차 - 추돌,안전운전불이행,건조,맑음,교차로 - 교차로안,화물,여,59세,상해없음,이륜,남,29세,경상
2023102200100157,2023년 10월 22일 11시,일요일,경상남도 양산시 원동면,경상사고,0,0,1,0,차대차 - 추돌,안전운전불이행,건조,맑음,단일로 - 기타,자전거,남,71세,상해없음,자전거,여,50세,경상
2023102200100158,2023년 10월 22일 11시,일요일,경상남도 김해시 대청동,경상사고,0,0,1,0,차대차 - 기타,안전운전불이행,건조,맑음,단일로 - 기타,승용,남,26세,상해없음,자전거,여,42세,경상
2023102200100194,2023년 10월 22일 13시,일요일,경상남도 김해시 대동면,중상사고,0,2,0,0,차대차 - 추돌,안전거리미확보,건조,맑음,단일로 - 기타,승용,남,31세,상해없음,승용,남,32세,기타불명
2023102200100209,2023년 10월 22일 13시,일요일,경상남도 창원시 진해구 청안동,경상사고,0,0,1,0,차대차 - 기타,안전운전불이행,건조,맑음,교차로 - 교차로부근,승용,남,66세,상해없음,화물,남,68세,경상
2023102200100210,2023년 10월 22일 13시,일요일,경상남도 창원시 마산회원구 봉암동,중상사고,0,2,1,0,차대차 - 추돌,안전운전불이행,건조,맑음,교차로 - 교차로안,승용,남,80세,상해없음,승용,여,53세,중상
2023102200100240,2023년 10월 22일 14시,일요일,경상남도 거창군 신원면,경상사고,0,0,2,0,차대차 - 측면충돌,안전운전불이행,건조,맑음,단일로 - 기타,승합,남,68세,상해없음,승용,남,69세,경상
2023102200100241,2023년 10월 22일 14시,일요일,경상남도 창원시 성산구 신촌동,사망사고,1,0,0,0,차대차 - 추돌,안전운전불이행,건조,맑음,단일로 - 기타,이륜,남,35세,사망,화물,남,35세,상해없음
2023102200100272,2023년 10월 22일 15시,일요일,경상남도 창원시 마산합포구 진북면,부상신고사고,0,0,0,1,차대차 - 기타,안전운전불이행,건조,맑음,교차로 - 교차로안,승용,남,72세,상해없음,승용,남,37세,상해없음
2023102200100273,2023년 10월 22일 15시,일요일,경상남도 창원시 진해구 남양동,중상사고,0,1,0,0,차대차 - 측면충돌,안전운전불이행,건조,맑음,교차로 - 교차로부근,자전거,남,13세,중상,승용,남,45세,상해없음
2023102200100274,2023년 10월 22일 15시,일요일,경상남도 양산시 물금읍,경상사고,0,0,1,0,차대차 - 측면충돌,신호위반,건조,맑음,교차로 - 교차로안,승용,남,78세,상해없음,승용,남,45세,경상
2023102200100275,2023년 10월 22일 15시,일요일,경상남도 양산시 물금읍,중상사고,0,1,0,0,차대사람 - 차도통행중,안전운전불이행,건조,맑음,단일로 - 기타,자전거,남,16세,상해없음,보행자,남,8세,중상
2023102200100276,2023년 10월 22일 15시,일요일,경상남도 산청군 신안면,경상사고,0,0,3,0,차대차 - 측면충돌,중앙선침범,건조,맑음,단일로 - 기타,승용,여,51세,상해없음,승용,남,38세,경상
2023102200100277,2023년 10월 22일 15시,일요일,경상남도 함안군 칠북면,중상사고,0,1,1,0,차대차 - 정면충돌,중앙선침범,건조,맑음,단일로 - 기타,승용,여,62세,경상,승용,여,72세,중상
2023102200100311,2023년 10월 22일 16시,일요일,경상남도 거제시 연초면,경상사고,0,0,1,0,차대차 - 측면충돌,안전운전불이행,건조,맑음,교차로 - 교차로안,자전거,남,45세,경상,승합,남,48세,상해없음
2023102200100335,2023년 10월 22일 17시,일요일,경상남도 산청군 신안면,중상사고,0,1,2,0,차대차 - 추돌,안전거리미확보,건조,맑음,단일로 - 기타,승용,남,59세,상해없음,승용,남,24세,경상
2023102200100367,2023년 10월 22일 18시,일요일,경상남도 산청군 신안면,중상사고,0,1,0,0,차량단독 - 공작물충돌,안전운전불이행,건조,맑음,단일로 - 기타,승용,여,56세,중상,,,,
2023102200100368,2023년 10월 22일 18시,일요일,경상남도 창원시 성산구 신월동,부상신고사고,0,0,0,1,차대차 - 추돌,안전운전불이행,건조,맑음,단일로 - 기타,이륜,남,19세,상해없음,승용,여,52세,부상신고
2023102200100440,2023년 10월 22일 21시,일요일,경상남도 창녕군 부곡면,중상사고,0,1,0,0,차대차 - 측면충돌,중앙선침범,건조,맑음,단일로 - 기타,승합,남,48세,상해없음,승용,남,65세,중상
2023102200100447,2023년 10월 22일 22시,일요일,경상남도 김해시 율하동,경상사고,0,0,1,0,차대차 - 기타,안전운전불이행,건조,맑음,단일로 - 기타,화물,남,51세,상해없음,승용,여,46세,경상
2023102300100107,2023년 10월 23일 08시,월요일,경상남도 창원시 마산합포구 동성동,중상사고,0,1,0,0,차대사람 - 횡단중,보행자보호의무위반,건조,맑음,교차로 - 교차로횡단보도내,승합,남,60세,상해없음,보행자,여,80세,중상
2023102300100108,2023년 10월 23일 08시,월요일,경상남도 진주시 충무공동,중상사고,0,1,0,1,차대차 - 정면충돌,신호위반,건조,맑음,교차로 - 교차로안,승용,여,31세,부상신고,승용,남,53세,중상
2023102300100109,2023년 10월 23일 08시,월요일,경상남도 진주시 가좌동,경상사고,0,0,3,1,차대차 - 측면충돌,안전운전불이행,건조,맑음,단일로 - 기타,승용,남,25세,부상신고,승용,남,30세,경상
2023102300100110,2023년 10월 23일 08시,월요일,경상남도 진주시 호탄동,경상사고,0,0,2,2,차대차 - 측면충돌,안전운전불이행,건조,맑음,단일로 - 기타,승용,여,70세,부상신고,승용,남,24세,경상
2023102300100111,2023년 10월 23일 08시,월요일,경상남도 사천시 용현면,경상사고,0,0,1,0,차대차 - 측면충돌,중앙선침범,건조,맑음,단일로 - 기타,농기계,남,77세,경상,승용,여,40세,상해없음
2023102300100183,2023년 10월 23일 10시,월요일,경상남도 함안군 칠서면,중상사고,0,1,0,0,차대차 - 측면충돌,안전운전불이행,건조,맑음,단일로 - 기타,화물,남,76세,상해없음,자전거,여,63세,중상
2023102300100184,2023년 10월 23일 10시,월요일,경상남도 김해시 풍유동,경상사고,0,0,1,0,차대차 - 측면충돌,안전운전불이행,건조,맑음,교차로 - 교차로부근,승용,여,54세,상해없음,승용,여,58세,경상
2023102300100270,2023년 10월 23일 13시,월요일,경상남도 사천시 사남면,경상사고,0,0,1,0,차대사람 - 횡단중,안전운전불이행,건조,맑음,단일로 - 기타,승용,여,36세,상해없음,보행자,남,9세,경상
2023102300100271,2023년 10월 23일 13시,월요일,경상남도 의령군 의령읍,중상사고,0,1,0,0,차대차 - 기타,안전운전불이행,건조,맑음,단일로 - 기타,이륜,남,86세,중상,승용,남,45세,상해없음
2023102300100272,2023년 10월 23일 13시,월요일,경상남도 김해시 한림면,경상사고,0,0,1,0,차대차 - 측면충돌,안전운전불이행,건조,맑음,단일로 - 기타,승용,남,53세,상해없음,이륜,남,38세,경상
2023102300100316,2023년 10월 23일 14시,월요일,경상남도 통영시 북신동,경상사고,0,0,1,0,차대차 - 추돌,안전운전불이행,건조,맑음,단일로 - 기타,승용,남,67세,상해없음,이륜,남,46세,경상
2023102300100317,2023년 10월 23일 14시,월요일,경상남도 사천시 축동면,경상사고,0,0,1,0,차대차 - 추돌,안전운전불이행,건조,맑음,단일로 - 기타,승용,여,54세,상해없음,자전거,남,53세,경상
2023102300100318,2023년 10월 23일 14시,월요일,경상남도 김해시 어방동,중상사고,0,1,0,0,차대차 - 추돌,안전운전불이행,건조,맑음,단일로 - 기타,승용,여,54세,상해없음,이륜,남,60세,중상
2023102300100319,2023년 10월 23일 14시,월요일,경상남도 양산시 물금읍,중상사고,0,1,1,0,차대차 - 정면충돌,신호위반,건조,맑음,교차로 - 교차로안,승용,남,62세,상해없음,승용,남,40세,경상
2023102300100320,2023년 10월 23일 14시,월요일,경상남도 김해시 주촌면,부상신고사고,0,0,0,1,차량단독 - 도로외이탈 - 추락,안전운전불이행,건조,맑음,단일로 - 기타,승용,여,60세,부상신고,,,,
2023102300100351,2023년 10월 23일 15시,월요일,경상남도 김해시 외동,중상사고,0,1,0,0,차대사람 - 횡단중,안전운전불이행,건조,맑음,교차로 - 교차로횡단보도내,승용,남,27세,상해없음,보행자,여,37세,중상
2023102300100352,2023년 10월 23일 15시,월요일,경상남도 양산시 동면,중상사고,0,1,1,0,차대차 - 기타,안전운전불이행,건조,맑음,단일로 - 기타,화물,남,69세,상해없음,승용,남,70세,경상
2023102300100353,2023년 10월 23일 15시,월요일,경상남도 하동군 옥종면,사망사고,1,0,0,0,차대차 - 기타,신호위반,건조,맑음,교차로 - 교차로안,이륜,남,82세,사망,승용,여,41세,상해없음
2023102300100354,2023년 10월 23일 15시,월요일,경상남도 창원시 성산구 신월동,중상사고,0,1,0,0,차대사람 - 횡단중,보행자보호의무위반,건조,맑음,단일로 - 기타,승용,여,49세,상해없음,보행자,남,83세,중상
2023102300100387,2023년 10월 23일 16시,월요일,경상남도 통영시 광도면,경상사고,0,0,1,0,차대차 - 기타,안전거리미확보,건조,맑음,단일로 - 기타,이륜,남,40세,경상,승용,남,63세,상해없음
2023102300100388,2023년 10월 23일 16시,월요일,경상남도 거제시 고현동,경상사고,0,0,1,0,차대사람 - 차도통행중,안전운전불이행,건조,맑음,교차로 - 교차로안,승용,여,58세,상해없음,보행자,남,53세,경상
2023102300100429,2023년 10월 23일 17시,월요일,경상남도 사천시 정동면,경상사고,0,0,1,0,차대사람 - 횡단중,보행자보호의무위반,건조,맑음,교차로 - 교차로부근,이륜,남,28세,상해없음,보행자,여,6세,경상
2023102300100430,2023년 10월 23일 17시,월요일,경상남도 거창군 거창읍,경상사고,0,0,1,0,차대차 - 측면충돌,기타,건조,맑음,교차로 - 교차로안,원동기,남,53세,경상,승합,남,65세,상해없음
2023102300100431,2023년 10월 23일 17시,월요일,경상남도 산청군 신안면,중상사고,0,1,1,0,차대차 - 추돌,안전운전불이행,건조,맑음,단일로 - 기타,승용,여,27세,중상,화물,남,58세,기타불명
2023102300100432,2023년 10월 23일 17시,월요일,경상남도 창원시 성산구 성주동,중상사고,0,1,0,0,차대차 - 추돌,안전운전불이행,건조,맑음,단일로 - 기타,승용,남,25세,상해없음,승용,여,41세,중상
2023102300100486,2023년 10월 23일 18시,월요일,경상남도 김해시 외동,경상사고,0,0,1,0,차대차 - 측면충돌,기타,건조,맑음,교차로 - 교차로부근,승용,남,65세,상해없음,이륜,남,37세,경상
2023102300100487,2023년 10월 23일 18시,월요일,경상남도 창원시 의창구 팔용동,부상신고사고,0,0,0,1,차대차 - 측면충돌,중앙선침범,건조,맑음,교차로 - 교차로부근,승용,여,61세,상해없음,승합,남,53세,상해없음
2023102300100573,2023년 10월 23일 21시,월요일,경상남도 창원시 의창구 대산면,경상사고,0,0,2,0,차대차 - 추돌,안전운전불이행,건조,맑음,단일로 - 교량,승용,남,26세,경상,승용,여,49세,상해없음
2023102300100588,2023년 10월 23일 22시,월요일,경상남도 함안군 가야읍,중상사고,0,1,0,0,차대사람 - 횡단중,안전운전불이행,건조,맑음,단일로 - 기타,승용,남,47세,상해없음,보행자,여,45세,중상
2023102400100010,2023년 10월 24일 00시,화요일,경상남도 진주시 상평동,경상사고,0,0,1,0,차대차 - 기타,신호위반,건조,맑음,기타 - 기타,승용,남,43세,상해없음,승용,남,38세,경상
2023102400100046,2023년 10월 24일 05시,화요일,경상남도 김해시 대청동,경상사고,0,0,2,0,차대차 - 측면충돌,안전운전불이행,건조,맑음,교차로 - 교차로부근,승용,여,53세,경상,승용,여,64세,경상
2023102400100056,2023년 10월 24일 06시,화요일,경상남도 사천시 동동,중상사고,0,1,0,0,차대사람 - 횡단중,안전운전불이행,건조,맑음,교차로 - 교차로안,승용,여,52세,상해없음,보행자,여,76세,중상
2023102400100072,2023년 10월 24일 07시,화요일,경상남도 김해시 삼방동,경상사고,0,0,1,0,차대차 - 측면충돌,안전운전불이행,건조,맑음,교차로 - 교차로안,승용,여,48세,상해없음,승용,여,25세,경상
2023102400100073,2023년 10월 24일 07시,화요일,경상남도 창녕군 영산면,중상사고,0,1,0,0,차대차 - 정면충돌,중앙선침범,건조,맑음,단일로 - 기타,승합,남,80세,상해없음,자전거,여,56세,중상
2023102400100163,2023년 10월 24일 09시,화요일,경상남도 창원시 진해구 남문동,경상사고,0,0,6,0,차대차 - 측면충돌,안전운전불이행,건조,맑음,교차로 - 교차로안,승용,남,66세,경상,승합,남,57세,경상
2023102400100164,2023년 10월 24일 09시,화요일,경상남도 김해시 동상동,중상사고,0,1,0,0,차대사람 - 횡단중,보행자보호의무위반,건조,맑음,교차로 - 교차로부근,승용,남,61세,상해없음,보행자,여,87세,중상
2023102400100165,2023년 10월 24일 09시,화요일,경상남도 함안군 가야읍,경상사고,0,0,1,0,차대사람 - 횡단중,안전운전불이행,건조,맑음,교차로 - 교차로부근,승합,여,52세,상해없음,보행자,여,68세,경상
2023102400100182,2023년 10월 24일 10시,화요일,경상남도 밀양시 삼랑진읍,경상사고,0,0,1,0,차대차 - 추돌,안전거리미확보,건조,맑음,단일로 - 기타,화물,남,54세,상해없음,승용,여,25세,경상
2023102400100229,2023년 10월 24일 11시,화요일,경상남도 양산시 북부동,경상사고,0,0,1,0,차대사람 - 차도통행중,안전운전불이행,건조,맑음,교차로 - 교차로안,승용,남,72세,상해없음,보행자,여,73세,경상
2023102400100261,2023년 10월 24일 12시,화요일,경상남도 창원시 진해구 경화동,경상사고,0,0,1,0,차대차 - 추돌,안전운전불이행,건조,맑음,교차로 - 교차로부근,승용,남,39세,상해없음,승용,여,56세,경상
2023102400100262,2023년 10월 24일 12시,화요일,경상남도 창원시 진해구 이동,경상사고,0,0,1,0,차대차 - 기타,기타,건조,맑음,교차로 - 교차로안,승용,여,50세,상해없음,승용,남,65세,경상
2023102400100263,2023년 10월 24일 12시,화요일,경상남도 사천시 동금동,중상사고,0,1,0,0,차대차 - 기타,교차로운행방법위반,건조,맑음,교차로 - 교차로안,승용,남,66세,상해없음,이륜,남,80세,중상
2023102400100264,2023년 10월 24일 12시,화요일,경상남도 밀양시 상남면,경상사고,0,0,1,0,차량단독 - 전도전복 - 전도,안전운전불이행,건조,맑음,교차로 - 교차로안,이륜,남,70세,경상,,,,
2023102400100265,2023년 10월 24일 12시,화요일,경상남도 양산시 물금읍,중상사고,0,1,1,0,차대차 - 추돌,안전운전불이행,건조,맑음,단일로 - 기타,승용,여,56세,경상,승용,여,63세,중상
2023102400100351,2023년 10월 24일 15시,화요일,경상남도 창원시 진해구 석동,중상사고,0,1,1,0,차대차 - 추돌,안전운전불이행,건조,맑음,단일로 - 터널,승용,여,32세,상해없음,승용,남,65세,중상
2023102400100352,2023년 10월 24일 15시,화요일,경상남도 밀양시 내이동,경상사고,0,0,1,0,차대차 - 측면충돌,교차로운행방법위반,건조,맑음,교차로 - 교차로안,승용,남,57세,상해없음,자전거,여,60세,경상
2023102400100353,2023년 10월 24일 15시,화요일,경상남도 거창군 거창읍,경상사고,0,0,1,0,차대차 - 정면충돌,중앙선침범,건조,맑음,단일로 - 기타,화물,남,82세,상해없음,승합,여,36세,경상
2023102400100354,2023년 10월 24일 15시,화요일,경상남도 합천군 대양면,경상사고,0,0,1,0,차대차 - 추돌,안전운전불이행,건조,맑음,단일로 - 기타,화물,남,69세,경상,농기계,남,69세,상해없음
2023102400100355,2023년 10월 24일 15시,화요일,경상남도 양산시 물금읍,중상사고,0,1,0,0,차대차 - 기타,신호위반,건조,맑음,교차로 - 교차로안,화물,남,65세,상해없음,이륜,남,31세,중상
2023102400100356,2023년 10월 24일 15시,화요일,경상남도 김해시 풍유동,중상사고,0,2,0,0,차대차 - 추돌,안전운전불이행,건조,맑음,단일로 - 기타,승용,여,62세,상해없음,승용,여,58세,중상
2023102400100407,2023년 10월 24일 16시,화요일,경상남도 진주시 칠암동,경상사고,0,0,1,0,차대차 - 추돌,안전운전불이행,건조,맑음,단일로 - 기타,승용,남,70세,상해없음,승용,여,43세,경상
2023102400100408,2023년 10월 24일 16시,화요일,경상남도 창녕군 창녕읍,사망사고,1,0,0,0,차대사람 - 횡단중,안전운전불이행,건조,맑음,단일로 - 기타,이륜,남,45세,상해없음,보행자,여,82세,사망
2023102400100442,2023년 10월 24일 17시,화요일,경상남도 창원시 마산합포구 교방동,중상사고,0,1,0,0,차대사람 - 차도통행중,안전운전불이행,건조,맑음,단일로 - 기타,승용,남,73세,상해없음,보행자,남,9세,중상
2023102400100443,2023년 10월 24일 17시,화요일,경상남도 사천시 용현면,경상사고,0,0,1,0,차대차 - 기타,안전거리미확보,건조,맑음,교차로 - 교차로부근,승용,남,60세,상해없음,승용,여,26세,경상
2023102400100444,2023년 10월 24일 17시,화요일,경상남도 거제시 장평동,부상신고사고,0,0,0,2,차대차 - 측면충돌,교차로운행방법위반,건조,맑음,교차로 - 교차로안,이륜,남,28세,부상신고,이륜,남,48세,부상신고
2023102400100499,2023년 10월 24일 18시,화요일,경상남도 창원시 진해구 풍호동,경상사고,0,0,1,0,차대사람 - 기타,안전운전불이행,건조,맑음,교차로 - 교차로안,승용,여,66세,상해없음,보행자,남,78세,경상
2023102400100500,2023년 10월 24일 18시,화요일,경상남도 통영시 무전동,경상사고,0,0,2,0,차대차 - 기타,신호위반,건조,맑음,교차로 - 교차로안,승용,여,58세,상해없음,이륜,남,24세,경상
2023102400100501,2023년 10월 24일 18시,화요일,경상남도 양산시 물금읍,경상사고,0,0,1,0,차대차 - 측면충돌,신호위반,건조,맑음,교차로 - 교차로안,이륜,남,45세,상해없음,승용,남,40세,경상
2023102400100547,2023년 10월 24일 19시,화요일,경상남도 양산시 물금읍,중상사고,0,1,0,0,차대차 - 측면충돌,신호위반,건조,맑음,교차로 - 교차로안,이륜,남,32세,중상,승용,남,27세,상해없음
2023102400100572,2023년 10월 24일 20시,화요일,경상남도 창원시 성산구 신촌동,경상사고,0,0,1,0,차대사람 - 기타,안전운전불이행,건조,맑음,단일로 - 기타,승용,남,59세,상해없음,보행자,남,37세,경상
2023102400100600,2023년 10월 24일 21시,화요일,경상남도 양산시 삼호동,중상사고,0,1,0,0,차대차 - 측면충돌,중앙선침범,건조,맑음,교차로 - 교차로부근,원동기,남,24세,중상,승용,남,44세,상해없음
2023102500100029,2023년 10월 25일 06시,수요일,경상남도 사천시 용현면,경상사고,0,0,2,0,차대차 - 추돌,안전운전불이행,건조,맑음,교차로 - 교차로부근,화물,남,62세,상해없음,승용,남,76세,경상