사고번호,사고일시,요일,시군구,사고내용,사망자수,중상자수,경상자수,부상신고자수,사고유형,법규위반,노면상태,기상상태,도로형태,가해운전자 차종,가해운전자 성별,가해운전자 연령,가해운전자 상해정도,피해운전자 차종,피해운전자 성별,피해운전자 연령,피해운전자 상해정도
2023102800100390,2023년 10월 28일 15시,토요일,경상남도 김해시 어방동,경상사고,0,0,1,0,차대차 - 측면충돌,안전운전불이행,건조,맑음,교차로 - 교차로안,이륜,남,36세,상해없음,승용,남,63세,경상
2023102800100391,2023년 10월 28일 15시,토요일,경상남도 김해시 대청동,중상사고,0,1,1,0,차대차 - 추돌,안전운전불이행,건조,맑음,단일로 - 기타,승용,남,73세,상해없음,승용,여,55세,중상
2023102800100428,2023년 10월 28일 16시,토요일,경상남도 고성군 동해면,중상사고,0,1,0,0,차대차 - 정면충돌,중앙선침범,건조,맑음,단일로 - 기타,이륜,남,41세,중상,승용,남,46세,상해없음
2023102800100429,2023년 10월 28일 16시,토요일,경상남도 창원시 마산회원구 합성동,경상사고,0,0,1,0,차대사람 - 기타,기타,건조,맑음,단일로 - 기타,이륜,남,16세,기타불명,보행자,여,25세,경상
2023102800100464,2023년 10월 28일 17시,토요일,경상남도 창원시 진해구 태백동,경상사고,0,0,1,0,차대차 - 기타,안전운전불이행,건조,맑음,단일로 - 기타,승용,남,33세,상해없음,승용,남,40세,경상
2023102800100465,2023년 10월 28일 17시,토요일,경상남도 밀양시 내일동,중상사고,0,1,0,0,차대사람 - 횡단중,보행자보호의무위반,건조,맑음,단일로 - 기타,화물,남,64세,상해없음,보행자,남,76세,중상
2023102800100466,2023년 10월 28일 17시,토요일,경상남도 거창군 가조면,중상사고,0,1,0,0,차대차 - 측면충돌,직진우회전진행방해,건조,맑음,교차로 - 교차로안,이륜,남,79세,중상,승용,남,32세,상해없음
2023102800100467,2023년 10월 28일 17시,토요일,경상남도 창원시 의창구 명서동,중상사고,0,1,1,0,차대차 - 정면충돌,신호위반,건조,맑음,교차로 - 교차로안,승용,여,66세,상해없음,원동기,남,29세,중상
2023102800100523,2023년 10월 28일 18시,토요일,경상남도 창원시 진해구 자은동,경상사고,0,0,2,0,차대차 - 측면충돌,안전운전불이행,건조,맑음,교차로 - 교차로부근,특수,남,66세,상해없음,승용,남,61세,경상
2023102800100524,2023년 10월 28일 18시,토요일,경상남도 통영시 도남동,경상사고,0,0,1,0,차대사람 - 횡단중,안전운전불이행,건조,맑음,교차로 - 교차로안,기타불명,기타불명,미분류,기타불명,보행자,남,62세,경상
2023102800100525,2023년 10월 28일 18시,토요일,경상남도 하동군 옥종면,중상사고,0,1,0,0,차대사람 - 기타,안전운전불이행,건조,맑음,단일로 - 기타,승용,남,66세,상해없음,보행자,남,71세,중상
2023102800100526,2023년 10월 28일 18시,토요일,경상남도 함안군 가야읍,중상사고,0,1,0,0,차대차 - 정면충돌,중앙선침범,건조,맑음,단일로 - 기타,승용,남,29세,상해없음,이륜,남,32세,중상
2023102800100527,2023년 10월 28일 18시,토요일,경상남도 창원시 의창구 팔용동,경상사고,0,0,1,0,차대사람 - 기타,안전운전불이행,건조,맑음,단일로 - 기타,승용,남,33세,상해없음,보행자,여,63세,경상
2023102800100570,2023년 10월 28일 19시,토요일,경상남도 창원시 진해구 경화동,부상신고사고,0,0,0,1,차대차 - 정면충돌,중앙선침범,건조,맑음,교차로 - 교차로부근,이륜,남,81세,부상신고,승용,남,30세,상해없음
2023102800100605,2023년 10월 28일 21시,토요일,경상남도 거제시 하청면,경상사고,0,0,2,0,차대사람 - 기타,안전운전불이행,건조,맑음,단일로 - 기타,승용,남,60세,상해없음,보행자,남,64세,경상
2023102800100606,2023년 10월 28일 21시,토요일,경상남도 의령군 가례면,중상사고,0,1,0,0,차대차 - 추돌,안전운전불이행,건조,맑음,단일로 - 기타,승용,여,36세,상해없음,화물,남,64세,중상
2023102800100607,2023년 10월 28일 21시,토요일,경상남도 김해시 율하동,경상사고,0,0,2,0,차대차 - 기타,신호위반,건조,맑음,교차로 - 교차로안,승용,여,44세,상해없음,승용,여,43세,경상
2023102800100625,2023년 10월 28일 22시,토요일,경상남도 양산시 평산동,경상사고,0,0,1,0,차대차 - 기타,안전운전불이행,건조,맑음,교차로 - 교차로안,이륜,남,60세,상해없음,이륜,남,31세,경상
2023102900100005,2023년 10월 29일 00시,일요일,경상남도 통영시 용남면,부상신고사고,0,0,0,1,차량단독 - 전도전복 - 전도,기타,건조,맑음,단일로 - 기타,이륜,남,31세,부상신고,,,,
2023102900100006,2023년 10월 29일 00시,일요일,경상남도 창원시 의창구 사림동,중상사고,0,1,2,0,차대차 - 측면충돌,신호위반,건조,맑음,교차로 - 교차로안,승용,남,43세,상해없음,승용,남,55세,중상
2023102900100031,2023년 10월 29일 03시,일요일,경상남도 진주시 유곡동,경상사고,0,0,1,0,차대차 - 측면충돌,안전거리미확보,건조,맑음,단일로 - 기타,승용,여,28세,상해없음,승용,남,53세,경상
2023102900100055,2023년 10월 29일 06시,일요일,경상남도 의령군 칠곡면,경상사고,0,0,1,0,차대차 - 측면충돌,안전거리미확보,건조,맑음,교차로 - 교차로부근,승용,여,61세,상해없음,자전거,남,54세,경상
2023102900100117,2023년 10월 29일 10시,일요일,경상남도 창원시 의창구 동읍,경상사고,0,0,2,0,차대차 - 추돌,안전거리미확보,건조,맑음,단일로 - 기타,승용,남,54세,상해없음,승용,남,55세,경상
2023102900100145,2023년 10월 29일 11시,일요일,경상남도 양산시 원동면,경상사고,0,0,1,0,차대차 - 측면충돌,안전운전불이행,건조,맑음,교차로 - 교차로안,승용,여,74세,상해없음,승용,여,69세,경상
2023102900100146,2023년 10월 29일 11시,일요일,경상남도 고성군 회화면,중상사고,0,1,0,0,차량단독 - 공작물충돌,안전운전불이행,건조,맑음,단일로 - 기타,승용,여,23세,상해없음,,,,
2023102900100147,2023년 10월 29일 11시,일요일,경상남도 하동군 양보면,부상신고사고,0,0,0,1,차량단독 - 기타,안전운전불이행,건조,맑음,단일로 - 기타,승용,여,54세,부상신고,,,,
2023102900100171,2023년 10월 29일 12시,일요일,경상남도 통영시 용남면,경상사고,0,0,2,0,차대차 - 추돌,안전거리미확보,건조,맑음,기타 - 기타,승용,여,23세,상해없음,승용,여,36세,경상
2023102900100210,2023년 10월 29일 13시,일요일,경상남도 창원시 마산합포구 남성동,부상신고사고,0,0,0,1,차대차 - 측면충돌,안전운전불이행,건조,맑음,교차로 - 교차로부근,이륜,남,30세,부상신고,승용,여,65세,상해없음
2023102900100211,2023년 10월 29일 13시,일요일,경상남도 거창군 거창읍,경상사고,0,0,1,0,차대차 - 측면충돌,안전운전불이행,건조,맑음,교차로 - 교차로안,농기계,남,80세,상해없음,화물,남,63세,경상
2023102900100212,2023년 10월 29일 13시,일요일,경상남도 창원시 성산구 중앙동,경상사고,0,0,1,0,차대사람 - 기타,안전운전불이행,건조,맑음,교차로 - 교차로안,승용,여,20세,상해없음,보행자,남,62세,경상
2023102900100213,2023년 10월 29일 13시,일요일,경상남도 창원시 마산회원구 석전동,경상사고,0,0,1,0,차량단독 - 기타,안전운전불이행,건조,맑음,단일로 - 기타,승합,남,63세,상해없음,,,,
2023102900100293,2023년 10월 29일 15시,일요일,경상남도 사천시 용현면,중상사고,0,2,0,0,차대차 - 측면충돌,안전운전불이행,건조,맑음,단일로 - 기타,화물,여,75세,상해없음,승용,남,54세,기타불명
2023102900100295,2023년 10월 29일 15시,일요일,경상남도 창원시 의창구 팔용동,중상사고,0,2,1,0,차대차 - 추돌,안전운전불이행,건조,맑음,단일로 - 기타,승용,남,54세,상해없음,승용,여,31세,중상
2023102900100309,2023년 10월 29일 16시,일요일,경상남도 양산시 하북면,부상신고사고,0,0,0,2,차대차 - 추돌,안전거리미확보,건조,맑음,단일로 - 기타,승용,남,69세,상해없음,승용,여,23세,부상신고
2023102900100333,2023년 10월 29일 16시,일요일,경상남도 창원시 마산회원구 석전동,경상사고,0,0,1,0,차대차 - 추돌,안전운전불이행,건조,맑음,교차로 - 교차로부근,승용,여,35세,상해없음,승용,여,26세,경상
2023102900100365,2023년 10월 29일 17시,일요일,경상남도 밀양시 교동,경상사고,0,0,2,0,차대차 - 추돌,안전운전불이행,건조,맑음,단일로 - 기타,승용,남,58세,상해없음,승용,남,64세,경상
2023102900100366,2023년 10월 29일 17시,일요일,경상남도 거창군 가조면,경상사고,0,0,1,0,차대차 - 측면충돌,불법유턴,건조,맑음,단일로 - 기타,사륜오토바이(ATV),여,71세,경상,화물,남,67세,상해없음
2023102900100367,2023년 10월 29일 17시,일요일,경상남도 고성군 개천면,경상사고,0,0,1,0,차대차 - 측면충돌,중앙선침범,건조,맑음,단일로 - 기타,농기계,남,86세,상해없음,승용,남,45세,경상
2023102900100405,2023년 10월 29일 18시,일요일,경상남도 창원시 진해구 자은동,경상사고,0,0,1,0,차대차 - 정면충돌,중앙선침범,건조,맑음,교차로 - 교차로부근,승용,남,67세,상해없음,원동기,여,40세,경상
2023102900100406,2023년 10월 29일 18시,일요일,경상남도 거창군 거창읍,중상사고,0,1,0,0,차대차 - 측면충돌,안전운전불이행,건조,맑음,교차로 - 교차로안,승용,여,62세,상해없음,이륜,여,64세,중상
2023102900100407,2023년 10월 29일 18시,일요일,경상남도 고성군 상리면,중상사고,0,1,1,0,차대차 - 추돌,안전거리미확보,건조,맑음,교차로 - 교차로부근,이륜,남,49세,중상,승용,남,42세,경상
2023102900100438,2023년 10월 29일 19시,일요일,경상남도 창녕군 남지읍,중상사고,0,1,0,0,차대차 - 측면충돌,안전운전불이행,건조,맑음,교차로 - 교차로안,승용,여,35세,상해없음,이륜,남,85세,중상
2023102900100459,2023년 10월 29일 20시,일요일,경상남도 창원시 마산합포구 해운동,경상사고,0,0,1,0,차대사람 - 기타,안전운전불이행,건조,맑음,단일로 - 기타,승용,남,62세,상해없음,보행자,남,27세,경상
2023102900100460,2023년 10월 29일 20시,일요일,경상남도 창원시 마산회원구 구암동,중상사고,0,1,0,0,차대사람 - 횡단중,안전운전불이행,건조,맑음,단일로 - 기타,승용,남,70세,상해없음,보행자,남,69세,중상
2023102900100499,2023년 10월 29일 22시,일요일,경상남도 창원시 의창구 팔용동,경상사고,0,0,1,0,차대차 - 기타,신호위반,건조,맑음,교차로 - 교차로안,승용,여,30세,상해없음,승용,여,24세,경상
2023103000100041,2023년 10월 30일 06시,월요일,경상남도 창원시 마산회원구 구암동,중상사고,0,1,0,0,차대차 - 추돌,안전운전불이행,건조,맑음,교차로 - 교차로부근,승용,여,55세,상해없음,화물,남,44세,중상
2023103000100059,2023년 10월 30일 07시,월요일,경상남도 진주시 상대동,중상사고,0,1,0,0,차대사람 - 횡단중,안전운전불이행,건조,맑음,교차로 - 교차로횡단보도내,승용,남,56세,상해없음,보행자,여,70세,중상
2023103000100060,2023년 10월 30일 07시,월요일,경상남도 김해시 외동,경상사고,0,0,1,0,차대차 - 기타,안전운전불이행,건조,맑음,단일로 - 기타,승용,여,36세,상해없음,승용,여,40세,경상
2023103000100061,2023년 10월 30일 07시,월요일,경상남도 거제시 일운면,중상사고,0,1,0,0,차대사람 - 기타,안전운전불이행,건조,맑음,기타 - 기타,화물,남,59세,상해없음,보행자,여,85세,중상
2023103000100103,2023년 10월 30일 08시,월요일,경상남도 통영시 용남면,경상사고,0,0,5,0,차대차 - 추돌,안전거리미확보,건조,맑음,단일로 - 기타,화물,남,67세,상해없음,화물,남,75세,경상
2023103000100104,2023년 10월 30일 08시,월요일,경상남도 함양군 함양읍,중상사고,0,1,0,0,차대차 - 기타,안전운전불이행,건조,맑음,교차로 - 교차로안,승용,여,39세,상해없음,이륜,남,71세,중상
2023103000100137,2023년 10월 30일 09시,월요일,경상남도 거제시 고현동,경상사고,0,0,2,0,차대차 - 측면충돌,중앙선침범,건조,맑음,교차로 - 교차로안,이륜,남,25세,경상,승용,여,58세,경상
2023103000100138,2023년 10월 30일 09시,월요일,경상남도 거제시 거제면,경상사고,0,0,1,0,차대차 - 측면충돌,안전운전불이행,건조,맑음,단일로 - 기타,농기계,남,84세,상해없음,승용,여,61세,경상
2023103000100162,2023년 10월 30일 10시,월요일,경상남도 김해시 불암동,경상사고,0,0,2,0,차대차 - 추돌,안전운전불이행,건조,맑음,단일로 - 기타,화물,남,28세,상해없음,승용,여,40세,경상
2023103000100204,2023년 10월 30일 11시,월요일,경상남도 창원시 진해구 마천동,부상신고사고,0,0,0,1,차대차 - 기타,안전운전불이행,건조,맑음,교차로 - 교차로안,승용,남,60세,상해없음,승합,남,59세,상해없음
2023103000100205,2023년 10월 30일 11시,월요일,경상남도 고성군 고성읍,중상사고,0,1,0,0,차대차 - 기타,안전운전불이행,건조,맑음,단일로 - 기타,승용,남,76세,상해없음,승용,여,36세,중상
2023103000100230,2023년 10월 30일 12시,월요일,경상남도 사천시 사남면,중상사고,0,1,2,0,차대차 - 기타,신호위반,건조,맑음,교차로 - 교차로안,화물,남,71세,경상,승용,남,32세,중상
2023103000100231,2023년 10월 30일 12시,월요일,경상남도 창원시 의창구 서상동,중상사고,0,1,0,0,차대차 - 측면충돌,차로위반,건조,맑음,단일로 - 기타,승용,여,68세,상해없음,승용,남,44세,중상
2023103000100262,2023년 10월 30일 13시,월요일,경상남도 사천시 사천읍,중상사고,0,1,0,0,차대차 - 측면충돌,안전운전불이행,건조,맑음,단일로 - 기타,화물,남,42세,상해없음,농기계,남,87세,중상
2023103000100263,2023년 10월 30일 13시,월요일,경상남도 함안군 군북면,경상사고,0,0,1,0,차대사람 - 기타,보행자보호의무위반,건조,맑음,기타 - 기타,승합,남,64세,상해없음,보행자,남,52세,경상
2023103000100264,2023년 10월 30일 13시,월요일,경상남도 김해시 진례면,중상사고,0,1,0,0,차대차 - 측면충돌,안전운전불이행,건조,맑음,교차로 - 교차로안,사륜오토바이(ATV),남,74세,중상,화물,남,33세,상해없음
2023103000100297,2023년 10월 30일 14시,월요일,경상남도 창원시 진해구 남양동,중상사고,0,1,0,0,차대차 - 추돌,안전운전불이행,건조,맑음,단일로 - 기타,화물,남,59세,상해없음,승용,여,43세,중상
2023103000100298,2023년 10월 30일 14시,월요일,경상남도 거제시 문동동,중상사고,0,1,3,0,차대차 - 정면충돌,교차로운행방법위반,건조,맑음,교차로 - 교차로안,승용,여,32세,상해없음,승용,여,61세,중상
2023103000100299,2023년 10월 30일 14시,월요일,경상남도 창원시 의창구 북면,경상사고,0,0,1,0,차대차 - 측면충돌,교차로운행방법위반,건조,맑음,교차로 - 교차로안,승용,여,56세,상해없음,원동기,남,42세,경상
2023103000100344,2023년 10월 30일 15시,월요일,경상남도 밀양시 상동면,중상사고,0,1,1,0,차대차 - 정면충돌,중앙선침범,건조,맑음,단일로 - 기타,화물,남,47세,경상,화물,남,66세,중상
2023103000100345,2023년 10월 30일 15시,월요일,경상남도 합천군 가야면,경상사고,0,0,1,0,차량단독 - 도로외이탈 - 추락,교차로운행방법위반,건조,맑음,교차로 - 교차로안,승용,남,81세,경상,,,,
2023103000100380,2023년 10월 30일 16시,월요일,경상남도 사천시 송포동,경상사고,0,0,1,0,차대차 - 기타,직진우회전진행방해,건조,맑음,교차로 - 교차로안,승용,남,71세,경상,승합,남,57세,상해없음
2023103000100420,2023년 10월 30일 17시,월요일,경상남도 고성군 고성읍,중상사고,0,1,0,0,차대차 - 측면충돌,안전운전불이행,건조,맑음,단일로 - 기타,승용,여,52세,상해없음,개인형이동수단(PM),남,16세,중상
2023103000100421,2023년 10월 30일 17시,월요일,경상남도 창원시 마산회원구 봉암동,경상사고,0,0,1,0,차대차 - 추돌,안전운전불이행,건조,맑음,단일로 - 기타,화물,남,63세,상해없음,승용,남,29세,경상
2023103000100466,2023년 10월 30일 18시,월요일,경상남도 창원시 진해구 덕산동,중상사고,0,1,0,0,차대차 - 기타,신호위반,건조,맑음,교차로 - 교차로안,승용,여,30세,상해없음,화물,남,57세,상해없음
2023103000100467,2023년 10월 30일 18시,월요일,경상남도 양산시 북부동,중상사고,0,1,0,0,차대사람 - 기타,안전운전불이행,건조,맑음,교차로 - 교차로안,승용,남,55세,상해없음,보행자,여,73세,중상
2023103000100468,2023년 10월 30일 18시,월요일,경상남도 거제시 능포동,중상사고,0,1,0,0,차대차 - 측면충돌,안전운전불이행,건조,맑음,교차로 - 교차로안,승용,여,53세,중상,승용,여,57세,상해없음
2023103000100514,2023년 10월 30일 19시,월요일,경상남도 창원시 진해구 석동,중상사고,0,1,0,0,차대차 - 측면충돌,교차로운행방법위반,건조,맑음,교차로 - 교차로안,승용,남,22세,상해없음,이륜,남,43세,중상
2023103000100516,2023년 10월 30일 19시,월요일,경상남도 합천군 대양면,중상사고,0,1,1,0,차대차 - 추돌,안전운전불이행,건조,맑음,단일로 - 기타,승용,여,47세,경상,농기계,남,65세,중상
2023103000100544,2023년 10월 30일 20시,월요일,경상남도 창원시 성산구 사파동,중상사고,0,1,0,0,차대사람 - 차도통행중,안전운전불이행,건조,맑음,교차로 - 교차로안,승용,남,58세,상해없음,보행자,여,30세,중상
2023103000100592,2023년 10월 30일 23시,월요일,경상남도 김해시 부원동,경상사고,0,0,1,0,차대차 - 측면충돌,안전운전불이행,건조,맑음,교차로 - 교차로안,승용,남,34세,상해없음,승합,남,43세,경상
2023103100100030,2023년 10월 31일 02시,화요일,경상남도 함안군 칠원읍,경상사고,0,0,1,0,차대차 - 추돌,안전거리미확보,건조,맑음,단일로 - 기타,특수,남,64세,상해없음,화물,남,52세,경상
2023103100100084,2023년 10월 31일 07시,화요일,경상남도 통영시 북신동,경상사고,0,0,1,0,차대차 - 측면충돌,안전운전불이행,건조,맑음,교차로 - 교차로부근,자전거,남,78세,경상,승용,여,56세,상해없음
2023103100100085,2023년 10월 31일 07시,화요일,경상남도 양산시 북정동,중상사고,0,1,1,0,차대차 - 측면충돌,교차로운행방법위반,건조,맑음,교차로 - 교차로안,승용,남,63세,상해없음,원동기,남,75세,경상
2023103100100115,2023년 10월 31일 08시,화요일,경상남도 창원시 마산합포구 현동,경상사고,0,0,1,0,차대차 - 측면충돌,안전운전불이행,건조,맑음,교차로 - 교차로부근,승용,남,75세,상해없음,승용,남,41세,경상
2023103100100116,2023년 10월 31일 08시,화요일,경상남도 밀양시 용평동,중상사고,0,1,0,0,차대차 - 측면충돌,교차로운행방법위반,건조,맑음,교차로 - 교차로안,승용,여,63세,상해없음,승용,여,63세,중상
2023103100100117,2023년 10월 31일 08시,화요일,경상남도 거제시 장목면,경상사고,0,0,1,0,차대차 - 측면충돌,안전운전불이행,건조,맑음,단일로 - 기타,화물,남,62세,상해없음,승용,남,61세,경상
2023103100100163,2023년 10월 31일 09시,화요일,경상남도 하동군 진교면,경상사고,0,0,1,0,차대차 - 기타,안전운전불이행,건조,맑음,교차로 - 교차로부근,승용,남,54세,상해없음,자전거,남,76세,경상
2023103100100164,2023년 10월 31일 09시,화요일,경상남도 산청군 삼장면,부상신고사고,0,0,0,1,차대사람 - 기타,안전운전불이행,건조,맑음,기타 - 기타,화물,남,64세,상해없음,보행자,여,85세,부상신고
2023103100100197,2023년 10월 31일 10시,화요일,경상남도 거제시 고현동,경상사고,0,0,1,0,차량단독 - 공작물충돌,안전운전불이행,건조,맑음,단일로 - 기타,승용,여,40세,경상,,,,
2023103100100259,2023년 10월 31일 12시,화요일,경상남도 사천시 벌리동,중상사고,0,1,2,0,차대차 - 측면충돌,신호위반,건조,맑음,교차로 - 교차로안,승용,여,65세,경상,승용,남,44세,경상
2023103100100260,2023년 10월 31일 12시,화요일,경상남도 함안군 가야읍,경상사고,0,0,1,0,차대차 - 측면충돌,안전운전불이행,건조,맑음,단일로 - 기타,화물,남,57세,상해없음,자전거,남,87세,경상
2023103100100292,2023년 10월 31일 13시,화요일,경상남도 김해시 대청동,경상사고,0,0,1,0,차량단독 - 공작물충돌,안전운전불이행,건조,맑음,단일로 - 기타,승용,여,60세,경상,,,,
2023103100100327,2023년 10월 31일 14시,화요일,경상남도 창녕군 장마면,경상사고,0,0,1,0,차대차 - 측면충돌,신호위반,건조,맑음,교차로 - 교차로안,화물,남,85세,상해없음,화물,남,70세,경상
2023103100100328,2023년 10월 31일 14시,화요일,경상남도 창원시 마산회원구 회성동,중상사고,0,1,0,0,차대차 - 추돌,안전운전불이행,기타,기타,단일로 - 기타,승용,남,73세,상해없음,자전거,남,63세,중상
2023103100100371,2023년 10월 31일 15시,화요일,경상남도 진주시 가좌동,중상사고,0,1,2,0,차대차 - 정면충돌,신호위반,건조,맑음,교차로 - 교차로안,승용,남,47세,상해없음,승용,여,37세,경상
2023103100100372,2023년 10월 31일 15시,화요일,경상남도 김해시 동상동,경상사고,0,0,1,0,차대차 - 측면충돌,신호위반,건조,맑음,교차로 - 교차로안,승용,여,50세,상해없음,이륜,남,28세,경상
2023103100100373,2023년 10월 31일 15시,화요일,경상남도 김해시 부원동,경상사고,0,0,1,0,차대차 - 측면충돌,안전운전불이행,건조,맑음,단일로 - 기타,기타불명,기타불명,미분류,기타불명,자전거,여,66세,경상
2023103100100374,2023년 10월 31일 15시,화요일,경상남도 양산시 물금읍,부상신고사고,0,0,0,1,차대차 - 측면충돌,안전운전불이행,건조,맑음,교차로 - 교차로안,화물,남,46세,상해없음,승용,남,25세,부상신고
2023103100100375,2023년 10월 31일 15시,화요일,경상남도 양산시 동면,중상사고,0,1,1,0,차대차 - 추돌,안전거리미확보,건조,맑음,단일로 - 기타,승용,남,42세,상해없음,농기계,남,72세,중상
2023103100100397,2023년 10월 31일 16시,화요일,경상남도 통영시 용남면,중상사고,0,1,5,0,차대차 - 추돌,안전거리미확보,건조,맑음,단일로 - 기타,화물,남,69세,상해없음,화물,여,47세,경상
2023103100100398,2023년 10월 31일 16시,화요일,경상남도 사천시 대방동,경상사고,0,0,1,0,차대차 - 측면충돌,직진우회전진행방해,건조,맑음,교차로 - 교차로안,승용,남,69세,상해없음,승용,남,79세,경상
2023103100100399,2023년 10월 31일 16시,화요일,경상남도 창원시 마산회원구 회성동,경상사고,0,0,1,0,차대차 - 추돌,안전운전불이행,기타,기타,단일로 - 기타,승합,남,33세,상해없음,화물,남,49세,경상
2023103100100524,2023년 10월 31일 18시,화요일,경상남도 창원시 진해구 자은동,경상사고,0,0,1,0,차대차 - 측면충돌,교차로운행방법위반,건조,맑음,교차로 - 교차로안,이륜,남,42세,경상,승용,남,35세,상해없음
2023103100100525,2023년 10월 31일 18시,화요일,경상남도 밀양시 하남읍,중상사고,0,1,0,0,차대차 - 추돌,안전운전불이행,건조,맑음,단일로 - 기타,화물,남,73세,상해없음,농기계,남,57세,중상
2023103100100526,2023년 10월 31일 18시,화요일,경상남도 양산시 중부동,부상신고사고,0,0,0,1,차대차 - 측면충돌,안전운전불이행,건조,맑음,교차로 - 교차로안,승용,남,54세,상해없음,원동기,남,26세,부상신고
2023103100100527,2023년 10월 31일 18시,화요일,경상남도 창원시 성산구 남양동,경상사고,0,0,1,0,차대차 - 측면충돌,안전운전불이행,건조,맑음,단일로 - 기타,승합,남,61세,기타불명,승용,남,53세,경상
2023103100100567,2023년 10월 31일 19시,화요일,경상남도 통영시 항남동,경상사고,0,0,1,0,차대차 - 측면충돌,안전운전불이행,건조,맑음,교차로 - 교차로안,이륜,남,39세,경상,승합,남,45세,상해없음
2023103100100568,2023년 10월 31일 19시,화요일,경상남도 김해시 어방동,경상사고,0,0,2,0,차대차 - 측면충돌,신호위반,건조,맑음,교차로 - 교차로안,승용,남,31세,상해없음,이륜,남,24세,경상
2023103100100569,2023년 10월 31일 19시,화요일,경상남도 거제시 장평동,경상사고,0,0,2,0,차대차 - 측면충돌,안전운전불이행,건조,맑음,교차로 - 교차로안,승합,여,36세,상해없음,특수,남,28세,경상
2023103100100570,2023년 10월 31일 19시,화요일,경상남도 함안군 칠원읍,중상사고,0,2,1,0,차대차 - 추돌,안전거리미확보,건조,맑음,단일로 - 기타,화물,남,40세,상해없음,승용,남,27세,경상
2023103100100617,2023년 10월 31일 21시,화요일,경상남도 진주시 계동,경상사고,0,0,1,0,차대사람 - 횡단중,보행자보호의무위반,건조,맑음,교차로 - 교차로안,승용,남,70세,상해없음,보행자,남,19세,경상
2023103100100618,2023년 10월 31일 21시,화요일,경상남도 사천시 사천읍,경상사고,0,0,1,0,차대차 - 추돌,안전운전불이행,건조,맑음,단일로 - 기타,화물,남,63세,상해없음,승용,여,53세,경상
2023103100100631,2023년 10월 31일 22시,화요일,경상남도 창원시 성산구 외동,경상사고,0,0,1,0,차대차 - 측면충돌,안전운전불이행,건조,맑음,단일로 - 기타,승용,남,58세,기타불명,승용,남,32세,경상
2023110100100017,2023년 11월 1일 02시,수요일,경상남도 양산시 동면,경상사고,0,0,2,0,차대차 - 추돌,안전거리미확보,건조,맑음,교차로 - 교차로안,승용,남,50세,상해없음,승용,남,68세,경상
2023110100100053,2023년 11월 1일 06시,수요일,경상남도 양산시 상북면,경상사고,0,0,1,0,차대차 - 기타,안전운전불이행,건조,맑음,교차로 - 교차로안,승용,남,50세,상해없음,승용,남,61세,경상
2023110100100080,2023년 11월 1일 07시,수요일,경상남도 사천시 사천읍,경상사고,0,0,2,0,차대차 - 추돌,안전운전불이행,건조,맑음,단일로 - 기타,승용,남,37세,상해없음,승용,여,45세,경상
2023110100100081,2023년 11월 1일 07시,수요일,경상남도 양산시 중부동,경상사고,0,0,2,0,차대차 - 측면충돌,교차로운행방법위반,건조,맑음,교차로 - 교차로안,승합,남,66세,상해없음,승합,남,72세,상해없음
2023110100100082,2023년 11월 1일 07시,수요일,경상남도 창원시 성산구 가음동,중상사고,0,1,0,0,차대차 - 추돌,안전운전불이행,건조,맑음,단일로 - 기타,승용,남,24세,상해없음,승용,여,46세,중상
2023110100100127,2023년 11월 1일 08시,수요일,경상남도 창원시 진해구 석동,경상사고,0,0,1,0,차대사람 - 횡단중,보행자보호의무위반,건조,맑음,교차로 - 교차로부근,승용,남,77세,상해없음,보행자,여,13세,경상
2023110100100128,2023년 11월 1일 08시,수요일,경상남도 산청군 단성면,경상사고,0,0,1,1,차대차 - 측면충돌,신호위반,건조,맑음,교차로 - 교차로안,승용,남,77세,부상신고,화물,남,54세,경상
2023110100100129,2023년 11월 1일 08시,수요일,경상남도 김해시 신문동,중상사고,0,1,0,0,차대차 - 측면충돌,신호위반,건조,맑음,교차로 - 교차로안,화물,남,57세,상해없음,승용,남,24세,중상
2023110100100165,2023년 11월 1일 09시,수요일,경상남도 창녕군 남지읍,중상사고,0,1,0,0,차대사람 - 기타,안전운전불이행,건조,맑음,단일로 - 기타,승용,여,47세,기타불명,보행자,여,84세,중상
2023110100100166,2023년 11월 1일 09시,수요일,경상남도 창녕군 대합면,중상사고,0,1,0,0,차대차 - 기타,안전운전불이행,건조,맑음,교차로 - 교차로안,원동기,남,78세,중상,승용,남,49세,상해없음
2023110100100194,2023년 11월 1일 10시,수요일,경상남도 창원시 진해구 중평동,경상사고,0,0,1,0,차대차 - 측면충돌,안전운전불이행,건조,맑음,교차로 - 교차로안,승용,여,41세,상해없음,자전거,남,66세,경상
2023110100100223,2023년 11월 1일 11시,수요일,경상남도 창원시 진해구 태평동,중상사고,0,1,0,0,차대차 - 정면충돌,신호위반,건조,맑음,교차로 - 교차로횡단보도내,승용,여,48세,상해없음,자전거,남,69세,중상
2023110100100224,2023년 11월 1일 11시,수요일,경상남도 창원시 마산합포구 산호동,경상사고,0,0,1,0,차대차 - 정면충돌,안전운전불이행,건조,맑음,단일로 - 기타,승용,여,27세,상해없음,자전거,여,38세,경상