사고번호,사고일시,요일,시군구,사고내용,사망자수,중상자수,경상자수,부상신고자수,사고유형,법규위반,노면상태,기상상태,도로형태,가해운전자 차종,가해운전자 성별,가해운전자 연령,가해운전자 상해정도,피해운전자 차종,피해운전자 성별,피해운전자 연령,피해운전자 상해정도
2023110500100299,2023년 11월 5일 17시,일요일,경상남도 고성군 고성읍,경상사고,0,0,2,0,차대차 - 측면충돌,교차로운행방법위반,건조,맑음,교차로 - 교차로안,화물,여,61세,경상,화물,남,60세,경상
2023110500100300,2023년 11월 5일 17시,일요일,경상남도 창원시 마산회원구 구암동,경상사고,0,0,2,0,차대차 - 정면충돌,신호위반,젖음/습기,비,단일로 - 기타,승용,남,68세,경상,승용,남,62세,경상
2023110500100372,2023년 11월 5일 19시,일요일,경상남도 양산시 물금읍,경상사고,0,0,1,0,차대차 - 측면충돌,안전운전불이행,건조,맑음,교차로 - 교차로안,승용,여,50세,상해없음,특수,남,61세,경상
2023110500100401,2023년 11월 5일 20시,일요일,경상남도 진주시 인사동,중상사고,0,1,0,0,차대사람 - 기타,안전운전불이행,젖음/습기,비,단일로 - 기타,승용,남,33세,상해없음,보행자,여,40세,중상
2023110500100441,2023년 11월 5일 22시,일요일,경상남도 창원시 진해구 경화동,경상사고,0,0,1,0,차대차 - 측면충돌,안전운전불이행,젖음/습기,비,교차로 - 교차로안,승용,남,45세,상해없음,원동기,남,21세,경상
2023110500100455,2023년 11월 5일 23시,일요일,경상남도 창원시 성산구 반림동,경상사고,0,0,2,0,차대차 - 측면충돌,안전운전불이행,젖음/습기,비,교차로 - 교차로부근,승용,남,30세,상해없음,승용,여,41세,경상
2023110600100030,2023년 11월 6일 04시,월요일,경상남도 양산시 덕계동,중상사고,0,1,0,1,차대차 - 측면충돌,안전거리미확보,젖음/습기,비,단일로 - 기타,승용,남,36세,부상신고,승용,남,64세,중상
2023110600100041,2023년 11월 6일 05시,월요일,경상남도 사천시 동금동,중상사고,0,1,0,0,차대차 - 측면충돌,신호위반,건조,맑음,교차로 - 교차로안,화물,남,69세,상해없음,승용,남,75세,중상
2023110600100060,2023년 11월 6일 06시,월요일,경상남도 김해시 구산동,경상사고,0,0,1,0,차대차 - 정면충돌,중앙선침범,건조,맑음,단일로 - 기타,승용,남,62세,상해없음,화물,남,41세,경상
2023110600100061,2023년 11월 6일 06시,월요일,경상남도 거제시 사등면,경상사고,0,0,1,0,차대차 - 기타,안전거리미확보,젖음/습기,비,단일로 - 기타,승용,남,33세,상해없음,승용,여,60세,경상
2023110600100096,2023년 11월 6일 07시,월요일,경상남도 창원시 의창구 북면,중상사고,0,1,0,0,차대차 - 정면충돌,직진우회전진행방해,젖음/습기,비,교차로 - 교차로안,승용,남,53세,상해없음,승용,여,62세,중상
2023110600100097,2023년 11월 6일 07시,월요일,경상남도 김해시 진영읍,경상사고,0,0,2,1,차대차 - 측면충돌,직진우회전진행방해,젖음/습기,비,교차로 - 교차로안,원동기,남,24세,부상신고,승용,여,51세,경상
2023110600100145,2023년 11월 6일 08시,월요일,경상남도 밀양시 삼랑진읍,중상사고,0,1,0,0,차대차 - 정면충돌,안전운전불이행,젖음/습기,비,교차로 - 교차로안,화물,남,60세,상해없음,승용,여,63세,중상
2023110600100146,2023년 11월 6일 08시,월요일,경상남도 거제시 옥포동,경상사고,0,0,1,0,차대차 - 기타,안전거리미확보,젖음/습기,비,단일로 - 기타,승용,여,40세,상해없음,승합,여,50세,경상
2023110600100147,2023년 11월 6일 08시,월요일,경상남도 창원시 성산구 성주동,경상사고,0,0,1,0,차대차 - 추돌,안전운전불이행,젖음/습기,비,기타 - 기타,화물,남,46세,상해없음,승용,여,31세,경상
2023110600100186,2023년 11월 6일 09시,월요일,경상남도 거창군 거창읍,경상사고,0,0,1,0,차대차 - 정면충돌,교차로운행방법위반,젖음/습기,비,교차로 - 교차로안,자전거,남,65세,경상,이륜,남,51세,상해없음
2023110600100187,2023년 11월 6일 09시,월요일,경상남도 합천군 합천읍,중상사고,0,1,0,0,차대차 - 측면충돌,교차로운행방법위반,건조,맑음,교차로 - 교차로안,승용,남,71세,상해없음,이륜,여,73세,중상
2023110600100188,2023년 11월 6일 09시,월요일,경상남도 의령군 대의면,경상사고,0,0,1,0,차량단독 - 공작물충돌,안전운전불이행,젖음/습기,흐림,단일로 - 기타,승용,여,44세,경상,,,,
2023110600100189,2023년 11월 6일 09시,월요일,경상남도 창원시 의창구 봉곡동,경상사고,0,0,1,0,차대차 - 추돌,안전거리미확보,건조,맑음,교차로 - 교차로부근,승용,남,52세,상해없음,승용,여,53세,경상
2023110600100190,2023년 11월 6일 09시,월요일,경상남도 창원시 의창구 팔용동,경상사고,0,0,1,0,차대차 - 추돌,안전거리미확보,건조,맑음,단일로 - 기타,승용,남,31세,상해없음,승용,남,66세,경상
2023110600100221,2023년 11월 6일 10시,월요일,경상남도 진주시 충무공동,중상사고,0,2,0,0,차량단독 - 기타,안전운전불이행,건조,맑음,단일로 - 기타,승합,남,54세,상해없음,,,,
2023110600100222,2023년 11월 6일 10시,월요일,경상남도 밀양시 상남면,경상사고,0,0,1,0,차대차 - 측면충돌,신호위반,건조,맑음,교차로 - 교차로안,화물,남,40세,상해없음,승용,남,65세,경상
2023110600100223,2023년 11월 6일 10시,월요일,경상남도 양산시 동면,경상사고,0,0,1,0,차대차 - 추돌,안전거리미확보,건조,맑음,교차로 - 교차로부근,승용,여,38세,상해없음,승용,여,40세,경상
2023110600100248,2023년 11월 6일 11시,월요일,경상남도 김해시 대동면,중상사고,0,1,0,0,차대차 - 측면충돌,안전운전불이행,건조,흐림,단일로 - 기타,화물,남,70세,상해없음,건설기계,남,47세,중상
2023110600100268,2023년 11월 6일 12시,월요일,경상남도 밀양시 내이동,경상사고,0,0,2,0,차량단독 - 기타,안전운전불이행,건조,맑음,단일로 - 기타,승합,남,59세,상해없음,,,,
2023110600100300,2023년 11월 6일 13시,월요일,경상남도 통영시 도남동,중상사고,0,1,0,0,차대차 - 정면충돌,안전운전불이행,건조,맑음,교차로 - 교차로안,승용,여,64세,상해없음,이륜,남,40세,중상
2023110600100328,2023년 11월 6일 14시,월요일,경상남도 창원시 성산구 사파동,경상사고,0,0,1,0,차대사람 - 기타,보행자보호의무위반,건조,맑음,기타 - 기타,승용,남,76세,상해없음,보행자,남,10세,경상
2023110600100329,2023년 11월 6일 14시,월요일,경상남도 김해시 진영읍,경상사고,0,0,1,0,차대차 - 측면충돌,신호위반,건조,맑음,교차로 - 교차로안,자전거,남,79세,경상,승용,여,61세,상해없음
2023110600100356,2023년 11월 6일 15시,월요일,경상남도 창원시 진해구 장천동,경상사고,0,0,1,0,차대사람 - 횡단중,신호위반,건조,맑음,교차로 - 교차로횡단보도내,승용,여,53세,상해없음,보행자,여,40세,경상
2023110600100357,2023년 11월 6일 15시,월요일,경상남도 양산시 물금읍,경상사고,0,0,1,0,차대차 - 기타,안전거리미확보,건조,맑음,단일로 - 기타,승용,여,56세,상해없음,승합,남,51세,경상
2023110600100358,2023년 11월 6일 15시,월요일,경상남도 양산시 북정동,중상사고,0,1,0,0,차량단독 - 기타,안전운전불이행,건조,맑음,단일로 - 기타,승합,남,54세,상해없음,,,,
2023110600100359,2023년 11월 6일 15시,월요일,경상남도 의령군 칠곡면,중상사고,0,4,5,0,차대차 - 추돌,기타,건조,맑음,단일로 - 기타,승합,남,74세,상해없음,승용,여,51세,경상
2023110600100377,2023년 11월 6일 16시,월요일,경상남도 양산시 산막동,부상신고사고,0,0,0,1,차대차 - 기타,안전거리미확보,건조,맑음,단일로 - 기타,승용,남,66세,상해없음,화물,남,54세,부상신고
2023110600100397,2023년 11월 6일 16시,월요일,경상남도 하동군 하동읍,경상사고,0,0,1,0,차대사람 - 횡단중,안전운전불이행,건조,맑음,기타 - 기타,승용,남,81세,상해없음,보행자,남,15세,경상
2023110600100442,2023년 11월 6일 17시,월요일,경상남도 진주시 상대동,경상사고,0,0,1,0,차대차 - 측면충돌,안전운전불이행,건조,맑음,교차로 - 교차로안,승용,남,65세,상해없음,승용,여,31세,경상
2023110600100443,2023년 11월 6일 17시,월요일,경상남도 사천시 서포면,경상사고,0,0,2,0,차대차 - 측면충돌,기타,건조,맑음,교차로 - 교차로안,승용,남,26세,경상,승용,남,29세,경상
2023110600100444,2023년 11월 6일 17시,월요일,경상남도 창원시 의창구 사림동,경상사고,0,0,1,0,차대차 - 기타,안전운전불이행,건조,맑음,교차로 - 교차로안,승용,남,64세,상해없음,이륜,남,47세,경상
2023110600100504,2023년 11월 6일 18시,월요일,경상남도 창원시 진해구 경화동,중상사고,0,1,1,0,차대사람 - 보도통행중,안전운전불이행,건조,맑음,교차로 - 교차로부근,승용,남,62세,경상,보행자,남,16세,중상
2023110600100505,2023년 11월 6일 18시,월요일,경상남도 고성군 거류면,중상사고,0,1,1,0,차대차 - 측면충돌,안전운전불이행,건조,맑음,단일로 - 기타,이륜,남,62세,경상,사륜오토바이(ATV),여,74세,중상
2023110600100554,2023년 11월 6일 19시,월요일,경상남도 창원시 마산합포구 창포동3가,중상사고,0,1,0,0,차대사람 - 횡단중,안전운전불이행,건조,맑음,단일로 - 기타,이륜,남,45세,상해없음,보행자,여,33세,중상
2023110600100555,2023년 11월 6일 19시,월요일,경상남도 김해시 외동,중상사고,0,1,0,0,차대차 - 측면충돌,교차로운행방법위반,건조,맑음,교차로 - 교차로안,승용,여,23세,상해없음,이륜,남,29세,중상
2023110600100556,2023년 11월 6일 19시,월요일,경상남도 양산시 물금읍,중상사고,0,3,1,0,차대차 - 추돌,안전운전불이행,건조,맑음,교차로 - 교차로부근,승용,여,35세,상해없음,승용,남,56세,중상
2023110600100557,2023년 11월 6일 19시,월요일,경상남도 창원시 의창구 도계동,경상사고,0,0,1,0,차대사람 - 횡단중,안전운전불이행,건조,맑음,단일로 - 기타,이륜,남,30세,상해없음,보행자,여,30세,경상
2023110600100558,2023년 11월 6일 19시,월요일,경상남도 창원시 의창구 팔용동,경상사고,0,0,1,0,차대차 - 추돌,안전운전불이행,건조,맑음,단일로 - 기타,승용,남,62세,상해없음,승용,남,56세,경상
2023110600100589,2023년 11월 6일 20시,월요일,경상남도 창원시 마산합포구 자산동,경상사고,0,0,1,0,차대차 - 측면충돌,신호위반,건조,맑음,교차로 - 교차로부근,승용,여,41세,상해없음,승용,남,29세,경상
2023110600100590,2023년 11월 6일 20시,월요일,경상남도 김해시 한림면,경상사고,0,0,2,0,차대차 - 측면충돌,안전운전불이행,건조,맑음,교차로 - 교차로안,승용,남,46세,상해없음,승용,남,48세,경상
2023110700100023,2023년 11월 7일 03시,화요일,경상남도 창원시 마산합포구 월포동,중상사고,0,1,0,0,차대차 - 추돌,안전운전불이행,건조,맑음,단일로 - 기타,승용,남,37세,중상,승합,남,58세,기타불명
2023110700100039,2023년 11월 7일 05시,화요일,경상남도 양산시 동면,경상사고,0,0,2,0,차대차 - 추돌,안전운전불이행,건조,맑음,단일로 - 기타,화물,남,68세,경상,건설기계,남,55세,경상
2023110700100070,2023년 11월 7일 07시,화요일,경상남도 창원시 진해구 석동,중상사고,0,1,0,0,차대사람 - 횡단중,안전운전불이행,건조,맑음,단일로 - 기타,승용,남,21세,상해없음,보행자,여,70세,중상
2023110700100071,2023년 11월 7일 07시,화요일,경상남도 사천시 송포동,경상사고,0,0,1,0,차대차 - 추돌,안전운전불이행,건조,맑음,단일로 - 기타,승용,남,44세,상해없음,화물,남,51세,경상
2023110700100089,2023년 11월 7일 08시,화요일,경상남도 양산시 동면,중상사고,0,1,1,3,차대차 - 기타,안전거리미확보,건조,맑음,단일로 - 기타,승용,여,64세,상해없음,승용,여,57세,중상
2023110700100090,2023년 11월 7일 08시,화요일,경상남도 김해시 대동면,중상사고,0,5,18,7,차대차 - 측면충돌,안전거리미확보,건조,맑음,단일로 - 기타,화물,남,45세,상해없음,승합,남,65세,경상
2023110700100123,2023년 11월 7일 08시,화요일,경상남도 김해시 삼계동,경상사고,0,0,1,0,차대차 - 추돌,안전운전불이행,건조,맑음,단일로 - 기타,승용,여,51세,상해없음,승합,남,61세,경상
2023110700100124,2023년 11월 7일 08시,화요일,경상남도 창원시 의창구 퇴촌동,중상사고,0,1,0,0,차대차 - 추돌,안전운전불이행,건조,맑음,단일로 - 기타,승용,여,39세,상해없음,승용,남,57세,중상
2023110700100158,2023년 11월 7일 09시,화요일,경상남도 김해시 상동면,경상사고,0,0,1,0,차대차 - 기타,안전거리미확보,건조,맑음,교차로 - 교차로부근,승용,여,75세,상해없음,특수,남,43세,경상
2023110700100159,2023년 11월 7일 09시,화요일,경상남도 김해시 어방동,경상사고,0,0,2,0,차대차 - 측면충돌,안전운전불이행,건조,맑음,기타 - 기타,승용,남,70세,상해없음,승용,남,55세,경상
2023110700100160,2023년 11월 7일 09시,화요일,경상남도 창원시 마산회원구 석전동,중상사고,0,1,0,0,차대사람 - 보도통행중,보행자보호의무위반,건조,맑음,교차로 - 교차로횡단보도내,승용,남,28세,상해없음,보행자,남,60세,중상
2023110700100202,2023년 11월 7일 10시,화요일,경상남도 통영시 무전동,경상사고,0,0,4,0,차대차 - 추돌,안전운전불이행,건조,맑음,단일로 - 터널,승용,남,56세,기타불명,승용,여,49세,경상
2023110700100248,2023년 11월 7일 11시,화요일,경상남도 창원시 의창구 팔용동,경상사고,0,0,1,0,차대사람 - 기타,안전운전불이행,건조,맑음,단일로 - 기타,화물,남,39세,상해없음,보행자,여,31세,경상
2023110700100285,2023년 11월 7일 12시,화요일,경상남도 진주시 신안동,중상사고,0,1,0,0,차대차 - 측면충돌,직진우회전진행방해,건조,맑음,교차로 - 교차로안,승용,남,38세,상해없음,이륜,남,46세,중상
2023110700100286,2023년 11월 7일 12시,화요일,경상남도 창원시 마산회원구 회성동,경상사고,0,0,1,0,차대차 - 측면충돌,안전운전불이행,건조,맑음,교차로 - 교차로부근,승용,여,69세,상해없음,승용,여,57세,경상
2023110700100287,2023년 11월 7일 12시,화요일,경상남도 창원시 의창구 북면,경상사고,0,0,1,0,차대차 - 측면충돌,신호위반,건조,맑음,단일로 - 기타,승용,여,33세,상해없음,화물,남,47세,경상
2023110700100288,2023년 11월 7일 12시,화요일,경상남도 김해시 진례면,경상사고,0,0,1,0,차대차 - 측면충돌,중앙선침범,건조,맑음,단일로 - 기타,건설기계,남,69세,상해없음,승용,여,54세,경상
2023110700100324,2023년 11월 7일 13시,화요일,경상남도 진주시 인사동,경상사고,0,0,4,0,차대차 - 추돌,안전운전불이행,건조,맑음,단일로 - 기타,승용,남,59세,상해없음,승용,여,37세,경상
2023110700100325,2023년 11월 7일 13시,화요일,경상남도 합천군 대병면,사망사고,1,0,0,0,차량단독 - 도로외이탈 - 추락,안전운전불이행,건조,맑음,단일로 - 기타,농기계,남,68세,사망,,,,
2023110700100326,2023년 11월 7일 13시,화요일,경상남도 양산시 삼호동,부상신고사고,0,0,0,1,차대사람 - 횡단중,보행자보호의무위반,건조,맑음,교차로 - 교차로안,화물,남,74세,상해없음,보행자,남,76세,부상신고
2023110700100362,2023년 11월 7일 14시,화요일,경상남도 산청군 시천면,경상사고,0,0,1,2,차대차 - 측면충돌,직진우회전진행방해,건조,맑음,교차로 - 교차로안,화물,남,60세,경상,승용,남,58세,부상신고
2023110700100444,2023년 11월 7일 16시,화요일,경상남도 김해시 무계동,중상사고,0,1,0,0,차대사람 - 횡단중,안전운전불이행,건조,맑음,단일로 - 기타,승용,남,49세,상해없음,보행자,여,71세,중상
2023110700100497,2023년 11월 7일 17시,화요일,경상남도 진주시 강남동,중상사고,0,1,0,0,차대차 - 측면충돌,안전운전불이행,건조,맑음,단일로 - 기타,승용,남,44세,상해없음,자전거,여,66세,중상
2023110700100499,2023년 11월 7일 17시,화요일,경상남도 김해시 구산동,경상사고,0,0,1,0,차대차 - 기타,안전운전불이행,건조,맑음,교차로 - 교차로횡단보도내,승용,여,60세,상해없음,자전거,남,69세,경상
2023110700100553,2023년 11월 7일 18시,화요일,경상남도 창원시 진해구 이동,중상사고,0,1,1,0,차대차 - 정면충돌,안전운전불이행,건조,맑음,교차로 - 교차로안,승용,여,49세,경상,이륜,남,29세,중상
2023110700100556,2023년 11월 7일 18시,화요일,경상남도 고성군 거류면,중상사고,0,1,2,0,차대차 - 기타,중앙선침범,건조,맑음,단일로 - 기타,승용,여,68세,경상,승용,남,37세,경상
2023110700100598,2023년 11월 7일 19시,화요일,경상남도 사천시 사천읍,경상사고,0,0,1,0,차대차 - 기타,안전거리미확보,건조,맑음,단일로 - 지하차도(도로)내,승용,남,64세,상해없음,승용,남,29세,경상
2023110700100599,2023년 11월 7일 19시,화요일,경상남도 김해시 대성동,중상사고,0,1,0,0,차대차 - 측면충돌,안전운전불이행,건조,맑음,교차로 - 교차로안,승용,여,64세,상해없음,이륜,여,23세,중상
2023110700100600,2023년 11월 7일 19시,화요일,경상남도 창원시 의창구 북면,경상사고,0,0,1,0,차대차 - 측면충돌,교차로운행방법위반,건조,맑음,교차로 - 교차로안,승용,여,55세,상해없음,승용,남,43세,경상
2023110700100622,2023년 11월 7일 20시,화요일,경상남도 김해시 진례면,경상사고,0,0,2,0,차대차 - 기타,안전운전불이행,건조,맑음,단일로 - 기타,승합,남,49세,상해없음,승용,남,30세,경상
2023110700100629,2023년 11월 7일 20시,화요일,경상남도 통영시 무전동,경상사고,0,0,1,0,차대사람 - 횡단중,신호위반,건조,맑음,단일로 - 기타,승용,여,54세,기타불명,보행자,남,43세,경상
2023110700100630,2023년 11월 7일 20시,화요일,경상남도 함안군 칠원읍,경상사고,0,0,2,1,차대차 - 추돌,안전거리미확보,건조,맑음,교차로 - 교차로부근,화물,남,72세,부상신고,화물,남,64세,경상
2023110700100647,2023년 11월 7일 21시,화요일,경상남도 창원시 의창구 동읍,중상사고,0,1,0,0,차대사람 - 횡단중,안전운전불이행,건조,맑음,단일로 - 기타,승용,남,42세,상해없음,보행자,남,50세,중상
2023110700100678,2023년 11월 7일 23시,화요일,경상남도 창원시 마산회원구 구암동,경상사고,0,0,1,0,차대차 - 측면충돌,안전운전불이행,건조,맑음,교차로 - 교차로안,승용,남,64세,상해없음,승용,남,32세,경상
2023110800100067,2023년 11월 8일 07시,수요일,경상남도 창원시 성산구 대원동,중상사고,0,1,0,0,차대차 - 정면충돌,신호위반,건조,맑음,교차로 - 교차로횡단보도내,승용,남,72세,상해없음,원동기,남,32세,중상
2023110800100068,2023년 11월 8일 07시,수요일,경상남도 창원시 성산구 웅남동,경상사고,0,0,1,0,차대차 - 후진중충돌,안전운전불이행,건조,맑음,단일로 - 기타,승용,여,63세,상해없음,승용,남,49세,경상
2023110800100069,2023년 11월 8일 07시,수요일,경상남도 창원시 의창구 동읍,경상사고,0,0,1,0,차대차 - 측면충돌,안전거리미확보,건조,맑음,교차로 - 교차로부근,승용,남,37세,상해없음,승용,여,33세,경상
2023110800100118,2023년 11월 8일 08시,수요일,경상남도 산청군 단성면,중상사고,0,1,2,0,차대차 - 정면충돌,중앙선침범,건조,맑음,단일로 - 기타,승용,남,68세,경상,승용,여,66세,중상
2023110800100157,2023년 11월 8일 09시,수요일,경상남도 김해시 명법동,경상사고,0,0,1,0,차대차 - 추돌,안전운전불이행,건조,맑음,단일로 - 기타,화물,남,63세,상해없음,승용,남,37세,경상
2023110800100201,2023년 11월 8일 10시,수요일,경상남도 사천시 곤명면,경상사고,0,0,2,0,차대차 - 정면충돌,중앙선침범,건조,맑음,단일로 - 기타,승용,남,67세,경상,화물,남,30세,경상
2023110800100202,2023년 11월 8일 10시,수요일,경상남도 거제시 사등면,경상사고,0,0,5,0,차대차 - 기타,신호위반,건조,맑음,단일로 - 기타,화물,남,69세,상해없음,승용,남,21세,상해없음
2023110800100203,2023년 11월 8일 10시,수요일,경상남도 창원시 의창구 팔용동,경상사고,0,0,1,0,차대차 - 측면충돌,안전운전불이행,건조,맑음,단일로 - 기타,승용,여,63세,상해없음,승용,남,29세,경상
2023110800100228,2023년 11월 8일 11시,수요일,경상남도 창원시 마산합포구 중앙동1가,중상사고,0,1,0,0,차대차 - 측면충돌,안전운전불이행,건조,맑음,교차로 - 교차로안,승용,여,41세,상해없음,이륜,남,55세,중상
2023110800100229,2023년 11월 8일 11시,수요일,경상남도 진주시 평거동,경상사고,0,0,1,0,차대차 - 정면충돌,신호위반,건조,맑음,교차로 - 교차로안,승용,남,46세,상해없음,승용,남,60세,경상
2023110800100230,2023년 11월 8일 11시,수요일,경상남도 창원시 성산구 상남동,사망사고,1,0,1,0,차대사람 - 기타,안전운전불이행,건조,맑음,교차로 - 교차로부근,이륜,남,23세,사망,보행자,남,64세,경상
2023110800100256,2023년 11월 8일 12시,수요일,경상남도 창원시 진해구 남양동,경상사고,0,0,1,0,차대차 - 추돌,기타,건조,맑음,단일로 - 기타,승용,여,22세,상해없음,이륜,남,41세,상해없음
2023110800100257,2023년 11월 8일 12시,수요일,경상남도 합천군 합천읍,경상사고,0,0,1,0,차대차 - 측면충돌,교차로운행방법위반,건조,맑음,교차로 - 교차로안,승용,여,72세,상해없음,자전거,남,78세,경상
2023110800100258,2023년 11월 8일 12시,수요일,경상남도 함양군 마천면,중상사고,0,1,0,0,차량단독 - 도로외이탈 - 기타,안전운전불이행,건조,맑음,교차로 - 교차로부근,승용,여,61세,중상,,,,
2023110800100291,2023년 11월 8일 13시,수요일,경상남도 통영시 북신동,중상사고,0,1,0,0,차량단독 - 기타,안전운전불이행,건조,맑음,기타 - 기타,승합,남,51세,상해없음,,,,
2023110800100292,2023년 11월 8일 13시,수요일,경상남도 김해시 불암동,경상사고,0,0,1,0,차대차 - 측면충돌,신호위반,건조,맑음,교차로 - 교차로안,건설기계,남,62세,상해없음,화물,남,66세,경상
2023110800100331,2023년 11월 8일 14시,수요일,경상남도 통영시 광도면,경상사고,0,0,2,0,차대차 - 측면충돌,안전운전불이행,건조,맑음,기타 - 기타,승용,남,26세,상해없음,승용,여,38세,경상
2023110800100332,2023년 11월 8일 14시,수요일,경상남도 함안군 가야읍,중상사고,0,1,1,0,차대차 - 측면충돌,안전운전불이행,건조,맑음,교차로 - 교차로부근,승용,여,67세,기타불명,승용,여,66세,경상
2023110800100333,2023년 11월 8일 14시,수요일,경상남도 의령군 의령읍,경상사고,0,0,1,0,차대사람 - 차도통행중,안전운전불이행,건조,맑음,교차로 - 교차로안,승용,여,33세,상해없음,보행자,여,80세,경상
2023110800100334,2023년 11월 8일 14시,수요일,경상남도 창원시 성산구 용호동,부상신고사고,0,0,0,1,차대차 - 측면충돌,신호위반,건조,맑음,교차로 - 교차로부근,승용,여,49세,기타불명,승용,여,42세,기타불명
2023110800100368,2023년 11월 8일 15시,수요일,경상남도 창원시 마산합포구 완월동,중상사고,0,1,0,0,차대사람 - 횡단중,보행자보호의무위반,건조,맑음,단일로 - 기타,이륜,남,62세,상해없음,보행자,여,73세,중상
2023110800100369,2023년 11월 8일 15시,수요일,경상남도 창녕군 남지읍,중상사고,0,1,0,0,차대차 - 측면충돌,신호위반,건조,맑음,교차로 - 교차로안,화물,남,70세,상해없음,화물,남,82세,상해없음
2023110800100370,2023년 11월 8일 15시,수요일,경상남도 함양군 수동면,경상사고,0,0,1,1,차대차 - 측면충돌,교차로운행방법위반,건조,맑음,기타 - 기타,승용,여,71세,부상신고,승용,여,67세,경상
2023110800100371,2023년 11월 8일 15시,수요일,경상남도 김해시 무계동,중상사고,0,1,0,0,차대사람 - 횡단중,안전운전불이행,건조,맑음,교차로 - 교차로안,화물,남,37세,상해없음,보행자,남,58세,중상
2023110800100411,2023년 11월 8일 16시,수요일,경상남도 진주시 가좌동,경상사고,0,0,1,0,차대사람 - 횡단중,신호위반,건조,맑음,교차로 - 교차로횡단보도내,이륜,남,28세,상해없음,보행자,여,7세,경상
2023110800100412,2023년 11월 8일 16시,수요일,경상남도 창녕군 계성면,중상사고,0,1,0,0,차대차 - 측면충돌,안전운전불이행,건조,맑음,단일로 - 기타,화물,남,53세,상해없음,승용,여,55세,중상
2023110800100413,2023년 11월 8일 16시,수요일,경상남도 양산시 상북면,경상사고,0,0,1,0,차대사람 - 횡단중,보행자보호의무위반,건조,맑음,교차로 - 교차로횡단보도내,승용,여,48세,상해없음,보행자,남,50세,경상
2023110800100414,2023년 11월 8일 16시,수요일,경상남도 창원시 의창구 대산면,경상사고,0,0,1,0,차대차 - 추돌,안전운전불이행,건조,맑음,교차로 - 교차로부근,원동기,남,86세,상해없음,승용,여,47세,경상
2023110800100415,2023년 11월 8일 16시,수요일,경상남도 김해시 한림면,경상사고,0,0,2,0,차대차 - 측면충돌,안전운전불이행,건조,맑음,교차로 - 교차로안,승용,남,59세,상해없음,승용,남,68세,경상
2023110800100465,2023년 11월 8일 17시,수요일,경상남도 밀양시 상남면,중상사고,0,1,0,0,차대차 - 측면충돌,신호위반,건조,맑음,교차로 - 교차로안,승용,남,54세,중상,화물,남,34세,상해없음
2023110800100467,2023년 11월 8일 17시,수요일,경상남도 김해시 율하동,중상사고,0,4,1,0,차대차 - 정면충돌,신호위반,건조,맑음,교차로 - 교차로안,화물,남,56세,중상,승용,남,53세,중상
2023110800100522,2023년 11월 8일 18시,수요일,경상남도 밀양시 내이동,중상사고,0,1,0,0,차대차 - 측면충돌,안전운전불이행,건조,맑음,교차로 - 교차로안,승용,남,58세,상해없음,승용,여,69세,중상
2023110800100523,2023년 11월 8일 18시,수요일,경상남도 산청군 시천면,중상사고,0,1,0,0,차대차 - 추돌,안전운전불이행,건조,맑음,단일로 - 기타,화물,남,44세,상해없음,화물,남,69세,상해없음
2023110800100524,2023년 11월 8일 18시,수요일,경상남도 산청군 시천면,중상사고,0,1,0,0,차대차 - 기타,안전운전불이행,건조,맑음,단일로 - 기타,화물,남,69세,상해없음,자전거,여,36세,중상
2023110800100525,2023년 11월 8일 18시,수요일,경상남도 창원시 의창구 동읍,경상사고,0,0,1,0,차대차 - 기타,신호위반,건조,맑음,교차로 - 교차로안,승용,남,58세,상해없음,이륜,남,49세,경상
2023110800100567,2023년 11월 8일 19시,수요일,경상남도 창원시 마산합포구 서성동,경상사고,0,0,2,0,차대차 - 기타,안전운전불이행,건조,맑음,단일로 - 기타,승용,여,51세,상해없음,승용,남,51세,경상
2023110800100568,2023년 11월 8일 19시,수요일,경상남도 양산시 동면,중상사고,0,1,0,0,차대차 - 측면충돌,안전운전불이행,건조,맑음,교차로 - 교차로부근,승용,여,54세,상해없음,이륜,남,43세,중상
2023110800100633,2023년 11월 8일 22시,수요일,경상남도 사천시 사남면,중상사고,0,1,1,0,차대차 - 측면충돌,신호위반,건조,맑음,교차로 - 교차로안,승용,남,35세,중상,승용,여,31세,경상
2023110800100647,2023년 11월 8일 23시,수요일,경상남도 사천시 벌리동,중상사고,0,1,0,0,차대차 - 측면충돌,안전운전불이행,건조,맑음,교차로 - 교차로안,승용,남,45세,상해없음,이륜,남,20세,중상
2023110900100012,2023년 11월 9일 00시,목요일,경상남도 양산시 신기동,부상신고사고,0,0,0,1,차량단독 - 공작물충돌,안전운전불이행,건조,맑음,단일로 - 기타,승용,남,62세,상해없음,,,,
2023110900100013,2023년 11월 9일 00시,목요일,경상남도 양산시 물금읍,경상사고,0,0,1,0,차대차 - 정면충돌,안전운전불이행,건조,맑음,교차로 - 교차로안,승용,여,24세,상해없음,승용,남,54세,경상
2023110900100029,2023년 11월 9일 04시,목요일,경상남도 양산시 동면,경상사고,0,0,1,0,차대차 - 추돌,안전거리미확보,건조,맑음,교차로 - 교차로부근,화물,남,42세,상해없음,승용,남,34세,경상