사고번호,사고일시,요일,시군구,사고내용,사망자수,중상자수,경상자수,부상신고자수,사고유형,법규위반,노면상태,기상상태,도로형태,가해운전자 차종,가해운전자 성별,가해운전자 연령,가해운전자 상해정도,피해운전자 차종,피해운전자 성별,피해운전자 연령,피해운전자 상해정도
2023110900100041,2023년 11월 9일 05시,목요일,경상남도 창원시 마산회원구 회원동,경상사고,0,0,1,0,차대사람 - 기타,안전운전불이행,기타,기타,단일로 - 기타,승용,여,66세,상해없음,보행자,여,68세,경상
2023110900100055,2023년 11월 9일 06시,목요일,경상남도 창원시 진해구 용원동,경상사고,0,0,1,0,차대차 - 추돌,안전운전불이행,건조,맑음,교차로 - 교차로부근,승용,남,42세,상해없음,승용,남,31세,경상
2023110900100112,2023년 11월 9일 08시,목요일,경상남도 밀양시 상남면,경상사고,0,0,1,0,차대차 - 측면충돌,신호위반,건조,맑음,교차로 - 교차로안,승용,남,45세,상해없음,승용,여,63세,경상
2023110900100146,2023년 11월 9일 09시,목요일,경상남도 창녕군 부곡면,사망사고,1,0,0,1,차대사람 - 보도통행중,기타,건조,맑음,단일로 - 기타,화물,남,68세,부상신고,보행자,여,61세,사망
2023110900100147,2023년 11월 9일 09시,목요일,경상남도 양산시 물금읍,경상사고,0,0,1,0,차대차 - 기타,교차로운행방법위반,건조,맑음,교차로 - 교차로안,승용,여,44세,상해없음,자전거,여,62세,경상
2023110900100148,2023년 11월 9일 09시,목요일,경상남도 창원시 성산구 성주동,경상사고,0,0,1,0,차대차 - 측면충돌,안전운전불이행,건조,맑음,교차로 - 교차로안,특수,남,53세,상해없음,승용,여,31세,경상
2023110900100149,2023년 11월 9일 09시,목요일,경상남도 창원시 마산회원구 봉암동,경상사고,0,0,2,0,차대차 - 정면충돌,신호위반,건조,맑음,교차로 - 교차로안,승합,남,47세,상해없음,승용,여,54세,경상
2023110900100180,2023년 11월 9일 10시,목요일,경상남도 진주시 내동면,경상사고,0,0,1,0,차대차 - 정면충돌,중앙선침범,건조,맑음,단일로 - 기타,승용,여,26세,상해없음,승용,남,44세,경상
2023110900100181,2023년 11월 9일 10시,목요일,경상남도 사천시 축동면,중상사고,0,1,0,0,차대차 - 측면충돌,안전운전불이행,건조,맑음,교차로 - 교차로부근,화물,남,65세,상해없음,자전거,남,92세,중상
2023110900100182,2023년 11월 9일 10시,목요일,경상남도 밀양시 내이동,경상사고,0,0,1,0,차대차 - 측면충돌,교차로운행방법위반,건조,맑음,단일로 - 기타,승용,여,63세,상해없음,화물,남,41세,경상
2023110900100183,2023년 11월 9일 10시,목요일,경상남도 남해군 남해읍,중상사고,0,1,0,0,차대사람 - 차도통행중,보행자보호의무위반,건조,맑음,교차로 - 교차로안,화물,남,72세,상해없음,보행자,여,67세,중상
2023110900100216,2023년 11월 9일 11시,목요일,경상남도 창원시 진해구 용원동,경상사고,0,0,1,0,차대사람 - 횡단중,보행자보호의무위반,건조,맑음,단일로 - 기타,화물,남,59세,상해없음,보행자,남,40세,경상
2023110900100217,2023년 11월 9일 11시,목요일,경상남도 하동군 진교면,경상사고,0,0,1,0,차대사람 - 차도통행중,안전운전불이행,건조,맑음,단일로 - 기타,농기계,남,68세,상해없음,보행자,여,82세,경상
2023110900100242,2023년 11월 9일 12시,목요일,경상남도 양산시 하북면,경상사고,0,0,1,0,차대차 - 추돌,안전거리미확보,건조,맑음,단일로 - 기타,승용,여,70세,상해없음,승용,남,42세,경상
2023110900100272,2023년 11월 9일 13시,목요일,경상남도 거제시 동부면,경상사고,0,0,1,0,차대차 - 측면충돌,안전운전불이행,건조,맑음,주차장 - 주차장,승용,남,79세,상해없음,화물,남,51세,경상
2023110900100273,2023년 11월 9일 13시,목요일,경상남도 함안군 가야읍,중상사고,0,1,0,0,차대차 - 측면충돌,안전거리미확보,건조,맑음,교차로 - 교차로안,화물,남,54세,상해없음,특수,남,38세,중상
2023110900100298,2023년 11월 9일 14시,목요일,경상남도 밀양시 무안면,경상사고,0,0,1,0,차대차 - 추돌,안전운전불이행,건조,맑음,단일로 - 기타,승용,여,57세,상해없음,승용,남,66세,경상
2023110900100299,2023년 11월 9일 14시,목요일,경상남도 양산시 삼호동,경상사고,0,0,2,0,차대차 - 추돌,안전운전불이행,건조,맑음,단일로 - 기타,화물,남,70세,상해없음,승용,여,22세,경상
2023110900100300,2023년 11월 9일 14시,목요일,경상남도 고성군 고성읍,경상사고,0,0,2,0,차대차 - 측면충돌,차로위반,건조,맑음,단일로 - 기타,화물,남,55세,상해없음,승용,남,74세,경상
2023110900100301,2023년 11월 9일 14시,목요일,경상남도 남해군 남해읍,중상사고,0,1,0,0,차대사람 - 횡단중,보행자보호의무위반,건조,맑음,교차로 - 교차로횡단보도내,승용,남,64세,상해없음,보행자,여,57세,중상
2023110900100371,2023년 11월 9일 16시,목요일,경상남도 창녕군 대지면,중상사고,0,1,0,0,차대차 - 추돌,안전운전불이행,건조,맑음,단일로 - 기타,화물,남,68세,상해없음,승용,남,48세,중상
2023110900100372,2023년 11월 9일 16시,목요일,경상남도 양산시 물금읍,경상사고,0,0,1,0,차대차 - 측면충돌,교차로운행방법위반,건조,맑음,교차로 - 교차로안,화물,남,38세,상해없음,승용,여,52세,경상
2023110900100413,2023년 11월 9일 17시,목요일,경상남도 김해시 삼정동,중상사고,0,1,0,0,차대사람 - 길가장자리구역통행중,안전운전불이행,건조,맑음,단일로 - 기타,승용,남,63세,상해없음,보행자,남,45세,중상
2023110900100414,2023년 11월 9일 17시,목요일,경상남도 거제시 고현동,경상사고,0,0,1,0,차대사람 - 기타,안전운전불이행,건조,맑음,교차로 - 교차로안,승용,남,66세,상해없음,보행자,여,49세,경상
2023110900100415,2023년 11월 9일 17시,목요일,경상남도 함안군 가야읍,중상사고,0,1,0,0,차대차 - 측면충돌,안전운전불이행,건조,맑음,교차로 - 교차로부근,기타불명,기타불명,미분류,기타불명,승합,여,41세,중상
2023110900100473,2023년 11월 9일 18시,목요일,경상남도 창원시 마산합포구 진전면,중상사고,0,1,0,0,차대차 - 추돌,안전운전불이행,건조,맑음,단일로 - 기타,승합,남,69세,상해없음,농기계,남,65세,중상
2023110900100474,2023년 11월 9일 18시,목요일,경상남도 김해시 어방동,중상사고,0,1,0,0,차대차 - 정면충돌,안전운전불이행,건조,맑음,교차로 - 교차로안,자전거,남,21세,중상,승용,남,57세,상해없음
2023110900100475,2023년 11월 9일 18시,목요일,경상남도 창녕군 창녕읍,중상사고,0,1,0,0,차량단독 - 공작물충돌,안전운전불이행,건조,맑음,단일로 - 기타,화물,남,71세,상해없음,,,,
2023110900100520,2023년 11월 9일 19시,목요일,경상남도 통영시 북신동,중상사고,0,1,0,0,차대사람 - 기타,안전운전불이행,건조,맑음,교차로 - 교차로부근,이륜,남,35세,상해없음,보행자,남,61세,중상
2023110900100521,2023년 11월 9일 19시,목요일,경상남도 김해시 외동,중상사고,0,1,0,0,차대차 - 측면충돌,신호위반,건조,맑음,교차로 - 교차로안,이륜,남,19세,상해없음,이륜,남,43세,중상
2023110900100522,2023년 11월 9일 19시,목요일,경상남도 창원시 성산구 신촌동,중상사고,0,1,0,0,차대차 - 측면충돌,신호위반,건조,맑음,교차로 - 교차로안,승용,남,53세,상해없음,자전거,남,51세,중상
2023110900100523,2023년 11월 9일 19시,목요일,경상남도 창원시 성산구 사파동,경상사고,0,0,3,0,차대차 - 측면충돌,안전운전불이행,건조,맑음,교차로 - 교차로횡단보도내,승용,남,50세,경상,승용,남,63세,경상
2023110900100524,2023년 11월 9일 19시,목요일,경상남도 김해시 명법동,경상사고,0,0,1,0,차대차 - 추돌,안전운전불이행,건조,맑음,교차로 - 교차로부근,승용,남,42세,상해없음,승용,남,45세,경상
2023110900100555,2023년 11월 9일 20시,목요일,경상남도 사천시 실안동,중상사고,0,1,0,0,차대차 - 측면충돌,직진우회전진행방해,건조,맑음,교차로 - 교차로안,승용,여,68세,상해없음,승용,남,62세,중상
2023110900100556,2023년 11월 9일 20시,목요일,경상남도 김해시 진영읍,중상사고,0,1,0,0,차대차 - 측면충돌,안전운전불이행,건조,맑음,교차로 - 교차로횡단보도내,승용,남,71세,상해없음,개인형이동수단(PM),남,16세,중상
2023110900100600,2023년 11월 9일 22시,목요일,경상남도 양산시 물금읍,중상사고,0,1,0,0,차대사람 - 기타,보행자보호의무위반,건조,맑음,교차로 - 교차로안,승용,남,61세,상해없음,보행자,남,16세,중상
2023110900100601,2023년 11월 9일 22시,목요일,경상남도 창원시 의창구 봉곡동,경상사고,0,0,1,0,차대차 - 측면충돌,교차로운행방법위반,건조,맑음,교차로 - 교차로안,이륜,남,18세,상해없음,승용,남,23세,경상
2023110900100615,2023년 11월 9일 23시,목요일,경상남도 창원시 마산합포구 해운동,중상사고,0,1,0,0,차대차 - 측면충돌,안전운전불이행,건조,맑음,교차로 - 교차로안,승용,여,22세,중상,승용,남,25세,상해없음
2023110900100616,2023년 11월 9일 23시,목요일,경상남도 밀양시 하남읍,중상사고,0,1,0,0,차량단독 - 공작물충돌,안전운전불이행,건조,맑음,단일로 - 기타,화물,남,58세,중상,,,,
2023111000100058,2023년 11월 10일 06시,금요일,경상남도 김해시 어방동,사망사고,1,0,0,0,차대사람 - 횡단중,기타,젖음/습기,흐림,교차로 - 교차로횡단보도내,화물,남,55세,상해없음,보행자,여,57세,사망
2023111000100059,2023년 11월 10일 06시,금요일,경상남도 창원시 의창구 동읍,사망사고,1,2,2,0,차대차 - 측면충돌,안전운전불이행,젖음/습기,흐림,단일로 - 기타,승용,여,27세,중상,화물,남,45세,경상
2023111000100077,2023년 11월 10일 07시,금요일,경상남도 진주시 문산읍,사망사고,1,0,1,0,차대차 - 추돌,안전운전불이행,젖음/습기,흐림,교차로 - 교차로안,화물,남,60세,사망,화물,남,63세,경상
2023111000100078,2023년 11월 10일 07시,금요일,경상남도 사천시 서포면,중상사고,0,1,0,0,차대사람 - 길가장자리구역통행중,안전운전불이행,젖음/습기,흐림,단일로 - 기타,승용,여,57세,상해없음,보행자,여,79세,중상
2023111000100114,2023년 11월 10일 08시,금요일,경상남도 김해시 외동,경상사고,0,0,1,0,차대차 - 기타,안전운전불이행,건조,맑음,단일로 - 기타,승용,남,65세,기타불명,이륜,남,26세,경상
2023111000100115,2023년 11월 10일 08시,금요일,경상남도 양산시 하북면,경상사고,0,0,1,0,차대차 - 측면충돌,신호위반,건조,맑음,교차로 - 교차로안,승용,남,42세,상해없음,승용,여,54세,경상
2023111000100179,2023년 11월 10일 10시,금요일,경상남도 김해시 진영읍,경상사고,0,0,2,0,차대차 - 측면충돌,안전운전불이행,건조,맑음,단일로 - 기타,화물,남,59세,상해없음,화물,남,37세,경상
2023111000100206,2023년 11월 10일 11시,금요일,경상남도 사천시 용현면,경상사고,0,0,2,0,차대차 - 추돌,안전운전불이행,건조,맑음,단일로 - 기타,승용,남,51세,상해없음,승용,남,64세,경상
2023111000100207,2023년 11월 10일 11시,금요일,경상남도 남해군 창선면,중상사고,0,1,1,0,차량단독 - 공작물충돌,안전운전불이행,건조,맑음,교차로 - 교차로안,승용,남,77세,경상,,,,
2023111000100238,2023년 11월 10일 12시,금요일,경상남도 김해시 외동,중상사고,0,1,0,0,차대사람 - 횡단중,안전운전불이행,건조,맑음,교차로 - 교차로안,화물,남,35세,상해없음,보행자,여,59세,중상
2023111000100322,2023년 11월 10일 14시,금요일,경상남도 진주시 장대동,경상사고,0,0,1,0,차대사람 - 횡단중,보행자보호의무위반,건조,맑음,단일로 - 기타,화물,여,59세,상해없음,보행자,여,83세,경상
2023111000100323,2023년 11월 10일 14시,금요일,경상남도 통영시 무전동,중상사고,0,1,2,0,차대차 - 측면충돌,안전운전불이행,건조,맑음,교차로 - 교차로안,승용,남,58세,상해없음,승용,남,28세,경상
2023111000100324,2023년 11월 10일 14시,금요일,경상남도 거제시 둔덕면,경상사고,0,0,1,0,차대차 - 기타,안전운전불이행,건조,맑음,교차로 - 교차로부근,자전거,남,79세,경상,화물,남,63세,상해없음
2023111000100365,2023년 11월 10일 15시,금요일,경상남도 창원시 성산구 중앙동,경상사고,0,0,1,0,차대차 - 후진중충돌,안전운전불이행,건조,맑음,단일로 - 기타,승용,남,56세,상해없음,이륜,남,45세,경상
2023111000100415,2023년 11월 10일 16시,금요일,경상남도 거제시 문동동,중상사고,0,1,0,0,차대사람 - 차도통행중,안전운전불이행,건조,맑음,단일로 - 기타,승용,여,40세,상해없음,보행자,여,12세,중상
2023111000100523,2023년 11월 10일 18시,금요일,경상남도 창원시 진해구 자은동,경상사고,0,0,1,0,차대사람 - 횡단중,보행자보호의무위반,건조,맑음,교차로 - 교차로부근,승용,여,43세,상해없음,보행자,여,26세,경상
2023111000100524,2023년 11월 10일 18시,금요일,경상남도 창원시 진해구 자은동,경상사고,0,0,1,0,차대차 - 추돌,안전거리미확보,건조,맑음,단일로 - 기타,승용,남,58세,상해없음,승용,여,58세,경상
2023111000100525,2023년 11월 10일 18시,금요일,경상남도 창원시 성산구 사파동,중상사고,0,1,0,0,차대차 - 측면충돌,안전운전불이행,건조,맑음,단일로 - 기타,승용,여,48세,상해없음,승합,남,60세,중상
2023111000100578,2023년 11월 10일 19시,금요일,경상남도 양산시 동면,경상사고,0,0,1,0,차대차 - 기타,안전운전불이행,건조,맑음,단일로 - 기타,승용,남,27세,상해없음,승용,남,30세,경상
2023111000100579,2023년 11월 10일 19시,금요일,경상남도 창원시 의창구 도계동,경상사고,0,0,1,0,차대차 - 측면충돌,차로위반,건조,맑음,교차로 - 교차로부근,승용,남,35세,상해없음,승용,남,70세,경상
2023111000100612,2023년 11월 10일 20시,금요일,경상남도 양산시 물금읍,중상사고,0,1,0,0,차대차 - 측면충돌,신호위반,건조,맑음,교차로 - 교차로안,이륜,남,38세,상해없음,이륜,남,40세,중상
2023111000100613,2023년 11월 10일 20시,금요일,경상남도 거제시 고현동,경상사고,0,0,1,0,차대사람 - 횡단중,안전운전불이행,건조,맑음,단일로 - 기타,승용,남,52세,상해없음,보행자,남,45세,경상
2023111000100646,2023년 11월 10일 21시,금요일,경상남도 창원시 의창구 도계동,경상사고,0,0,4,0,차대차 - 측면충돌,안전거리미확보,건조,맑음,단일로 - 기타,승용,여,53세,상해없음,승용,남,23세,경상
2023111000100691,2023년 11월 10일 23시,금요일,경상남도 창원시 의창구 팔용동,중상사고,0,1,0,0,차대차 - 추돌,안전운전불이행,건조,맑음,교차로 - 교차로부근,승용,남,37세,상해없음,승용,남,24세,중상
2023111100100028,2023년 11월 11일 02시,토요일,경상남도 통영시 광도면,중상사고,0,1,0,0,차량단독 - 공작물충돌,안전운전불이행,건조,맑음,단일로 - 기타,승용,남,36세,상해없음,,,,
2023111100100033,2023년 11월 11일 03시,토요일,경상남도 창원시 의창구 명서동,경상사고,0,0,4,0,차대차 - 추돌,안전운전불이행,건조,맑음,교차로 - 교차로부근,승용,남,24세,상해없음,승용,남,31세,경상
2023111100100040,2023년 11월 11일 04시,토요일,경상남도 창원시 마산합포구 가포동,경상사고,0,0,1,0,차대차 - 측면충돌,안전운전불이행,건조,맑음,교차로 - 교차로부근,승용,남,34세,경상,건설기계,남,45세,기타불명
2023111100100041,2023년 11월 11일 04시,토요일,경상남도 김해시 관동동,경상사고,0,0,1,1,차대차 - 측면충돌,신호위반,건조,맑음,교차로 - 교차로안,승용,여,48세,부상신고,승용,남,58세,경상
2023111100100042,2023년 11월 11일 04시,토요일,경상남도 김해시 진영읍,중상사고,0,1,0,0,차량단독 - 공작물충돌,안전운전불이행,건조,맑음,교차로 - 교차로부근,승용,남,53세,중상,,,,
2023111100100063,2023년 11월 11일 06시,토요일,경상남도 창원시 진해구 석동,경상사고,0,0,1,0,차대차 - 정면충돌,신호위반,건조,맑음,교차로 - 교차로안,승용,여,60세,상해없음,승용,여,42세,경상
2023111100100076,2023년 11월 11일 07시,토요일,경상남도 양산시 동면,부상신고사고,0,0,0,1,차량단독 - 기타,안전운전불이행,건조,맑음,단일로 - 기타,이륜,남,14세,부상신고,,,,
2023111100100081,2023년 11월 11일 08시,토요일,경상남도 양산시 물금읍,경상사고,0,0,1,1,차대차 - 기타,안전운전불이행,건조,맑음,단일로 - 기타,승용,남,39세,상해없음,승합,남,62세,부상신고
2023111100100091,2023년 11월 11일 08시,토요일,경상남도 창원시 마산합포구 월남동3가,중상사고,0,1,0,0,차대사람 - 기타,안전운전불이행,건조,맑음,단일로 - 기타,개인형이동수단(PM),여,60세,상해없음,보행자,남,87세,중상
2023111100100092,2023년 11월 11일 08시,토요일,경상남도 창원시 진해구 태백동,중상사고,0,1,0,0,차대사람 - 기타,기타,건조,맑음,단일로 - 기타,승용,남,63세,상해없음,보행자,남,71세,중상
2023111100100093,2023년 11월 11일 08시,토요일,경상남도 함안군 칠서면,경상사고,0,0,2,0,차대차 - 측면충돌,신호위반,건조,맑음,교차로 - 교차로안,승용,여,54세,경상,승용,남,49세,경상
2023111100100117,2023년 11월 11일 09시,토요일,경상남도 진주시 초전동,경상사고,0,0,1,1,차대차 - 추돌,안전운전불이행,건조,맑음,단일로 - 기타,화물,남,54세,부상신고,승용,남,73세,경상
2023111100100183,2023년 11월 11일 11시,토요일,경상남도 통영시 북신동,경상사고,0,0,4,0,차대차 - 측면충돌,직진우회전진행방해,건조,맑음,교차로 - 교차로안,이륜,남,45세,경상,승용,남,39세,경상
2023111100100209,2023년 11월 11일 12시,토요일,경상남도 창원시 마산합포구 두월동1가,중상사고,0,1,0,0,차대차 - 기타,안전운전불이행,건조,맑음,교차로 - 교차로안,승용,여,25세,상해없음,승용,남,56세,중상
2023111100100210,2023년 11월 11일 12시,토요일,경상남도 김해시 부원동,경상사고,0,0,1,0,차대차 - 측면충돌,직진우회전진행방해,건조,맑음,교차로 - 교차로안,승용,남,54세,상해없음,승용,여,27세,경상
2023111100100257,2023년 11월 11일 13시,토요일,경상남도 김해시 삼계동,경상사고,0,0,1,0,차대사람 - 길가장자리구역통행중,안전운전불이행,건조,맑음,단일로 - 기타,승용,남,39세,상해없음,보행자,남,15세,경상
2023111100100259,2023년 11월 11일 13시,토요일,경상남도 고성군 고성읍,경상사고,0,0,2,0,차대차 - 추돌,안전거리미확보,건조,맑음,단일로 - 기타,화물,남,57세,상해없음,승용,남,30세,경상
2023111100100326,2023년 11월 11일 15시,토요일,경상남도 창녕군 도천면,중상사고,0,1,0,0,차대차 - 기타,안전운전불이행,기타,맑음,교차로 - 교차로안,이륜,남,68세,기타불명,이륜,여,30세,중상
2023111100100327,2023년 11월 11일 15시,토요일,경상남도 산청군 신안면,경상사고,0,0,1,0,차대차 - 후진중충돌,안전운전불이행,건조,맑음,주차장 - 주차장,화물,남,73세,상해없음,승용,여,57세,경상
2023111100100329,2023년 11월 11일 15시,토요일,경상남도 김해시 진영읍,부상신고사고,0,0,0,1,차대사람 - 기타,안전운전불이행,건조,맑음,단일로 - 기타,개인형이동수단(PM),남,15세,부상신고,보행자,남,55세,기타불명
2023111100100360,2023년 11월 11일 16시,토요일,경상남도 양산시 중부동,중상사고,0,1,8,1,차대차 - 추돌,안전운전불이행,건조,맑음,단일로 - 지하차도(도로)내,승용,여,42세,상해없음,승용,남,69세,부상신고
2023111100100361,2023년 11월 11일 16시,토요일,경상남도 하동군 진교면,사망사고,1,0,0,0,차량단독 - 기타,안전운전불이행,건조,맑음,단일로 - 기타,승용,여,63세,사망,,,,
2023111100100362,2023년 11월 11일 16시,토요일,경상남도 거제시 고현동,경상사고,0,0,1,0,차대차 - 측면충돌,안전운전불이행,건조,맑음,단일로 - 기타,화물,남,78세,상해없음,승합,여,41세,경상
2023111100100363,2023년 11월 11일 16시,토요일,경상남도 창원시 의창구 봉곡동,경상사고,0,0,1,0,차량단독 - 기타,안전운전불이행,건조,맑음,단일로 - 기타,승합,남,59세,상해없음,,,,
2023111100100403,2023년 11월 11일 17시,토요일,경상남도 진주시 문산읍,중상사고,0,1,0,0,차대차 - 추돌,안전운전불이행,건조,맑음,단일로 - 기타,승용,여,39세,상해없음,농기계,남,73세,중상
2023111100100443,2023년 11월 11일 18시,토요일,경상남도 창원시 진해구 석동,경상사고,0,0,1,0,차대차 - 정면충돌,안전운전불이행,건조,맑음,교차로 - 교차로횡단보도내,승용,여,41세,상해없음,자전거,남,54세,경상
2023111100100444,2023년 11월 11일 18시,토요일,경상남도 양산시 물금읍,경상사고,0,0,1,0,차대차 - 측면충돌,신호위반,건조,맑음,교차로 - 교차로안,승용,남,33세,상해없음,승용,남,79세,경상
2023111100100445,2023년 11월 11일 18시,토요일,경상남도 거제시 사등면,중상사고,0,1,1,0,차대차 - 측면충돌,신호위반,건조,맑음,단일로 - 기타,승용,여,63세,상해없음,승용,여,29세,경상
2023111100100446,2023년 11월 11일 18시,토요일,경상남도 거제시 사등면,경상사고,0,0,2,0,차대차 - 측면충돌,직진우회전진행방해,건조,맑음,교차로 - 교차로안,승용,여,60세,상해없음,승용,남,27세,경상
2023111100100487,2023년 11월 11일 19시,토요일,경상남도 진주시 하대동,중상사고,0,1,0,0,차대차 - 추돌,안전운전불이행,건조,맑음,교차로 - 교차로부근,승용,남,49세,상해없음,이륜,남,48세,중상
2023111100100488,2023년 11월 11일 19시,토요일,경상남도 거제시 고현동,중상사고,0,1,0,0,차대사람 - 차도통행중,안전운전불이행,건조,맑음,교차로 - 교차로안,승용,여,62세,상해없음,보행자,여,14세,중상
2023111100100510,2023년 11월 11일 20시,토요일,경상남도 김해시 내동,경상사고,0,0,1,0,차대차 - 기타,안전운전불이행,건조,맑음,교차로 - 교차로안,승용,여,39세,상해없음,이륜,남,34세,경상
2023111100100511,2023년 11월 11일 20시,토요일,경상남도 김해시 부원동,경상사고,0,0,1,0,차대차 - 측면충돌,신호위반,건조,맑음,교차로 - 교차로안,승용,여,23세,상해없음,승용,남,50세,경상
2023111100100512,2023년 11월 11일 20시,토요일,경상남도 김해시 율하동,중상사고,0,3,2,0,차대차 - 추돌,안전운전불이행,건조,맑음,교차로 - 교차로안,승합,남,66세,상해없음,승용,여,44세,중상
2023111100100529,2023년 11월 11일 21시,토요일,경상남도 창원시 진해구 자은동,경상사고,0,0,2,0,차대차 - 측면충돌,안전운전불이행,건조,맑음,교차로 - 교차로부근,승합,남,62세,상해없음,승용,남,60세,경상
2023111100100530,2023년 11월 11일 21시,토요일,경상남도 창원시 의창구 명서동,경상사고,0,0,1,0,차대차 - 기타,교차로운행방법위반,건조,맑음,교차로 - 교차로안,승용,남,63세,기타불명,승용,남,56세,상해없음
2023111100100543,2023년 11월 11일 22시,토요일,경상남도 양산시 남부동,경상사고,0,0,1,0,차대차 - 측면충돌,안전거리미확보,건조,맑음,단일로 - 기타,승용,남,20세,상해없음,승용,남,36세,경상
2023111200100008,2023년 11월 12일 00시,일요일,경상남도 창원시 성산구 상남동,경상사고,0,0,1,0,차대사람 - 기타,안전운전불이행,건조,맑음,단일로 - 기타,승용,남,39세,상해없음,보행자,남,20세,경상
2023111200100009,2023년 11월 12일 00시,일요일,경상남도 김해시 진례면,중상사고,0,1,0,0,차대차 - 기타,안전운전불이행,건조,맑음,교차로 - 교차로부근,이륜,남,30세,중상,기타불명,기타불명,미분류,기타불명
2023111200100017,2023년 11월 12일 01시,일요일,경상남도 양산시 북정동,중상사고,0,1,0,0,차대차 - 측면충돌,직진우회전진행방해,건조,맑음,교차로 - 교차로안,승용,남,39세,상해없음,이륜,남,17세,중상
2023111200100056,2023년 11월 12일 06시,일요일,경상남도 창원시 의창구 도계동,경상사고,0,0,1,0,차량단독 - 공작물충돌,안전운전불이행,건조,맑음,단일로 - 기타,승용,남,66세,상해없음,,,,
2023111200100057,2023년 11월 12일 06시,일요일,경상남도 창원시 의창구 도계동,경상사고,0,0,1,0,차대차 - 측면충돌,안전운전불이행,건조,맑음,교차로 - 교차로안,화물,남,70세,상해없음,승용,여,34세,경상
2023111200100068,2023년 11월 12일 08시,일요일,경상남도 창녕군 고암면,경상사고,0,0,1,0,차대차 - 정면충돌,안전운전불이행,건조,맑음,교차로 - 교차로횡단보도내,화물,남,47세,상해없음,승용,남,43세,경상
2023111200100084,2023년 11월 12일 09시,일요일,경상남도 양산시 평산동,경상사고,0,0,1,0,차대차 - 추돌,안전운전불이행,건조,맑음,교차로 - 교차로부근,승용,남,35세,상해없음,승용,남,49세,경상
2023111200100085,2023년 11월 12일 09시,일요일,경상남도 남해군 미조면,경상사고,0,0,1,0,차대차 - 측면충돌,안전운전불이행,건조,맑음,교차로 - 교차로부근,승용,남,67세,상해없음,승용,남,26세,경상
2023111200100105,2023년 11월 12일 10시,일요일,경상남도 김해시 서상동,경상사고,0,0,1,0,차대사람 - 기타,안전운전불이행,건조,맑음,단일로 - 기타,승용,남,27세,상해없음,보행자,여,56세,경상
2023111200100134,2023년 11월 12일 11시,일요일,경상남도 진주시 칠암동,경상사고,0,0,1,0,차대사람 - 차도통행중,안전운전불이행,건조,맑음,교차로 - 교차로안,승용,남,23세,상해없음,보행자,여,21세,경상
2023111200100135,2023년 11월 12일 11시,일요일,경상남도 산청군 단성면,경상사고,0,0,2,0,차대차 - 추돌,안전거리미확보,건조,맑음,단일로 - 기타,승용,남,38세,상해없음,승용,남,35세,경상
2023111200100162,2023년 11월 12일 12시,일요일,경상남도 사천시 동금동,경상사고,0,0,1,0,차대차 - 정면충돌,교차로운행방법위반,건조,맑음,단일로 - 지하차도(도로)내,승용,여,57세,상해없음,승용,남,55세,상해없음
2023111200100218,2023년 11월 12일 14시,일요일,경상남도 양산시 북부동,중상사고,0,1,0,0,차대차 - 정면충돌,안전운전불이행,건조,맑음,교차로 - 교차로안,이륜,남,74세,중상,승용,남,69세,상해없음
2023111200100277,2023년 11월 12일 16시,일요일,경상남도 창원시 진해구 통신동,경상사고,0,0,1,0,차대차 - 측면충돌,안전운전불이행,건조,맑음,단일로 - 기타,승용,여,39세,상해없음,자전거,남,74세,경상
2023111200100278,2023년 11월 12일 16시,일요일,경상남도 양산시 물금읍,중상사고,0,1,0,0,차대사람 - 횡단중,안전운전불이행,건조,맑음,교차로 - 교차로안,승용,남,61세,상해없음,보행자,남,42세,중상
2023111200100324,2023년 11월 12일 18시,일요일,경상남도 창원시 진해구 석동,경상사고,0,0,3,0,차대차 - 추돌,안전운전불이행,건조,흐림,단일로 - 기타,승용,남,27세,상해없음,승용,남,61세,경상
2023111200100358,2023년 11월 12일 19시,일요일,경상남도 김해시 삼계동,중상사고,0,1,0,0,차대차 - 측면충돌,차로위반,건조,맑음,교차로 - 교차로안,승용,남,56세,상해없음,이륜,남,52세,중상
2023111200100359,2023년 11월 12일 19시,일요일,경상남도 양산시 상북면,경상사고,0,0,1,0,차대차 - 후진중충돌,안전운전불이행,건조,맑음,주차장 - 주차장,승용,여,54세,기타불명,승용,남,49세,경상
2023111200100419,2023년 11월 12일 21시,일요일,경상남도 진주시 가좌동,경상사고,0,0,1,0,차대차 - 기타,중앙선침범,건조,맑음,단일로 - 기타,승용,남,19세,상해없음,승용,여,55세,경상
2023111200100420,2023년 11월 12일 21시,일요일,경상남도 통영시 광도면,중상사고,0,1,0,0,차대차 - 측면충돌,신호위반,건조,맑음,교차로 - 교차로안,승용,여,51세,상해없음,승용,여,24세,중상
2023111200100421,2023년 11월 12일 21시,일요일,경상남도 거제시 장평동,중상사고,0,1,0,0,차대차 - 기타,신호위반,건조,맑음,교차로 - 교차로안,승용,여,58세,상해없음,자전거,여,62세,중상
2023111300100024,2023년 11월 13일 04시,월요일,경상남도 창녕군 계성면,중상사고,0,1,0,0,차대사람 - 차도통행중,안전운전불이행,건조,맑음,교차로 - 교차로부근,승용,남,35세,상해없음,보행자,여,75세,중상