사고번호,사고일시,요일,시군구,사고내용,사망자수,중상자수,경상자수,부상신고자수,사고유형,법규위반,노면상태,기상상태,도로형태,가해운전자 차종,가해운전자 성별,가해운전자 연령,가해운전자 상해정도,피해운전자 차종,피해운전자 성별,피해운전자 연령,피해운전자 상해정도
2023111600100399,2023년 11월 16일 17시,목요일,경상남도 창원시 의창구 소답동,중상사고,0,1,0,0,차대차 - 측면충돌,안전거리미확보,건조,맑음,단일로 - 기타,승용,여,42세,상해없음,승용,남,52세,중상
2023111600100400,2023년 11월 16일 17시,목요일,경상남도 창원시 의창구 도계동,경상사고,0,0,1,0,차대차 - 측면충돌,차로위반,젖음/습기,비,교차로 - 교차로부근,승용,남,72세,상해없음,승용,여,49세,경상
2023111600100466,2023년 11월 16일 18시,목요일,경상남도 창원시 마산합포구 우산동,중상사고,0,1,0,0,차대사람 - 보도통행중,기타,젖음/습기,비,단일로 - 기타,이륜,남,61세,상해없음,보행자,여,71세,중상
2023111600100467,2023년 11월 16일 18시,목요일,경상남도 사천시 송포동,경상사고,0,0,1,0,차대차 - 측면충돌,안전운전불이행,건조,맑음,교차로 - 교차로안,승용,남,26세,기타불명,승용,남,67세,경상
2023111600100468,2023년 11월 16일 18시,목요일,경상남도 양산시 삼호동,경상사고,0,0,1,0,차대차 - 측면충돌,교차로운행방법위반,젖음/습기,비,교차로 - 교차로안,승용,여,54세,상해없음,이륜,남,19세,경상
2023111600100469,2023년 11월 16일 18시,목요일,경상남도 양산시 명동,경상사고,0,0,1,0,차대사람 - 기타,안전운전불이행,젖음/습기,비,교차로 - 교차로안,승용,여,66세,상해없음,보행자,남,59세,경상
2023111600100470,2023년 11월 16일 18시,목요일,경상남도 창원시 의창구 북면,경상사고,0,0,1,0,차대차 - 측면충돌,신호위반,젖음/습기,비,교차로 - 교차로안,승용,남,70세,상해없음,이륜,남,50세,경상
2023111600100511,2023년 11월 16일 19시,목요일,경상남도 김해시 주촌면,경상사고,0,0,1,0,차대차 - 측면충돌,안전거리미확보,젖음/습기,비,단일로 - 기타,승용,여,56세,상해없음,승용,남,26세,경상
2023111600100534,2023년 11월 16일 19시,목요일,경상남도 김해시 외동,중상사고,0,1,0,0,차대사람 - 횡단중,안전운전불이행,건조,맑음,단일로 - 기타,이륜,남,29세,상해없음,보행자,남,51세,중상
2023111600100565,2023년 11월 16일 20시,목요일,경상남도 김해시 무계동,경상사고,0,0,2,0,차대차 - 정면충돌,신호위반,건조,맑음,교차로 - 교차로안,승용,남,31세,상해없음,승용,여,37세,경상
2023111600100566,2023년 11월 16일 20시,목요일,경상남도 김해시 율하동,경상사고,0,0,1,0,차대차 - 기타,안전운전불이행,젖음/습기,흐림,교차로 - 교차로부근,승용,남,65세,상해없음,이륜,남,28세,경상
2023111600100593,2023년 11월 16일 21시,목요일,경상남도 창원시 의창구 도계동,경상사고,0,0,1,0,차대차 - 측면충돌,교차로운행방법위반,젖음/습기,흐림,교차로 - 교차로부근,승용,남,25세,상해없음,이륜,여,40세,경상
2023111600100594,2023년 11월 16일 21시,목요일,경상남도 김해시 장유동,중상사고,0,1,1,0,차대차 - 정면충돌,신호위반,건조,맑음,교차로 - 교차로안,승용,남,28세,상해없음,승용,남,25세,경상
2023111600100618,2023년 11월 16일 22시,목요일,경상남도 창원시 진해구 경화동,중상사고,0,1,0,0,차대차 - 측면충돌,신호위반,젖음/습기,비,교차로 - 교차로부근,승용,남,27세,상해없음,이륜,남,30세,중상
2023111600100636,2023년 11월 16일 23시,목요일,경상남도 진주시 정촌면,경상사고,0,0,1,0,차량단독 - 기타,안전운전불이행,건조,맑음,단일로 - 기타,승용,남,42세,상해없음,,,,
2023111600100637,2023년 11월 16일 23시,목요일,경상남도 거제시 고현동,경상사고,0,0,1,0,차대차 - 정면충돌,직진우회전진행방해,건조,맑음,교차로 - 교차로안,승용,남,42세,상해없음,이륜,남,23세,경상
2023111600100638,2023년 11월 16일 23시,목요일,경상남도 함안군 칠원읍,경상사고,0,0,1,1,차대차 - 기타,교차로운행방법위반,건조,맑음,교차로 - 교차로안,승용,남,55세,부상신고,승용,남,40세,경상
2023111700100066,2023년 11월 17일 06시,금요일,경상남도 양산시 동면,부상신고사고,0,0,0,1,차대사람 - 횡단중,보행자보호의무위반,건조,맑음,단일로 - 기타,승용,여,67세,상해없음,보행자,남,69세,부상신고
2023111700100067,2023년 11월 17일 06시,금요일,경상남도 창원시 의창구 봉곡동,경상사고,0,0,1,0,차대차 - 측면충돌,안전운전불이행,건조,맑음,교차로 - 교차로안,승용,남,63세,상해없음,승용,여,32세,경상
2023111700100134,2023년 11월 17일 08시,금요일,경상남도 진주시 평거동,중상사고,0,1,0,0,차대차 - 추돌,안전운전불이행,건조,맑음,교차로 - 교차로부근,승용,남,48세,상해없음,승용,여,63세,중상
2023111700100135,2023년 11월 17일 08시,금요일,경상남도 창원시 진해구 경화동,중상사고,0,1,0,0,차대차 - 측면충돌,안전운전불이행,건조,맑음,단일로 - 기타,승용,남,49세,기타불명,승용,남,70세,중상
2023111700100136,2023년 11월 17일 08시,금요일,경상남도 사천시 정동면,중상사고,0,1,1,0,차대차 - 측면충돌,직진우회전진행방해,젖음/습기,안개,교차로 - 교차로안,승용,남,58세,상해없음,승용,남,70세,경상
2023111700100137,2023년 11월 17일 08시,금요일,경상남도 함양군 함양읍,중상사고,0,1,0,0,차대사람 - 횡단중,안전운전불이행,건조,맑음,단일로 - 기타,승용,남,52세,상해없음,보행자,여,84세,중상
2023111700100138,2023년 11월 17일 08시,금요일,경상남도 양산시 물금읍,중상사고,0,1,0,0,차대차 - 기타,안전거리미확보,건조,맑음,단일로 - 기타,승용,남,51세,상해없음,승합,남,48세,상해없음
2023111700100192,2023년 11월 17일 10시,금요일,경상남도 김해시 대동면,경상사고,0,0,4,2,차대차 - 추돌,안전거리미확보,건조,맑음,단일로 - 기타,승용,여,42세,상해없음,승용,남,56세,경상
2023111700100209,2023년 11월 17일 10시,금요일,경상남도 밀양시 하남읍,중상사고,0,1,0,0,차대차 - 측면충돌,교차로운행방법위반,건조,맑음,단일로 - 기타,승용,여,63세,상해없음,이륜,남,72세,중상
2023111700100210,2023년 11월 17일 10시,금요일,경상남도 밀양시 내이동,중상사고,0,1,0,0,차량단독 - 기타,안전운전불이행,건조,맑음,교차로 - 교차로안,승합,남,54세,상해없음,,,,
2023111700100211,2023년 11월 17일 10시,금요일,경상남도 김해시 삼계동,중상사고,0,1,0,0,차대사람 - 기타,보행자보호의무위반,건조,맑음,교차로 - 교차로안,승용,남,58세,상해없음,보행자,남,91세,중상
2023111700100212,2023년 11월 17일 10시,금요일,경상남도 합천군 합천읍,경상사고,0,0,1,0,차대차 - 측면충돌,교차로운행방법위반,건조,맑음,교차로 - 교차로안,승용,여,54세,상해없음,원동기,남,85세,경상
2023111700100213,2023년 11월 17일 10시,금요일,경상남도 거제시 장승포동,경상사고,0,0,1,0,차대차 - 기타,안전운전불이행,건조,맑음,기타 - 기타,승용,남,68세,상해없음,승용,남,63세,경상
2023111700100214,2023년 11월 17일 10시,금요일,경상남도 창원시 마산회원구 합성동,중상사고,0,1,0,0,차대사람 - 횡단중,보행자보호의무위반,건조,맑음,단일로 - 기타,화물,남,56세,상해없음,보행자,여,78세,중상
2023111700100256,2023년 11월 17일 11시,금요일,경상남도 창원시 진해구 석동,경상사고,0,0,1,0,차대사람 - 횡단중,보행자보호의무위반,건조,맑음,교차로 - 교차로횡단보도내,승용,남,26세,상해없음,보행자,여,45세,경상
2023111700100257,2023년 11월 17일 11시,금요일,경상남도 통영시 산양읍,중상사고,0,1,0,0,차량단독 - 기타,안전운전불이행,건조,맑음,단일로 - 기타,원동기,남,60세,중상,,,,
2023111700100295,2023년 11월 17일 12시,금요일,경상남도 창원시 의창구 북면,중상사고,0,1,0,0,차량단독 - 공작물충돌,안전운전불이행,건조,맑음,단일로 - 기타,승용,여,71세,기타불명,,,,
2023111700100325,2023년 11월 17일 13시,금요일,경상남도 하동군 하동읍,중상사고,0,1,0,0,차대사람 - 기타,안전운전불이행,건조,맑음,교차로 - 교차로부근,승합,남,52세,상해없음,보행자,여,78세,중상
2023111700100355,2023년 11월 17일 14시,금요일,경상남도 밀양시 내이동,경상사고,0,0,3,0,차대차 - 측면충돌,안전운전불이행,건조,맑음,교차로 - 교차로안,화물,남,72세,경상,승용,여,58세,상해없음
2023111700100356,2023년 11월 17일 14시,금요일,경상남도 김해시 주촌면,경상사고,0,0,2,0,차대차 - 측면충돌,교차로운행방법위반,건조,맑음,교차로 - 교차로안,승용,남,58세,경상,승용,여,43세,경상
2023111700100392,2023년 11월 17일 15시,금요일,경상남도 합천군 야로면,중상사고,0,1,0,0,차량단독 - 기타,안전운전불이행,젖음/습기,맑음,단일로 - 기타,이륜,남,70세,중상,,,,
2023111700100439,2023년 11월 17일 16시,금요일,경상남도 통영시 무전동,경상사고,0,0,1,0,차대차 - 기타,안전거리미확보,건조,맑음,단일로 - 기타,승용,여,34세,상해없음,승합,남,63세,기타불명
2023111700100440,2023년 11월 17일 16시,금요일,경상남도 창원시 의창구 소답동,경상사고,0,0,1,0,차대사람 - 길가장자리구역통행중,안전운전불이행,건조,맑음,단일로 - 기타,승용,여,51세,상해없음,보행자,여,58세,경상
2023111700100554,2023년 11월 17일 18시,금요일,경상남도 함양군 함양읍,중상사고,0,1,0,0,차대차 - 측면충돌,안전운전불이행,건조,맑음,교차로 - 교차로안,승용,여,26세,상해없음,이륜,남,24세,중상
2023111700100555,2023년 11월 17일 18시,금요일,경상남도 창원시 성산구 신월동,경상사고,0,0,1,0,차대차 - 측면충돌,안전운전불이행,건조,맑음,교차로 - 교차로안,승용,남,64세,상해없음,승용,남,29세,경상
2023111700100609,2023년 11월 17일 19시,금요일,경상남도 통영시 북신동,경상사고,0,0,1,0,차대사람 - 기타,보행자보호의무위반,건조,맑음,교차로 - 교차로부근,승용,남,23세,상해없음,보행자,남,54세,경상
2023111700100610,2023년 11월 17일 19시,금요일,경상남도 통영시 무전동,경상사고,0,0,1,0,차대차 - 측면충돌,안전운전불이행,건조,맑음,단일로 - 기타,승용,남,68세,상해없음,승용,남,43세,경상
2023111700100612,2023년 11월 17일 19시,금요일,경상남도 창원시 마산회원구 양덕동,중상사고,0,1,0,0,차대사람 - 횡단중,안전운전불이행,건조,맑음,교차로 - 교차로횡단보도내,승용,여,64세,상해없음,보행자,여,68세,중상
2023111700100613,2023년 11월 17일 19시,금요일,경상남도 김해시 무계동,경상사고,0,0,1,0,차대사람 - 횡단중,보행자보호의무위반,건조,맑음,교차로 - 교차로안,승용,여,42세,상해없음,보행자,남,29세,경상
2023111700100645,2023년 11월 17일 20시,금요일,경상남도 김해시 대동면,경상사고,0,0,4,0,차대차 - 추돌,안전거리미확보,건조,맑음,단일로 - 기타,승합,남,47세,경상,승용,남,50세,경상
2023111700100646,2023년 11월 17일 20시,금요일,경상남도 김해시 어방동,경상사고,0,0,2,0,차대차 - 측면충돌,안전운전불이행,건조,맑음,교차로 - 교차로안,승용,남,31세,상해없음,승합,남,64세,경상
2023111700100647,2023년 11월 17일 20시,금요일,경상남도 거제시 옥포동,경상사고,0,0,1,0,차대차 - 측면충돌,신호위반,건조,맑음,교차로 - 교차로안,승용,남,47세,상해없음,이륜,남,56세,경상
2023111700100670,2023년 11월 17일 21시,금요일,경상남도 창원시 진해구 장천동,경상사고,0,0,1,0,차대차 - 측면충돌,안전운전불이행,건조,맑음,교차로 - 교차로안,승용,남,51세,상해없음,승용,남,28세,경상
2023111700100671,2023년 11월 17일 21시,금요일,경상남도 김해시 대동면,중상사고,0,1,1,0,차대차 - 측면충돌,안전거리미확보,건조,맑음,단일로 - 기타,승용,남,30세,경상,화물,남,46세,중상
2023111700100672,2023년 11월 17일 21시,금요일,경상남도 양산시 유산동,경상사고,0,0,2,0,차대차 - 측면충돌,신호위반,건조,맑음,교차로 - 교차로안,승용,남,60세,상해없음,승용,남,47세,경상
2023111700100673,2023년 11월 17일 21시,금요일,경상남도 거제시 사등면,부상신고사고,0,0,0,1,차대사람 - 기타,안전운전불이행,건조,맑음,단일로 - 기타,승용,남,26세,상해없음,보행자,남,25세,부상신고
2023111800100026,2023년 11월 18일 01시,토요일,경상남도 창원시 성산구 사파동,경상사고,0,0,1,0,차대사람 - 횡단중,보행자보호의무위반,건조,맑음,교차로 - 교차로안,승용,남,46세,상해없음,보행자,남,52세,경상
2023111800100033,2023년 11월 18일 02시,토요일,경상남도 창원시 의창구 팔용동,경상사고,0,0,1,0,차대사람 - 횡단중,안전운전불이행,건조,맑음,교차로 - 교차로안,승용,남,67세,상해없음,보행자,남,35세,경상
2023111800100043,2023년 11월 18일 03시,토요일,경상남도 창원시 진해구 용원동,경상사고,0,0,1,0,차대사람 - 횡단중,안전운전불이행,건조,맑음,교차로 - 교차로안,승용,남,63세,상해없음,보행자,남,52세,경상
2023111800100044,2023년 11월 18일 03시,토요일,경상남도 김해시 안동,중상사고,0,1,1,0,차대차 - 추돌,안전운전불이행,건조,맑음,단일로 - 기타,승용,남,31세,상해없음,승합,남,62세,경상
2023111800100060,2023년 11월 18일 05시,토요일,경상남도 창원시 마산회원구 내서읍,경상사고,0,0,1,0,차대차 - 기타,안전운전불이행,서리/결빙,눈,단일로 - 기타,화물,남,75세,기타불명,승용,남,49세,경상
2023111800100061,2023년 11월 18일 05시,토요일,경상남도 함안군 가야읍,경상사고,0,0,1,0,차대차 - 기타,안전운전불이행,서리/결빙,눈,단일로 - 기타,승용,남,70세,상해없음,화물,남,57세,경상
2023111800100076,2023년 11월 18일 06시,토요일,경상남도 창원시 마산합포구 예곡동,중상사고,0,3,0,0,차대차 - 기타,안전운전불이행,건조,맑음,단일로 - 기타,승용,남,55세,중상,화물,남,34세,중상
2023111800100077,2023년 11월 18일 06시,토요일,경상남도 김해시 삼계동,경상사고,0,0,2,0,차대차 - 추돌,안전운전불이행,서리/결빙,눈,단일로 - 기타,화물,남,34세,상해없음,화물,남,59세,상해없음
2023111800100078,2023년 11월 18일 06시,토요일,경상남도 양산시 덕계동,경상사고,0,0,1,0,차대차 - 추돌,안전운전불이행,서리/결빙,눈,단일로 - 교량,승용,남,28세,경상,승용,남,29세,상해없음
2023111800100079,2023년 11월 18일 06시,토요일,경상남도 창원시 의창구 북면,중상사고,0,2,0,0,차대차 - 추돌,안전운전불이행,서리/결빙,맑음,단일로 - 기타,화물,남,60세,상해없음,화물,여,63세,중상
2023111800100080,2023년 11월 18일 06시,토요일,경상남도 김해시 주촌면,중상사고,0,1,2,0,차대차 - 측면충돌,안전운전불이행,서리/결빙,눈,단일로 - 기타,화물,남,58세,상해없음,화물,남,61세,상해없음
2023111800100100,2023년 11월 18일 07시,토요일,경상남도 창원시 마산회원구 내서읍,경상사고,0,0,1,0,차대차 - 추돌,안전운전불이행,서리/결빙,흐림,단일로 - 기타,특수,남,48세,상해없음,승용,여,50세,경상
2023111800100101,2023년 11월 18일 07시,토요일,경상남도 창원시 마산회원구 석전동,경상사고,0,0,1,0,차대차 - 기타,안전운전불이행,서리/결빙,흐림,단일로 - 기타,승용,여,68세,상해없음,화물,남,63세,상해없음
2023111800100122,2023년 11월 18일 08시,토요일,경상남도 창원시 의창구 사림동,중상사고,0,1,0,0,차대차 - 추돌,안전운전불이행,서리/결빙,맑음,교차로 - 교차로부근,화물,남,39세,상해없음,승용,여,56세,중상
2023111800100151,2023년 11월 18일 09시,토요일,경상남도 창원시 마산회원구 내서읍,경상사고,0,0,1,0,차대차 - 측면충돌,안전운전불이행,서리/결빙,맑음,교차로 - 교차로안,승용,남,26세,상해없음,승용,남,52세,경상
2023111800100152,2023년 11월 18일 09시,토요일,경상남도 창원시 의창구 중동,경상사고,0,0,1,0,차량단독 - 공작물충돌,안전운전불이행,젖음/습기,눈,단일로 - 기타,승용,남,60세,상해없음,,,,
2023111800100187,2023년 11월 18일 10시,토요일,경상남도 양산시 중부동,경상사고,0,0,1,0,차대사람 - 기타,안전운전불이행,건조,맑음,단일로 - 기타,승용,남,60세,상해없음,보행자,남,55세,경상
2023111800100188,2023년 11월 18일 10시,토요일,경상남도 창원시 마산회원구 내서읍,경상사고,0,0,2,0,차대차 - 추돌,안전운전불이행,건조,맑음,교차로 - 교차로부근,승합,남,60세,상해없음,승용,남,54세,경상
2023111800100226,2023년 11월 18일 11시,토요일,경상남도 창원시 진해구 태백동,경상사고,0,0,2,0,차대차 - 측면충돌,안전운전불이행,건조,맑음,단일로 - 기타,승용,여,56세,상해없음,승용,남,69세,경상
2023111800100270,2023년 11월 18일 12시,토요일,경상남도 김해시 삼방동,경상사고,0,0,1,0,차대사람 - 기타,안전운전불이행,건조,맑음,기타 - 기타,승용,여,64세,상해없음,보행자,여,65세,경상
2023111800100305,2023년 11월 18일 13시,토요일,경상남도 김해시 관동동,중상사고,0,1,0,0,차대차 - 측면충돌,안전운전불이행,건조,맑음,교차로 - 교차로안,승용,남,79세,상해없음,승용,남,71세,중상
2023111800100341,2023년 11월 18일 14시,토요일,경상남도 통영시 무전동,중상사고,0,1,0,0,차대차 - 추돌,안전거리미확보,건조,맑음,단일로 - 기타,승용,여,53세,상해없음,승용,남,74세,중상
2023111800100342,2023년 11월 18일 14시,토요일,경상남도 고성군 영오면,중상사고,0,2,1,0,차량단독 - 공작물충돌,안전운전불이행,건조,맑음,단일로 - 기타,이륜,여,46세,경상,,,,
2023111800100343,2023년 11월 18일 14시,토요일,경상남도 산청군 신안면,사망사고,1,0,0,0,차량단독 - 공작물충돌,안전운전불이행,건조,흐림,단일로 - 교량,화물,남,54세,사망,,,,
2023111800100373,2023년 11월 18일 15시,토요일,경상남도 양산시 주남동,경상사고,0,0,1,0,차대차 - 측면충돌,안전운전불이행,건조,맑음,교차로 - 교차로안,승용,남,66세,상해없음,승용,여,26세,경상
2023111800100374,2023년 11월 18일 15시,토요일,경상남도 함안군 산인면,경상사고,0,0,2,0,차대차 - 추돌,안전운전불이행,건조,맑음,단일로 - 기타,승용,남,55세,상해없음,승용,여,28세,경상
2023111800100404,2023년 11월 18일 16시,토요일,경상남도 거제시 일운면,중상사고,0,1,0,0,차대차 - 기타,안전운전불이행,건조,맑음,교차로 - 교차로안,승용,여,52세,상해없음,이륜,남,35세,중상
2023111800100436,2023년 11월 18일 17시,토요일,경상남도 남해군 창선면,중상사고,0,1,0,0,차대사람 - 길가장자리구역통행중,안전운전불이행,건조,맑음,단일로 - 기타,승용,여,70세,상해없음,보행자,남,74세,중상
2023111800100437,2023년 11월 18일 17시,토요일,경상남도 창원시 의창구 북면,경상사고,0,0,4,0,차대차 - 추돌,안전거리미확보,건조,맑음,단일로 - 기타,승용,여,31세,상해없음,화물,남,44세,상해없음
2023111800100438,2023년 11월 18일 17시,토요일,경상남도 통영시 광도면,중상사고,0,1,0,0,차대차 - 기타,신호위반,건조,맑음,단일로 - 교량,승용,남,66세,상해없음,승용,남,56세,중상
2023111800100463,2023년 11월 18일 18시,토요일,경상남도 양산시 동면,경상사고,0,0,1,5,차대차 - 추돌,안전거리미확보,건조,맑음,단일로 - 기타,승용,여,58세,상해없음,승용,남,64세,부상신고
2023111800100489,2023년 11월 18일 18시,토요일,경상남도 산청군 신안면,중상사고,0,1,0,0,차대차 - 기타,안전운전불이행,건조,맑음,교차로 - 교차로안,승용,남,24세,상해없음,승합,남,46세,상해없음
2023111800100519,2023년 11월 18일 19시,토요일,경상남도 함안군 가야읍,중상사고,0,1,5,0,차대차 - 측면충돌,중앙선침범,건조,맑음,단일로 - 기타,승용,남,69세,중상,승용,남,43세,경상
2023111800100536,2023년 11월 18일 20시,토요일,경상남도 통영시 정량동,경상사고,0,0,1,0,차대차 - 추돌,안전운전불이행,건조,맑음,교차로 - 교차로부근,화물,남,63세,상해없음,승용,여,40세,경상
2023111800100537,2023년 11월 18일 20시,토요일,경상남도 김해시 내동,경상사고,0,0,1,0,차대차 - 추돌,안전운전불이행,건조,맑음,단일로 - 기타,승용,남,40세,상해없음,승용,여,51세,경상
2023111800100571,2023년 11월 18일 22시,토요일,경상남도 진주시 대안동,부상신고사고,0,0,0,1,차대차 - 측면충돌,안전거리미확보,건조,맑음,단일로 - 기타,승용,남,18세,상해없음,이륜,남,24세,부상신고
2023111900100008,2023년 11월 19일 00시,일요일,경상남도 창원시 마산회원구 합성동,경상사고,0,0,1,0,차량단독 - 공작물충돌,안전운전불이행,건조,맑음,단일로 - 기타,승용,남,31세,경상,,,,
2023111900100017,2023년 11월 19일 01시,일요일,경상남도 사천시 사천읍,부상신고사고,0,0,0,1,차대차 - 측면충돌,교차로운행방법위반,건조,맑음,교차로 - 교차로안,승용,남,46세,상해없음,승용,남,27세,부상신고
2023111900100060,2023년 11월 19일 07시,일요일,경상남도 창원시 마산합포구 월남동2가,중상사고,0,1,0,0,차대사람 - 횡단중,안전운전불이행,건조,맑음,교차로 - 교차로부근,승용,여,54세,기타불명,보행자,여,58세,중상
2023111900100061,2023년 11월 19일 07시,일요일,경상남도 창원시 진해구 두동,경상사고,0,0,2,0,차대차 - 정면충돌,신호위반,건조,맑음,교차로 - 교차로안,승용,남,40세,상해없음,승용,남,63세,경상
2023111900100072,2023년 11월 19일 08시,일요일,경상남도 창원시 의창구 북면,경상사고,0,0,4,0,차대차 - 추돌,안전거리미확보,건조,맑음,단일로 - 기타,승용,남,28세,상해없음,승용,남,44세,경상
2023111900100091,2023년 11월 19일 09시,일요일,경상남도 거제시 고현동,경상사고,0,0,1,0,차대차 - 측면충돌,중앙선침범,건조,맑음,단일로 - 기타,승용,여,48세,상해없음,이륜,남,40세,경상
2023111900100092,2023년 11월 19일 09시,일요일,경상남도 창원시 성산구 상남동,경상사고,0,0,1,0,차대차 - 측면충돌,안전운전불이행,건조,맑음,교차로 - 교차로부근,승용,남,24세,상해없음,승용,여,70세,경상
2023111900100182,2023년 11월 19일 13시,일요일,경상남도 밀양시 삼문동,경상사고,0,0,1,0,차대차 - 측면충돌,안전운전불이행,건조,맑음,교차로 - 교차로안,승용,여,24세,상해없음,승용,여,60세,경상
2023111900100222,2023년 11월 19일 14시,일요일,경상남도 창원시 진해구 자은동,경상사고,0,0,1,0,차대차 - 추돌,안전거리미확보,건조,맑음,교차로 - 교차로부근,승용,남,52세,상해없음,승용,남,30세,경상
2023111900100223,2023년 11월 19일 14시,일요일,경상남도 김해시 진영읍,경상사고,0,0,1,0,차대차 - 정면충돌,안전운전불이행,건조,맑음,단일로 - 기타,사륜오토바이(ATV),남,57세,상해없음,자전거,남,80세,경상
2023111900100243,2023년 11월 19일 15시,일요일,경상남도 양산시 동면,경상사고,0,0,1,0,차대차 - 기타,안전거리미확보,건조,맑음,단일로 - 기타,승용,남,32세,상해없음,승용,남,52세,경상
2023111900100255,2023년 11월 19일 15시,일요일,경상남도 진주시 상대동,중상사고,0,1,0,0,차대사람 - 횡단중,보행자보호의무위반,건조,맑음,교차로 - 교차로안,승용,남,59세,상해없음,보행자,여,43세,중상
2023111900100256,2023년 11월 19일 15시,일요일,경상남도 김해시 내덕동,중상사고,0,1,0,0,차대차 - 정면충돌,중앙선침범,건조,맑음,단일로 - 기타,승용,남,22세,상해없음,승합,여,54세,중상
2023111900100257,2023년 11월 19일 15시,일요일,경상남도 김해시 신문동,경상사고,0,0,2,0,차대차 - 측면충돌,안전거리미확보,건조,맑음,단일로 - 기타,승합,남,30세,기타불명,승용,여,35세,경상
2023111900100281,2023년 11월 19일 16시,일요일,경상남도 진주시 상대동,사망사고,1,0,0,0,차대사람 - 기타,안전운전불이행,건조,맑음,교차로 - 교차로안,승용,남,71세,상해없음,보행자,남,65세,사망
2023111900100282,2023년 11월 19일 16시,일요일,경상남도 진주시 대곡면,경상사고,0,0,1,0,차대사람 - 기타,안전운전불이행,건조,맑음,주차장 - 주차장,승용,남,30세,상해없음,보행자,남,30세,경상
2023111900100283,2023년 11월 19일 16시,일요일,경상남도 김해시 진영읍,경상사고,0,0,1,0,차대차 - 측면충돌,신호위반,건조,맑음,교차로 - 교차로안,승용,여,26세,상해없음,승용,남,61세,경상
2023111900100311,2023년 11월 19일 17시,일요일,경상남도 사천시 동동,중상사고,0,1,0,0,차대사람 - 기타,안전운전불이행,건조,맑음,교차로 - 교차로안,승용,여,68세,상해없음,보행자,여,83세,중상
2023111900100312,2023년 11월 19일 17시,일요일,경상남도 양산시 중부동,부상신고사고,0,0,0,1,차대차 - 기타,차로위반,건조,맑음,단일로 - 기타,승용,여,55세,상해없음,이륜,남,57세,부상신고
2023111900100350,2023년 11월 19일 18시,일요일,경상남도 양산시 동면,경상사고,0,0,1,0,차대차 - 추돌,차로위반,건조,맑음,단일로 - 기타,승용,남,56세,상해없음,이륜,남,37세,경상
2023111900100351,2023년 11월 19일 18시,일요일,경상남도 창원시 의창구 북면,경상사고,0,0,4,0,차대차 - 추돌,안전운전불이행,건조,맑음,기타 - 기타,승용,남,63세,상해없음,승용,여,40세,경상
2023111900100377,2023년 11월 19일 19시,일요일,경상남도 양산시 산막동,경상사고,0,0,1,0,차대차 - 기타,안전거리미확보,건조,맑음,단일로 - 기타,승용,남,68세,상해없음,승합,남,53세,상해없음
2023111900100415,2023년 11월 19일 20시,일요일,경상남도 김해시 전하동,경상사고,0,0,1,0,차대차 - 측면충돌,교차로운행방법위반,건조,기타,교차로 - 교차로안,화물,남,65세,상해없음,승용,남,23세,경상
2023111900100416,2023년 11월 19일 20시,일요일,경상남도 양산시 소주동,경상사고,0,0,1,0,차대사람 - 차도통행중,안전운전불이행,건조,맑음,단일로 - 기타,승용,남,45세,상해없음,보행자,여,67세,경상
2023111900100434,2023년 11월 19일 21시,일요일,경상남도 사천시 벌리동,경상사고,0,0,1,0,차대사람 - 기타,보행자보호의무위반,건조,맑음,단일로 - 기타,승용,남,67세,상해없음,보행자,여,22세,경상
2023111900100457,2023년 11월 19일 23시,일요일,경상남도 밀양시 삼문동,부상신고사고,0,0,0,3,차대차 - 측면충돌,안전운전불이행,건조,맑음,단일로 - 기타,승용,여,41세,상해없음,승용,여,18세,부상신고
2023112000100010,2023년 11월 20일 02시,월요일,경상남도 창원시 의창구 명서동,경상사고,0,0,1,0,차대사람 - 기타,안전운전불이행,건조,맑음,단일로 - 기타,승용,남,57세,상해없음,보행자,남,31세,경상
2023112000100015,2023년 11월 20일 04시,월요일,경상남도 통영시 도남동,중상사고,0,1,0,0,차대차 - 측면충돌,신호위반,건조,맑음,교차로 - 교차로안,승용,여,58세,상해없음,승용,남,64세,중상
2023112000100120,2023년 11월 20일 08시,월요일,경상남도 통영시 광도면,경상사고,0,0,1,0,차대차 - 정면충돌,안전운전불이행,건조,맑음,단일로 - 기타,승용,남,39세,상해없음,승용,여,26세,경상
2023112000100121,2023년 11월 20일 08시,월요일,경상남도 밀양시 삼문동,중상사고,0,1,0,0,차대차 - 측면충돌,안전운전불이행,건조,맑음,교차로 - 교차로안,승용,여,45세,상해없음,이륜,남,79세,중상
2023112000100186,2023년 11월 20일 10시,월요일,경상남도 김해시 대동면,경상사고,0,0,2,0,차대차 - 추돌,안전거리미확보,건조,맑음,단일로 - 기타,화물,남,38세,상해없음,화물,남,69세,경상
2023112000100207,2023년 11월 20일 10시,월요일,경상남도 창원시 마산합포구 신포동2가,중상사고,0,1,0,0,차대차 - 측면충돌,안전운전불이행,건조,맑음,교차로 - 교차로안,이륜,남,46세,중상,승용,남,62세,상해없음
2023112000100208,2023년 11월 20일 10시,월요일,경상남도 양산시 물금읍,경상사고,0,0,1,0,차대차 - 측면충돌,교차로운행방법위반,건조,맑음,교차로 - 교차로안,승용,여,63세,경상,화물,남,58세,상해없음