사고번호,사고일시,요일,시군구,사고내용,사망자수,중상자수,경상자수,부상신고자수,사고유형,법규위반,노면상태,기상상태,도로형태,가해운전자 차종,가해운전자 성별,가해운전자 연령,가해운전자 상해정도,피해운전자 차종,피해운전자 성별,피해운전자 연령,피해운전자 상해정도
2023112300100363,2023년 11월 23일 16시,목요일,경상남도 통영시 당동,경상사고,0,0,3,0,차대차 - 측면충돌,직진우회전진행방해,건조,맑음,교차로 - 교차로안,승용,남,31세,경상,승용,남,66세,경상
2023112300100364,2023년 11월 23일 16시,목요일,경상남도 김해시 대동면,경상사고,0,0,1,0,차대차 - 추돌,안전운전불이행,건조,맑음,단일로 - 기타,승용,남,49세,상해없음,승용,여,63세,경상
2023112300100365,2023년 11월 23일 16시,목요일,경상남도 거제시 장목면,중상사고,0,1,0,0,차대차 - 추돌,안전운전불이행,건조,맑음,단일로 - 기타,승용,여,33세,상해없음,승용,남,48세,중상
2023112300100409,2023년 11월 23일 17시,목요일,경상남도 진주시 상평동,경상사고,0,0,1,0,차대차 - 측면충돌,직진우회전진행방해,건조,맑음,교차로 - 교차로안,승용,남,64세,상해없음,승용,남,39세,경상
2023112300100410,2023년 11월 23일 17시,목요일,경상남도 창원시 의창구 동정동,경상사고,0,0,1,0,차대차 - 측면충돌,안전거리미확보,건조,맑음,단일로 - 기타,승용,여,75세,기타불명,승용,남,27세,경상
2023112300100465,2023년 11월 23일 18시,목요일,경상남도 사천시 대방동,중상사고,0,1,0,0,차대차 - 측면충돌,안전운전불이행,건조,맑음,교차로 - 교차로안,화물,남,73세,상해없음,이륜,남,39세,중상
2023112300100504,2023년 11월 23일 19시,목요일,경상남도 김해시 흥동,중상사고,0,1,0,0,차대차 - 측면충돌,차로위반,건조,맑음,단일로 - 기타,승용,남,49세,상해없음,승용,남,48세,중상
2023112300100540,2023년 11월 23일 20시,목요일,경상남도 창원시 진해구 석동,중상사고,0,1,3,0,차대차 - 추돌,안전운전불이행,건조,맑음,교차로 - 교차로부근,승합,여,66세,상해없음,승용,남,31세,경상
2023112300100541,2023년 11월 23일 20시,목요일,경상남도 고성군 상리면,중상사고,0,1,0,0,차대사람 - 차도통행중,안전운전불이행,건조,맑음,단일로 - 기타,화물,남,50세,상해없음,보행자,여,38세,중상
2023112300100595,2023년 11월 23일 22시,목요일,경상남도 창원시 마산합포구 월남동3가,경상사고,0,0,1,0,차대차 - 추돌,안전운전불이행,건조,맑음,교차로 - 교차로부근,이륜,남,50세,경상,승합,남,45세,상해없음
2023112300100596,2023년 11월 23일 22시,목요일,경상남도 창원시 진해구 석동,경상사고,0,0,2,0,차대차 - 기타,안전운전불이행,건조,맑음,단일로 - 기타,승용,남,70세,상해없음,승용,여,27세,경상
2023112400100010,2023년 11월 24일 00시,금요일,경상남도 김해시 삼문동,중상사고,0,1,0,0,차량단독 - 공작물충돌,안전운전불이행,건조,맑음,단일로 - 기타,이륜,남,18세,중상,,,,
2023112400100040,2023년 11월 24일 05시,금요일,경상남도 창원시 마산합포구 진동면,중상사고,0,1,1,0,차대차 - 추돌,안전운전불이행,건조,맑음,단일로 - 기타,승용,남,41세,상해없음,이륜,남,21세,경상
2023112400100041,2023년 11월 24일 05시,금요일,경상남도 창원시 의창구 도계동,중상사고,0,2,0,0,차대차 - 정면충돌,신호위반,건조,맑음,교차로 - 교차로안,화물,남,60세,상해없음,승용,여,32세,중상
2023112400100055,2023년 11월 24일 06시,금요일,경상남도 창원시 진해구 경화동,경상사고,0,0,2,0,차대차 - 기타,안전운전불이행,건조,맑음,단일로 - 기타,승용,남,69세,상해없음,승용,남,51세,경상
2023112400100056,2023년 11월 24일 06시,금요일,경상남도 사천시 서동,중상사고,0,1,0,0,차대사람 - 기타,안전운전불이행,건조,맑음,교차로 - 교차로안,승용,남,71세,상해없음,보행자,여,79세,중상
2023112400100057,2023년 11월 24일 06시,금요일,경상남도 양산시 어곡동,경상사고,0,0,1,0,차대차 - 정면충돌,중앙선침범,건조,맑음,단일로 - 기타,승용,여,70세,상해없음,화물,남,49세,경상
2023112400100078,2023년 11월 24일 07시,금요일,경상남도 창원시 진해구 죽곡동,중상사고,0,1,2,0,차대차 - 추돌,안전거리미확보,건조,맑음,단일로 - 기타,승용,여,75세,상해없음,승용,남,54세,경상
2023112400100079,2023년 11월 24일 07시,금요일,경상남도 창원시 진해구 충무동,중상사고,0,1,0,0,차대차 - 측면충돌,교차로운행방법위반,건조,맑음,교차로 - 교차로안,건설기계,남,50세,상해없음,승용,남,39세,중상
2023112400100150,2023년 11월 24일 09시,금요일,경상남도 밀양시 내이동,중상사고,0,1,0,0,차대사람 - 기타,안전운전불이행,건조,맑음,기타 - 기타,화물,남,54세,상해없음,보행자,여,55세,중상
2023112400100151,2023년 11월 24일 09시,금요일,경상남도 거제시 거제면,사망사고,1,0,1,1,차대차 - 정면충돌,중앙선침범,건조,맑음,단일로 - 기타,화물,남,56세,경상,승용,여,50세,사망
2023112400100221,2023년 11월 24일 11시,금요일,경상남도 통영시 용남면,경상사고,0,0,4,0,차대차 - 측면충돌,안전거리미확보,건조,맑음,단일로 - 기타,특수,남,60세,상해없음,승용,남,66세,경상
2023112400100222,2023년 11월 24일 11시,금요일,경상남도 김해시 봉황동,경상사고,0,0,1,0,차대차 - 측면충돌,안전거리미확보,건조,맑음,단일로 - 기타,승용,남,55세,상해없음,승용,여,38세,경상
2023112400100302,2023년 11월 24일 13시,금요일,경상남도 김해시 외동,경상사고,0,0,1,0,차대차 - 측면충돌,안전운전불이행,건조,맑음,단일로 - 기타,승용,남,58세,상해없음,승용,남,30세,경상
2023112400100364,2023년 11월 24일 15시,금요일,경상남도 김해시 대동면,경상사고,0,0,1,0,차대차 - 측면충돌,차로위반,건조,맑음,단일로 - 교량,승용,남,55세,상해없음,승용,남,39세,경상
2023112400100384,2023년 11월 24일 15시,금요일,경상남도 김해시 내동,경상사고,0,0,1,0,차대사람 - 길가장자리구역통행중,보행자보호의무위반,건조,맑음,단일로 - 기타,승용,남,85세,상해없음,보행자,남,16세,경상
2023112400100419,2023년 11월 24일 16시,금요일,경상남도 진주시 옥봉동,경상사고,0,0,1,0,차대사람 - 차도통행중,안전운전불이행,건조,맑음,단일로 - 기타,이륜,남,29세,상해없음,보행자,남,62세,경상
2023112400100420,2023년 11월 24일 16시,금요일,경상남도 창원시 성산구 사파정동,중상사고,0,1,0,0,차대사람 - 보도통행중,안전운전불이행,건조,맑음,교차로 - 교차로횡단보도내,승용,여,35세,상해없음,보행자,여,81세,중상
2023112400100421,2023년 11월 24일 16시,금요일,경상남도 창원시 의창구 소답동,경상사고,0,0,1,0,차대사람 - 횡단중,신호위반,건조,맑음,교차로 - 교차로안,승용,남,59세,상해없음,보행자,남,9세,경상
2023112400100474,2023년 11월 24일 17시,금요일,경상남도 김해시 내동,경상사고,0,0,1,0,차대차 - 정면충돌,안전운전불이행,건조,맑음,교차로 - 교차로안,승합,여,44세,상해없음,화물,남,33세,경상
2023112400100475,2023년 11월 24일 17시,금요일,경상남도 창녕군 도천면,부상신고사고,0,0,0,1,차대차 - 측면충돌,중앙선침범,건조,맑음,단일로 - 기타,원동기,남,60세,부상신고,승용,남,61세,상해없음
2023112400100476,2023년 11월 24일 17시,금요일,경상남도 함양군 함양읍,부상신고사고,0,0,0,2,차대사람 - 기타,안전운전불이행,건조,맑음,단일로 - 기타,승용,남,76세,부상신고,보행자,남,61세,부상신고
2023112400100532,2023년 11월 24일 18시,금요일,경상남도 진주시 초전동,중상사고,0,1,1,2,차대차 - 추돌,안전거리미확보,건조,맑음,단일로 - 기타,화물,남,60세,상해없음,승용,남,58세,경상
2023112400100533,2023년 11월 24일 18시,금요일,경상남도 진주시 옥봉동,경상사고,0,0,1,0,차대차 - 측면충돌,중앙선침범,건조,맑음,단일로 - 기타,승용,여,49세,상해없음,승용,남,49세,경상
2023112400100534,2023년 11월 24일 18시,금요일,경상남도 창원시 진해구 풍호동,경상사고,0,0,2,0,차대차 - 추돌,안전운전불이행,건조,맑음,단일로 - 기타,이륜,여,38세,경상,승용,남,35세,경상
2023112400100535,2023년 11월 24일 18시,금요일,경상남도 창원시 진해구 용원동,경상사고,0,0,2,0,차대차 - 추돌,안전운전불이행,건조,맑음,교차로 - 교차로안,승용,남,20세,상해없음,승용,여,39세,경상
2023112400100536,2023년 11월 24일 18시,금요일,경상남도 통영시 용남면,경상사고,0,0,1,0,차대차 - 측면충돌,안전운전불이행,건조,맑음,단일로 - 기타,승용,남,26세,상해없음,이륜,남,45세,경상
2023112400100537,2023년 11월 24일 18시,금요일,경상남도 사천시 사천읍,경상사고,0,0,1,0,차대차 - 측면충돌,안전운전불이행,건조,맑음,교차로 - 교차로안,화물,남,64세,상해없음,승용,남,50세,경상
2023112400100538,2023년 11월 24일 18시,금요일,경상남도 산청군 단성면,경상사고,0,0,1,0,차대차 - 정면충돌,직진우회전진행방해,건조,맑음,교차로 - 교차로안,화물,남,59세,상해없음,승용,남,55세,경상
2023112400100633,2023년 11월 24일 20시,금요일,경상남도 양산시 물금읍,경상사고,0,0,1,0,차대차 - 측면충돌,중앙선침범,건조,맑음,단일로 - 기타,승용,남,46세,상해없음,이륜,남,25세,경상
2023112400100634,2023년 11월 24일 20시,금요일,경상남도 창원시 성산구 내동,경상사고,0,0,1,0,차대차 - 측면충돌,중앙선침범,건조,맑음,기타 - 기타,승용,여,60세,기타불명,이륜,남,57세,경상
2023112500100014,2023년 11월 25일 00시,토요일,경상남도 양산시 교동,경상사고,0,0,1,0,차대사람 - 횡단중,보행자보호의무위반,건조,맑음,단일로 - 기타,승용,남,42세,상해없음,보행자,여,50세,경상
2023112500100015,2023년 11월 25일 00시,토요일,경상남도 김해시 강동,경상사고,0,0,1,0,차량단독 - 전도전복 - 전복,안전운전불이행,건조,맑음,단일로 - 기타,승용,남,54세,경상,,,,
2023112500100023,2023년 11월 25일 01시,토요일,경상남도 거제시 장평동,사망사고,1,0,0,0,차량단독 - 공작물충돌,안전운전불이행,건조,맑음,단일로 - 기타,승용,남,49세,사망,,,,
2023112500100059,2023년 11월 25일 05시,토요일,경상남도 진주시 명석면,중상사고,0,1,1,0,차대차 - 추돌,안전운전불이행,건조,맑음,단일로 - 기타,화물,남,51세,중상,건설기계,남,48세,경상
2023112500100082,2023년 11월 25일 07시,토요일,경상남도 창원시 진해구 풍호동,경상사고,0,0,1,0,차대차 - 후진중충돌,안전운전불이행,건조,맑음,단일로 - 기타,승용,여,46세,상해없음,승용,남,67세,경상
2023112500100094,2023년 11월 25일 08시,토요일,경상남도 산청군 신안면,경상사고,0,0,3,0,차대차 - 추돌,차로위반,건조,맑음,단일로 - 기타,화물,남,55세,경상,승용,남,31세,경상
2023112500100127,2023년 11월 25일 09시,토요일,경상남도 함양군 함양읍,중상사고,0,1,0,0,차대차 - 측면충돌,교차로운행방법위반,건조,맑음,교차로 - 교차로안,승용,남,74세,상해없음,자전거,여,36세,중상
2023112500100155,2023년 11월 25일 10시,토요일,경상남도 창녕군 남지읍,사망사고,1,0,0,0,차량단독 - 도로외이탈 - 추락,안전운전불이행,건조,맑음,단일로 - 기타,자전거,남,41세,사망,,,,
2023112500100194,2023년 11월 25일 11시,토요일,경상남도 창원시 의창구 도계동,경상사고,0,0,1,0,차대차 - 측면충돌,신호위반,건조,맑음,교차로 - 교차로안,승용,여,46세,상해없음,원동기,남,82세,경상
2023112500100235,2023년 11월 25일 12시,토요일,경상남도 양산시 물금읍,중상사고,0,1,0,0,차대차 - 측면충돌,안전운전불이행,건조,맑음,교차로 - 교차로안,승용,남,42세,상해없음,이륜,남,31세,중상
2023112500100236,2023년 11월 25일 12시,토요일,경상남도 산청군 신안면,중상사고,0,1,2,0,차대차 - 추돌,차로위반,건조,맑음,단일로 - 기타,화물,남,75세,상해없음,승용,남,54세,상해없음
2023112500100237,2023년 11월 25일 12시,토요일,경상남도 창원시 의창구 팔용동,경상사고,0,0,1,0,차대사람 - 횡단중,보행자보호의무위반,건조,맑음,교차로 - 교차로횡단보도내,승용,남,44세,상해없음,보행자,여,14세,경상
2023112500100285,2023년 11월 25일 13시,토요일,경상남도 창원시 성산구 신월동,경상사고,0,0,1,0,차대차 - 추돌,안전운전불이행,건조,맑음,단일로 - 기타,승용,남,27세,상해없음,승용,남,22세,경상
2023112500100330,2023년 11월 25일 14시,토요일,경상남도 양산시 중부동,경상사고,0,0,1,0,차대차 - 측면충돌,안전운전불이행,건조,맑음,교차로 - 교차로안,승용,남,79세,상해없음,승용,남,45세,경상
2023112500100331,2023년 11월 25일 14시,토요일,경상남도 거제시 상동동,경상사고,0,0,1,0,차대차 - 기타,신호위반,건조,맑음,교차로 - 교차로안,승용,여,65세,상해없음,승용,남,26세,경상
2023112500100367,2023년 11월 25일 15시,토요일,경상남도 밀양시 하남읍,경상사고,0,0,2,0,차대차 - 측면충돌,교차로운행방법위반,건조,맑음,교차로 - 교차로안,화물,남,46세,경상,화물,여,63세,경상
2023112500100368,2023년 11월 25일 15시,토요일,경상남도 남해군 창선면,경상사고,0,0,4,1,차대차 - 추돌,안전거리미확보,건조,맑음,단일로 - 기타,승용,여,66세,부상신고,승용,여,27세,경상
2023112500100369,2023년 11월 25일 15시,토요일,경상남도 함안군 가야읍,중상사고,0,1,0,0,차대사람 - 횡단중,보행자보호의무위반,건조,맑음,단일로 - 기타,승용,여,51세,상해없음,보행자,여,64세,중상
2023112500100416,2023년 11월 25일 16시,토요일,경상남도 창원시 성산구 상남동,경상사고,0,0,1,0,차대차 - 측면충돌,안전운전불이행,건조,맑음,교차로 - 교차로안,승용,남,76세,상해없음,승용,여,43세,경상
2023112500100435,2023년 11월 25일 17시,토요일,경상남도 밀양시 산외면,경상사고,0,0,1,0,차대차 - 추돌,안전거리미확보,건조,맑음,단일로 - 기타,승용,남,60세,상해없음,승용,남,51세,경상
2023112500100501,2023년 11월 25일 18시,토요일,경상남도 산청군 산청읍,경상사고,0,0,1,0,차대차 - 측면충돌,안전운전불이행,건조,맑음,단일로 - 기타,승용,여,60세,상해없음,자전거,남,67세,경상
2023112500100529,2023년 11월 25일 19시,토요일,경상남도 거제시 능포동,중상사고,0,1,0,0,차대차 - 측면충돌,안전거리미확보,건조,맑음,교차로 - 교차로안,승용,남,60세,상해없음,이륜,남,37세,중상
2023112500100563,2023년 11월 25일 20시,토요일,경상남도 창원시 성산구 반지동,경상사고,0,0,1,0,차대사람 - 횡단중,보행자보호의무위반,건조,맑음,미분류 - 미분류,이륜,남,48세,상해없음,보행자,남,62세,경상
2023112500100584,2023년 11월 25일 21시,토요일,경상남도 양산시 북부동,중상사고,0,1,0,0,차대차 - 측면충돌,교차로운행방법위반,건조,맑음,교차로 - 교차로안,승용,남,60세,상해없음,이륜,남,39세,중상
2023112500100617,2023년 11월 25일 23시,토요일,경상남도 함안군 가야읍,중상사고,0,1,0,0,차대차 - 기타,안전운전불이행,건조,맑음,주차장 - 주차장,승용,남,65세,상해없음,승용,기타불명,미분류,기타불명
2023112600100047,2023년 11월 26일 05시,일요일,경상남도 창원시 의창구 중동,중상사고,0,1,0,0,차대차 - 측면충돌,신호위반,건조,맑음,교차로 - 교차로안,승용,남,52세,상해없음,승용,남,67세,중상
2023112600100063,2023년 11월 26일 07시,일요일,경상남도 합천군 야로면,경상사고,0,0,3,0,차대차 - 측면충돌,안전운전불이행,건조,맑음,단일로 - 기타,승합,남,64세,상해없음,승용,여,50세,경상
2023112600100070,2023년 11월 26일 08시,일요일,경상남도 창원시 마산합포구 덕동동,경상사고,0,0,1,0,차대차 - 기타,신호위반,건조,맑음,단일로 - 터널,승용,남,28세,상해없음,승용,남,53세,경상
2023112600100076,2023년 11월 26일 09시,일요일,경상남도 통영시 항남동,경상사고,0,0,2,0,차대차 - 측면충돌,안전운전불이행,건조,맑음,교차로 - 교차로안,이륜,남,69세,경상,승용,남,55세,경상
2023112600100077,2023년 11월 26일 09시,일요일,경상남도 사천시 곤양면,중상사고,0,1,0,0,차대사람 - 길가장자리구역통행중,안전운전불이행,건조,맑음,단일로 - 기타,화물,남,64세,상해없음,보행자,여,59세,중상
2023112600100098,2023년 11월 26일 10시,일요일,경상남도 사천시 서포면,경상사고,0,0,1,0,차대차 - 기타,직진우회전진행방해,건조,맑음,교차로 - 교차로안,화물,남,40세,상해없음,승용,여,24세,경상
2023112600100099,2023년 11월 26일 10시,일요일,경상남도 창원시 성산구 남양동,경상사고,0,0,1,0,차대차 - 측면충돌,신호위반,건조,맑음,교차로 - 교차로안,승용,남,57세,상해없음,승용,여,51세,경상
2023112600100100,2023년 11월 26일 10시,일요일,경상남도 창원시 마산회원구 구암동,경상사고,0,0,1,0,차대차 - 후진중충돌,안전운전불이행,건조,맑음,교차로 - 교차로안,승용,여,43세,상해없음,화물,남,55세,경상
2023112600100106,2023년 11월 26일 11시,일요일,경상남도 김해시 대동면,경상사고,0,0,1,0,차대차 - 추돌,안전거리미확보,건조,맑음,단일로 - 기타,승용,남,25세,상해없음,승용,남,33세,경상
2023112600100124,2023년 11월 26일 11시,일요일,경상남도 김해시 서상동,경상사고,0,0,1,0,차대차 - 후진중충돌,안전운전불이행,건조,맑음,교차로 - 교차로안,승용,남,64세,상해없음,승용,여,64세,경상
2023112600100141,2023년 11월 26일 12시,일요일,경상남도 창원시 의창구 동읍,경상사고,0,0,1,0,차대차 - 추돌,안전운전불이행,건조,맑음,교차로 - 교차로안,승용,여,68세,상해없음,승용,여,52세,경상
2023112600100193,2023년 11월 26일 14시,일요일,경상남도 함안군 군북면,중상사고,0,1,2,0,차대차 - 측면충돌,기타,건조,맑음,교차로 - 교차로안,승용,남,36세,상해없음,승용,남,56세,경상
2023112600100194,2023년 11월 26일 14시,일요일,경상남도 창원시 의창구 동읍,경상사고,0,0,1,0,차대차 - 기타,안전운전불이행,건조,맑음,단일로 - 기타,승용,남,31세,상해없음,화물,남,67세,경상
2023112600100220,2023년 11월 26일 15시,일요일,경상남도 양산시 소주동,경상사고,0,0,5,0,차대차 - 측면충돌,직진우회전진행방해,건조,맑음,교차로 - 교차로안,승용,남,63세,상해없음,승용,남,48세,경상
2023112600100221,2023년 11월 26일 15시,일요일,경상남도 고성군 고성읍,중상사고,0,1,0,0,차대차 - 측면충돌,신호위반,건조,맑음,교차로 - 교차로안,승용,남,68세,상해없음,화물,남,54세,중상
2023112600100222,2023년 11월 26일 15시,일요일,경상남도 창원시 마산회원구 내서읍,중상사고,0,3,0,0,차대차 - 측면충돌,안전운전불이행,건조,맑음,단일로 - 기타,화물,남,52세,상해없음,승용,남,59세,중상
2023112600100243,2023년 11월 26일 16시,일요일,경상남도 창원시 진해구 석동,경상사고,0,0,1,0,차대차 - 추돌,안전운전불이행,건조,맑음,교차로 - 교차로부근,승용,남,38세,상해없음,승용,남,32세,상해없음
2023112600100244,2023년 11월 26일 16시,일요일,경상남도 거제시 거제면,부상신고사고,0,0,0,1,차대차 - 추돌,안전거리미확보,건조,맑음,단일로 - 기타,승용,여,38세,상해없음,승용,남,45세,부상신고
2023112600100245,2023년 11월 26일 16시,일요일,경상남도 김해시 한림면,중상사고,0,1,0,1,차량단독 - 공작물충돌,안전운전불이행,건조,맑음,단일로 - 기타,원동기,남,25세,중상,,,,
2023112600100274,2023년 11월 26일 17시,일요일,경상남도 통영시 도산면,경상사고,0,0,2,0,차량단독 - 공작물충돌,안전운전불이행,건조,맑음,단일로 - 기타,승용,남,24세,상해없음,,,,
2023112600100275,2023년 11월 26일 17시,일요일,경상남도 거제시 옥포동,경상사고,0,0,2,0,차대차 - 추돌,안전운전불이행,건조,맑음,교차로 - 교차로부근,승용,남,60세,상해없음,승용,남,22세,경상
2023112600100306,2023년 11월 26일 18시,일요일,경상남도 창원시 마산합포구 현동,경상사고,0,0,1,0,차대차 - 추돌,안전거리미확보,건조,맑음,단일로 - 터널,승용,남,32세,상해없음,승용,여,61세,경상
2023112600100334,2023년 11월 26일 19시,일요일,경상남도 통영시 광도면,경상사고,0,0,3,0,차대차 - 측면충돌,안전운전불이행,건조,맑음,교차로 - 교차로안,승용,여,57세,상해없음,승용,남,23세,경상
2023112600100335,2023년 11월 26일 19시,일요일,경상남도 사천시 벌리동,경상사고,0,0,1,0,차대사람 - 길가장자리구역통행중,안전운전불이행,건조,맑음,교차로 - 교차로부근,원동기,남,46세,상해없음,보행자,남,53세,경상
2023112600100336,2023년 11월 26일 19시,일요일,경상남도 남해군 삼동면,경상사고,0,0,1,0,차량단독 - 공작물충돌,안전운전불이행,건조,맑음,교차로 - 교차로안,화물,남,60세,경상,,,,
2023112600100337,2023년 11월 26일 19시,일요일,경상남도 함안군 법수면,부상신고사고,0,0,0,1,차대차 - 정면충돌,안전운전불이행,건조,맑음,교차로 - 교차로부근,승용,여,64세,부상신고,화물,남,43세,기타불명
2023112600100356,2023년 11월 26일 20시,일요일,경상남도 거제시 사등면,중상사고,0,1,0,0,차대사람 - 차도통행중,안전운전불이행,건조,맑음,단일로 - 기타,승용,여,27세,상해없음,보행자,남,79세,중상
2023112600100385,2023년 11월 26일 22시,일요일,경상남도 창원시 의창구 봉곡동,중상사고,0,1,0,0,차대차 - 기타,중앙선침범,건조,맑음,교차로 - 교차로안,승용,남,34세,상해없음,이륜,남,48세,중상
2023112600100398,2023년 11월 26일 23시,일요일,경상남도 합천군 합천읍,중상사고,0,1,0,0,차대사람 - 차도통행중,기타,건조,기타,단일로 - 기타,승용,남,26세,상해없음,보행자,남,66세,중상
2023112700100026,2023년 11월 27일 03시,월요일,경상남도 고성군 고성읍,중상사고,0,1,0,0,차대차 - 측면충돌,직진우회전진행방해,건조,맑음,교차로 - 교차로안,승용,여,38세,상해없음,승용,남,76세,중상
2023112700100034,2023년 11월 27일 04시,월요일,경상남도 창녕군 영산면,경상사고,0,0,1,0,차대차 - 기타,안전운전불이행,건조,맑음,단일로 - 기타,승용,남,28세,상해없음,특수,남,52세,경상
2023112700100061,2023년 11월 27일 06시,월요일,경상남도 창원시 진해구 대죽동,중상사고,0,2,0,0,차대차 - 정면충돌,직진우회전진행방해,건조,흐림,교차로 - 교차로안,승용,남,55세,상해없음,이륜,남,81세,중상
2023112700100062,2023년 11월 27일 06시,월요일,경상남도 창원시 의창구 동읍,중상사고,0,2,0,0,차대사람 - 길가장자리구역통행중,안전운전불이행,건조,맑음,단일로 - 기타,승용,여,59세,상해없음,보행자,여,70세,중상
2023112700100089,2023년 11월 27일 07시,월요일,경상남도 거제시 사등면,경상사고,0,0,1,0,차대차 - 측면충돌,안전운전불이행,건조,맑음,교차로 - 교차로부근,승합,남,61세,상해없음,승용,남,36세,경상
2023112700100131,2023년 11월 27일 08시,월요일,경상남도 거창군 마리면,중상사고,0,1,0,0,차대차 - 정면충돌,직진우회전진행방해,젖음/습기,비,교차로 - 교차로안,승용,여,57세,상해없음,승용,여,36세,중상
2023112700100132,2023년 11월 27일 08시,월요일,경상남도 양산시 평산동,부상신고사고,0,0,0,1,차대차 - 정면충돌,직진우회전진행방해,건조,맑음,교차로 - 교차로안,승용,여,62세,상해없음,승용,남,46세,부상신고
2023112700100163,2023년 11월 27일 09시,월요일,경상남도 김해시 대동면,경상사고,0,0,1,0,차대차 - 측면충돌,안전운전불이행,건조,맑음,단일로 - 기타,이륜,여,55세,경상,승용,남,53세,상해없음
2023112700100192,2023년 11월 27일 10시,월요일,경상남도 사천시 곤양면,중상사고,0,1,0,0,차대사람 - 기타,안전운전불이행,건조,맑음,단일로 - 기타,건설기계,남,56세,상해없음,보행자,여,81세,중상
2023112700100193,2023년 11월 27일 10시,월요일,경상남도 거창군 남상면,사망사고,1,0,0,0,차대차 - 측면충돌,기타,젖음/습기,비,단일로 - 기타,승용,남,38세,상해없음,이륜,남,86세,사망
2023112700100194,2023년 11월 27일 10시,월요일,경상남도 창녕군 남지읍,경상사고,0,0,1,0,차대사람 - 기타,안전운전불이행,건조,맑음,단일로 - 기타,승용,남,68세,상해없음,보행자,남,62세,경상
2023112700100195,2023년 11월 27일 10시,월요일,경상남도 함양군 안의면,중상사고,0,1,0,0,차대차 - 측면충돌,교차로운행방법위반,건조,맑음,교차로 - 교차로안,승용,남,40세,상해없음,승용,남,83세,중상
2023112700100196,2023년 11월 27일 10시,월요일,경상남도 창원시 마산회원구 내서읍,부상신고사고,0,0,0,1,차대사람 - 차도통행중,안전운전불이행,건조,맑음,단일로 - 기타,화물,남,63세,상해없음,보행자,남,65세,부상신고
2023112700100197,2023년 11월 27일 10시,월요일,경상남도 김해시 주촌면,중상사고,0,1,0,0,차대사람 - 기타,안전운전불이행,건조,맑음,기타 - 기타,기타불명,남,61세,상해없음,보행자,여,54세,중상
2023112700100226,2023년 11월 27일 11시,월요일,경상남도 김해시 삼방동,중상사고,0,1,0,0,차대사람 - 차도통행중,안전운전불이행,건조,맑음,교차로 - 교차로안,화물,남,58세,상해없음,보행자,여,71세,중상
2023112700100227,2023년 11월 27일 11시,월요일,경상남도 김해시 대청동,경상사고,0,0,1,0,차대차 - 추돌,안전운전불이행,건조,맑음,단일로 - 기타,승용,남,28세,상해없음,승용,여,64세,경상
2023112700100259,2023년 11월 27일 12시,월요일,경상남도 진주시 봉곡동,경상사고,0,0,1,0,차대사람 - 횡단중,보행자보호의무위반,건조,맑음,단일로 - 기타,승용,여,60세,상해없음,보행자,여,54세,경상
2023112700100260,2023년 11월 27일 12시,월요일,경상남도 진주시 하대동,경상사고,0,0,1,0,차대사람 - 횡단중,안전운전불이행,건조,맑음,교차로 - 교차로안,승용,여,54세,상해없음,보행자,남,45세,경상
2023112700100261,2023년 11월 27일 12시,월요일,경상남도 하동군 적량면,중상사고,0,1,0,0,차대차 - 기타,안전운전불이행,건조,맑음,기타 - 기타,승용,여,60세,기타불명,승용,여,53세,중상
2023112700100294,2023년 11월 27일 13시,월요일,경상남도 양산시 중부동,경상사고,0,0,1,0,차대차 - 기타,안전운전불이행,건조,맑음,교차로 - 교차로안,원동기,남,19세,기타불명,승용,여,64세,경상
2023112700100295,2023년 11월 27일 13시,월요일,경상남도 김해시 화목동,경상사고,0,0,1,0,차대차 - 측면충돌,안전운전불이행,건조,맑음,교차로 - 교차로안,승용,여,55세,상해없음,승용,남,62세,경상
2023112700100333,2023년 11월 27일 14시,월요일,경상남도 사천시 사남면,경상사고,0,0,2,0,차대차 - 측면충돌,신호위반,건조,맑음,교차로 - 교차로안,승용,남,29세,경상,특수,남,54세,경상
2023112700100334,2023년 11월 27일 14시,월요일,경상남도 창원시 마산회원구 양덕동,경상사고,0,0,1,0,차대차 - 후진중충돌,안전운전불이행,건조,맑음,단일로 - 기타,승용,여,56세,상해없음,승용,남,34세,경상
2023112700100363,2023년 11월 27일 15시,월요일,경상남도 창원시 진해구 용원동,중상사고,0,1,0,0,차대사람 - 횡단중,안전운전불이행,건조,맑음,교차로 - 교차로안,승용,여,61세,상해없음,보행자,여,74세,중상
2023112700100395,2023년 11월 27일 16시,월요일,경상남도 김해시 신문동,중상사고,0,1,0,0,차대차 - 정면충돌,안전운전불이행,건조,맑음,교차로 - 교차로안,승용,남,55세,상해없음,승용,남,42세,중상
2023112700100446,2023년 11월 27일 17시,월요일,경상남도 창원시 마산합포구 신포동1가,경상사고,0,0,1,0,차대사람 - 기타,안전운전불이행,건조,맑음,주차장 - 주차장,승용,남,72세,상해없음,보행자,여,24세,경상