사고번호,사고일시,요일,시군구,사고내용,사망자수,중상자수,경상자수,부상신고자수,사고유형,법규위반,노면상태,기상상태,도로형태,가해운전자 차종,가해운전자 성별,가해운전자 연령,가해운전자 상해정도,피해운전자 차종,피해운전자 성별,피해운전자 연령,피해운전자 상해정도
2023120100100564,2023년 12월 1일 20시,금요일,경상남도 창원시 성산구 상남동,경상사고,0,0,1,0,차대사람 - 차도통행중,안전운전불이행,건조,맑음,단일로 - 기타,승용,남,41세,상해없음,보행자,남,51세,경상
2023120100100594,2023년 12월 1일 21시,금요일,경상남도 통영시 광도면,경상사고,0,0,1,0,차대차 - 측면충돌,안전운전불이행,건조,맑음,교차로 - 교차로부근,승용,여,57세,상해없음,승용,남,31세,경상
2023120100100595,2023년 12월 1일 21시,금요일,경상남도 김해시 대청동,경상사고,0,0,1,0,차대차 - 측면충돌,안전운전불이행,건조,맑음,교차로 - 교차로안,승용,남,30세,상해없음,이륜,남,23세,경상
2023120100100616,2023년 12월 1일 22시,금요일,경상남도 통영시 항남동,경상사고,0,0,1,0,차대사람 - 기타,안전운전불이행,건조,맑음,단일로 - 기타,승용,남,42세,상해없음,보행자,여,56세,경상
2023120100100617,2023년 12월 1일 22시,금요일,경상남도 거제시 고현동,중상사고,0,1,0,0,차대차 - 측면충돌,안전운전불이행,건조,맑음,교차로 - 교차로안,승용,남,54세,상해없음,승용,여,39세,중상
2023120100100618,2023년 12월 1일 22시,금요일,경상남도 창원시 의창구 중동,경상사고,0,0,2,0,차대차 - 측면충돌,교차로운행방법위반,건조,맑음,교차로 - 교차로안,승용,여,56세,상해없음,승합,남,55세,경상
2023120100100639,2023년 12월 1일 23시,금요일,경상남도 거제시 아주동,중상사고,0,1,0,0,차대차 - 정면충돌,직진우회전진행방해,건조,맑음,교차로 - 교차로안,승용,남,42세,상해없음,이륜,남,39세,중상
2023120200100030,2023년 12월 2일 02시,토요일,경상남도 양산시 동면,경상사고,0,0,1,0,차대차 - 추돌,안전운전불이행,건조,맑음,교차로 - 교차로안,화물,남,71세,상해없음,승용,남,61세,경상
2023120200100034,2023년 12월 2일 03시,토요일,경상남도 창원시 진해구 이동,경상사고,0,0,1,0,차대차 - 측면충돌,안전운전불이행,건조,맑음,교차로 - 교차로안,승용,여,47세,상해없음,승용,남,66세,경상
2023120200100041,2023년 12월 2일 05시,토요일,경상남도 김해시 율하동,경상사고,0,0,1,0,차대차 - 측면충돌,신호위반,건조,맑음,교차로 - 교차로안,승용,남,71세,상해없음,화물,남,62세,경상
2023120200100051,2023년 12월 2일 06시,토요일,경상남도 김해시 서상동,중상사고,0,1,0,0,차대차 - 추돌,안전운전불이행,건조,맑음,단일로 - 기타,승용,남,34세,상해없음,기타불명,남,83세,중상
2023120200100062,2023년 12월 2일 07시,토요일,경상남도 사천시 사천읍,중상사고,0,2,0,0,차대차 - 측면충돌,안전운전불이행,건조,맑음,단일로 - 기타,건설기계,남,49세,중상,건설기계,남,60세,중상
2023120200100083,2023년 12월 2일 08시,토요일,경상남도 통영시 서호동,경상사고,0,0,1,0,차대차 - 기타,안전운전불이행,건조,맑음,단일로 - 기타,승용,남,63세,상해없음,이륜,남,42세,경상
2023120200100084,2023년 12월 2일 08시,토요일,경상남도 김해시 불암동,경상사고,0,0,3,0,차대차 - 측면충돌,신호위반,건조,맑음,교차로 - 교차로안,승용,여,36세,경상,화물,남,28세,경상
2023120200100126,2023년 12월 2일 10시,토요일,경상남도 창원시 진해구 안골동,경상사고,0,0,4,0,차대차 - 추돌,안전운전불이행,건조,맑음,교차로 - 교차로안,이륜,남,35세,상해없음,승용,남,48세,경상
2023120200100127,2023년 12월 2일 10시,토요일,경상남도 김해시 안동,경상사고,0,0,2,0,차대차 - 정면충돌,중앙선침범,건조,맑음,단일로 - 기타,승용,남,23세,경상,화물,남,47세,경상
2023120200100171,2023년 12월 2일 11시,토요일,경상남도 거제시 장목면,경상사고,0,0,1,0,차대사람 - 기타,안전운전불이행,건조,맑음,단일로 - 기타,승용,여,58세,상해없음,보행자,여,80세,경상
2023120200100172,2023년 12월 2일 11시,토요일,경상남도 창원시 마산회원구 양덕동,경상사고,0,0,1,0,차대차 - 후진중충돌,안전운전불이행,건조,맑음,단일로 - 기타,화물,남,67세,상해없음,승용,남,29세,경상
2023120200100173,2023년 12월 2일 11시,토요일,경상남도 창원시 마산회원구 구암동,경상사고,0,0,1,0,차대사람 - 횡단중,보행자보호의무위반,기타,기타,단일로 - 기타,승용,남,48세,상해없음,보행자,남,69세,경상
2023120200100193,2023년 12월 2일 12시,토요일,경상남도 양산시 물금읍,중상사고,0,1,0,0,차대차 - 측면충돌,안전운전불이행,건조,맑음,단일로 - 기타,건설기계,남,54세,상해없음,이륜,남,30세,중상
2023120200100226,2023년 12월 2일 13시,토요일,경상남도 창원시 마산합포구 오동동,경상사고,0,0,1,0,차대차 - 측면충돌,중앙선침범,건조,맑음,단일로 - 기타,승용,남,72세,상해없음,이륜,남,41세,경상
2023120200100227,2023년 12월 2일 13시,토요일,경상남도 사천시 사천읍,경상사고,0,0,1,0,차대사람 - 기타,안전운전불이행,건조,맑음,단일로 - 기타,승용,여,69세,기타불명,보행자,여,20세,경상
2023120200100228,2023년 12월 2일 13시,토요일,경상남도 김해시 삼정동,경상사고,0,0,1,0,차대차 - 측면충돌,신호위반,건조,맑음,교차로 - 교차로안,승용,남,65세,상해없음,승용,여,55세,경상
2023120200100229,2023년 12월 2일 13시,토요일,경상남도 김해시 부원동,경상사고,0,0,1,0,차대차 - 추돌,안전거리미확보,건조,맑음,단일로 - 기타,승용,여,23세,상해없음,승용,여,29세,경상
2023120200100230,2023년 12월 2일 13시,토요일,경상남도 김해시 삼계동,경상사고,0,0,1,0,차대차 - 측면충돌,교차로운행방법위반,건조,맑음,교차로 - 교차로안,승용,여,50세,상해없음,승용,남,29세,경상
2023120200100231,2023년 12월 2일 13시,토요일,경상남도 창녕군 남지읍,중상사고,0,1,0,0,차대차 - 측면충돌,안전운전불이행,건조,맑음,교차로 - 교차로안,자전거,남,91세,중상,승용,여,65세,상해없음
2023120200100232,2023년 12월 2일 13시,토요일,경상남도 양산시 신기동,경상사고,0,0,2,0,차대차 - 기타,중앙선침범,건조,맑음,교차로 - 교차로안,자전거,남,44세,경상,이륜,남,53세,경상
2023120200100233,2023년 12월 2일 13시,토요일,경상남도 거제시 장목면,중상사고,0,1,0,0,차대사람 - 차도통행중,안전운전불이행,건조,맑음,기타 - 기타,승용,여,58세,상해없음,보행자,여,46세,중상
2023120200100234,2023년 12월 2일 13시,토요일,경상남도 거제시 연초면,중상사고,0,1,0,0,차대차 - 추돌,안전거리미확보,건조,맑음,교차로 - 교차로안,승용,여,37세,상해없음,이륜,남,52세,중상
2023120200100235,2023년 12월 2일 13시,토요일,경상남도 창원시 성산구 대원동,경상사고,0,0,2,0,차대차 - 추돌,안전운전불이행,건조,맑음,단일로 - 기타,승용,여,33세,상해없음,승용,남,46세,경상
2023120200100236,2023년 12월 2일 13시,토요일,경상남도 창원시 성산구 사파동,경상사고,0,0,1,0,차대차 - 정면충돌,안전운전불이행,건조,맑음,교차로 - 교차로횡단보도내,승용,남,21세,상해없음,자전거,여,58세,경상
2023120200100315,2023년 12월 2일 15시,토요일,경상남도 창원시 마산합포구 진동면,경상사고,0,0,2,0,차대차 - 추돌,안전운전불이행,건조,맑음,단일로 - 기타,승용,남,48세,상해없음,승용,남,40세,경상
2023120200100317,2023년 12월 2일 15시,토요일,경상남도 양산시 덕계동,경상사고,0,0,1,0,차대사람 - 횡단중,중앙선침범,건조,맑음,단일로 - 기타,이륜,남,23세,상해없음,보행자,여,57세,경상
2023120200100385,2023년 12월 2일 17시,토요일,경상남도 김해시 삼정동,경상사고,0,0,1,0,차대사람 - 길가장자리구역통행중,안전운전불이행,건조,맑음,단일로 - 기타,승용,남,46세,상해없음,보행자,남,72세,경상
2023120200100433,2023년 12월 2일 18시,토요일,경상남도 창녕군 이방면,경상사고,0,0,1,0,차대차 - 기타,안전운전불이행,건조,맑음,단일로 - 기타,승용,남,40세,상해없음,승용,기타불명,미분류,기타불명
2023120200100434,2023년 12월 2일 18시,토요일,경상남도 김해시 삼문동,부상신고사고,0,0,0,1,차대사람 - 횡단중,안전운전불이행,건조,맑음,단일로 - 기타,이륜,남,34세,상해없음,보행자,남,8세,부상신고
2023120200100482,2023년 12월 2일 19시,토요일,경상남도 거제시 장평동,경상사고,0,0,1,0,차대차 - 측면충돌,교차로운행방법위반,건조,맑음,교차로 - 교차로안,승용,남,40세,상해없음,이륜,남,18세,경상
2023120200100517,2023년 12월 2일 20시,토요일,경상남도 창원시 의창구 소답동,경상사고,0,0,1,0,차대사람 - 횡단중,안전운전불이행,건조,맑음,단일로 - 기타,승용,남,63세,상해없음,보행자,남,45세,경상
2023120200100539,2023년 12월 2일 21시,토요일,경상남도 거제시 장평동,경상사고,0,0,1,0,차대차 - 추돌,안전운전불이행,건조,맑음,교차로 - 교차로부근,승용,여,64세,상해없음,이륜,남,49세,경상
2023120200100558,2023년 12월 2일 22시,토요일,경상남도 거제시 고현동,중상사고,0,1,0,0,차량단독 - 전도전복 - 전도,안전운전불이행,건조,맑음,단일로 - 기타,이륜,남,18세,중상,,,,
2023120200100559,2023년 12월 2일 22시,토요일,경상남도 의령군 의령읍,중상사고,0,1,0,0,차대차 - 기타,신호위반,건조,맑음,교차로 - 교차로안,승용,남,40세,상해없음,이륜,남,44세,중상
2023120200100579,2023년 12월 2일 23시,토요일,경상남도 창원시 의창구 봉곡동,경상사고,0,0,2,0,차대차 - 측면충돌,안전운전불이행,건조,맑음,단일로 - 기타,승용,남,64세,상해없음,승용,남,19세,상해없음
2023120300100006,2023년 12월 3일 00시,일요일,경상남도 거제시 아주동,중상사고,0,1,0,0,차대차 - 기타,신호위반,건조,맑음,교차로 - 교차로안,승용,남,35세,기타불명,승용,남,34세,중상
2023120300100048,2023년 12월 3일 07시,일요일,경상남도 함양군 함양읍,중상사고,0,1,0,0,차대차 - 정면충돌,중앙선침범,건조,맑음,단일로 - 기타,승용,남,78세,상해없음,승용,여,53세,중상
2023120300100049,2023년 12월 3일 07시,일요일,경상남도 창원시 마산회원구 합성동,경상사고,0,0,1,0,차대사람 - 횡단중,보행자보호의무위반,기타,기타,단일로 - 기타,이륜,남,50세,상해없음,보행자,남,67세,경상
2023120300100109,2023년 12월 3일 11시,일요일,경상남도 창원시 마산합포구 진전면,경상사고,0,0,2,0,차대차 - 추돌,안전운전불이행,건조,맑음,단일로 - 기타,승용,남,64세,상해없음,화물,남,66세,경상
2023120300100110,2023년 12월 3일 11시,일요일,경상남도 김해시 어방동,중상사고,0,2,2,0,차대차 - 기타,안전운전불이행,건조,맑음,기타 - 기타,승용,남,52세,중상,승용,여,63세,경상
2023120300100111,2023년 12월 3일 11시,일요일,경상남도 거제시 고현동,중상사고,0,1,0,0,차대사람 - 횡단중,보행자보호의무위반,건조,맑음,교차로 - 교차로안,화물,남,59세,상해없음,보행자,여,68세,중상
2023120300100112,2023년 12월 3일 11시,일요일,경상남도 김해시 상동면,경상사고,0,0,3,0,차대차 - 추돌,안전거리미확보,건조,맑음,단일로 - 터널,승용,남,67세,상해없음,승용,남,46세,경상
2023120300100142,2023년 12월 3일 12시,일요일,경상남도 김해시 외동,경상사고,0,0,1,0,차대차 - 정면충돌,안전운전불이행,건조,맑음,교차로 - 교차로안,승용,남,76세,상해없음,이륜,남,37세,경상
2023120300100143,2023년 12월 3일 12시,일요일,경상남도 합천군 대병면,중상사고,0,1,2,0,차대사람 - 차도통행중,안전운전불이행,건조,맑음,단일로 - 기타,승용,남,77세,상해없음,보행자,남,66세,경상
2023120300100144,2023년 12월 3일 12시,일요일,경상남도 창원시 성산구 가음동,경상사고,0,0,1,0,차량단독 - 기타,안전운전불이행,건조,맑음,단일로 - 기타,승합,남,55세,상해없음,,,,
2023120300100173,2023년 12월 3일 13시,일요일,경상남도 창원시 성산구 상남동,경상사고,0,0,2,0,차대차 - 추돌,안전운전불이행,건조,맑음,단일로 - 기타,원동기,남,39세,상해없음,승용,남,39세,경상
2023120300100174,2023년 12월 3일 13시,일요일,경상남도 김해시 무계동,부상신고사고,0,0,0,1,차대사람 - 기타,안전운전불이행,건조,맑음,단일로 - 기타,승용,여,67세,상해없음,보행자,여,73세,부상신고
2023120300100203,2023년 12월 3일 14시,일요일,경상남도 창원시 진해구 경화동,경상사고,0,0,1,0,차대사람 - 기타,안전운전불이행,건조,맑음,교차로 - 교차로안,승용,남,57세,상해없음,보행자,남,62세,경상
2023120300100204,2023년 12월 3일 14시,일요일,경상남도 사천시 축동면,경상사고,0,0,5,0,차대차 - 추돌,안전운전불이행,건조,맑음,교차로 - 교차로부근,승용,남,64세,상해없음,승용,남,42세,경상
2023120300100205,2023년 12월 3일 14시,일요일,경상남도 밀양시 내이동,경상사고,0,0,1,0,차대차 - 측면충돌,안전운전불이행,건조,맑음,단일로 - 기타,이륜,남,63세,경상,승용,남,52세,상해없음
2023120300100206,2023년 12월 3일 14시,일요일,경상남도 창원시 의창구 동읍,중상사고,0,1,0,0,차대차 - 측면충돌,신호위반,건조,맑음,교차로 - 교차로안,승용,남,33세,상해없음,승용,여,43세,중상
2023120300100230,2023년 12월 3일 15시,일요일,경상남도 밀양시 삼문동,중상사고,0,1,0,0,차대차 - 측면충돌,신호위반,건조,맑음,교차로 - 교차로부근,이륜,남,57세,중상,승용,남,34세,상해없음
2023120300100231,2023년 12월 3일 15시,일요일,경상남도 창원시 의창구 팔용동,경상사고,0,0,1,0,차대사람 - 기타,안전운전불이행,건조,맑음,단일로 - 기타,승용,남,43세,상해없음,보행자,남,8세,경상
2023120300100259,2023년 12월 3일 16시,일요일,경상남도 김해시 동상동,경상사고,0,0,1,0,차대사람 - 횡단중,신호위반,건조,맑음,교차로 - 교차로횡단보도내,승용,여,30세,기타불명,보행자,남,43세,경상
2023120300100260,2023년 12월 3일 16시,일요일,경상남도 김해시 동상동,중상사고,0,1,0,0,차대사람 - 기타,안전운전불이행,건조,맑음,단일로 - 기타,자전거,남,74세,중상,보행자,남,67세,상해없음
2023120300100261,2023년 12월 3일 16시,일요일,경상남도 김해시 부곡동,경상사고,0,0,1,0,차대차 - 기타,안전운전불이행,건조,맑음,교차로 - 교차로부근,승용,여,68세,상해없음,승용,남,35세,경상
2023120300100290,2023년 12월 3일 17시,일요일,경상남도 창원시 진해구 서중동,중상사고,0,1,0,0,차대차 - 측면충돌,신호위반,건조,맑음,단일로 - 기타,승용,남,72세,상해없음,승용,남,35세,중상
2023120300100291,2023년 12월 3일 17시,일요일,경상남도 창원시 진해구 서중동,경상사고,0,0,3,0,차대차 - 추돌,안전거리미확보,건조,맑음,단일로 - 기타,승용,남,50세,상해없음,승용,남,67세,상해없음
2023120300100292,2023년 12월 3일 17시,일요일,경상남도 함양군 안의면,경상사고,0,0,3,0,차대차 - 측면충돌,중앙선침범,건조,맑음,단일로 - 기타,승용,남,28세,상해없음,승용,여,46세,경상
2023120300100293,2023년 12월 3일 17시,일요일,경상남도 남해군 남해읍,경상사고,0,0,1,0,차대차 - 측면충돌,교차로운행방법위반,건조,맑음,교차로 - 교차로안,승용,여,53세,상해없음,승용,남,63세,경상
2023120300100331,2023년 12월 3일 18시,일요일,경상남도 김해시 진영읍,부상신고사고,0,0,0,1,차대차 - 기타,안전운전불이행,건조,맑음,교차로 - 교차로안,이륜,남,42세,상해없음,이륜,남,52세,부상신고
2023120300100332,2023년 12월 3일 18시,일요일,경상남도 김해시 대청동,경상사고,0,0,1,0,차대차 - 기타,안전운전불이행,건조,맑음,교차로 - 교차로부근,승용,남,71세,상해없음,승용,여,37세,경상
2023120300100370,2023년 12월 3일 20시,일요일,경상남도 진주시 상대동,경상사고,0,0,1,0,차대차 - 측면충돌,직진우회전진행방해,건조,맑음,교차로 - 교차로안,승용,여,30세,상해없음,승용,남,72세,경상
2023120300100406,2023년 12월 3일 22시,일요일,경상남도 창원시 마산회원구 석전동,경상사고,0,0,1,0,차대차 - 정면충돌,안전운전불이행,건조,맑음,교차로 - 교차로부근,승용,남,63세,상해없음,승합,남,61세,경상
2023120300100414,2023년 12월 3일 23시,일요일,경상남도 거제시 장승포동,중상사고,0,1,1,0,차대차 - 추돌,안전운전불이행,건조,맑음,교차로 - 교차로부근,승용,남,32세,경상,승용,남,47세,중상
2023120400100023,2023년 12월 4일 04시,월요일,경상남도 사천시 향촌동,중상사고,0,1,0,0,차대사람 - 차도통행중,안전운전불이행,건조,맑음,단일로 - 기타,화물,남,40세,상해없음,보행자,남,87세,중상
2023120400100050,2023년 12월 4일 06시,월요일,경상남도 창원시 진해구 경화동,부상신고사고,0,0,0,1,차대차 - 추돌,안전운전불이행,건조,맑음,단일로 - 기타,승용,여,34세,부상신고,화물,남,57세,상해없음
2023120400100051,2023년 12월 4일 06시,월요일,경상남도 양산시 물금읍,중상사고,0,1,0,0,차대사람 - 횡단중,신호위반,건조,맑음,교차로 - 교차로안,승용,남,55세,상해없음,보행자,남,57세,중상
2023120400100097,2023년 12월 4일 08시,월요일,경상남도 김해시 대동면,경상사고,0,0,1,0,차대차 - 추돌,안전거리미확보,건조,맑음,단일로 - 기타,승용,남,39세,상해없음,승용,여,25세,경상
2023120400100098,2023년 12월 4일 08시,월요일,경상남도 김해시 흥동,중상사고,0,1,2,0,차대차 - 측면충돌,안전거리미확보,건조,맑음,단일로 - 기타,승용,남,72세,상해없음,승용,남,52세,중상
2023120400100118,2023년 12월 4일 08시,월요일,경상남도 진주시 충무공동,경상사고,0,0,1,0,차대차 - 측면충돌,신호위반,건조,맑음,교차로 - 교차로안,승합,남,55세,상해없음,승용,남,53세,경상
2023120400100119,2023년 12월 4일 08시,월요일,경상남도 양산시 주남동,부상신고사고,0,0,0,1,차대차 - 측면충돌,안전운전불이행,건조,맑음,단일로 - 기타,화물,남,71세,부상신고,승용,남,43세,상해없음
2023120400100120,2023년 12월 4일 08시,월요일,경상남도 거제시 장평동,경상사고,0,0,1,0,차대차 - 기타,기타,건조,맑음,단일로 - 기타,승용,남,43세,상해없음,승용,여,39세,상해없음
2023120400100121,2023년 12월 4일 08시,월요일,경상남도 함안군 군북면,중상사고,0,1,0,0,차대차 - 추돌,안전거리미확보,건조,맑음,교차로 - 교차로부근,승용,여,59세,중상,승용,남,46세,기타불명
2023120400100122,2023년 12월 4일 08시,월요일,경상남도 창원시 의창구 도계동,중상사고,0,1,0,0,차대사람 - 차도통행중,안전운전불이행,건조,맑음,단일로 - 기타,승용,여,44세,상해없음,보행자,여,81세,중상
2023120400100214,2023년 12월 4일 10시,월요일,경상남도 함안군 칠서면,중상사고,0,2,0,0,차대차 - 추돌,안전거리미확보,건조,맑음,교차로 - 교차로부근,화물,남,85세,중상,화물,남,66세,중상
2023120400100248,2023년 12월 4일 11시,월요일,경상남도 창원시 진해구 남문동,중상사고,0,5,0,0,차량단독 - 공작물충돌,안전운전불이행,건조,맑음,단일로 - 기타,승합,남,55세,상해없음,,,,
2023120400100249,2023년 12월 4일 11시,월요일,경상남도 창원시 진해구 석동,경상사고,0,0,4,0,차대차 - 추돌,안전운전불이행,건조,맑음,교차로 - 교차로부근,승용,남,51세,상해없음,승용,여,58세,경상
2023120400100250,2023년 12월 4일 11시,월요일,경상남도 거창군 거창읍,중상사고,0,1,0,0,차대사람 - 횡단중,안전운전불이행,건조,맑음,교차로 - 교차로부근,승용,여,55세,상해없음,보행자,남,88세,중상
2023120400100251,2023년 12월 4일 11시,월요일,경상남도 양산시 물금읍,경상사고,0,0,1,0,차대차 - 측면충돌,안전거리미확보,건조,맑음,단일로 - 기타,승용,여,49세,상해없음,이륜,남,22세,경상
2023120400100290,2023년 12월 4일 12시,월요일,경상남도 거창군 거창읍,경상사고,0,0,1,0,차대차 - 측면충돌,직진우회전진행방해,건조,맑음,교차로 - 교차로안,자전거,남,92세,경상,화물,남,67세,상해없음
2023120400100291,2023년 12월 4일 12시,월요일,경상남도 거제시 장평동,경상사고,0,0,1,0,차대사람 - 횡단중,보행자보호의무위반,건조,맑음,교차로 - 교차로횡단보도내,화물,남,49세,상해없음,보행자,여,59세,경상
2023120400100329,2023년 12월 4일 13시,월요일,경상남도 김해시 삼정동,경상사고,0,0,1,0,차대사람 - 기타,안전운전불이행,건조,맑음,단일로 - 기타,승용,남,30세,상해없음,보행자,여,66세,경상
2023120400100330,2023년 12월 4일 13시,월요일,경상남도 김해시 삼방동,경상사고,0,0,2,0,차대차 - 측면충돌,안전운전불이행,건조,맑음,교차로 - 교차로부근,승용,남,66세,상해없음,승용,남,41세,경상
2023120400100331,2023년 12월 4일 13시,월요일,경상남도 함양군 함양읍,사망사고,1,1,0,0,차량단독 - 공작물충돌,안전운전불이행,건조,맑음,단일로 - 기타,화물,남,76세,사망,,,,
2023120400100332,2023년 12월 4일 13시,월요일,경상남도 산청군 시천면,사망사고,2,1,0,0,차대차 - 정면충돌,중앙선침범,건조,맑음,단일로 - 기타,승용,남,74세,사망,화물,남,68세,사망
2023120400100368,2023년 12월 4일 14시,월요일,경상남도 밀양시 삼문동,중상사고,0,1,0,0,차대사람 - 횡단중,보행자보호의무위반,건조,맑음,교차로 - 교차로횡단보도내,승용,여,49세,상해없음,보행자,여,70세,중상
2023120400100395,2023년 12월 4일 15시,월요일,경상남도 창원시 진해구 석동,중상사고,0,1,0,0,차대차 - 정면충돌,직진우회전진행방해,건조,맑음,교차로 - 교차로안,이륜,남,43세,중상,승용,남,63세,상해없음
2023120400100396,2023년 12월 4일 15시,월요일,경상남도 창원시 진해구 자은동,경상사고,0,0,1,0,차대차 - 측면충돌,안전운전불이행,건조,맑음,교차로 - 교차로부근,승용,여,44세,상해없음,승용,남,39세,경상
2023120400100397,2023년 12월 4일 15시,월요일,경상남도 밀양시 교동,경상사고,0,0,1,0,차대차 - 후진중충돌,안전운전불이행,건조,맑음,주차장 - 주차장,승용,남,50세,상해없음,승용,여,64세,경상
2023120400100398,2023년 12월 4일 15시,월요일,경상남도 고성군 고성읍,중상사고,0,1,0,0,차량단독 - 공작물충돌,안전운전불이행,건조,맑음,단일로 - 기타,이륜,남,69세,중상,,,,
2023120400100426,2023년 12월 4일 16시,월요일,경상남도 사천시 사남면,경상사고,0,0,1,0,차대차 - 측면충돌,직진우회전진행방해,건조,맑음,교차로 - 교차로안,승용,남,67세,상해없음,승용,여,30세,경상
2023120400100427,2023년 12월 4일 16시,월요일,경상남도 김해시 대동면,중상사고,0,2,0,0,차대차 - 추돌,안전운전불이행,건조,맑음,교차로 - 교차로안,화물,남,57세,상해없음,승용,남,76세,중상
2023120400100428,2023년 12월 4일 16시,월요일,경상남도 양산시 중부동,경상사고,0,0,1,0,차대차 - 측면충돌,직진우회전진행방해,건조,맑음,교차로 - 교차로안,승용,여,59세,상해없음,이륜,남,63세,경상
2023120400100474,2023년 12월 4일 17시,월요일,경상남도 창원시 진해구 이동,경상사고,0,0,1,0,차대차 - 기타,안전운전불이행,건조,맑음,교차로 - 교차로부근,건설기계,남,49세,상해없음,승용,여,56세,경상
2023120400100475,2023년 12월 4일 17시,월요일,경상남도 창원시 진해구 이동,경상사고,0,0,1,0,차대차 - 추돌,안전운전불이행,건조,맑음,교차로 - 교차로부근,건설기계,남,49세,상해없음,승용,여,66세,경상
2023120400100476,2023년 12월 4일 17시,월요일,경상남도 창원시 진해구 석동,경상사고,0,0,1,1,차대차 - 측면충돌,신호위반,건조,맑음,교차로 - 교차로부근,이륜,남,45세,부상신고,승용,여,43세,경상
2023120400100477,2023년 12월 4일 17시,월요일,경상남도 창녕군 장마면,중상사고,0,1,0,0,차대차 - 추돌,안전운전불이행,건조,맑음,단일로 - 기타,승용,남,41세,중상,건설기계,남,39세,상해없음
2023120400100478,2023년 12월 4일 17시,월요일,경상남도 창원시 성산구 중앙동,경상사고,0,0,1,0,차대차 - 측면충돌,안전운전불이행,건조,맑음,교차로 - 교차로부근,승용,여,62세,상해없음,자전거,남,55세,경상
2023120400100479,2023년 12월 4일 17시,월요일,경상남도 창원시 의창구 동읍,경상사고,0,0,1,0,차대차 - 측면충돌,안전거리미확보,건조,맑음,단일로 - 기타,특수,남,43세,상해없음,승용,남,62세,경상
2023120400100572,2023년 12월 4일 19시,월요일,경상남도 산청군 단성면,중상사고,0,2,0,0,차대차 - 측면충돌,교차로운행방법위반,건조,맑음,교차로 - 교차로안,승용,여,53세,기타불명,승용,남,67세,중상
2023120400100598,2023년 12월 4일 20시,월요일,경상남도 양산시 용당동,사망사고,1,0,0,0,차대사람 - 차도통행중,안전운전불이행,건조,맑음,단일로 - 기타,승합,남,34세,상해없음,보행자,여,54세,사망
2023120400100641,2023년 12월 4일 22시,월요일,경상남도 진주시 가좌동,경상사고,0,0,1,0,차대사람 - 기타,안전운전불이행,건조,맑음,단일로 - 기타,승용,여,64세,상해없음,보행자,남,34세,경상
2023120400100642,2023년 12월 4일 22시,월요일,경상남도 진주시 가좌동,경상사고,0,0,2,0,차대차 - 측면충돌,교차로운행방법위반,건조,맑음,교차로 - 교차로안,승용,여,64세,상해없음,승용,남,22세,경상
2023120500100029,2023년 12월 5일 06시,화요일,경상남도 김해시 풍유동,경상사고,0,0,1,0,차대차 - 추돌,안전운전불이행,건조,맑음,단일로 - 기타,화물,남,62세,상해없음,승용,남,42세,경상
2023120500100057,2023년 12월 5일 07시,화요일,경상남도 고성군 하이면,경상사고,0,0,2,0,차대사람 - 길가장자리구역통행중,안전운전불이행,건조,맑음,단일로 - 기타,승합,남,68세,상해없음,보행자,남,50세,경상
2023120500100058,2023년 12월 5일 07시,화요일,경상남도 거제시 연초면,경상사고,0,0,1,0,차대차 - 정면충돌,직진우회전진행방해,건조,맑음,교차로 - 교차로안,화물,남,53세,상해없음,이륜,남,43세,경상
2023120500100096,2023년 12월 5일 08시,화요일,경상남도 창원시 진해구 경화동,중상사고,0,1,1,0,차대차 - 측면충돌,신호위반,건조,맑음,교차로 - 교차로안,이륜,남,79세,중상,승용,남,63세,상해없음
2023120500100097,2023년 12월 5일 08시,화요일,경상남도 거제시 고현동,경상사고,0,0,2,0,차대차 - 기타,교차로운행방법위반,건조,맑음,교차로 - 교차로안,화물,남,55세,경상,화물,남,28세,경상
2023120500100121,2023년 12월 5일 09시,화요일,경상남도 양산시 물금읍,중상사고,0,1,0,0,차대사람 - 기타,안전운전불이행,건조,맑음,단일로 - 기타,승용,남,78세,상해없음,보행자,여,21세,중상
2023120500100122,2023년 12월 5일 09시,화요일,경상남도 함안군 가야읍,중상사고,0,2,3,0,차대차 - 추돌,안전운전불이행,건조,맑음,교차로 - 교차로부근,승용,여,57세,상해없음,승용,남,75세,중상
2023120500100123,2023년 12월 5일 09시,화요일,경상남도 의령군 정곡면,중상사고,0,1,2,0,차대차 - 기타,기타,건조,맑음,단일로 - 기타,화물,남,57세,상해없음,승용,남,55세,경상
2023120500100124,2023년 12월 5일 09시,화요일,경상남도 창원시 성산구 중앙동,경상사고,0,0,1,0,차대차 - 추돌,안전운전불이행,건조,맑음,교차로 - 교차로안,승용,남,70세,상해없음,승용,여,74세,경상
2023120500100125,2023년 12월 5일 09시,화요일,경상남도 김해시 무계동,경상사고,0,0,1,0,차대차 - 측면충돌,차로위반,건조,맑음,교차로 - 교차로부근,화물,남,60세,상해없음,승용,남,30세,경상
2023120500100145,2023년 12월 5일 10시,화요일,경상남도 김해시 부원동,경상사고,0,0,2,0,차대차 - 측면충돌,안전운전불이행,건조,맑음,교차로 - 교차로부근,승용,여,67세,상해없음,승용,여,50세,경상
2023120500100175,2023년 12월 5일 11시,화요일,경상남도 산청군 산청읍,경상사고,0,0,3,0,차대차 - 측면충돌,안전운전불이행,건조,맑음,교차로 - 교차로안,승용,여,59세,상해없음,승용,여,63세,경상