사고번호,사고일시,요일,시군구,사고내용,사망자수,중상자수,경상자수,부상신고자수,사고유형,법규위반,노면상태,기상상태,도로형태,가해운전자 차종,가해운전자 성별,가해운전자 연령,가해운전자 상해정도,피해운전자 차종,피해운전자 성별,피해운전자 연령,피해운전자 상해정도
2023120500100176,2023년 12월 5일 11시,화요일,경상남도 함안군 가야읍,경상사고,0,0,1,0,차대사람 - 기타,안전운전불이행,건조,맑음,단일로 - 기타,승용,남,71세,상해없음,보행자,남,76세,경상
2023120500100177,2023년 12월 5일 11시,화요일,경상남도 창원시 의창구 소답동,경상사고,0,0,1,0,차대차 - 측면충돌,안전운전불이행,건조,맑음,단일로 - 기타,화물,남,62세,상해없음,이륜,남,26세,경상
2023120500100215,2023년 12월 5일 12시,화요일,경상남도 창원시 마산합포구 가포동,경상사고,0,0,1,0,차대사람 - 기타,중앙선침범,건조,맑음,단일로 - 기타,승용,남,77세,상해없음,보행자,남,57세,경상
2023120500100242,2023년 12월 5일 13시,화요일,경상남도 거창군 거창읍,중상사고,0,1,0,0,차대사람 - 차도통행중,안전운전불이행,건조,맑음,교차로 - 교차로안,승용,여,56세,상해없음,보행자,여,55세,중상
2023120500100319,2023년 12월 5일 15시,화요일,경상남도 거창군 위천면,경상사고,0,0,1,0,차대차 - 후진중충돌,안전운전불이행,건조,맑음,교차로 - 교차로안,화물,남,73세,상해없음,화물,남,52세,경상
2023120500100320,2023년 12월 5일 15시,화요일,경상남도 창원시 마산회원구 회원동,경상사고,0,0,3,0,차대차 - 추돌,안전운전불이행,건조,맑음,단일로 - 기타,승용,남,71세,상해없음,승용,여,51세,경상
2023120500100321,2023년 12월 5일 15시,화요일,경상남도 창원시 마산회원구 합성동,경상사고,0,0,1,0,차대차 - 측면충돌,안전운전불이행,건조,맑음,단일로 - 지하차도(도로)내,승합,남,45세,상해없음,승용,남,22세,경상
2023120500100322,2023년 12월 5일 15시,화요일,경상남도 창원시 의창구 팔용동,중상사고,0,2,0,0,차대차 - 측면충돌,신호위반,건조,맑음,교차로 - 교차로안,승용,남,24세,상해없음,승용,남,43세,중상
2023120500100349,2023년 12월 5일 16시,화요일,경상남도 합천군 합천읍,경상사고,0,0,3,0,차대차 - 측면충돌,안전운전불이행,건조,맑음,교차로 - 교차로부근,승용,남,73세,경상,화물,남,35세,경상
2023120500100350,2023년 12월 5일 16시,화요일,경상남도 양산시 남부동,중상사고,0,1,0,0,차대사람 - 차도통행중,안전운전불이행,건조,맑음,단일로 - 기타,승용,남,65세,상해없음,보행자,여,54세,중상
2023120500100384,2023년 12월 5일 17시,화요일,경상남도 진주시 주약동,중상사고,0,1,0,0,차대차 - 후진중충돌,안전운전불이행,건조,맑음,단일로 - 기타,화물,남,26세,상해없음,승용,여,47세,중상
2023120500100385,2023년 12월 5일 17시,화요일,경상남도 창원시 진해구 장천동,경상사고,0,0,1,0,차대차 - 추돌,안전운전불이행,건조,맑음,교차로 - 교차로부근,승용,여,63세,상해없음,승용,여,45세,경상
2023120500100386,2023년 12월 5일 17시,화요일,경상남도 거제시 고현동,중상사고,0,1,0,0,차대차 - 측면충돌,신호위반,건조,맑음,기타 - 기타,승용,여,45세,상해없음,이륜,남,52세,중상
2023120500100435,2023년 12월 5일 18시,화요일,경상남도 창원시 진해구 남문동,경상사고,0,0,1,0,차대차 - 추돌,안전운전불이행,건조,맑음,단일로 - 기타,승용,여,42세,경상,건설기계,남,69세,기타불명
2023120500100437,2023년 12월 5일 18시,화요일,경상남도 거제시 연초면,경상사고,0,0,1,0,차대차 - 기타,교차로운행방법위반,건조,맑음,교차로 - 교차로안,승용,여,28세,상해없음,승합,남,32세,상해없음
2023120500100438,2023년 12월 5일 18시,화요일,경상남도 남해군 남해읍,부상신고사고,0,0,0,1,차대차 - 기타,안전운전불이행,건조,맑음,단일로 - 기타,승용,남,41세,상해없음,승용,남,35세,부상신고
2023120500100490,2023년 12월 5일 19시,화요일,경상남도 창원시 진해구 풍호동,경상사고,0,0,1,0,차대차 - 측면충돌,교차로운행방법위반,건조,맑음,교차로 - 교차로안,승용,남,65세,상해없음,승용,남,30세,경상
2023120500100491,2023년 12월 5일 19시,화요일,경상남도 김해시 어방동,중상사고,0,1,1,0,차대사람 - 차도통행중,안전운전불이행,건조,맑음,교차로 - 교차로안,승용,남,76세,상해없음,보행자,남,68세,경상
2023120500100492,2023년 12월 5일 19시,화요일,경상남도 김해시 한림면,경상사고,0,0,1,0,차대사람 - 차도통행중,안전운전불이행,건조,맑음,교차로 - 교차로안,승용,남,69세,상해없음,보행자,여,73세,경상
2023120500100518,2023년 12월 5일 20시,화요일,경상남도 양산시 물금읍,경상사고,0,0,1,0,차대차 - 기타,교차로운행방법위반,건조,맑음,교차로 - 교차로안,승용,남,35세,상해없음,이륜,남,51세,경상
2023120500100549,2023년 12월 5일 21시,화요일,경상남도 김해시 삼계동,중상사고,0,1,0,0,차대차 - 측면충돌,기타,건조,맑음,교차로 - 교차로안,원동기,남,22세,상해없음,원동기,남,54세,중상
2023120500100568,2023년 12월 5일 22시,화요일,경상남도 김해시 동상동,경상사고,0,0,1,0,차량단독 - 전도전복 - 전도,안전운전불이행,건조,맑음,교차로 - 교차로안,원동기,남,42세,경상,,,,
2023120500100569,2023년 12월 5일 22시,화요일,경상남도 창원시 성산구 용호동,부상신고사고,0,0,0,1,차대사람 - 기타,안전운전불이행,건조,맑음,단일로 - 기타,화물,남,37세,상해없음,보행자,여,11세,부상신고
2023120500100570,2023년 12월 5일 22시,화요일,경상남도 창원시 마산회원구 회원동,경상사고,0,0,1,0,차대차 - 측면충돌,중앙선침범,건조,맑음,교차로 - 교차로부근,승용,남,54세,상해없음,이륜,남,33세,경상
2023120500100584,2023년 12월 5일 23시,화요일,경상남도 창원시 의창구 소답동,경상사고,0,0,1,0,차대사람 - 기타,안전운전불이행,건조,맑음,단일로 - 기타,이륜,남,40세,상해없음,보행자,남,36세,경상
2023120600100012,2023년 12월 6일 01시,수요일,경상남도 김해시 부원동,중상사고,0,1,0,0,차대차 - 추돌,안전운전불이행,건조,맑음,단일로 - 기타,승용,남,39세,상해없음,화물,남,62세,중상
2023120600100050,2023년 12월 6일 06시,수요일,경상남도 김해시 외동,경상사고,0,0,1,0,차대사람 - 횡단중,안전운전불이행,건조,맑음,단일로 - 기타,이륜,남,40세,상해없음,보행자,남,68세,경상
2023120600100062,2023년 12월 6일 07시,수요일,경상남도 김해시 대동면,경상사고,0,0,1,0,차대차 - 측면충돌,안전거리미확보,건조,맑음,단일로 - 기타,승용,남,56세,상해없음,승용,남,36세,경상
2023120600100078,2023년 12월 6일 07시,수요일,경상남도 창원시 진해구 태평동,경상사고,0,0,1,0,차대차 - 측면충돌,중앙선침범,건조,맑음,단일로 - 기타,승용,남,78세,상해없음,승용,남,23세,경상
2023120600100141,2023년 12월 6일 09시,수요일,경상남도 통영시 광도면,경상사고,0,0,1,0,차량단독 - 전도전복 - 전도,안전운전불이행,건조,맑음,단일로 - 기타,이륜,남,69세,경상,,,,
2023120600100142,2023년 12월 6일 09시,수요일,경상남도 창원시 의창구 소답동,경상사고,0,0,1,0,차대차 - 측면충돌,직진우회전진행방해,건조,맑음,교차로 - 교차로안,승용,여,41세,상해없음,승용,여,29세,경상
2023120600100179,2023년 12월 6일 10시,수요일,경상남도 창원시 마산합포구 진북면,중상사고,0,1,1,0,차대차 - 정면충돌,안전운전불이행,건조,맑음,교차로 - 교차로안,승용,여,45세,경상,화물,남,71세,중상
2023120600100180,2023년 12월 6일 10시,수요일,경상남도 김해시 삼계동,경상사고,0,0,1,0,차대차 - 측면충돌,교차로운행방법위반,건조,맑음,교차로 - 교차로안,승용,남,47세,상해없음,자전거,남,68세,경상
2023120600100199,2023년 12월 6일 11시,수요일,경상남도 양산시 중부동,중상사고,0,1,0,0,차대사람 - 차도통행중,안전운전불이행,건조,맑음,단일로 - 기타,승용,남,70세,상해없음,보행자,여,89세,중상
2023120600100243,2023년 12월 6일 13시,수요일,경상남도 합천군 율곡면,사망사고,1,1,0,0,차대차 - 추돌,안전운전불이행,건조,맑음,단일로 - 기타,화물,남,43세,상해없음,화물,남,53세,사망
2023120600100244,2023년 12월 6일 13시,수요일,경상남도 고성군 고성읍,중상사고,0,1,0,0,차대사람 - 차도통행중,안전운전불이행,건조,맑음,단일로 - 기타,승용,여,41세,상해없음,보행자,남,8세,중상
2023120600100245,2023년 12월 6일 13시,수요일,경상남도 창원시 마산회원구 양덕동,경상사고,0,0,1,0,차대사람 - 차도통행중,안전운전불이행,건조,맑음,단일로 - 기타,승용,남,31세,상해없음,보행자,여,35세,경상
2023120600100266,2023년 12월 6일 14시,수요일,경상남도 창원시 마산합포구 예곡동,경상사고,0,0,3,0,차대차 - 추돌,안전운전불이행,건조,맑음,단일로 - 기타,승합,남,68세,상해없음,화물,남,45세,경상
2023120600100268,2023년 12월 6일 14시,수요일,경상남도 창원시 진해구 용원동,경상사고,0,0,1,1,차대차 - 측면충돌,신호위반,건조,맑음,교차로 - 교차로안,승용,여,52세,부상신고,승용,여,45세,경상
2023120600100320,2023년 12월 6일 16시,수요일,경상남도 김해시 율하동,중상사고,0,1,0,0,차대차 - 측면충돌,안전운전불이행,건조,맑음,교차로 - 교차로안,화물,남,30세,상해없음,이륜,남,28세,중상
2023120600100387,2023년 12월 6일 17시,수요일,경상남도 사천시 정동면,중상사고,0,1,0,0,차대차 - 측면충돌,안전운전불이행,건조,맑음,단일로 - 지하차도(도로)내,승용,남,73세,상해없음,이륜,남,74세,중상
2023120600100388,2023년 12월 6일 17시,수요일,경상남도 김해시 부곡동,경상사고,0,0,1,0,차대차 - 추돌,안전운전불이행,건조,맑음,교차로 - 교차로부근,화물,남,59세,상해없음,승용,남,63세,경상
2023120600100389,2023년 12월 6일 17시,수요일,경상남도 김해시 한림면,중상사고,0,1,0,0,차대차 - 추돌,안전운전불이행,건조,맑음,단일로 - 기타,화물,남,33세,상해없음,승용,남,32세,중상
2023120600100463,2023년 12월 6일 18시,수요일,경상남도 진주시 초전동,경상사고,0,0,1,0,차대사람 - 횡단중,안전운전불이행,젖음/습기,비,교차로 - 교차로안,승용,여,28세,상해없음,보행자,남,16세,경상
2023120600100464,2023년 12월 6일 18시,수요일,경상남도 김해시 불암동,경상사고,0,0,1,0,차대차 - 추돌,안전운전불이행,건조,맑음,단일로 - 기타,승용,남,59세,상해없음,승용,남,37세,경상
2023120600100465,2023년 12월 6일 18시,수요일,경상남도 양산시 물금읍,경상사고,0,0,1,0,차대차 - 측면충돌,안전거리미확보,건조,맑음,교차로 - 교차로부근,승용,남,23세,상해없음,이륜,남,36세,경상
2023120600100466,2023년 12월 6일 18시,수요일,경상남도 남해군 남해읍,중상사고,0,1,0,0,차대사람 - 차도통행중,안전운전불이행,건조,흐림,단일로 - 기타,승용,남,71세,상해없음,보행자,여,56세,중상
2023120600100467,2023년 12월 6일 18시,수요일,경상남도 창원시 의창구 도계동,경상사고,0,0,1,0,차대차 - 정면충돌,신호위반,건조,맑음,단일로 - 기타,승용,남,37세,상해없음,원동기,남,53세,경상
2023120600100468,2023년 12월 6일 18시,수요일,경상남도 창원시 의창구 서상동,경상사고,0,0,1,0,차대사람 - 횡단중,신호위반,건조,맑음,단일로 - 기타,승용,남,70세,상해없음,보행자,남,27세,경상
2023120600100546,2023년 12월 6일 20시,수요일,경상남도 거제시 수월동,경상사고,0,0,1,0,차대차 - 정면충돌,안전운전불이행,건조,맑음,단일로 - 기타,승용,여,37세,상해없음,승합,여,48세,경상
2023120600100597,2023년 12월 6일 23시,수요일,경상남도 창원시 의창구 사림동,경상사고,0,0,1,0,차대차 - 추돌,안전운전불이행,건조,맑음,단일로 - 기타,화물,남,34세,상해없음,승용,남,57세,경상
2023120700100012,2023년 12월 7일 01시,목요일,경상남도 창원시 의창구 명서동,경상사고,0,0,1,0,차대차 - 기타,신호위반,건조,맑음,교차로 - 교차로안,승용,남,51세,상해없음,승용,남,40세,상해없음
2023120700100042,2023년 12월 7일 06시,목요일,경상남도 통영시 정량동,경상사고,0,0,1,0,차대사람 - 횡단중,안전운전불이행,건조,맑음,교차로 - 교차로부근,화물,남,65세,상해없음,보행자,남,49세,경상
2023120700100043,2023년 12월 7일 06시,목요일,경상남도 양산시 상북면,경상사고,0,0,1,0,차대차 - 정면충돌,신호위반,건조,맑음,교차로 - 교차로안,화물,남,67세,상해없음,화물,남,62세,경상
2023120700100064,2023년 12월 7일 07시,목요일,경상남도 김해시 한림면,경상사고,0,0,1,1,차대차 - 측면충돌,중앙선침범,건조,맑음,단일로 - 기타,건설기계,남,56세,부상신고,승용,남,59세,경상
2023120700100109,2023년 12월 7일 08시,목요일,경상남도 김해시 봉황동,경상사고,0,0,1,0,차대차 - 측면충돌,안전운전불이행,건조,맑음,기타 - 기타,승용,남,64세,상해없음,자전거,남,69세,경상
2023120700100134,2023년 12월 7일 09시,목요일,경상남도 거창군 거창읍,중상사고,0,1,0,0,차대차 - 정면충돌,직진우회전진행방해,건조,맑음,교차로 - 교차로안,승용,남,23세,상해없음,이륜,여,65세,중상
2023120700100165,2023년 12월 7일 10시,목요일,경상남도 창녕군 남지읍,중상사고,0,1,0,0,차대사람 - 기타,안전운전불이행,건조,맑음,단일로 - 기타,승용,남,68세,상해없음,보행자,여,72세,중상
2023120700100166,2023년 12월 7일 10시,목요일,경상남도 양산시 물금읍,경상사고,0,0,1,0,차대차 - 측면충돌,안전운전불이행,건조,맑음,교차로 - 교차로횡단보도내,자전거,남,74세,경상,승용,남,70세,상해없음
2023120700100167,2023년 12월 7일 10시,목요일,경상남도 거제시 장목면,경상사고,0,0,1,0,차량단독 - 기타,안전운전불이행,건조,맑음,단일로 - 기타,승용,남,29세,경상,,,,
2023120700100168,2023년 12월 7일 10시,목요일,경상남도 김해시 화목동,경상사고,0,0,2,0,차대차 - 측면충돌,교차로운행방법위반,건조,맑음,교차로 - 교차로안,승용,여,61세,경상,화물,남,30세,경상
2023120700100196,2023년 12월 7일 11시,목요일,경상남도 통영시 도천동,경상사고,0,0,1,0,차량단독 - 기타,기타,건조,맑음,교차로 - 교차로부근,승합,남,59세,상해없음,,,,
2023120700100217,2023년 12월 7일 12시,목요일,경상남도 창원시 마산합포구 완월동,경상사고,0,0,3,0,차대차 - 측면충돌,안전거리미확보,건조,맑음,교차로 - 교차로부근,승용,여,41세,경상,승용,여,48세,경상
2023120700100218,2023년 12월 7일 12시,목요일,경상남도 통영시 무전동,중상사고,0,1,2,0,차대차 - 추돌,안전운전불이행,건조,맑음,단일로 - 기타,승용,남,56세,상해없음,승용,남,59세,경상
2023120700100219,2023년 12월 7일 12시,목요일,경상남도 함양군 함양읍,경상사고,0,0,1,0,차대사람 - 기타,안전운전불이행,건조,맑음,단일로 - 기타,승용,여,59세,상해없음,보행자,남,57세,경상
2023120700100262,2023년 12월 7일 13시,목요일,경상남도 사천시 동동,경상사고,0,0,1,0,차대차 - 측면충돌,기타,건조,맑음,교차로 - 교차로부근,화물,남,44세,상해없음,화물,여,68세,경상
2023120700100263,2023년 12월 7일 13시,목요일,경상남도 양산시 상북면,경상사고,0,0,1,0,차대차 - 기타,안전거리미확보,건조,맑음,단일로 - 기타,승용,남,76세,상해없음,승용,남,64세,상해없음
2023120700100289,2023년 12월 7일 14시,목요일,경상남도 김해시 상동면,중상사고,0,1,0,0,차대차 - 측면충돌,안전운전불이행,건조,맑음,교차로 - 교차로안,화물,남,30세,상해없음,건설기계,남,61세,중상
2023120700100290,2023년 12월 7일 14시,목요일,경상남도 거창군 거창읍,사망사고,1,0,1,0,차대차 - 추돌,안전운전불이행,건조,맑음,단일로 - 기타,승용,여,70세,경상,이륜,여,66세,사망
2023120700100291,2023년 12월 7일 14시,목요일,경상남도 김해시 진례면,경상사고,0,0,1,0,차대차 - 측면충돌,교차로운행방법위반,건조,맑음,교차로 - 교차로안,이륜,남,14세,경상,승용,남,51세,상해없음
2023120700100329,2023년 12월 7일 15시,목요일,경상남도 창원시 마산합포구 가포동,경상사고,0,0,1,0,차대차 - 측면충돌,안전거리미확보,건조,맑음,단일로 - 기타,특수,남,47세,상해없음,화물,남,43세,경상
2023120700100352,2023년 12월 7일 16시,목요일,경상남도 진주시 충무공동,경상사고,0,0,1,0,차대차 - 측면충돌,안전운전불이행,건조,맑음,교차로 - 교차로안,승용,여,57세,상해없음,승용,남,75세,경상
2023120700100353,2023년 12월 7일 16시,목요일,경상남도 양산시 동면,경상사고,0,0,1,0,차대차 - 기타,교차로운행방법위반,건조,맑음,단일로 - 기타,승용,남,56세,기타불명,승합,남,54세,경상
2023120700100354,2023년 12월 7일 16시,목요일,경상남도 함안군 산인면,경상사고,0,0,3,0,차대차 - 측면충돌,교차로운행방법위반,건조,맑음,교차로 - 교차로안,승용,여,50세,경상,승용,남,63세,경상
2023120700100355,2023년 12월 7일 16시,목요일,경상남도 함안군 가야읍,경상사고,0,0,1,0,차대차 - 측면충돌,안전운전불이행,건조,맑음,교차로 - 교차로부근,자전거,남,13세,경상,화물,여,53세,상해없음
2023120700100405,2023년 12월 7일 17시,목요일,경상남도 고성군 고성읍,중상사고,0,1,0,0,차대사람 - 횡단중,보행자보호의무위반,건조,맑음,교차로 - 교차로횡단보도내,승용,남,51세,기타불명,보행자,여,73세,중상
2023120700100406,2023년 12월 7일 17시,목요일,경상남도 고성군 거류면,중상사고,0,2,1,0,차대차 - 측면충돌,교차로운행방법위반,건조,맑음,교차로 - 교차로안,승용,남,75세,상해없음,화물,남,80세,중상
2023120700100407,2023년 12월 7일 17시,목요일,경상남도 함안군 칠원읍,경상사고,0,0,2,0,차대차 - 측면충돌,안전운전불이행,건조,맑음,단일로 - 기타,화물,남,39세,상해없음,승용,여,41세,경상
2023120700100462,2023년 12월 7일 18시,목요일,경상남도 창원시 성산구 중앙동,중상사고,0,1,0,0,차대사람 - 기타,기타,건조,맑음,기타 - 기타,승용,남,57세,상해없음,보행자,남,53세,중상
2023120700100463,2023년 12월 7일 18시,목요일,경상남도 김해시 주촌면,중상사고,0,1,0,0,차대차 - 측면충돌,신호위반,건조,맑음,교차로 - 교차로안,승용,남,66세,상해없음,이륜,남,33세,중상
2023120700100512,2023년 12월 7일 19시,목요일,경상남도 창녕군 대합면,경상사고,0,0,1,0,차대차 - 추돌,안전운전불이행,건조,맑음,주차장 - 주차장,화물,남,68세,상해없음,승용,남,69세,경상
2023120700100534,2023년 12월 7일 20시,목요일,경상남도 창원시 성산구 대방동,중상사고,0,1,0,0,차대사람 - 기타,안전운전불이행,건조,맑음,기타 - 기타,승용,여,46세,상해없음,보행자,남,47세,중상
2023120700100580,2023년 12월 7일 22시,목요일,경상남도 함양군 함양읍,부상신고사고,0,0,0,1,차대사람 - 횡단중,안전운전불이행,건조,맑음,교차로 - 교차로횡단보도내,화물,남,23세,상해없음,보행자,여,16세,부상신고
2023120800100007,2023년 12월 8일 00시,금요일,경상남도 양산시 물금읍,경상사고,0,0,1,0,차대차 - 측면충돌,안전운전불이행,건조,맑음,교차로 - 교차로부근,승용,남,57세,상해없음,승용,여,47세,경상
2023120800100020,2023년 12월 8일 04시,금요일,경상남도 통영시 광도면,경상사고,0,0,2,0,차대차 - 측면충돌,신호위반,건조,맑음,교차로 - 교차로안,승용,여,54세,경상,승용,남,49세,경상
2023120800100029,2023년 12월 8일 05시,금요일,경상남도 창원시 의창구 팔용동,경상사고,0,0,1,0,차대차 - 측면충돌,안전운전불이행,건조,맑음,교차로 - 교차로부근,화물,남,55세,상해없음,자전거,여,69세,경상
2023120800100045,2023년 12월 8일 06시,금요일,경상남도 창원시 성산구 신촌동,경상사고,0,0,1,0,차대차 - 추돌,안전운전불이행,건조,맑음,기타 - 기타,승용,남,52세,상해없음,승용,남,41세,경상
2023120800100046,2023년 12월 8일 06시,금요일,경상남도 김해시 진영읍,경상사고,0,0,1,0,차대차 - 기타,안전운전불이행,건조,맑음,단일로 - 기타,화물,남,49세,상해없음,자전거,남,64세,경상
2023120800100047,2023년 12월 8일 06시,금요일,경상남도 김해시 관동동,경상사고,0,0,2,0,차대차 - 추돌,안전거리미확보,건조,맑음,단일로 - 기타,건설기계,남,58세,상해없음,승용,여,49세,경상
2023120800100070,2023년 12월 8일 07시,금요일,경상남도 김해시 전하동,경상사고,0,0,4,0,차대차 - 측면충돌,안전운전불이행,건조,맑음,교차로 - 교차로안,승용,여,61세,상해없음,승용,남,30세,경상
2023120800100071,2023년 12월 8일 07시,금요일,경상남도 창원시 의창구 팔용동,경상사고,0,0,1,0,차대차 - 측면충돌,직진우회전진행방해,건조,맑음,교차로 - 교차로안,승용,남,72세,상해없음,승합,남,59세,상해없음
2023120800100100,2023년 12월 8일 08시,금요일,경상남도 거창군 거창읍,경상사고,0,0,1,0,차대차 - 측면충돌,중앙선침범,건조,맑음,단일로 - 기타,승용,남,36세,상해없음,승용,남,37세,경상
2023120800100101,2023년 12월 8일 08시,금요일,경상남도 산청군 산청읍,중상사고,0,1,0,0,차대사람 - 길가장자리구역통행중,안전운전불이행,건조,맑음,단일로 - 기타,승용,여,80세,상해없음,보행자,여,84세,중상
2023120800100133,2023년 12월 8일 09시,금요일,경상남도 통영시 항남동,경상사고,0,0,1,0,차대사람 - 차도통행중,안전운전불이행,건조,맑음,기타 - 기타,승용,여,54세,상해없음,보행자,남,74세,경상
2023120800100134,2023년 12월 8일 09시,금요일,경상남도 거제시 사등면,중상사고,0,1,0,0,차대차 - 추돌,신호위반,건조,맑음,단일로 - 기타,화물,남,67세,상해없음,승용,여,30세,상해없음
2023120800100165,2023년 12월 8일 10시,금요일,경상남도 하동군 하동읍,중상사고,0,1,0,0,차대차 - 기타,안전운전불이행,건조,맑음,기타 - 기타,화물,남,54세,상해없음,자전거,여,74세,중상
2023120800100166,2023년 12월 8일 10시,금요일,경상남도 창원시 마산회원구 내서읍,경상사고,0,0,1,0,차대차 - 후진중충돌,안전운전불이행,건조,맑음,단일로 - 기타,승용,여,64세,상해없음,승용,남,38세,경상
2023120800100193,2023년 12월 8일 11시,금요일,경상남도 거제시 고현동,중상사고,0,1,0,0,차대차 - 기타,안전거리미확보,건조,맑음,단일로 - 기타,화물,남,63세,상해없음,이륜,남,41세,중상
2023120800100303,2023년 12월 8일 14시,금요일,경상남도 밀양시 초동면,중상사고,0,2,1,0,차량단독 - 도로외이탈 - 추락,안전운전불이행,건조,맑음,단일로 - 기타,승용,남,85세,경상,,,,
2023120800100304,2023년 12월 8일 14시,금요일,경상남도 창원시 마산회원구 회원동,중상사고,0,1,0,0,차대사람 - 횡단중,보행자보호의무위반,건조,맑음,교차로 - 교차로횡단보도내,승용,남,53세,상해없음,보행자,여,57세,중상
2023120800100357,2023년 12월 8일 15시,금요일,경상남도 김해시 부원동,중상사고,0,2,0,0,차대사람 - 기타,안전운전불이행,건조,맑음,단일로 - 기타,승용,남,33세,상해없음,보행자,여,61세,중상
2023120800100390,2023년 12월 8일 16시,금요일,경상남도 창녕군 계성면,중상사고,0,2,0,0,차량단독 - 공작물충돌,안전운전불이행,건조,맑음,단일로 - 기타,승용,여,61세,상해없음,,,,
2023120800100391,2023년 12월 8일 16시,금요일,경상남도 거제시 고현동,경상사고,0,0,1,0,차대사람 - 횡단중,보행자보호의무위반,건조,맑음,교차로 - 교차로횡단보도내,승용,남,59세,상해없음,보행자,여,13세,경상
2023120800100410,2023년 12월 8일 17시,금요일,경상남도 김해시 흥동,경상사고,0,0,1,1,차대차 - 추돌,안전거리미확보,건조,맑음,단일로 - 기타,승용,남,43세,상해없음,승용,남,53세,경상
2023120800100425,2023년 12월 8일 17시,금요일,경상남도 진주시 초전동,경상사고,0,0,1,0,차대차 - 측면충돌,안전거리미확보,건조,맑음,단일로 - 기타,승용,남,62세,상해없음,승용,여,41세,경상
2023120800100426,2023년 12월 8일 17시,금요일,경상남도 창원시 진해구 용원동,경상사고,0,0,2,0,차대차 - 측면충돌,신호위반,건조,맑음,교차로 - 교차로안,승용,남,54세,경상,승용,남,24세,경상
2023120800100427,2023년 12월 8일 17시,금요일,경상남도 고성군 상리면,중상사고,0,2,0,0,차대차 - 측면충돌,불법유턴,건조,맑음,단일로 - 기타,특수,남,41세,상해없음,승용,남,84세,상해없음
2023120800100428,2023년 12월 8일 17시,금요일,경상남도 창원시 마산회원구 회원동,경상사고,0,0,1,0,차대차 - 기타,안전운전불이행,건조,맑음,단일로 - 기타,승용,여,63세,상해없음,이륜,남,62세,경상
2023120800100461,2023년 12월 8일 18시,금요일,경상남도 김해시 불암동,경상사고,0,0,1,0,차대차 - 추돌,안전거리미확보,건조,맑음,단일로 - 기타,승용,남,61세,상해없음,승용,여,39세,경상
2023120800100492,2023년 12월 8일 18시,금요일,경상남도 창원시 진해구 청안동,경상사고,0,0,1,0,차대사람 - 횡단중,보행자보호의무위반,건조,맑음,단일로 - 기타,승용,여,55세,상해없음,보행자,여,8세,경상
2023120800100493,2023년 12월 8일 18시,금요일,경상남도 밀양시 삼문동,경상사고,0,0,1,0,차대차 - 측면충돌,직진우회전진행방해,건조,맑음,교차로 - 교차로안,승용,남,77세,상해없음,자전거,남,12세,경상
2023120800100494,2023년 12월 8일 18시,금요일,경상남도 김해시 봉황동,중상사고,0,1,0,0,차대사람 - 횡단중,안전운전불이행,건조,맑음,교차로 - 교차로안,승용,남,62세,상해없음,보행자,남,51세,중상
2023120800100495,2023년 12월 8일 18시,금요일,경상남도 김해시 삼정동,경상사고,0,0,2,0,차대차 - 기타,안전운전불이행,건조,맑음,교차로 - 교차로부근,원동기,남,22세,기타불명,승용,남,50세,경상
2023120800100496,2023년 12월 8일 18시,금요일,경상남도 창원시 성산구 신촌동,경상사고,0,0,1,0,차대차 - 측면충돌,안전운전불이행,건조,맑음,단일로 - 기타,승용,남,65세,상해없음,승용,남,42세,경상
2023120800100497,2023년 12월 8일 18시,금요일,경상남도 창원시 성산구 상남동,경상사고,0,0,2,0,차대차 - 측면충돌,안전운전불이행,건조,맑음,교차로 - 교차로안,승용,남,59세,경상,화물,남,49세,경상
2023120800100498,2023년 12월 8일 18시,금요일,경상남도 창원시 의창구 동정동,경상사고,0,0,1,0,차대사람 - 기타,안전운전불이행,건조,맑음,단일로 - 기타,승용,남,34세,상해없음,보행자,여,24세,경상
2023120800100499,2023년 12월 8일 18시,금요일,경상남도 창원시 의창구 명서동,중상사고,0,1,1,0,차대차 - 측면충돌,신호위반,건조,맑음,교차로 - 교차로안,승용,여,52세,상해없음,이륜,남,56세,중상
2023120800100575,2023년 12월 8일 20시,금요일,경상남도 김해시 외동,경상사고,0,0,1,0,차대차 - 추돌,안전거리미확보,건조,맑음,단일로 - 기타,승용,남,58세,상해없음,이륜,남,27세,상해없음
2023120800100602,2023년 12월 8일 21시,금요일,경상남도 창원시 성산구 상남동,경상사고,0,0,1,0,차대차 - 추돌,안전운전불이행,건조,맑음,기타 - 기타,승합,남,61세,상해없음,승용,남,36세,경상
2023120800100643,2023년 12월 8일 23시,금요일,경상남도 사천시 선구동,경상사고,0,0,2,0,차대차 - 측면충돌,신호위반,건조,맑음,교차로 - 교차로안,승용,남,24세,경상,승용,남,54세,상해없음
2023120800100644,2023년 12월 8일 23시,금요일,경상남도 김해시 외동,경상사고,0,0,1,0,차대차 - 기타,안전운전불이행,건조,흐림,교차로 - 교차로안,승용,남,41세,상해없음,승용,남,60세,경상
2023120800100645,2023년 12월 8일 23시,금요일,경상남도 창원시 의창구 북면,중상사고,0,2,0,0,차대차 - 추돌,안전운전불이행,건조,맑음,단일로 - 기타,승용,남,57세,상해없음,승용,남,28세,중상