사고번호,사고일시,요일,시군구,사고내용,사망자수,중상자수,경상자수,부상신고자수,사고유형,법규위반,노면상태,기상상태,도로형태,가해운전자 차종,가해운전자 성별,가해운전자 연령,가해운전자 상해정도,피해운전자 차종,피해운전자 성별,피해운전자 연령,피해운전자 상해정도
2023121200100272,2023년 12월 12일 13시,화요일,경상남도 창원시 의창구 명서동,경상사고,0,0,1,0,차대차 - 측면충돌,안전거리미확보,건조,맑음,단일로 - 기타,화물,남,73세,기타불명,승합,남,50세,경상
2023121200100308,2023년 12월 12일 14시,화요일,경상남도 통영시 당동,부상신고사고,0,0,0,1,차량단독 - 공작물충돌,안전운전불이행,건조,맑음,교차로 - 교차로부근,승용,남,58세,부상신고,,,,
2023121200100309,2023년 12월 12일 14시,화요일,경상남도 합천군 율곡면,중상사고,0,1,0,0,차량단독 - 기타,안전운전불이행,건조,맑음,단일로 - 기타,승용,여,64세,중상,,,,
2023121200100310,2023년 12월 12일 14시,화요일,경상남도 양산시 물금읍,경상사고,0,0,1,0,차대사람 - 횡단중,신호위반,젖음/습기,비,교차로 - 교차로안,승용,여,38세,상해없음,보행자,여,8세,경상
2023121200100351,2023년 12월 12일 15시,화요일,경상남도 진주시 가좌동,경상사고,0,0,1,0,차대차 - 측면충돌,신호위반,건조,맑음,교차로 - 교차로안,승용,여,54세,상해없음,승용,여,36세,경상
2023121200100383,2023년 12월 12일 16시,화요일,경상남도 창원시 진해구 용원동,경상사고,0,0,1,0,차대사람 - 횡단중,보행자보호의무위반,젖음/습기,흐림,교차로 - 교차로안,이륜,남,53세,상해없음,보행자,여,63세,경상
2023121200100384,2023년 12월 12일 16시,화요일,경상남도 고성군 마암면,경상사고,0,0,1,0,차대차 - 측면충돌,안전운전불이행,건조,맑음,단일로 - 기타,승용,남,50세,상해없음,승용,남,44세,경상
2023121200100445,2023년 12월 12일 17시,화요일,경상남도 진주시 상대동,중상사고,0,1,0,0,차대사람 - 횡단중,보행자보호의무위반,건조,맑음,기타 - 기타,이륜,남,33세,상해없음,보행자,남,60세,중상
2023121200100446,2023년 12월 12일 17시,화요일,경상남도 김해시 삼계동,중상사고,0,1,4,0,차대차 - 기타,신호위반,건조,맑음,교차로 - 교차로안,승용,여,50세,경상,승용,여,37세,경상
2023121200100447,2023년 12월 12일 17시,화요일,경상남도 함양군 함양읍,중상사고,0,1,0,0,차대사람 - 횡단중,보행자보호의무위반,젖음/습기,흐림,교차로 - 교차로횡단보도내,화물,남,65세,상해없음,보행자,여,63세,중상
2023121200100449,2023년 12월 12일 17시,화요일,경상남도 창원시 마산회원구 내서읍,중상사고,0,1,0,0,차대사람 - 보도통행중,보행자보호의무위반,건조,맑음,교차로 - 교차로부근,승용,여,64세,상해없음,보행자,남,7세,중상
2023121200100450,2023년 12월 12일 17시,화요일,경상남도 창원시 마산회원구 합성동,중상사고,0,1,0,0,차대사람 - 차도통행중,안전운전불이행,건조,맑음,교차로 - 교차로안,승용,남,38세,상해없음,보행자,여,59세,중상
2023121200100503,2023년 12월 12일 18시,화요일,경상남도 창원시 진해구 청안동,경상사고,0,0,1,0,차대사람 - 횡단중,보행자보호의무위반,건조,맑음,교차로 - 교차로횡단보도내,승용,남,57세,상해없음,보행자,남,24세,경상
2023121200100504,2023년 12월 12일 18시,화요일,경상남도 창원시 진해구 석동,경상사고,0,0,1,0,차대차 - 측면충돌,안전운전불이행,젖음/습기,맑음,교차로 - 교차로안,승용,여,68세,상해없음,자전거,남,11세,경상
2023121200100505,2023년 12월 12일 18시,화요일,경상남도 양산시 남부동,경상사고,0,0,1,0,차대차 - 정면충돌,안전운전불이행,건조,맑음,교차로 - 교차로안,승용,여,57세,상해없음,화물,남,69세,경상
2023121200100506,2023년 12월 12일 18시,화요일,경상남도 창원시 마산회원구 석전동,경상사고,0,0,1,0,차대차 - 측면충돌,안전운전불이행,건조,맑음,교차로 - 교차로안,승용,남,41세,상해없음,승용,남,27세,경상
2023121200100542,2023년 12월 12일 19시,화요일,경상남도 통영시 북신동,경상사고,0,0,1,0,차대차 - 추돌,안전운전불이행,건조,맑음,교차로 - 교차로부근,화물,남,49세,상해없음,승용,남,64세,경상
2023121200100543,2023년 12월 12일 19시,화요일,경상남도 창원시 마산합포구 산호동,경상사고,0,0,1,0,차대차 - 후진중충돌,안전운전불이행,건조,맑음,단일로 - 기타,승용,여,48세,상해없음,이륜,남,43세,경상
2023121200100587,2023년 12월 12일 21시,화요일,경상남도 고성군 고성읍,경상사고,0,0,1,0,차대차 - 추돌,안전운전불이행,건조,맑음,단일로 - 기타,화물,남,56세,상해없음,승용,남,61세,경상
2023121200100607,2023년 12월 12일 22시,화요일,경상남도 창원시 마산합포구 장군동3가,중상사고,0,1,0,0,차대사람 - 횡단중,보행자보호의무위반,건조,맑음,교차로 - 교차로횡단보도내,화물,남,50세,상해없음,보행자,남,63세,중상
2023121300100021,2023년 12월 13일 02시,수요일,경상남도 창원시 마산합포구 해운동,경상사고,0,0,1,0,차대사람 - 횡단중,보행자보호의무위반,건조,맑음,단일로 - 기타,이륜,남,41세,상해없음,보행자,남,41세,경상
2023121300100029,2023년 12월 13일 04시,수요일,경상남도 통영시 광도면,부상신고사고,0,0,0,1,차량단독 - 공작물충돌,안전운전불이행,건조,맑음,단일로 - 기타,승용,남,28세,부상신고,,,,
2023121300100037,2023년 12월 13일 05시,수요일,경상남도 양산시 물금읍,중상사고,0,1,1,0,차대차 - 추돌,안전운전불이행,건조,맑음,교차로 - 교차로부근,화물,남,58세,상해없음,승용,남,55세,경상
2023121300100065,2023년 12월 13일 07시,수요일,경상남도 거제시 연초면,경상사고,0,0,1,0,차대차 - 추돌,안전거리미확보,건조,맑음,단일로 - 기타,승용,남,26세,상해없음,이륜,남,29세,경상
2023121300100107,2023년 12월 13일 08시,수요일,경상남도 거제시 고현동,경상사고,0,0,1,0,차대차 - 측면충돌,안전운전불이행,건조,맑음,교차로 - 교차로안,화물,여,62세,상해없음,승용,여,37세,경상
2023121300100130,2023년 12월 13일 09시,수요일,경상남도 김해시 생림면,중상사고,0,1,1,0,차량단독 - 전도전복 - 전도,안전운전불이행,젖음/습기,흐림,단일로 - 기타,승용,여,58세,경상,,,,
2023121300100161,2023년 12월 13일 10시,수요일,경상남도 고성군 고성읍,경상사고,0,0,2,0,차대사람 - 길가장자리구역통행중,직진우회전진행방해,건조,맑음,교차로 - 교차로안,화물,남,35세,경상,보행자,남,74세,경상
2023121300100162,2023년 12월 13일 10시,수요일,경상남도 거제시 장평동,중상사고,0,4,0,0,차대차 - 정면충돌,중앙선침범,건조,맑음,기타 - 기타,승용,여,38세,상해없음,승용,여,61세,중상
2023121300100163,2023년 12월 13일 10시,수요일,경상남도 김해시 대청동,중상사고,0,1,0,0,차대차 - 측면충돌,교차로운행방법위반,건조,맑음,교차로 - 교차로안,승용,남,46세,상해없음,승용,여,41세,중상
2023121300100188,2023년 12월 13일 11시,수요일,경상남도 창원시 마산합포구 구산면,경상사고,0,0,1,0,차대차 - 측면충돌,중앙선침범,건조,맑음,단일로 - 기타,승용,남,67세,상해없음,화물,남,50세,경상
2023121300100189,2023년 12월 13일 11시,수요일,경상남도 진주시 신안동,중상사고,0,1,0,0,차대차 - 측면충돌,중앙선침범,건조,맑음,단일로 - 기타,승용,여,54세,상해없음,이륜,남,32세,중상
2023121300100191,2023년 12월 13일 11시,수요일,경상남도 창원시 진해구 장천동,중상사고,0,1,0,0,차대차 - 측면충돌,차로위반,건조,맑음,단일로 - 기타,승용,여,50세,상해없음,이륜,남,20세,중상
2023121300100284,2023년 12월 13일 14시,수요일,경상남도 밀양시 상남면,경상사고,0,0,1,0,차대차 - 측면충돌,교차로운행방법위반,건조,맑음,교차로 - 교차로안,건설기계,남,58세,상해없음,승용,여,62세,경상
2023121300100345,2023년 12월 13일 16시,수요일,경상남도 진주시 초전동,중상사고,0,1,0,0,차대사람 - 횡단중,신호위반,건조,맑음,교차로 - 교차로횡단보도내,화물,남,81세,상해없음,보행자,남,17세,중상
2023121300100400,2023년 12월 13일 17시,수요일,경상남도 김해시 봉황동,중상사고,0,1,0,0,차대차 - 측면충돌,안전운전불이행,건조,맑음,교차로 - 교차로안,이륜,여,66세,중상,승용,남,73세,상해없음
2023121300100401,2023년 12월 13일 17시,수요일,경상남도 김해시 어방동,경상사고,0,0,1,0,차대차 - 측면충돌,교차로운행방법위반,건조,맑음,교차로 - 교차로안,승용,여,49세,상해없음,승용,남,43세,경상
2023121300100402,2023년 12월 13일 17시,수요일,경상남도 양산시 물금읍,경상사고,0,0,1,0,차대차 - 측면충돌,신호위반,건조,맑음,교차로 - 교차로안,승용,여,56세,상해없음,이륜,남,51세,경상
2023121300100403,2023년 12월 13일 17시,수요일,경상남도 하동군 진교면,경상사고,0,0,1,0,차대차 - 추돌,안전운전불이행,건조,맑음,교차로 - 교차로안,승용,남,53세,기타불명,승용,남,77세,경상
2023121300100404,2023년 12월 13일 17시,수요일,경상남도 의령군 의령읍,중상사고,0,1,3,1,차대차 - 추돌,안전운전불이행,건조,맑음,교차로 - 교차로부근,화물,남,64세,상해없음,승용,남,44세,부상신고
2023121300100467,2023년 12월 13일 18시,수요일,경상남도 진주시 강남동,경상사고,0,0,1,0,차대사람 - 횡단중,기타,건조,맑음,기타 - 기타,자전거,남,18세,상해없음,보행자,여,51세,경상
2023121300100468,2023년 12월 13일 18시,수요일,경상남도 진주시 인사동,중상사고,0,1,0,0,차대사람 - 횡단중,보행자보호의무위반,건조,맑음,단일로 - 기타,승용,남,27세,상해없음,보행자,여,28세,중상
2023121300100469,2023년 12월 13일 18시,수요일,경상남도 진주시 정촌면,경상사고,0,0,1,0,차대차 - 측면충돌,신호위반,건조,맑음,교차로 - 교차로안,승용,남,70세,상해없음,승용,여,65세,경상
2023121300100470,2023년 12월 13일 18시,수요일,경상남도 진주시 대안동,중상사고,0,1,0,0,차대사람 - 횡단중,보행자보호의무위반,건조,맑음,교차로 - 교차로횡단보도내,승용,남,60세,상해없음,보행자,남,53세,중상
2023121300100471,2023년 12월 13일 18시,수요일,경상남도 통영시 동호동,경상사고,0,0,1,0,차대차 - 측면충돌,안전거리미확보,건조,맑음,교차로 - 교차로부근,승용,남,29세,상해없음,승용,여,26세,경상
2023121300100472,2023년 12월 13일 18시,수요일,경상남도 창원시 의창구 북면,경상사고,0,0,2,0,차대차 - 추돌,안전운전불이행,건조,맑음,단일로 - 기타,화물,남,62세,상해없음,승용,남,42세,경상
2023121300100507,2023년 12월 13일 19시,수요일,경상남도 통영시 용남면,경상사고,0,0,1,0,차대차 - 측면충돌,신호위반,건조,맑음,교차로 - 교차로안,이륜,남,43세,상해없음,승용,여,41세,경상
2023121300100508,2023년 12월 13일 19시,수요일,경상남도 거제시 장평동,경상사고,0,0,3,0,차대차 - 측면충돌,신호위반,건조,맑음,교차로 - 교차로부근,이륜,남,42세,경상,승용,여,41세,경상
2023121300100509,2023년 12월 13일 19시,수요일,경상남도 창원시 마산회원구 석전동,경상사고,0,0,1,0,차대차 - 측면충돌,안전운전불이행,건조,맑음,교차로 - 교차로안,승용,남,40세,상해없음,승용,여,53세,경상
2023121300100542,2023년 12월 13일 20시,수요일,경상남도 양산시 동면,부상신고사고,0,0,0,1,차대차 - 추돌,안전운전불이행,건조,맑음,단일로 - 기타,이륜,남,41세,부상신고,승용,남,56세,상해없음
2023121300100581,2023년 12월 13일 22시,수요일,경상남도 밀양시 상남면,경상사고,0,0,1,0,차대차 - 추돌,안전운전불이행,건조,맑음,교차로 - 교차로부근,승용,남,35세,상해없음,승용,남,32세,경상
2023121400100019,2023년 12월 14일 01시,목요일,경상남도 양산시 북부동,경상사고,0,0,2,0,차대차 - 측면충돌,신호위반,건조,맑음,교차로 - 교차로안,승용,여,23세,상해없음,승용,남,32세,경상
2023121400100033,2023년 12월 14일 05시,목요일,경상남도 창원시 성산구 사파동,중상사고,0,1,0,0,차대차 - 정면충돌,신호위반,건조,맑음,교차로 - 교차로안,화물,남,66세,상해없음,승용,남,54세,중상
2023121400100050,2023년 12월 14일 06시,목요일,경상남도 양산시 동면,경상사고,0,0,2,0,차대차 - 측면충돌,안전거리미확보,건조,맑음,단일로 - 기타,화물,남,70세,상해없음,승용,남,47세,경상
2023121400100072,2023년 12월 14일 07시,목요일,경상남도 창녕군 영산면,경상사고,0,0,1,0,차대차 - 측면충돌,안전운전불이행,건조,맑음,단일로 - 기타,화물,남,71세,상해없음,화물,남,26세,경상
2023121400100128,2023년 12월 14일 09시,목요일,경상남도 거창군 거창읍,중상사고,0,1,0,0,차대차 - 측면충돌,안전운전불이행,건조,맑음,단일로 - 기타,화물,남,68세,상해없음,승용,남,33세,중상
2023121400100130,2023년 12월 14일 09시,목요일,경상남도 김해시 무계동,경상사고,0,0,1,0,차대차 - 측면충돌,안전거리미확보,젖음/습기,흐림,단일로 - 기타,승용,여,48세,상해없음,승용,남,52세,경상
2023121400100179,2023년 12월 14일 11시,목요일,경상남도 함안군 칠원읍,경상사고,0,0,1,0,차대차 - 기타,불법유턴,젖음/습기,비,교차로 - 교차로부근,화물,남,76세,기타불명,승용,남,54세,경상
2023121400100226,2023년 12월 14일 13시,목요일,경상남도 김해시 동상동,경상사고,0,0,2,0,차대차 - 측면충돌,중앙선침범,젖음/습기,비,교차로 - 교차로부근,화물,남,40세,기타불명,승용,남,62세,경상
2023121400100227,2023년 12월 14일 13시,목요일,경상남도 거창군 거창읍,중상사고,0,1,2,0,차대차 - 추돌,안전운전불이행,젖음/습기,비,단일로 - 기타,화물,남,69세,중상,화물,남,69세,경상
2023121400100228,2023년 12월 14일 13시,목요일,경상남도 양산시 물금읍,중상사고,0,1,0,0,차대사람 - 횡단중,안전운전불이행,젖음/습기,비,교차로 - 교차로안,승용,남,68세,상해없음,보행자,여,33세,중상
2023121400100229,2023년 12월 14일 13시,목요일,경상남도 양산시 동면,경상사고,0,0,1,0,차대차 - 측면충돌,신호위반,젖음/습기,비,교차로 - 교차로안,승용,남,67세,상해없음,화물,남,31세,경상
2023121400100230,2023년 12월 14일 13시,목요일,경상남도 창원시 의창구 대산면,중상사고,0,1,0,0,차대차 - 추돌,안전거리미확보,젖음/습기,비,단일로 - 기타,화물,남,66세,상해없음,승용,남,40세,중상
2023121400100231,2023년 12월 14일 13시,목요일,경상남도 김해시 진영읍,중상사고,0,1,0,0,차대차 - 정면충돌,중앙선침범,젖음/습기,비,교차로 - 교차로부근,화물,남,60세,상해없음,승용,여,39세,중상
2023121400100259,2023년 12월 14일 14시,목요일,경상남도 창원시 진해구 자은동,중상사고,0,1,0,0,차대차 - 측면충돌,신호위반,젖음/습기,비,교차로 - 교차로안,승용,여,60세,상해없음,승용,여,51세,상해없음
2023121400100260,2023년 12월 14일 14시,목요일,경상남도 통영시 광도면,경상사고,0,0,1,0,차대사람 - 기타,안전운전불이행,건조,맑음,단일로 - 기타,승용,남,68세,상해없음,보행자,여,21세,경상
2023121400100261,2023년 12월 14일 14시,목요일,경상남도 창녕군 부곡면,경상사고,0,0,2,0,차량단독 - 도로외이탈 - 추락,안전운전불이행,젖음/습기,비,교차로 - 교차로부근,승용,남,63세,상해없음,,,,
2023121400100293,2023년 12월 14일 15시,목요일,경상남도 거제시 고현동,경상사고,0,0,1,0,차대차 - 측면충돌,교차로운행방법위반,젖음/습기,비,교차로 - 교차로안,승용,여,39세,상해없음,승합,여,57세,경상
2023121400100294,2023년 12월 14일 15시,목요일,경상남도 김해시 삼문동,중상사고,0,1,1,0,차대차 - 추돌,안전운전불이행,젖음/습기,비,교차로 - 교차로부근,승용,남,37세,상해없음,승용,여,34세,경상
2023121400100328,2023년 12월 14일 16시,목요일,경상남도 통영시 무전동,경상사고,0,0,1,0,차대차 - 측면충돌,교차로운행방법위반,젖음/습기,비,교차로 - 교차로안,화물,남,75세,상해없음,이륜,남,32세,경상
2023121400100329,2023년 12월 14일 16시,목요일,경상남도 거창군 거창읍,경상사고,0,0,2,0,차대차 - 후진중충돌,불법유턴,젖음/습기,비,단일로 - 기타,승용,여,64세,상해없음,승용,남,42세,경상
2023121400100330,2023년 12월 14일 16시,목요일,경상남도 양산시 중부동,중상사고,0,1,0,0,차대사람 - 횡단중,안전운전불이행,젖음/습기,비,단일로 - 기타,승용,여,36세,상해없음,보행자,여,62세,중상
2023121400100381,2023년 12월 14일 17시,목요일,경상남도 진주시 봉곡동,중상사고,0,1,0,0,차대사람 - 기타,안전운전불이행,젖음/습기,비,교차로 - 교차로안,승용,남,28세,상해없음,보행자,여,82세,중상
2023121400100382,2023년 12월 14일 17시,목요일,경상남도 진주시 봉곡동,중상사고,0,1,0,0,차대사람 - 기타,보행자보호의무위반,젖음/습기,비,단일로 - 기타,승용,남,67세,상해없음,보행자,남,82세,중상
2023121400100383,2023년 12월 14일 17시,목요일,경상남도 밀양시 삼랑진읍,경상사고,0,0,1,0,차대차 - 측면충돌,교차로운행방법위반,젖음/습기,비,교차로 - 교차로안,승용,여,57세,상해없음,승용,남,53세,경상
2023121400100384,2023년 12월 14일 17시,목요일,경상남도 김해시 외동,경상사고,0,0,1,0,차대사람 - 횡단중,안전운전불이행,젖음/습기,비,교차로 - 교차로부근,승용,여,57세,상해없음,보행자,남,14세,경상
2023121400100385,2023년 12월 14일 17시,목요일,경상남도 창원시 의창구 명서동,부상신고사고,0,0,0,2,차대차 - 측면충돌,교차로운행방법위반,젖음/습기,비,교차로 - 교차로안,승용,여,62세,상해없음,승합,남,37세,부상신고
2023121400100433,2023년 12월 14일 18시,목요일,경상남도 밀양시 삼랑진읍,중상사고,0,1,1,0,차대차 - 기타,안전운전불이행,젖음/습기,비,단일로 - 기타,화물,남,54세,상해없음,특수,남,49세,중상
2023121400100473,2023년 12월 14일 18시,목요일,경상남도 창원시 진해구 풍호동,경상사고,0,0,1,0,차대사람 - 횡단중,보행자보호의무위반,젖음/습기,비,교차로 - 교차로부근,승용,남,42세,상해없음,보행자,여,11세,경상
2023121400100474,2023년 12월 14일 18시,목요일,경상남도 양산시 평산동,경상사고,0,0,1,0,차대차 - 측면충돌,교차로운행방법위반,젖음/습기,맑음,교차로 - 교차로안,승용,남,26세,상해없음,이륜,남,57세,경상
2023121400100475,2023년 12월 14일 18시,목요일,경상남도 남해군 남해읍,부상신고사고,0,0,0,1,차대차 - 측면충돌,안전운전불이행,젖음/습기,비,교차로 - 교차로안,승용,남,46세,부상신고,승용,남,26세,상해없음
2023121400100541,2023년 12월 14일 19시,목요일,경상남도 창원시 마산합포구 신포동2가,중상사고,0,1,0,0,차대사람 - 기타,안전운전불이행,젖음/습기,비,단일로 - 기타,화물,남,41세,상해없음,보행자,남,46세,중상
2023121400100542,2023년 12월 14일 19시,목요일,경상남도 사천시 벌리동,중상사고,0,1,0,0,차대사람 - 보도통행중,안전운전불이행,젖음/습기,비,단일로 - 지하차도(도로)내,승용,남,44세,상해없음,보행자,여,56세,중상
2023121400100543,2023년 12월 14일 19시,목요일,경상남도 양산시 북정동,경상사고,0,0,2,0,차대차 - 추돌,안전운전불이행,젖음/습기,비,교차로 - 교차로부근,승합,남,75세,상해없음,승용,여,32세,경상
2023121400100544,2023년 12월 14일 19시,목요일,경상남도 거제시 고현동,중상사고,0,2,0,0,차량단독 - 전도전복 - 전도,안전운전불이행,젖음/습기,비,교차로 - 교차로안,이륜,남,57세,중상,,,,
2023121400100545,2023년 12월 14일 19시,목요일,경상남도 김해시 신문동,중상사고,0,1,0,0,차대차 - 측면충돌,안전거리미확보,젖음/습기,비,교차로 - 교차로안,승용,여,40세,상해없음,이륜,남,53세,중상
2023121400100595,2023년 12월 14일 20시,목요일,경상남도 양산시 물금읍,경상사고,0,0,1,0,차대사람 - 횡단중,보행자보호의무위반,젖음/습기,비,교차로 - 교차로횡단보도내,승용,여,60세,상해없음,보행자,남,33세,경상
2023121400100636,2023년 12월 14일 21시,목요일,경상남도 창원시 성산구 반지동,경상사고,0,0,1,0,차대차 - 측면충돌,중앙선침범,젖음/습기,비,교차로 - 교차로부근,승용,남,50세,상해없음,승용,여,52세,경상
2023121400100637,2023년 12월 14일 21시,목요일,경상남도 창원시 의창구 북면,중상사고,0,1,1,0,차대차 - 정면충돌,중앙선침범,젖음/습기,비,단일로 - 기타,승용,남,58세,상해없음,승용,여,52세,중상
2023121400100670,2023년 12월 14일 22시,목요일,경상남도 창원시 의창구 봉곡동,경상사고,0,0,2,0,차대차 - 정면충돌,중앙선침범,젖음/습기,비,단일로 - 기타,승용,여,38세,상해없음,승합,남,47세,경상
2023121500100010,2023년 12월 15일 00시,금요일,경상남도 진주시 평거동,경상사고,0,0,1,0,차대차 - 추돌,안전운전불이행,젖음/습기,비,단일로 - 기타,승용,여,34세,상해없음,화물,남,49세,경상
2023121500100011,2023년 12월 15일 00시,금요일,경상남도 김해시 외동,경상사고,0,0,1,0,차대차 - 추돌,안전거리미확보,젖음/습기,비,단일로 - 기타,승용,남,28세,상해없음,승용,남,56세,상해없음
2023121500100032,2023년 12월 15일 01시,금요일,경상남도 통영시 용남면,경상사고,0,0,1,0,차량단독 - 공작물충돌,안전운전불이행,건조,맑음,단일로 - 기타,승용,남,42세,경상,,,,
2023121500100037,2023년 12월 15일 02시,금요일,경상남도 창원시 마산회원구 내서읍,경상사고,0,0,1,0,차대차 - 기타,신호위반,건조,맑음,교차로 - 교차로부근,승합,남,66세,상해없음,특수,남,51세,경상
2023121500100077,2023년 12월 15일 06시,금요일,경상남도 거제시 거제면,경상사고,0,0,1,0,차대차 - 기타,중앙선침범,건조,기타,단일로 - 기타,승용,남,33세,상해없음,승용,남,31세,경상
2023121500100123,2023년 12월 15일 07시,금요일,경상남도 진주시 봉곡동,중상사고,0,1,0,0,차대사람 - 횡단중,보행자보호의무위반,젖음/습기,비,단일로 - 기타,화물,남,61세,상해없음,보행자,남,56세,중상
2023121500100124,2023년 12월 15일 07시,금요일,경상남도 진주시 일반성면,중상사고,0,1,0,0,차대사람 - 길가장자리구역통행중,안전운전불이행,젖음/습기,흐림,단일로 - 기타,승용,남,32세,상해없음,보행자,여,71세,중상
2023121500100125,2023년 12월 15일 07시,금요일,경상남도 김해시 안동,경상사고,0,0,1,0,차대차 - 추돌,안전거리미확보,건조,맑음,단일로 - 기타,승용,남,52세,상해없음,화물,남,49세,경상
2023121500100126,2023년 12월 15일 07시,금요일,경상남도 김해시 삼계동,경상사고,0,0,1,0,차대사람 - 횡단중,중앙선침범,젖음/습기,비,단일로 - 기타,승용,남,50세,상해없음,보행자,여,56세,경상
2023121500100127,2023년 12월 15일 07시,금요일,경상남도 창원시 의창구 소답동,경상사고,0,0,2,0,차대차 - 추돌,안전운전불이행,건조,맑음,교차로 - 교차로안,승용,남,52세,상해없음,승용,여,53세,경상
2023121500100210,2023년 12월 15일 09시,금요일,경상남도 양산시 물금읍,경상사고,0,0,1,0,차대차 - 측면충돌,중앙선침범,젖음/습기,비,교차로 - 교차로부근,승용,남,53세,상해없음,승용,남,46세,경상
2023121500100246,2023년 12월 15일 10시,금요일,경상남도 양산시 중부동,중상사고,0,1,1,0,차대차 - 측면충돌,안전운전불이행,건조,맑음,교차로 - 교차로안,승용,여,30세,상해없음,승합,남,49세,경상
2023121500100279,2023년 12월 15일 11시,금요일,경상남도 진주시 본성동,중상사고,0,1,0,0,차대사람 - 횡단중,보행자보호의무위반,젖음/습기,비,단일로 - 기타,화물,남,54세,상해없음,보행자,남,81세,중상
2023121500100280,2023년 12월 15일 11시,금요일,경상남도 밀양시 삼랑진읍,중상사고,0,1,0,0,차대사람 - 기타,안전운전불이행,젖음/습기,비,교차로 - 교차로안,승용,남,27세,상해없음,보행자,여,72세,중상
2023121500100281,2023년 12월 15일 11시,금요일,경상남도 밀양시 교동,경상사고,0,0,1,1,차대차 - 측면충돌,안전운전불이행,건조,맑음,단일로 - 기타,화물,남,60세,부상신고,승용,남,52세,경상
2023121500100306,2023년 12월 15일 12시,금요일,경상남도 김해시 삼계동,중상사고,0,1,0,0,차대사람 - 횡단중,보행자보호의무위반,젖음/습기,흐림,교차로 - 교차로횡단보도내,승용,남,44세,상해없음,보행자,남,7세,중상
2023121500100307,2023년 12월 15일 12시,금요일,경상남도 양산시 중부동,경상사고,0,0,1,0,차대차 - 측면충돌,신호위반,건조,맑음,단일로 - 기타,승용,남,65세,상해없음,승용,여,30세,경상
2023121500100394,2023년 12월 15일 15시,금요일,경상남도 창원시 진해구 경화동,중상사고,0,1,0,0,차량단독 - 공작물충돌,안전운전불이행,건조,맑음,단일로 - 기타,화물,남,37세,중상,,,,
2023121500100395,2023년 12월 15일 15시,금요일,경상남도 양산시 덕계동,경상사고,0,0,1,0,차대차 - 측면충돌,중앙선침범,젖음/습기,비,단일로 - 기타,승용,남,64세,상해없음,승용,여,32세,경상
2023121500100431,2023년 12월 15일 16시,금요일,경상남도 김해시 삼계동,중상사고,0,2,0,0,차대차 - 측면충돌,신호위반,젖음/습기,비,단일로 - 기타,승용,남,63세,상해없음,이륜,남,70세,중상
2023121500100432,2023년 12월 15일 16시,금요일,경상남도 거제시 옥포동,중상사고,0,1,0,0,차대차 - 기타,안전운전불이행,건조,맑음,단일로 - 기타,승용,남,25세,상해없음,승용,여,44세,중상
2023121500100479,2023년 12월 15일 17시,금요일,경상남도 창원시 마산합포구 진전면,경상사고,0,0,1,0,차대차 - 측면충돌,차로위반,건조,맑음,단일로 - 기타,승용,남,59세,상해없음,승용,남,54세,경상
2023121500100480,2023년 12월 15일 17시,금요일,경상남도 창원시 성산구 천선동,경상사고,0,0,1,0,차대차 - 기타,안전운전불이행,건조,맑음,기타 - 기타,승용,여,49세,상해없음,승용,남,32세,경상
2023121500100542,2023년 12월 15일 18시,금요일,경상남도 통영시 용남면,경상사고,0,0,3,0,차대차 - 측면충돌,중앙선침범,건조,맑음,단일로 - 기타,승용,남,48세,상해없음,화물,남,31세,경상
2023121500100543,2023년 12월 15일 18시,금요일,경상남도 김해시 부곡동,중상사고,0,1,0,0,차대사람 - 기타,안전운전불이행,건조,맑음,기타 - 기타,승용,남,44세,상해없음,보행자,남,61세,중상
2023121500100600,2023년 12월 15일 19시,금요일,경상남도 창원시 마산합포구 중성동,중상사고,0,1,0,0,차대사람 - 횡단중,보행자보호의무위반,젖음/습기,비,교차로 - 교차로안,승용,여,73세,상해없음,보행자,남,79세,중상
2023121500100601,2023년 12월 15일 19시,금요일,경상남도 함안군 칠북면,경상사고,0,0,1,0,차대사람 - 길가장자리구역통행중,안전운전불이행,젖음/습기,비,단일로 - 기타,승용,남,43세,상해없음,보행자,남,60세,경상
2023121500100602,2023년 12월 15일 19시,금요일,경상남도 김해시 전하동,중상사고,0,1,0,0,차대차 - 측면충돌,신호위반,젖음/습기,비,교차로 - 교차로부근,승용,남,59세,상해없음,승용,여,27세,중상
2023121500100633,2023년 12월 15일 20시,금요일,경상남도 창원시 진해구 두동,경상사고,0,0,1,0,차량단독 - 도로외이탈 - 추락,안전운전불이행,젖음/습기,비,단일로 - 기타,승용,여,60세,경상,,,,
2023121500100701,2023년 12월 15일 22시,금요일,경상남도 창원시 마산합포구 오동동,부상신고사고,0,0,0,1,차량단독 - 공작물충돌,안전운전불이행,젖음/습기,맑음,교차로 - 교차로부근,승용,여,40세,부상신고,,,,
2023121500100742,2023년 12월 15일 23시,금요일,경상남도 하동군 진교면,중상사고,0,2,1,0,차대차 - 측면충돌,신호위반,건조,맑음,교차로 - 교차로안,승용,남,51세,상해없음,승용,남,47세,중상
2023121600100030,2023년 12월 16일 01시,토요일,경상남도 김해시 삼문동,중상사고,0,2,0,0,차대차 - 후진중충돌,안전운전불이행,젖음/습기,비,기타 - 기타,승용,남,40세,상해없음,승용,남,25세,중상