사고번호,사고일시,요일,시군구,사고내용,사망자수,중상자수,경상자수,부상신고자수,사고유형,법규위반,노면상태,기상상태,도로형태,가해운전자 차종,가해운전자 성별,가해운전자 연령,가해운전자 상해정도,피해운전자 차종,피해운전자 성별,피해운전자 연령,피해운전자 상해정도
2023121600100108,2023년 12월 16일 08시,토요일,경상남도 김해시 대동면,경상사고,0,0,1,0,차대차 - 기타,안전거리미확보,건조,맑음,단일로 - 기타,특수,남,67세,상해없음,승용,남,72세,경상
2023121600100130,2023년 12월 16일 09시,토요일,경상남도 양산시 하북면,중상사고,0,1,0,0,차대차 - 기타,안전운전불이행,건조,맑음,단일로 - 기타,승용,남,74세,상해없음,화물,남,70세,기타불명
2023121600100131,2023년 12월 16일 09시,토요일,경상남도 창원시 의창구 대산면,경상사고,0,0,1,0,차대차 - 기타,안전운전불이행,건조,맑음,단일로 - 기타,건설기계,남,60세,상해없음,승용,남,65세,경상
2023121600100153,2023년 12월 16일 10시,토요일,경상남도 통영시 미수동,경상사고,0,0,1,0,차대차 - 측면충돌,신호위반,건조,맑음,교차로 - 교차로안,승용,남,66세,상해없음,이륜,남,70세,경상
2023121600100154,2023년 12월 16일 10시,토요일,경상남도 창원시 마산회원구 석전동,중상사고,0,1,0,0,차대사람 - 횡단중,보행자보호의무위반,건조,맑음,교차로 - 교차로횡단보도내,화물,남,79세,상해없음,보행자,여,72세,중상
2023121600100155,2023년 12월 16일 10시,토요일,경상남도 창원시 의창구 동읍,경상사고,0,0,3,0,차대차 - 추돌,안전운전불이행,건조,맑음,단일로 - 터널,승용,여,24세,상해없음,승용,남,32세,경상
2023121600100182,2023년 12월 16일 11시,토요일,경상남도 밀양시 활성동,중상사고,0,1,0,0,차대차 - 측면충돌,신호위반,건조,맑음,교차로 - 교차로안,화물,남,66세,상해없음,원동기,남,70세,중상
2023121600100183,2023년 12월 16일 11시,토요일,경상남도 김해시 외동,경상사고,0,0,1,0,차대차 - 측면충돌,안전거리미확보,건조,맑음,단일로 - 기타,승합,남,70세,상해없음,화물,남,34세,경상
2023121600100210,2023년 12월 16일 12시,토요일,경상남도 고성군 고성읍,중상사고,0,1,0,0,차대사람 - 횡단중,보행자보호의무위반,건조,맑음,단일로 - 기타,원동기,남,38세,상해없음,보행자,남,58세,중상
2023121600100245,2023년 12월 16일 13시,토요일,경상남도 창원시 진해구 석동,경상사고,0,0,1,0,차대사람 - 기타,신호위반,건조,맑음,교차로 - 교차로횡단보도내,승용,남,62세,상해없음,보행자,여,15세,경상
2023121600100270,2023년 12월 16일 14시,토요일,경상남도 통영시 태평동,중상사고,0,1,0,0,차대차 - 기타,기타,건조,흐림,기타 - 기타,승용,남,65세,상해없음,이륜,남,41세,중상
2023121600100271,2023년 12월 16일 14시,토요일,경상남도 김해시 부원동,경상사고,0,0,1,0,차대차 - 측면충돌,중앙선침범,건조,맑음,단일로 - 기타,원동기,남,35세,상해없음,승용,남,42세,경상
2023121600100272,2023년 12월 16일 14시,토요일,경상남도 양산시 하북면,경상사고,0,0,1,0,차대사람 - 차도통행중,안전운전불이행,건조,맑음,단일로 - 기타,화물,남,66세,상해없음,보행자,남,61세,경상
2023121600100273,2023년 12월 16일 14시,토요일,경상남도 거제시 옥포동,경상사고,0,0,1,0,차대차 - 기타,교차로운행방법위반,건조,맑음,교차로 - 교차로안,이륜,남,64세,경상,승용,여,49세,상해없음
2023121600100274,2023년 12월 16일 14시,토요일,경상남도 창원시 의창구 북면,경상사고,0,0,1,0,차대차 - 측면충돌,안전운전불이행,건조,맑음,단일로 - 기타,승용,여,45세,상해없음,이륜,남,48세,경상
2023121600100319,2023년 12월 16일 15시,토요일,경상남도 창원시 의창구 소계동,경상사고,0,0,1,0,차대차 - 기타,안전운전불이행,건조,맑음,단일로 - 기타,승합,여,62세,상해없음,승용,남,66세,경상
2023121600100359,2023년 12월 16일 16시,토요일,경상남도 고성군 고성읍,중상사고,0,2,0,0,차량단독 - 공작물충돌,안전운전불이행,건조,맑음,단일로 - 기타,승합,남,61세,중상,,,,
2023121600100398,2023년 12월 16일 17시,토요일,경상남도 통영시 명정동,경상사고,0,0,4,0,차대차 - 추돌,안전거리미확보,건조,맑음,단일로 - 기타,승용,남,66세,상해없음,승용,여,42세,경상
2023121600100399,2023년 12월 16일 17시,토요일,경상남도 통영시 봉평동,경상사고,0,0,1,0,차대사람 - 횡단중,안전운전불이행,건조,맑음,교차로 - 교차로안,화물,남,50세,상해없음,보행자,남,58세,경상
2023121600100400,2023년 12월 16일 17시,토요일,경상남도 김해시 내동,중상사고,0,1,1,0,차대차 - 측면충돌,신호위반,건조,맑음,교차로 - 교차로부근,승용,남,66세,상해없음,승용,여,26세,중상
2023121600100401,2023년 12월 16일 17시,토요일,경상남도 거제시 장평동,경상사고,0,0,1,0,차대차 - 측면충돌,안전운전불이행,건조,맑음,기타 - 기타,자전거,남,13세,상해없음,자전거,남,30세,경상
2023121600100402,2023년 12월 16일 17시,토요일,경상남도 김해시 대청동,중상사고,0,1,0,0,차대사람 - 횡단중,신호위반,건조,맑음,교차로 - 교차로부근,화물,여,65세,상해없음,보행자,남,26세,중상
2023121600100440,2023년 12월 16일 18시,토요일,경상남도 김해시 풍유동,경상사고,0,0,2,0,차대차 - 추돌,안전운전불이행,건조,맑음,단일로 - 기타,승용,남,74세,상해없음,승용,남,28세,경상
2023121600100461,2023년 12월 16일 18시,토요일,경상남도 창원시 진해구 이동,경상사고,0,0,1,0,차대사람 - 보도통행중,보행자보호의무위반,건조,맑음,교차로 - 교차로횡단보도내,승용,남,57세,상해없음,보행자,남,9세,경상
2023121600100462,2023년 12월 16일 18시,토요일,경상남도 창녕군 창녕읍,사망사고,1,0,0,0,차대사람 - 기타,안전운전불이행,건조,맑음,단일로 - 기타,승용,남,22세,상해없음,보행자,여,85세,사망
2023121600100463,2023년 12월 16일 18시,토요일,경상남도 창원시 성산구 반지동,경상사고,0,0,1,0,차대차 - 측면충돌,안전운전불이행,건조,맑음,교차로 - 교차로안,승용,남,55세,상해없음,승용,여,63세,경상
2023121600100504,2023년 12월 16일 19시,토요일,경상남도 진주시 초전동,경상사고,0,0,1,0,차대차 - 측면충돌,신호위반,건조,맑음,교차로 - 교차로안,승용,여,32세,상해없음,화물,남,43세,경상
2023121600100562,2023년 12월 16일 21시,토요일,경상남도 진주시 충무공동,중상사고,0,1,0,0,차대차 - 추돌,안전운전불이행,건조,맑음,단일로 - 기타,승용,남,56세,상해없음,승용,여,58세,중상
2023121600100563,2023년 12월 16일 21시,토요일,경상남도 창원시 성산구 대원동,부상신고사고,0,0,0,1,차대차 - 측면충돌,안전운전불이행,건조,맑음,교차로 - 교차로안,자전거,남,13세,부상신고,승용,남,50세,상해없음
2023121600100564,2023년 12월 16일 21시,토요일,경상남도 창원시 성산구 웅남동,경상사고,0,0,1,0,차대차 - 측면충돌,신호위반,건조,맑음,교차로 - 교차로안,승용,남,22세,상해없음,승용,여,43세,경상
2023121600100584,2023년 12월 16일 22시,토요일,경상남도 창원시 마산합포구 신포동2가,중상사고,0,1,0,0,차대차 - 기타,신호위반,건조,맑음,교차로 - 교차로안,승용,남,26세,상해없음,원동기,남,29세,중상
2023121600100585,2023년 12월 16일 22시,토요일,경상남도 밀양시 상남면,중상사고,0,2,0,0,차량단독 - 도로외이탈 - 추락,안전운전불이행,건조,맑음,단일로 - 기타,승용,남,63세,상해없음,,,,
2023121600100586,2023년 12월 16일 22시,토요일,경상남도 김해시 삼계동,경상사고,0,0,2,0,차대차 - 측면충돌,안전거리미확보,건조,맑음,단일로 - 기타,승용,남,65세,상해없음,승용,남,27세,경상
2023121600100602,2023년 12월 16일 23시,토요일,경상남도 창원시 의창구 봉곡동,경상사고,0,0,2,0,차대사람 - 기타,안전운전불이행,건조,맑음,단일로 - 기타,승용,남,51세,상해없음,보행자,남,45세,경상
2023121700100008,2023년 12월 17일 00시,일요일,경상남도 고성군 고성읍,중상사고,0,1,1,0,차대차 - 측면충돌,신호위반,건조,맑음,교차로 - 교차로안,승용,남,52세,경상,승용,남,39세,중상
2023121700100009,2023년 12월 17일 00시,일요일,경상남도 창원시 성산구 성주동,경상사고,0,0,2,0,차대차 - 추돌,안전운전불이행,건조,맑음,교차로 - 교차로부근,승용,남,37세,상해없음,승용,여,48세,경상
2023121700100026,2023년 12월 17일 01시,일요일,경상남도 창녕군 영산면,중상사고,0,1,0,0,차량단독 - 공작물충돌,안전운전불이행,건조,맑음,기타 - 기타,승용,남,44세,중상,,,,
2023121700100027,2023년 12월 17일 01시,일요일,경상남도 창원시 의창구 소답동,경상사고,0,0,2,0,차대사람 - 보도통행중,안전운전불이행,건조,맑음,단일로 - 기타,승용,남,44세,상해없음,보행자,남,27세,경상
2023121700100039,2023년 12월 17일 02시,일요일,경상남도 거제시 장평동,경상사고,0,0,1,0,차량단독 - 전도전복 - 전도,안전운전불이행,건조,맑음,단일로 - 기타,이륜,남,54세,경상,,,,
2023121700100115,2023년 12월 17일 10시,일요일,경상남도 창녕군 부곡면,중상사고,0,1,0,0,차대차 - 측면충돌,안전운전불이행,건조,맑음,교차로 - 교차로안,승용,남,73세,상해없음,승용,남,59세,중상
2023121700100128,2023년 12월 17일 11시,일요일,경상남도 사천시 벌리동,경상사고,0,0,2,0,차대차 - 측면충돌,교차로운행방법위반,건조,맑음,교차로 - 교차로안,승용,여,50세,상해없음,승용,남,45세,경상
2023121700100188,2023년 12월 17일 13시,일요일,경상남도 밀양시 하남읍,경상사고,0,0,1,0,차대차 - 측면충돌,교차로운행방법위반,건조,맑음,교차로 - 교차로안,승용,여,46세,경상,화물,남,24세,상해없음
2023121700100189,2023년 12월 17일 13시,일요일,경상남도 김해시 이동,경상사고,0,0,4,0,차대차 - 측면충돌,교차로운행방법위반,건조,맑음,교차로 - 교차로안,승용,남,75세,상해없음,승용,남,38세,경상
2023121700100211,2023년 12월 17일 14시,일요일,경상남도 창원시 진해구 용원동,중상사고,0,2,0,0,차대차 - 측면충돌,안전운전불이행,건조,맑음,교차로 - 교차로안,승합,남,64세,상해없음,화물,남,77세,중상
2023121700100212,2023년 12월 17일 14시,일요일,경상남도 김해시 외동,경상사고,0,0,3,0,차대차 - 추돌,안전운전불이행,건조,맑음,교차로 - 교차로부근,이륜,남,42세,상해없음,승용,남,35세,경상
2023121700100240,2023년 12월 17일 15시,일요일,경상남도 창녕군 부곡면,중상사고,0,1,0,0,차대차 - 측면충돌,안전거리미확보,건조,맑음,교차로 - 교차로부근,승용,남,47세,상해없음,승용,남,59세,중상
2023121700100253,2023년 12월 17일 16시,일요일,경상남도 양산시 중부동,경상사고,0,0,2,0,차대차 - 기타,안전거리미확보,건조,맑음,단일로 - 기타,승용,여,24세,상해없음,화물,남,40세,경상
2023121700100294,2023년 12월 17일 17시,일요일,경상남도 창원시 의창구 서상동,중상사고,0,1,0,0,차대차 - 정면충돌,신호위반,건조,맑음,교차로 - 교차로안,화물,남,47세,상해없음,승용,남,40세,중상
2023121700100317,2023년 12월 17일 18시,일요일,경상남도 통영시 태평동,경상사고,0,0,1,0,차대차 - 측면충돌,안전거리미확보,건조,맑음,교차로 - 교차로부근,승용,남,41세,상해없음,이륜,남,35세,경상
2023121700100318,2023년 12월 17일 18시,일요일,경상남도 거제시 장평동,경상사고,0,0,1,0,차대차 - 측면충돌,안전거리미확보,건조,맑음,단일로 - 기타,승용,남,42세,상해없음,이륜,남,34세,경상
2023121700100319,2023년 12월 17일 18시,일요일,경상남도 거제시 거제면,중상사고,0,1,0,0,차대차 - 측면충돌,안전운전불이행,건조,맑음,단일로 - 기타,승용,남,59세,상해없음,승용,여,49세,중상
2023121700100339,2023년 12월 17일 19시,일요일,경상남도 진주시 정촌면,경상사고,0,0,1,0,차대차 - 측면충돌,불법유턴,건조,맑음,교차로 - 교차로부근,승용,남,69세,상해없음,이륜,남,25세,경상
2023121700100394,2023년 12월 17일 22시,일요일,경상남도 김해시 삼계동,경상사고,0,0,2,0,차대차 - 기타,신호위반,건조,맑음,교차로 - 교차로안,원동기,남,22세,경상,승용,여,28세,경상
2023121800100048,2023년 12월 18일 06시,월요일,경상남도 창원시 의창구 북면,사망사고,1,0,0,0,차대사람 - 횡단중,안전운전불이행,건조,맑음,단일로 - 기타,승용,남,36세,상해없음,보행자,여,68세,사망
2023121800100061,2023년 12월 18일 07시,월요일,경상남도 김해시 부원동,부상신고사고,0,0,0,1,차대차 - 측면충돌,안전거리미확보,건조,맑음,단일로 - 기타,화물,남,54세,상해없음,승용,남,35세,부상신고
2023121800100072,2023년 12월 18일 07시,월요일,경상남도 양산시 명동,중상사고,0,1,2,0,차대차 - 기타,기타,건조,맑음,교차로 - 교차로안,승용,남,40세,경상,화물,남,72세,경상
2023121800100073,2023년 12월 18일 07시,월요일,경상남도 양산시 상북면,중상사고,0,1,0,0,차대차 - 정면충돌,중앙선침범,건조,맑음,단일로 - 기타,화물,여,77세,상해없음,승용,남,40세,중상
2023121800100074,2023년 12월 18일 07시,월요일,경상남도 창원시 마산회원구 구암동,경상사고,0,0,1,0,차대차 - 측면충돌,신호위반,건조,맑음,교차로 - 교차로안,승용,여,54세,상해없음,승용,여,28세,경상
2023121800100075,2023년 12월 18일 07시,월요일,경상남도 창원시 마산회원구 두척동,경상사고,0,0,1,0,차대차 - 측면충돌,신호위반,건조,맑음,교차로 - 교차로안,승용,남,33세,상해없음,화물,남,52세,경상
2023121800100106,2023년 12월 18일 08시,월요일,경상남도 합천군 합천읍,부상신고사고,0,0,0,1,차대차 - 추돌,안전운전불이행,건조,맑음,단일로 - 기타,승합,남,67세,상해없음,농기계,여,86세,부상신고
2023121800100107,2023년 12월 18일 08시,월요일,경상남도 창원시 성산구 두대동,중상사고,0,1,0,0,차대사람 - 보도통행중,신호위반,건조,맑음,단일로 - 기타,승용,여,51세,상해없음,보행자,여,31세,중상
2023121800100108,2023년 12월 18일 08시,월요일,경상남도 창원시 마산회원구 석전동,경상사고,0,0,1,0,차대차 - 기타,안전운전불이행,건조,맑음,교차로 - 교차로안,승용,여,37세,상해없음,승용,여,56세,경상
2023121800100203,2023년 12월 18일 11시,월요일,경상남도 양산시 평산동,경상사고,0,0,1,0,차대사람 - 횡단중,보행자보호의무위반,건조,맑음,교차로 - 교차로횡단보도내,승용,여,42세,상해없음,보행자,여,56세,경상
2023121800100204,2023년 12월 18일 11시,월요일,경상남도 창원시 의창구 동읍,경상사고,0,0,2,0,차대차 - 측면충돌,안전운전불이행,건조,맑음,단일로 - 기타,화물,남,73세,경상,화물,남,60세,경상
2023121800100300,2023년 12월 18일 14시,월요일,경상남도 함안군 군북면,중상사고,0,1,0,0,차대차 - 정면충돌,중앙선침범,건조,맑음,단일로 - 기타,화물,남,67세,상해없음,이륜,남,76세,중상
2023121800100328,2023년 12월 18일 15시,월요일,경상남도 김해시 외동,경상사고,0,0,1,1,차대차 - 후진중충돌,안전운전불이행,건조,맑음,단일로 - 기타,승용,여,53세,경상,승용,남,28세,부상신고
2023121800100329,2023년 12월 18일 15시,월요일,경상남도 김해시 부원동,경상사고,0,0,1,0,차량단독 - 기타,안전운전불이행,건조,맑음,단일로 - 기타,승합,남,53세,상해없음,,,,
2023121800100364,2023년 12월 18일 16시,월요일,경상남도 사천시 사천읍,중상사고,0,1,0,0,차대차 - 기타,안전운전불이행,건조,맑음,교차로 - 교차로부근,개인형이동수단(PM),여,15세,중상,승용,여,50세,상해없음
2023121800100365,2023년 12월 18일 16시,월요일,경상남도 함양군 안의면,경상사고,0,0,1,0,차대차 - 추돌,안전운전불이행,건조,맑음,교차로 - 교차로부근,화물,남,62세,상해없음,승용,남,36세,경상
2023121800100414,2023년 12월 18일 17시,월요일,경상남도 통영시 사량면,중상사고,0,1,0,0,차대차 - 측면충돌,안전운전불이행,건조,맑음,교차로 - 교차로안,이륜,남,79세,중상,화물,남,71세,상해없음
2023121800100415,2023년 12월 18일 17시,월요일,경상남도 창원시 의창구 봉곡동,경상사고,0,0,1,0,차대차 - 추돌,안전거리미확보,건조,맑음,단일로 - 기타,승용,남,50세,상해없음,승용,남,51세,경상
2023121800100464,2023년 12월 18일 18시,월요일,경상남도 창원시 마산합포구 상남동,중상사고,0,1,0,0,차대사람 - 횡단중,보행자보호의무위반,건조,맑음,기타 - 기타,승용,여,63세,상해없음,보행자,여,60세,중상
2023121800100465,2023년 12월 18일 18시,월요일,경상남도 창원시 성산구 대방동,경상사고,0,0,1,0,차대차 - 측면충돌,안전운전불이행,건조,맑음,단일로 - 기타,승용,여,33세,상해없음,승합,남,49세,경상
2023121800100466,2023년 12월 18일 18시,월요일,경상남도 창원시 의창구 북면,경상사고,0,0,1,0,차대차 - 추돌,안전운전불이행,건조,맑음,단일로 - 기타,승용,여,52세,상해없음,승용,남,38세,경상
2023121800100513,2023년 12월 18일 20시,월요일,경상남도 창원시 진해구 이동,경상사고,0,0,1,0,차대차 - 측면충돌,안전운전불이행,건조,맑음,교차로 - 교차로안,화물,남,55세,상해없음,이륜,남,42세,경상
2023121800100514,2023년 12월 18일 20시,월요일,경상남도 통영시 북신동,중상사고,0,1,1,0,차대사람 - 보도통행중,기타,건조,맑음,기타 - 기타,이륜,남,38세,기타불명,보행자,남,32세,경상
2023121800100528,2023년 12월 18일 21시,월요일,경상남도 밀양시 상남면,사망사고,1,2,2,0,차대차 - 추돌,안전운전불이행,건조,맑음,단일로 - 기타,특수,남,47세,사망,특수,남,46세,경상
2023121800100558,2023년 12월 18일 22시,월요일,경상남도 함안군 칠서면,중상사고,0,1,0,0,차량단독 - 공작물충돌,안전운전불이행,건조,맑음,단일로 - 기타,승용,남,48세,중상,,,,
2023121800100559,2023년 12월 18일 22시,월요일,경상남도 김해시 진영읍,중상사고,0,1,0,0,차대차 - 추돌,안전운전불이행,건조,맑음,단일로 - 기타,화물,남,60세,상해없음,승용,여,35세,중상
2023121900100020,2023년 12월 19일 02시,화요일,경상남도 양산시 평산동,중상사고,0,1,1,0,차대사람 - 차도통행중,안전운전불이행,건조,맑음,단일로 - 기타,승용,남,32세,경상,보행자,남,26세,중상
2023121900100027,2023년 12월 19일 05시,화요일,경상남도 김해시 주촌면,경상사고,0,0,1,0,차대차 - 기타,안전거리미확보,건조,맑음,교차로 - 교차로부근,승용,남,44세,상해없음,이륜,남,49세,경상
2023121900100041,2023년 12월 19일 06시,화요일,경상남도 김해시 풍유동,중상사고,0,1,0,0,차대차 - 측면충돌,안전운전불이행,건조,맑음,단일로 - 기타,건설기계,여,40세,상해없음,승용,여,56세,중상
2023121900100082,2023년 12월 19일 08시,화요일,경상남도 김해시 삼문동,중상사고,0,1,1,0,차대차 - 기타,안전거리미확보,건조,맑음,단일로 - 기타,화물,남,36세,상해없음,화물,남,58세,상해없음
2023121900100097,2023년 12월 19일 08시,화요일,경상남도 창원시 진해구 용원동,중상사고,0,4,8,0,차대차 - 측면충돌,신호위반,건조,맑음,교차로 - 교차로안,특수,남,59세,상해없음,승합,남,66세,중상
2023121900100098,2023년 12월 19일 08시,화요일,경상남도 김해시 구산동,경상사고,0,0,1,0,차대차 - 측면충돌,신호위반,건조,맑음,교차로 - 교차로안,승용,여,69세,상해없음,승용,여,36세,경상
2023121900100099,2023년 12월 19일 08시,화요일,경상남도 창원시 마산회원구 내서읍,경상사고,0,0,1,0,차대사람 - 횡단중,보행자보호의무위반,건조,맑음,단일로 - 기타,승용,남,48세,상해없음,보행자,남,75세,경상
2023121900100122,2023년 12월 19일 09시,화요일,경상남도 통영시 용남면,경상사고,0,0,1,0,차대차 - 측면충돌,안전거리미확보,건조,맑음,단일로 - 기타,화물,남,37세,상해없음,승용,여,54세,경상
2023121900100123,2023년 12월 19일 09시,화요일,경상남도 김해시 어방동,경상사고,0,0,1,0,차대사람 - 횡단중,안전운전불이행,건조,맑음,교차로 - 교차로안,승용,남,70세,상해없음,보행자,여,70세,경상
2023121900100124,2023년 12월 19일 09시,화요일,경상남도 김해시 동상동,경상사고,0,0,1,0,차대차 - 측면충돌,안전운전불이행,건조,맑음,단일로 - 기타,화물,남,78세,상해없음,승용,남,38세,경상
2023121900100125,2023년 12월 19일 09시,화요일,경상남도 거창군 거창읍,경상사고,0,0,1,0,차대차 - 측면충돌,안전운전불이행,건조,맑음,단일로 - 기타,승합,남,67세,상해없음,승합,남,70세,경상
2023121900100126,2023년 12월 19일 09시,화요일,경상남도 김해시 진영읍,중상사고,0,1,0,0,차대사람 - 길가장자리구역통행중,안전운전불이행,건조,맑음,교차로 - 교차로안,승용,남,44세,상해없음,보행자,여,73세,중상
2023121900100143,2023년 12월 19일 10시,화요일,경상남도 함양군 함양읍,경상사고,0,0,1,0,차대차 - 정면충돌,교차로운행방법위반,건조,맑음,교차로 - 교차로안,이륜,남,79세,경상,승용,여,45세,상해없음
2023121900100144,2023년 12월 19일 10시,화요일,경상남도 양산시 하북면,중상사고,0,1,1,0,차대차 - 추돌,안전운전불이행,건조,맑음,교차로 - 교차로안,승용,남,55세,상해없음,승용,남,32세,경상
2023121900100169,2023년 12월 19일 11시,화요일,경상남도 창원시 진해구 이동,중상사고,0,1,0,0,차대차 - 측면충돌,안전거리미확보,건조,맑음,단일로 - 기타,승용,여,51세,상해없음,개인형이동수단(PM),남,77세,중상
2023121900100200,2023년 12월 19일 12시,화요일,경상남도 창녕군 부곡면,경상사고,0,0,2,0,차대차 - 기타,안전운전불이행,건조,맑음,교차로 - 교차로안,화물,남,62세,상해없음,승용,남,63세,경상
2023121900100223,2023년 12월 19일 13시,화요일,경상남도 진주시 정촌면,중상사고,0,1,0,0,차대차 - 측면충돌,안전운전불이행,건조,맑음,단일로 - 기타,화물,남,54세,상해없음,승용,남,52세,중상
2023121900100256,2023년 12월 19일 14시,화요일,경상남도 김해시 봉황동,중상사고,0,1,0,0,차대차 - 측면충돌,안전운전불이행,건조,맑음,교차로 - 교차로안,승합,남,41세,상해없음,승용,여,54세,중상
2023121900100257,2023년 12월 19일 14시,화요일,경상남도 창원시 성산구 중앙동,경상사고,0,0,1,0,차대차 - 추돌,안전운전불이행,건조,맑음,단일로 - 기타,승용,남,61세,상해없음,승용,여,29세,경상
2023121900100258,2023년 12월 19일 14시,화요일,경상남도 창원시 의창구 동읍,사망사고,1,0,0,0,차대사람 - 길가장자리구역통행중,안전운전불이행,건조,맑음,단일로 - 기타,화물,남,59세,상해없음,보행자,여,74세,사망
2023121900100285,2023년 12월 19일 15시,화요일,경상남도 창원시 진해구 자은동,경상사고,0,0,1,0,차대차 - 측면충돌,안전운전불이행,건조,맑음,교차로 - 교차로부근,승용,남,59세,상해없음,승용,남,59세,상해없음
2023121900100286,2023년 12월 19일 15시,화요일,경상남도 창원시 의창구 서상동,중상사고,0,1,0,0,차대차 - 측면충돌,차로위반,건조,맑음,단일로 - 기타,승용,여,32세,상해없음,승용,여,31세,중상
2023121900100323,2023년 12월 19일 16시,화요일,경상남도 진주시 충무공동,경상사고,0,0,1,1,차대차 - 측면충돌,기타,건조,맑음,단일로 - 기타,승용,남,45세,상해없음,승용,여,33세,부상신고
2023121900100324,2023년 12월 19일 16시,화요일,경상남도 거창군 거창읍,중상사고,0,1,0,0,차대차 - 정면충돌,중앙선침범,건조,맑음,단일로 - 기타,승용,여,50세,상해없음,이륜,여,57세,중상
2023121900100325,2023년 12월 19일 16시,화요일,경상남도 거제시 옥포동,경상사고,0,0,1,0,차대사람 - 기타,안전운전불이행,건조,맑음,교차로 - 교차로안,승용,남,25세,상해없음,보행자,여,61세,경상
2023121900100326,2023년 12월 19일 16시,화요일,경상남도 창원시 의창구 명서동,경상사고,0,0,2,0,차대차 - 측면충돌,직진우회전진행방해,건조,맑음,교차로 - 교차로안,승용,남,64세,상해없음,승합,남,45세,경상
2023121900100362,2023년 12월 19일 17시,화요일,경상남도 창원시 마산합포구 산호동,경상사고,0,0,1,0,차대차 - 후진중충돌,안전운전불이행,건조,맑음,교차로 - 교차로부근,승용,남,60세,상해없음,승용,여,51세,경상
2023121900100363,2023년 12월 19일 17시,화요일,경상남도 김해시 생림면,경상사고,0,0,1,0,차대차 - 기타,안전운전불이행,건조,맑음,교차로 - 교차로부근,승용,남,73세,상해없음,승용,여,44세,경상
2023121900100364,2023년 12월 19일 17시,화요일,경상남도 김해시 삼정동,경상사고,0,0,1,0,차대차 - 측면충돌,신호위반,건조,맑음,교차로 - 교차로안,승용,여,53세,상해없음,승용,여,39세,경상
2023121900100365,2023년 12월 19일 17시,화요일,경상남도 양산시 삼호동,경상사고,0,0,3,0,차대차 - 추돌,안전운전불이행,건조,맑음,단일로 - 기타,승용,남,74세,상해없음,승용,남,19세,경상
2023121900100366,2023년 12월 19일 17시,화요일,경상남도 남해군 남해읍,부상신고사고,0,0,0,1,차대차 - 측면충돌,교차로운행방법위반,건조,맑음,교차로 - 교차로안,승용,여,37세,부상신고,승용,남,76세,상해없음
2023121900100423,2023년 12월 19일 18시,화요일,경상남도 통영시 미수동,경상사고,0,0,1,0,차대사람 - 기타,안전운전불이행,건조,맑음,단일로 - 기타,승합,남,49세,상해없음,보행자,여,63세,경상
2023121900100424,2023년 12월 19일 18시,화요일,경상남도 김해시 어방동,경상사고,0,0,1,0,차대차 - 정면충돌,직진우회전진행방해,건조,맑음,교차로 - 교차로안,승합,남,55세,상해없음,이륜,남,55세,경상
2023121900100425,2023년 12월 19일 18시,화요일,경상남도 거창군 거창읍,경상사고,0,0,1,0,차대차 - 측면충돌,교차로운행방법위반,건조,맑음,교차로 - 교차로안,승용,남,28세,상해없음,원동기,남,19세,경상
2023121900100426,2023년 12월 19일 18시,화요일,경상남도 거제시 상동동,경상사고,0,0,1,0,차대차 - 측면충돌,신호위반,건조,맑음,교차로 - 교차로안,승용,여,55세,상해없음,승용,남,37세,경상
2023121900100484,2023년 12월 19일 20시,화요일,경상남도 창녕군 창녕읍,중상사고,0,1,0,0,차대사람 - 차도통행중,안전운전불이행,건조,맑음,단일로 - 기타,승합,남,57세,상해없음,보행자,남,61세,중상
2023121900100508,2023년 12월 19일 21시,화요일,경상남도 창원시 진해구 석동,경상사고,0,0,1,0,차대차 - 측면충돌,기타,건조,맑음,단일로 - 기타,승용,남,30세,상해없음,이륜,남,44세,경상
2023122000100042,2023년 12월 20일 05시,수요일,경상남도 거제시 고현동,경상사고,0,0,1,0,차대차 - 기타,직진우회전진행방해,건조,맑음,교차로 - 교차로안,화물,남,44세,상해없음,이륜,남,19세,경상
2023122000100050,2023년 12월 20일 06시,수요일,경상남도 사천시 사천읍,중상사고,0,1,0,0,차대사람 - 차도통행중,안전운전불이행,건조,맑음,교차로 - 교차로안,승용,남,37세,상해없음,보행자,남,68세,중상
2023122000100051,2023년 12월 20일 06시,수요일,경상남도 사천시 곤명면,사망사고,1,1,1,0,차대차 - 측면충돌,신호위반,건조,맑음,교차로 - 교차로안,화물,남,63세,사망,화물,남,60세,경상
2023122000100074,2023년 12월 20일 07시,수요일,경상남도 사천시 용현면,경상사고,0,0,1,0,차대차 - 추돌,안전운전불이행,건조,맑음,교차로 - 교차로부근,승용,여,25세,상해없음,승용,남,22세,경상
2023122000100075,2023년 12월 20일 07시,수요일,경상남도 합천군 합천읍,중상사고,0,1,0,0,차대사람 - 횡단중,보행자보호의무위반,건조,맑음,교차로 - 교차로횡단보도내,승용,남,37세,상해없음,보행자,남,37세,중상