사고번호,사고일시,요일,시군구,사고내용,사망자수,중상자수,경상자수,부상신고자수,사고유형,법규위반,노면상태,기상상태,도로형태,가해운전자 차종,가해운전자 성별,가해운전자 연령,가해운전자 상해정도,피해운전자 차종,피해운전자 성별,피해운전자 연령,피해운전자 상해정도
2023122000100101,2023년 12월 20일 08시,수요일,경상남도 양산시 북정동,경상사고,0,0,1,0,차대차 - 측면충돌,안전운전불이행,건조,맑음,교차로 - 교차로안,화물,남,44세,상해없음,승용,남,21세,경상
2023122000100134,2023년 12월 20일 10시,수요일,경상남도 거제시 고현동,경상사고,0,0,1,0,차대사람 - 차도통행중,안전운전불이행,건조,맑음,교차로 - 교차로안,승용,여,65세,상해없음,보행자,여,71세,경상
2023122000100183,2023년 12월 20일 12시,수요일,경상남도 창원시 의창구 북면,경상사고,0,0,1,0,차대사람 - 기타,안전운전불이행,건조,맑음,기타 - 기타,승용,남,53세,상해없음,보행자,남,38세,경상
2023122000100264,2023년 12월 20일 15시,수요일,경상남도 창원시 진해구 석동,중상사고,0,1,0,0,차대사람 - 횡단중,신호위반,건조,맑음,교차로 - 교차로횡단보도내,원동기,남,52세,상해없음,보행자,여,79세,중상
2023122000100265,2023년 12월 20일 15시,수요일,경상남도 양산시 덕계동,경상사고,0,0,1,0,차대사람 - 보도통행중,안전운전불이행,건조,맑음,기타 - 기타,화물,남,55세,상해없음,보행자,여,28세,경상
2023122000100285,2023년 12월 20일 16시,수요일,경상남도 김해시 대동면,경상사고,0,0,3,0,차대차 - 추돌,안전거리미확보,건조,맑음,단일로 - 기타,화물,남,32세,상해없음,승용,남,31세,경상
2023122000100301,2023년 12월 20일 16시,수요일,경상남도 김해시 동상동,중상사고,0,1,0,0,차대차 - 측면충돌,안전운전불이행,건조,맑음,교차로 - 교차로안,승용,남,81세,상해없음,승용,여,64세,중상
2023122000100348,2023년 12월 20일 17시,수요일,경상남도 통영시 정량동,경상사고,0,0,1,0,차대차 - 기타,안전운전불이행,건조,맑음,교차로 - 교차로부근,이륜,남,49세,상해없음,자전거,남,46세,경상
2023122000100395,2023년 12월 20일 18시,수요일,경상남도 사천시 사천읍,경상사고,0,0,1,0,차대차 - 추돌,안전운전불이행,건조,맑음,단일로 - 기타,승용,여,52세,상해없음,승용,여,39세,경상
2023122000100396,2023년 12월 20일 18시,수요일,경상남도 김해시 대성동,경상사고,0,0,2,0,차대차 - 추돌,안전운전불이행,건조,맑음,단일로 - 기타,승용,기타불명,미분류,기타불명,승용,남,63세,경상
2023122000100397,2023년 12월 20일 18시,수요일,경상남도 합천군 합천읍,중상사고,0,1,0,0,차대사람 - 차도통행중,안전운전불이행,건조,맑음,단일로 - 기타,승용,여,70세,상해없음,보행자,남,57세,중상
2023122000100398,2023년 12월 20일 18시,수요일,경상남도 양산시 북부동,경상사고,0,0,1,0,차대차 - 측면충돌,안전운전불이행,건조,맑음,교차로 - 교차로안,승용,남,39세,상해없음,승용,여,35세,경상
2023122000100399,2023년 12월 20일 18시,수요일,경상남도 산청군 산청읍,중상사고,0,1,0,0,차량단독 - 기타,안전운전불이행,건조,흐림,단일로 - 기타,이륜,남,83세,중상,,,,
2023122000100448,2023년 12월 20일 19시,수요일,경상남도 거창군 거창읍,경상사고,0,0,1,0,차대사람 - 기타,안전운전불이행,건조,맑음,단일로 - 기타,이륜,남,25세,상해없음,보행자,남,9세,경상
2023122000100449,2023년 12월 20일 19시,수요일,경상남도 창원시 의창구 봉림동,경상사고,0,0,1,0,차대차 - 기타,안전운전불이행,건조,맑음,교차로 - 교차로부근,승용,남,56세,상해없음,이륜,남,39세,경상
2023122000100450,2023년 12월 20일 19시,수요일,경상남도 김해시 한림면,경상사고,0,0,1,0,차대차 - 측면충돌,기타,건조,맑음,교차로 - 교차로안,승용,남,59세,상해없음,승용,남,45세,경상
2023122000100474,2023년 12월 20일 20시,수요일,경상남도 거제시 장평동,경상사고,0,0,1,0,차대차 - 정면충돌,기타,건조,맑음,교차로 - 교차로안,자전거,남,54세,경상,승용,여,20세,상해없음
2023122000100475,2023년 12월 20일 20시,수요일,경상남도 창원시 마산회원구 봉암동,경상사고,0,0,1,0,차대차 - 측면충돌,안전운전불이행,건조,맑음,교차로 - 교차로부근,승용,여,49세,상해없음,승용,여,37세,경상
2023122000100531,2023년 12월 20일 22시,수요일,경상남도 진주시 명석면,사망사고,1,0,0,0,차대사람 - 횡단중,안전운전불이행,건조,맑음,단일로 - 기타,승용,여,35세,상해없음,보행자,남,29세,사망
2023122100100051,2023년 12월 21일 06시,목요일,경상남도 김해시 삼계동,경상사고,0,0,1,0,차대차 - 측면충돌,신호위반,건조,맑음,교차로 - 교차로안,화물,남,58세,상해없음,승용,남,58세,경상
2023122100100052,2023년 12월 21일 06시,목요일,경상남도 창원시 의창구 북면,중상사고,0,2,0,0,차대차 - 측면충돌,안전운전불이행,건조,맑음,단일로 - 기타,특수,남,59세,상해없음,승용,남,75세,중상
2023122100100113,2023년 12월 21일 08시,목요일,경상남도 창원시 마산합포구 월영동,경상사고,0,0,1,0,차대사람 - 횡단중,신호위반,건조,맑음,교차로 - 교차로횡단보도내,승용,남,39세,상해없음,보행자,여,29세,경상
2023122100100136,2023년 12월 21일 09시,목요일,경상남도 김해시 대동면,경상사고,0,0,1,0,차대차 - 측면충돌,안전거리미확보,건조,맑음,단일로 - 기타,화물,남,47세,상해없음,승용,남,42세,경상
2023122100100153,2023년 12월 21일 09시,목요일,경상남도 김해시 외동,경상사고,0,0,1,0,차대차 - 측면충돌,신호위반,건조,맑음,교차로 - 교차로횡단보도내,승용,여,63세,상해없음,자전거,남,18세,경상
2023122100100154,2023년 12월 21일 09시,목요일,경상남도 양산시 물금읍,경상사고,0,0,1,0,차대차 - 측면충돌,안전운전불이행,건조,맑음,단일로 - 기타,승용,남,83세,상해없음,이륜,남,40세,경상
2023122100100183,2023년 12월 21일 10시,목요일,경상남도 산청군 산청읍,경상사고,0,0,1,0,차대차 - 후진중충돌,안전운전불이행,건조,맑음,교차로 - 교차로안,사륜오토바이(ATV),남,87세,상해없음,화물,여,58세,경상
2023122100100207,2023년 12월 21일 11시,목요일,경상남도 창원시 진해구 자은동,경상사고,0,0,1,0,차대차 - 기타,안전운전불이행,건조,맑음,단일로 - 기타,화물,남,28세,기타불명,이륜,남,34세,경상
2023122100100208,2023년 12월 21일 11시,목요일,경상남도 창원시 의창구 동읍,중상사고,0,1,0,0,차대차 - 기타,교차로운행방법위반,건조,맑음,교차로 - 교차로안,화물,남,76세,상해없음,승용,남,41세,중상
2023122100100311,2023년 12월 21일 14시,목요일,경상남도 창원시 마산합포구 교원동,부상신고사고,0,0,0,1,차량단독 - 기타,안전운전불이행,서리/결빙,맑음,교차로 - 교차로부근,이륜,남,71세,부상신고,,,,
2023122100100312,2023년 12월 21일 14시,목요일,경상남도 의령군 부림면,경상사고,0,0,1,0,차대차 - 측면충돌,신호위반,건조,맑음,교차로 - 교차로안,이륜,여,78세,경상,승용,남,78세,상해없음
2023122100100391,2023년 12월 21일 16시,목요일,경상남도 창원시 마산합포구 남성동,경상사고,0,0,1,0,차대차 - 측면충돌,안전운전불이행,건조,맑음,단일로 - 기타,화물,남,69세,상해없음,승용,남,50세,경상
2023122100100392,2023년 12월 21일 16시,목요일,경상남도 창원시 마산합포구 신포동1가,경상사고,0,0,2,0,차대차 - 추돌,안전거리미확보,건조,맑음,단일로 - 기타,승용,남,26세,상해없음,승용,여,28세,경상
2023122100100393,2023년 12월 21일 16시,목요일,경상남도 양산시 평산동,경상사고,0,0,1,0,차대차 - 기타,직진우회전진행방해,건조,맑음,교차로 - 교차로안,승용,남,65세,상해없음,승용,남,41세,경상
2023122100100394,2023년 12월 21일 16시,목요일,경상남도 창원시 의창구 중동,중상사고,0,1,0,0,차대사람 - 횡단중,안전운전불이행,건조,맑음,교차로 - 교차로횡단보도내,승용,남,38세,상해없음,보행자,남,26세,중상
2023122100100443,2023년 12월 21일 17시,목요일,경상남도 김해시 대동면,경상사고,0,0,1,0,차대차 - 정면충돌,중앙선침범,건조,맑음,단일로 - 기타,승용,여,46세,기타불명,승용,여,54세,경상
2023122100100444,2023년 12월 21일 17시,목요일,경상남도 양산시 남부동,경상사고,0,0,1,0,차량단독 - 기타,안전운전불이행,건조,맑음,교차로 - 교차로안,승용,남,59세,상해없음,,,,
2023122100100446,2023년 12월 21일 17시,목요일,경상남도 산청군 생초면,중상사고,0,1,0,0,차대차 - 측면충돌,중앙선침범,건조,맑음,단일로 - 기타,승용,남,55세,상해없음,화물,남,63세,중상
2023122100100492,2023년 12월 21일 18시,목요일,경상남도 진주시 계동,중상사고,0,1,0,0,차대차 - 측면충돌,신호위반,건조,맑음,교차로 - 교차로안,승용,남,70세,상해없음,이륜,남,53세,상해없음
2023122100100493,2023년 12월 21일 18시,목요일,경상남도 밀양시 내이동,경상사고,0,0,1,0,차대차 - 측면충돌,교차로운행방법위반,건조,흐림,교차로 - 교차로안,승용,남,55세,상해없음,승용,여,59세,경상
2023122100100494,2023년 12월 21일 18시,목요일,경상남도 함안군 가야읍,중상사고,0,1,0,0,차대사람 - 횡단중,안전운전불이행,건조,맑음,단일로 - 기타,화물,남,53세,상해없음,보행자,남,16세,중상
2023122100100495,2023년 12월 21일 18시,목요일,경상남도 창원시 의창구 팔용동,경상사고,0,0,5,0,차대차 - 추돌,안전거리미확보,건조,맑음,단일로 - 기타,승합,남,52세,상해없음,승용,남,58세,경상
2023122100100547,2023년 12월 21일 19시,목요일,경상남도 창원시 마산회원구 합성동,부상신고사고,0,0,0,1,차대차 - 측면충돌,신호위반,건조,맑음,교차로 - 교차로안,이륜,남,31세,상해없음,승용,남,47세,부상신고
2023122100100583,2023년 12월 21일 20시,목요일,경상남도 창원시 의창구 서상동,중상사고,0,2,1,0,차대차 - 측면충돌,신호위반,건조,맑음,교차로 - 교차로안,승용,여,22세,상해없음,승용,남,68세,경상
2023122100100642,2023년 12월 21일 22시,목요일,경상남도 창원시 마산합포구 상남동,경상사고,0,0,1,0,차대차 - 추돌,안전운전불이행,건조,맑음,단일로 - 기타,승용,여,53세,상해없음,승용,여,30세,경상
2023122100100643,2023년 12월 21일 22시,목요일,경상남도 창원시 의창구 서상동,경상사고,0,0,1,0,차대사람 - 횡단중,신호위반,건조,맑음,교차로 - 교차로횡단보도내,승용,여,26세,상해없음,보행자,여,17세,경상
2023122100100644,2023년 12월 21일 22시,목요일,경상남도 김해시 진영읍,경상사고,0,0,4,0,차대차 - 추돌,안전운전불이행,건조,맑음,교차로 - 교차로부근,승용,여,62세,상해없음,승용,여,44세,경상
2023122100100667,2023년 12월 21일 23시,목요일,경상남도 창원시 마산회원구 석전동,중상사고,0,1,1,0,차대사람 - 횡단중,안전운전불이행,건조,맑음,교차로 - 교차로횡단보도내,승합,남,52세,상해없음,보행자,남,60세,중상
2023122200100050,2023년 12월 22일 05시,금요일,경상남도 창원시 마산회원구 내서읍,경상사고,0,0,1,0,차대차 - 추돌,안전운전불이행,건조,흐림,단일로 - 기타,특수,남,57세,상해없음,승합,남,79세,경상
2023122200100080,2023년 12월 22일 07시,금요일,경상남도 진주시 망경동,경상사고,0,0,1,0,차대차 - 정면충돌,안전운전불이행,건조,맑음,교차로 - 교차로안,승용,남,61세,상해없음,화물,남,64세,경상
2023122200100081,2023년 12월 22일 07시,금요일,경상남도 양산시 중부동,부상신고사고,0,0,0,1,차대차 - 측면충돌,안전운전불이행,건조,맑음,교차로 - 교차로안,승용,남,54세,상해없음,승용,여,36세,부상신고
2023122200100082,2023년 12월 22일 07시,금요일,경상남도 의령군 정곡면,중상사고,0,1,0,0,차량단독 - 기타,안전운전불이행,서리/결빙,맑음,단일로 - 기타,승용,남,41세,중상,,,,
2023122200100112,2023년 12월 22일 08시,금요일,경상남도 합천군 합천읍,중상사고,0,1,0,0,차대사람 - 보도통행중,보행자보호의무위반,건조,맑음,교차로 - 교차로횡단보도내,승용,여,51세,상해없음,보행자,남,46세,중상
2023122200100113,2023년 12월 22일 08시,금요일,경상남도 양산시 명동,경상사고,0,0,2,0,차대차 - 추돌,안전거리미확보,건조,맑음,단일로 - 기타,화물,남,21세,상해없음,승용,여,44세,경상
2023122200100114,2023년 12월 22일 08시,금요일,경상남도 함안군 가야읍,중상사고,0,1,0,0,차대사람 - 횡단중,안전운전불이행,건조,맑음,단일로 - 기타,승용,여,62세,상해없음,보행자,여,90세,중상
2023122200100150,2023년 12월 22일 09시,금요일,경상남도 창원시 성산구 용호동,경상사고,0,0,2,0,차대차 - 추돌,안전운전불이행,건조,맑음,단일로 - 기타,승용,남,53세,상해없음,승용,여,66세,경상
2023122200100179,2023년 12월 22일 10시,금요일,경상남도 사천시 향촌동,경상사고,0,0,1,0,차대차 - 측면충돌,안전운전불이행,건조,맑음,단일로 - 지하차도(도로)내,승용,남,71세,상해없음,승용,여,28세,경상
2023122200100180,2023년 12월 22일 10시,금요일,경상남도 함안군 법수면,경상사고,0,0,1,0,차대차 - 측면충돌,신호위반,건조,맑음,교차로 - 교차로안,승용,여,55세,상해없음,건설기계,남,45세,경상
2023122200100181,2023년 12월 22일 10시,금요일,경상남도 김해시 주촌면,부상신고사고,0,0,0,1,차량단독 - 기타,안전운전불이행,건조,맑음,단일로 - 기타,이륜,여,38세,부상신고,,,,
2023122200100221,2023년 12월 22일 11시,금요일,경상남도 김해시 외동,경상사고,0,0,2,0,차량단독 - 기타,안전운전불이행,건조,맑음,교차로 - 교차로부근,승용,남,48세,상해없음,,,,
2023122200100222,2023년 12월 22일 11시,금요일,경상남도 양산시 평산동,경상사고,0,0,1,0,차대차 - 추돌,안전운전불이행,건조,맑음,단일로 - 기타,승용,남,61세,상해없음,화물,남,48세,경상
2023122200100223,2023년 12월 22일 11시,금요일,경상남도 창원시 성산구 대방동,경상사고,0,0,1,0,차대차 - 측면충돌,신호위반,건조,맑음,교차로 - 교차로안,승용,여,67세,상해없음,승용,남,40세,경상
2023122200100224,2023년 12월 22일 11시,금요일,경상남도 김해시 풍유동,경상사고,0,0,1,0,차대차 - 기타,교차로운행방법위반,건조,맑음,교차로 - 교차로안,자전거,남,66세,경상,화물,남,23세,상해없음
2023122200100260,2023년 12월 22일 12시,금요일,경상남도 창원시 진해구 경화동,중상사고,0,1,0,1,차대차 - 측면충돌,안전거리미확보,건조,맑음,단일로 - 기타,승용,남,39세,부상신고,승용,여,46세,중상
2023122200100261,2023년 12월 22일 12시,금요일,경상남도 거제시 고현동,중상사고,0,1,0,0,차대차 - 측면충돌,신호위반,건조,맑음,교차로 - 교차로안,화물,남,76세,상해없음,승용,여,33세,중상
2023122200100303,2023년 12월 22일 13시,금요일,경상남도 창원시 마산합포구 우산동,부상신고사고,0,0,0,1,차대사람 - 길가장자리구역통행중,안전운전불이행,건조,맑음,단일로 - 기타,화물,남,60세,상해없음,보행자,남,53세,부상신고
2023122200100304,2023년 12월 22일 13시,금요일,경상남도 진주시 평안동,경상사고,0,0,1,0,차대차 - 측면충돌,신호위반,건조,맑음,교차로 - 교차로안,화물,남,71세,상해없음,화물,남,46세,상해없음
2023122200100305,2023년 12월 22일 13시,금요일,경상남도 창원시 진해구 경화동,경상사고,0,0,1,0,차대차 - 측면충돌,안전운전불이행,건조,맑음,단일로 - 기타,승용,남,22세,상해없음,승용,여,43세,경상
2023122200100306,2023년 12월 22일 13시,금요일,경상남도 남해군 고현면,경상사고,0,0,2,0,차대차 - 추돌,안전운전불이행,건조,맑음,교차로 - 교차로부근,화물,여,56세,상해없음,승용,남,82세,경상
2023122200100352,2023년 12월 22일 14시,금요일,경상남도 진주시 봉곡동,중상사고,0,1,0,0,차대차 - 측면충돌,교차로운행방법위반,건조,맑음,교차로 - 교차로안,승용,여,41세,상해없음,승용,남,31세,중상
2023122200100444,2023년 12월 22일 16시,금요일,경상남도 창원시 의창구 북면,경상사고,0,0,1,0,차대사람 - 기타,안전운전불이행,기타,맑음,기타 - 기타,승용,남,59세,상해없음,보행자,여,86세,경상
2023122200100498,2023년 12월 22일 17시,금요일,경상남도 사천시 사남면,중상사고,0,1,0,0,차대차 - 측면충돌,안전운전불이행,건조,맑음,단일로 - 지하차도(도로)내,승용,남,25세,상해없음,이륜,남,35세,중상
2023122200100499,2023년 12월 22일 17시,금요일,경상남도 양산시 물금읍,중상사고,0,1,0,0,차대차 - 정면충돌,중앙선침범,건조,맑음,단일로 - 기타,승용,남,67세,상해없음,이륜,남,52세,중상
2023122200100500,2023년 12월 22일 17시,금요일,경상남도 함안군 칠원읍,중상사고,0,1,0,0,차대차 - 측면충돌,중앙선침범,건조,맑음,단일로 - 기타,화물,남,66세,기타불명,승용,남,42세,중상
2023122200100501,2023년 12월 22일 17시,금요일,경상남도 창원시 의창구 대산면,경상사고,0,0,1,0,차대차 - 측면충돌,신호위반,건조,맑음,교차로 - 교차로안,승용,남,64세,상해없음,승용,남,30세,경상
2023122200100502,2023년 12월 22일 17시,금요일,경상남도 김해시 진례면,부상신고사고,0,0,0,1,차대차 - 추돌,안전운전불이행,건조,맑음,단일로 - 기타,이륜,남,78세,부상신고,승용,여,42세,상해없음
2023122200100579,2023년 12월 22일 18시,금요일,경상남도 창원시 마산합포구 상남동,경상사고,0,0,1,0,차대차 - 측면충돌,안전거리미확보,건조,맑음,교차로 - 교차로부근,승용,남,69세,상해없음,승용,남,32세,경상
2023122200100580,2023년 12월 22일 18시,금요일,경상남도 창원시 진해구 용원동,중상사고,0,1,0,0,차대사람 - 기타,안전운전불이행,건조,맑음,교차로 - 교차로안,승용,남,65세,상해없음,보행자,남,50세,중상
2023122200100581,2023년 12월 22일 18시,금요일,경상남도 창원시 진해구 태평동,경상사고,0,0,1,2,차대차 - 측면충돌,안전운전불이행,건조,맑음,교차로 - 교차로부근,승합,남,66세,상해없음,승용,남,61세,경상
2023122200100582,2023년 12월 22일 18시,금요일,경상남도 창원시 마산회원구 양덕동,경상사고,0,0,1,0,차대사람 - 기타,보행자보호의무위반,건조,맑음,교차로 - 교차로부근,승용,여,47세,상해없음,보행자,여,73세,경상
2023122200100583,2023년 12월 22일 18시,금요일,경상남도 김해시 율하동,경상사고,0,0,1,0,차대사람 - 횡단중,안전운전불이행,건조,맑음,교차로 - 교차로안,승용,남,27세,상해없음,보행자,남,9세,경상
2023122200100641,2023년 12월 22일 19시,금요일,경상남도 김해시 진영읍,중상사고,0,1,0,0,차대차 - 기타,안전운전불이행,건조,맑음,단일로 - 기타,이륜,남,34세,중상,승용,남,78세,기타불명
2023122200100690,2023년 12월 22일 20시,금요일,경상남도 김해시 외동,경상사고,0,0,1,0,차대차 - 추돌,안전운전불이행,건조,맑음,기타 - 기타,승용,남,45세,상해없음,승합,남,59세,경상
2023122200100691,2023년 12월 22일 20시,금요일,경상남도 거제시 고현동,경상사고,0,0,1,0,차대사람 - 기타,안전운전불이행,건조,맑음,기타 - 기타,승용,여,33세,상해없음,보행자,여,43세,경상
2023122200100692,2023년 12월 22일 20시,금요일,경상남도 김해시 삼문동,중상사고,0,1,0,1,차대차 - 측면충돌,신호위반,건조,맑음,교차로 - 교차로안,승용,여,53세,부상신고,승용,남,54세,중상
2023122200100728,2023년 12월 22일 21시,금요일,경상남도 김해시 안동,경상사고,0,0,2,0,차대차 - 기타,중앙선침범,건조,맑음,교차로 - 교차로부근,이륜,남,35세,상해없음,승용,남,43세,경상
2023122200100729,2023년 12월 22일 21시,금요일,경상남도 거제시 장평동,경상사고,0,0,1,0,차대차 - 측면충돌,안전운전불이행,건조,맑음,교차로 - 교차로안,이륜,남,55세,경상,승용,남,53세,상해없음
2023122200100765,2023년 12월 22일 22시,금요일,경상남도 김해시 구산동,경상사고,0,0,1,0,차대사람 - 차도통행중,안전운전불이행,건조,맑음,기타 - 기타,화물,남,55세,상해없음,보행자,남,66세,경상
2023122200100766,2023년 12월 22일 22시,금요일,경상남도 창원시 의창구 도계동,중상사고,0,1,0,0,차대사람 - 보도통행중,기타,건조,맑음,기타 - 기타,개인형이동수단(PM),남,15세,상해없음,보행자,여,47세,중상
2023122300100018,2023년 12월 23일 00시,토요일,경상남도 양산시 물금읍,중상사고,0,1,0,0,차대차 - 정면충돌,안전운전불이행,건조,맑음,교차로 - 교차로부근,승용,남,47세,상해없음,이륜,남,30세,중상
2023122300100062,2023년 12월 23일 03시,토요일,경상남도 창원시 마산합포구 우산동,경상사고,0,0,1,0,차대차 - 추돌,안전운전불이행,건조,맑음,단일로 - 기타,승용,남,46세,상해없음,승용,여,45세,경상
2023122300100063,2023년 12월 23일 03시,토요일,경상남도 밀양시 내이동,중상사고,0,1,0,0,차대사람 - 기타,안전운전불이행,건조,맑음,교차로 - 교차로안,승용,여,57세,상해없음,보행자,여,81세,중상
2023122300100077,2023년 12월 23일 05시,토요일,경상남도 김해시 어방동,경상사고,0,0,1,0,차대차 - 측면충돌,직진우회전진행방해,건조,맑음,교차로 - 교차로안,개인형이동수단(PM),여,60세,경상,화물,남,61세,상해없음
2023122300100136,2023년 12월 23일 09시,토요일,경상남도 양산시 삼호동,중상사고,0,1,0,0,차대사람 - 횡단중,안전운전불이행,건조,맑음,교차로 - 교차로안,이륜,남,30세,상해없음,보행자,여,26세,중상
2023122300100190,2023년 12월 23일 11시,토요일,경상남도 밀양시 상동면,경상사고,0,0,1,0,차대차 - 측면충돌,신호위반,건조,맑음,단일로 - 터널,승용,남,51세,상해없음,승용,여,23세,경상
2023122300100191,2023년 12월 23일 11시,토요일,경상남도 김해시 대동면,경상사고,0,0,2,0,차대차 - 추돌,안전거리미확보,건조,맑음,단일로 - 기타,승용,남,35세,상해없음,승용,남,62세,경상
2023122300100206,2023년 12월 23일 11시,토요일,경상남도 양산시 동면,경상사고,0,0,2,0,차대차 - 측면충돌,신호위반,건조,맑음,교차로 - 교차로안,승용,남,44세,상해없음,승용,남,66세,경상
2023122300100207,2023년 12월 23일 11시,토요일,경상남도 창원시 의창구 북면,중상사고,0,2,0,0,차대차 - 추돌,안전거리미확보,건조,맑음,단일로 - 기타,승용,남,51세,상해없음,화물,남,50세,중상
2023122300100251,2023년 12월 23일 12시,토요일,경상남도 사천시 사남면,경상사고,0,0,1,0,차대사람 - 기타,안전운전불이행,건조,맑음,단일로 - 기타,승용,여,29세,상해없음,보행자,남,3세,경상
2023122300100290,2023년 12월 23일 13시,토요일,경상남도 진주시 상대동,경상사고,0,0,1,0,차대차 - 측면충돌,신호위반,건조,맑음,교차로 - 교차로안,승용,여,55세,상해없음,승용,남,48세,경상
2023122300100323,2023년 12월 23일 14시,토요일,경상남도 밀양시 상남면,중상사고,0,1,0,0,차대사람 - 기타,안전운전불이행,건조,맑음,단일로 - 기타,화물,남,53세,상해없음,보행자,여,81세,중상
2023122300100324,2023년 12월 23일 14시,토요일,경상남도 창원시 의창구 봉곡동,경상사고,0,0,1,0,차대차 - 측면충돌,교차로운행방법위반,건조,맑음,교차로 - 교차로안,승용,남,63세,상해없음,승용,여,39세,경상
2023122300100325,2023년 12월 23일 14시,토요일,경상남도 진주시 명석면,경상사고,0,0,3,0,차대차 - 측면충돌,신호위반,건조,맑음,단일로 - 기타,화물,남,46세,상해없음,승용,남,39세,경상
2023122300100363,2023년 12월 23일 15시,토요일,경상남도 거제시 장평동,경상사고,0,0,3,0,차대차 - 기타,안전운전불이행,건조,맑음,교차로 - 교차로부근,승용,여,40세,상해없음,승용,여,50세,경상
2023122300100397,2023년 12월 23일 16시,토요일,경상남도 창원시 진해구 자은동,경상사고,0,0,3,0,차대차 - 측면충돌,안전운전불이행,건조,맑음,교차로 - 교차로안,승용,여,64세,경상,승용,여,57세,경상
2023122300100446,2023년 12월 23일 17시,토요일,경상남도 창원시 진해구 용원동,중상사고,0,1,0,0,차대차 - 기타,안전운전불이행,건조,맑음,교차로 - 교차로안,승용,남,27세,상해없음,이륜,남,43세,중상
2023122300100447,2023년 12월 23일 17시,토요일,경상남도 통영시 미수동,중상사고,0,1,1,0,차대차 - 측면충돌,차로위반,건조,맑음,교차로 - 교차로안,이륜,남,64세,중상,승합,남,63세,경상
2023122300100491,2023년 12월 23일 18시,토요일,경상남도 양산시 물금읍,부상신고사고,0,0,0,3,차대차 - 측면충돌,안전운전불이행,건조,맑음,교차로 - 교차로안,이륜,남,24세,부상신고,승용,여,46세,부상신고
2023122300100492,2023년 12월 23일 18시,토요일,경상남도 창원시 성산구 사파동,중상사고,0,1,0,0,차대차 - 기타,신호위반,건조,맑음,교차로 - 교차로안,승용,남,33세,상해없음,승용,남,74세,상해없음
2023122300100545,2023년 12월 23일 20시,토요일,경상남도 김해시 상동면,경상사고,0,0,1,0,차대차 - 측면충돌,안전운전불이행,건조,맑음,단일로 - 기타,승용,남,58세,상해없음,화물,남,52세,경상
2023122300100553,2023년 12월 23일 20시,토요일,경상남도 창녕군 남지읍,경상사고,0,0,1,0,차대차 - 측면충돌,안전운전불이행,건조,맑음,교차로 - 교차로안,이륜,여,26세,경상,승용,남,66세,상해없음
2023122300100554,2023년 12월 23일 20시,토요일,경상남도 김해시 흥동,경상사고,0,0,1,0,차대차 - 측면충돌,신호위반,건조,맑음,교차로 - 교차로안,승용,여,46세,상해없음,승용,여,59세,경상
2023122300100577,2023년 12월 23일 21시,토요일,경상남도 밀양시 내이동,중상사고,0,2,1,0,차대차 - 측면충돌,직진우회전진행방해,건조,흐림,교차로 - 교차로안,승용,여,61세,상해없음,승용,남,42세,중상
2023122300100578,2023년 12월 23일 21시,토요일,경상남도 진주시 정촌면,중상사고,0,1,7,0,차대차 - 추돌,안전운전불이행,건조,맑음,단일로 - 기타,승용,남,57세,중상,승합,남,68세,상해없음
2023122300100615,2023년 12월 23일 23시,토요일,경상남도 김해시 대동면,부상신고사고,0,0,0,1,차대차 - 추돌,안전운전불이행,건조,맑음,단일로 - 기타,화물,남,32세,상해없음,화물,남,68세,부상신고
2023122400100025,2023년 12월 24일 02시,일요일,경상남도 거제시 고현동,경상사고,0,0,2,0,차대차 - 측면충돌,신호위반,건조,맑음,교차로 - 교차로안,승용,남,48세,상해없음,승용,여,28세,경상
2023122400100095,2023년 12월 24일 10시,일요일,경상남도 산청군 생초면,중상사고,0,1,0,0,차량단독 - 전도전복 - 전복,안전운전불이행,적설,눈,단일로 - 기타,화물,남,50세,중상,,,,
2023122400100096,2023년 12월 24일 10시,일요일,경상남도 산청군 생초면,경상사고,0,0,4,0,차대차 - 정면충돌,안전운전불이행,적설,눈,단일로 - 기타,승합,남,56세,상해없음,화물,남,63세,상해없음
2023122400100133,2023년 12월 24일 12시,일요일,경상남도 창원시 진해구 풍호동,경상사고,0,0,3,0,차대차 - 추돌,안전운전불이행,건조,맑음,교차로 - 교차로부근,승용,남,69세,경상,승용,여,38세,경상
2023122400100134,2023년 12월 24일 12시,일요일,경상남도 창원시 의창구 소답동,중상사고,0,1,0,0,차대차 - 기타,안전운전불이행,건조,맑음,단일로 - 기타,승용,남,86세,상해없음,승용,여,68세,기타불명
2023122400100172,2023년 12월 24일 14시,일요일,경상남도 창원시 진해구 청안동,경상사고,0,0,1,0,차대사람 - 횡단중,보행자보호의무위반,건조,맑음,교차로 - 교차로부근,승용,남,72세,상해없음,보행자,여,63세,경상
2023122400100190,2023년 12월 24일 15시,일요일,경상남도 창녕군 창녕읍,경상사고,0,0,1,0,차대차 - 추돌,안전운전불이행,건조,맑음,교차로 - 교차로부근,승용,여,56세,상해없음,승용,여,58세,경상