사고번호,사고일시,요일,시군구,사고내용,사망자수,중상자수,경상자수,부상신고자수,사고유형,법규위반,노면상태,기상상태,도로형태,가해운전자 차종,가해운전자 성별,가해운전자 연령,가해운전자 상해정도,피해운전자 차종,피해운전자 성별,피해운전자 연령,피해운전자 상해정도
2023122400100191,2023년 12월 24일 15시,일요일,경상남도 김해시 진영읍,중상사고,0,1,0,0,차대사람 - 횡단중,신호위반,건조,맑음,교차로 - 교차로부근,이륜,남,20세,상해없음,보행자,남,13세,중상
2023122400100296,2023년 12월 24일 19시,일요일,경상남도 통영시 명정동,경상사고,0,0,1,0,차대차 - 측면충돌,안전운전불이행,건조,맑음,교차로 - 교차로안,승용,남,74세,상해없음,이륜,남,19세,경상
2023122400100335,2023년 12월 24일 21시,일요일,경상남도 창원시 마산합포구 중앙동1가,경상사고,0,0,1,0,차대사람 - 기타,안전운전불이행,건조,맑음,단일로 - 기타,이륜,여,40세,경상,보행자,남,57세,상해없음
2023122400100346,2023년 12월 24일 22시,일요일,경상남도 통영시 정량동,경상사고,0,0,1,0,차대사람 - 차도통행중,안전운전불이행,건조,맑음,기타 - 기타,승용,여,42세,상해없음,보행자,남,54세,경상
2023122400100355,2023년 12월 24일 23시,일요일,경상남도 함양군 함양읍,중상사고,0,1,0,0,차대차 - 측면충돌,안전운전불이행,건조,맑음,교차로 - 교차로부근,승용,남,48세,상해없음,승용,여,65세,중상
2023122500100007,2023년 12월 25일 00시,월요일,경상남도 거제시 상동동,경상사고,0,0,2,0,차대차 - 측면충돌,신호위반,건조,맑음,교차로 - 교차로안,이륜,남,45세,상해없음,승용,여,37세,경상
2023122500100019,2023년 12월 25일 02시,월요일,경상남도 김해시 진영읍,중상사고,0,1,0,0,차대사람 - 횡단중,안전운전불이행,건조,맑음,교차로 - 교차로안,승용,남,47세,상해없음,보행자,남,43세,중상
2023122500100029,2023년 12월 25일 04시,월요일,경상남도 창원시 성산구 대원동,중상사고,0,1,0,0,차대차 - 측면충돌,신호위반,건조,맑음,교차로 - 교차로안,이륜,남,17세,상해없음,승용,남,63세,상해없음
2023122500100052,2023년 12월 25일 07시,월요일,경상남도 사천시 서동,경상사고,0,0,1,0,차대사람 - 횡단중,안전운전불이행,건조,맑음,교차로 - 교차로횡단보도내,화물,남,52세,상해없음,보행자,남,83세,경상
2023122500100071,2023년 12월 25일 09시,월요일,경상남도 창원시 마산합포구 예곡동,경상사고,0,0,1,0,차대차 - 추돌,안전운전불이행,건조,맑음,단일로 - 기타,승합,남,53세,상해없음,승용,남,74세,경상
2023122500100086,2023년 12월 25일 10시,월요일,경상남도 밀양시 단장면,경상사고,0,0,1,0,차량단독 - 전도전복 - 전복,안전운전불이행,건조,맑음,단일로 - 기타,화물,여,67세,경상,,,,
2023122500100087,2023년 12월 25일 10시,월요일,경상남도 김해시 구산동,경상사고,0,0,1,0,차대차 - 측면충돌,직진우회전진행방해,건조,맑음,교차로 - 교차로안,승용,여,27세,기타불명,승용,여,27세,경상
2023122500100088,2023년 12월 25일 10시,월요일,경상남도 거제시 고현동,경상사고,0,0,1,0,차대사람 - 차도통행중,안전운전불이행,건조,맑음,교차로 - 교차로안,화물,남,57세,상해없음,보행자,남,64세,경상
2023122500100130,2023년 12월 25일 12시,월요일,경상남도 거창군 거창읍,경상사고,0,0,1,0,차대차 - 기타,교차로운행방법위반,건조,맑음,교차로 - 교차로안,승용,남,26세,상해없음,승용,여,40세,상해없음
2023122500100131,2023년 12월 25일 12시,월요일,경상남도 양산시 물금읍,경상사고,0,0,1,0,차대차 - 측면충돌,신호위반,건조,맑음,교차로 - 교차로안,원동기,남,29세,상해없음,승용,남,41세,경상
2023122500100132,2023년 12월 25일 12시,월요일,경상남도 창원시 의창구 북면,중상사고,0,2,0,0,차대차 - 측면충돌,중앙선침범,건조,맑음,단일로 - 기타,승용,남,63세,상해없음,승용,여,47세,중상
2023122500100157,2023년 12월 25일 13시,월요일,경상남도 창원시 진해구 용원동,경상사고,0,0,1,0,차대차 - 기타,신호위반,건조,맑음,교차로 - 교차로안,승용,여,47세,상해없음,승용,여,31세,경상
2023122500100158,2023년 12월 25일 13시,월요일,경상남도 창원시 성산구 용호동,경상사고,0,0,1,0,차대차 - 측면충돌,안전운전불이행,건조,맑음,교차로 - 교차로안,승용,여,34세,상해없음,승용,여,25세,경상
2023122500100217,2023년 12월 25일 16시,월요일,경상남도 김해시 안동,경상사고,0,0,1,0,차대차 - 측면충돌,신호위반,건조,맑음,교차로 - 교차로안,승용,남,39세,상해없음,승합,남,46세,경상
2023122500100218,2023년 12월 25일 16시,월요일,경상남도 거제시 옥포동,경상사고,0,0,1,0,차대차 - 정면충돌,신호위반,건조,맑음,교차로 - 교차로안,승용,남,49세,상해없음,승용,여,60세,경상
2023122500100219,2023년 12월 25일 16시,월요일,경상남도 김해시 진례면,경상사고,0,0,1,0,차대차 - 기타,안전운전불이행,건조,맑음,교차로 - 교차로안,승용,여,42세,상해없음,원동기,여,64세,경상
2023122500100238,2023년 12월 25일 17시,월요일,경상남도 합천군 가야면,경상사고,0,0,1,0,차대차 - 측면충돌,중앙선침범,건조,맑음,단일로 - 기타,승용,남,70세,상해없음,승용,여,58세,경상
2023122500100239,2023년 12월 25일 17시,월요일,경상남도 양산시 북정동,경상사고,0,0,1,0,차대차 - 기타,차로위반,건조,맑음,단일로 - 기타,승용,남,39세,상해없음,원동기,남,51세,경상
2023122500100240,2023년 12월 25일 17시,월요일,경상남도 함안군 대산면,중상사고,0,1,1,0,차대차 - 추돌,안전운전불이행,건조,맑음,단일로 - 기타,화물,남,78세,중상,승용,남,59세,경상
2023122500100241,2023년 12월 25일 17시,월요일,경상남도 김해시 관동동,경상사고,0,0,1,0,차대차 - 추돌,안전운전불이행,건조,맑음,단일로 - 기타,승용,남,18세,상해없음,승용,남,64세,경상
2023122500100269,2023년 12월 25일 18시,월요일,경상남도 통영시 정량동,경상사고,0,0,1,0,차대사람 - 횡단중,보행자보호의무위반,건조,맑음,교차로 - 교차로부근,승용,남,35세,상해없음,보행자,여,64세,경상
2023122500100293,2023년 12월 25일 19시,월요일,경상남도 창원시 진해구 장천동,경상사고,0,0,1,0,차대사람 - 기타,안전운전불이행,건조,맑음,단일로 - 기타,승용,남,62세,상해없음,보행자,남,26세,경상
2023122500100294,2023년 12월 25일 19시,월요일,경상남도 창원시 진해구 석동,경상사고,0,0,2,0,차대차 - 측면충돌,직진우회전진행방해,건조,맑음,교차로 - 교차로안,승용,남,18세,상해없음,승용,남,48세,상해없음
2023122500100316,2023년 12월 25일 20시,월요일,경상남도 김해시 내동,중상사고,0,1,0,0,차대차 - 측면충돌,안전운전불이행,건조,맑음,교차로 - 교차로부근,승용,여,50세,상해없음,이륜,남,44세,중상
2023122500100317,2023년 12월 25일 20시,월요일,경상남도 거창군 거창읍,경상사고,0,0,2,0,차대차 - 측면충돌,안전운전불이행,건조,흐림,단일로 - 기타,승용,남,65세,상해없음,승용,여,31세,경상
2023122500100332,2023년 12월 25일 21시,월요일,경상남도 창원시 의창구 봉곡동,경상사고,0,0,3,0,차대차 - 추돌,안전운전불이행,건조,맑음,단일로 - 기타,승용,여,46세,상해없음,승합,남,49세,경상
2023122600100020,2023년 12월 26일 01시,화요일,경상남도 양산시 상북면,중상사고,0,1,0,0,차량단독 - 공작물충돌,안전운전불이행,건조,맑음,교차로 - 교차로부근,승용,남,28세,상해없음,,,,
2023122600100025,2023년 12월 26일 04시,화요일,경상남도 김해시 부곡동,중상사고,0,1,0,0,차대차 - 추돌,안전운전불이행,건조,맑음,단일로 - 기타,화물,남,45세,상해없음,화물,여,60세,중상
2023122600100042,2023년 12월 26일 06시,화요일,경상남도 고성군 개천면,사망사고,1,0,0,0,차대사람 - 기타,중앙선침범,건조,맑음,단일로 - 기타,화물,남,49세,상해없음,보행자,여,80세,사망
2023122600100043,2023년 12월 26일 06시,화요일,경상남도 창원시 성산구 내동,경상사고,0,0,1,0,차대차 - 측면충돌,안전운전불이행,건조,맑음,단일로 - 기타,화물,남,60세,상해없음,화물,남,60세,경상
2023122600100065,2023년 12월 26일 07시,화요일,경상남도 창원시 진해구 죽곡동,중상사고,0,1,0,0,차대차 - 측면충돌,안전운전불이행,건조,맑음,단일로 - 기타,승용,남,45세,상해없음,자전거,남,52세,중상
2023122600100066,2023년 12월 26일 07시,화요일,경상남도 김해시 진례면,경상사고,0,0,1,0,차량단독 - 공작물충돌,안전운전불이행,건조,맑음,단일로 - 기타,승용,남,41세,경상,,,,
2023122600100103,2023년 12월 26일 08시,화요일,경상남도 밀양시 가곡동,중상사고,0,1,0,0,차대차 - 측면충돌,신호위반,건조,맑음,교차로 - 교차로안,승용,남,66세,상해없음,승용,여,52세,중상
2023122600100139,2023년 12월 26일 09시,화요일,경상남도 양산시 중부동,중상사고,0,1,0,0,차량단독 - 기타,기타,건조,맑음,단일로 - 기타,기타불명,기타불명,미분류,기타불명,,,,
2023122600100140,2023년 12월 26일 09시,화요일,경상남도 김해시 장유동,중상사고,0,1,1,0,차대차 - 측면충돌,안전운전불이행,건조,맑음,단일로 - 기타,승용,여,50세,경상,화물,남,52세,중상
2023122600100191,2023년 12월 26일 11시,화요일,경상남도 양산시 북정동,중상사고,0,1,0,0,차량단독 - 전도전복 - 전도,안전운전불이행,건조,맑음,단일로 - 기타,이륜,남,44세,중상,,,,
2023122600100222,2023년 12월 26일 12시,화요일,경상남도 밀양시 내이동,경상사고,0,0,1,0,차대차 - 측면충돌,신호위반,건조,맑음,교차로 - 교차로안,승용,남,73세,상해없음,승용,여,48세,경상
2023122600100223,2023년 12월 26일 12시,화요일,경상남도 고성군 고성읍,중상사고,0,3,0,0,차대차 - 측면충돌,교차로운행방법위반,건조,맑음,교차로 - 교차로안,승용,남,66세,상해없음,승용,여,51세,중상
2023122600100295,2023년 12월 26일 14시,화요일,경상남도 창원시 진해구 용원동,경상사고,0,0,1,0,차대차 - 기타,안전운전불이행,건조,맑음,교차로 - 교차로부근,승용,여,47세,상해없음,승용,남,46세,경상
2023122600100296,2023년 12월 26일 14시,화요일,경상남도 김해시 삼방동,경상사고,0,0,2,0,차대차 - 측면충돌,차로위반,건조,맑음,단일로 - 기타,승용,남,21세,경상,승용,여,57세,경상
2023122600100297,2023년 12월 26일 14시,화요일,경상남도 합천군 합천읍,사망사고,1,0,0,0,차대사람 - 보도통행중,보행자보호의무위반,건조,맑음,교차로 - 교차로횡단보도내,승용,여,39세,상해없음,보행자,남,80세,사망
2023122600100298,2023년 12월 26일 14시,화요일,경상남도 거제시 사등면,중상사고,0,1,1,0,차대차 - 측면충돌,안전운전불이행,건조,맑음,단일로 - 기타,승용,여,36세,상해없음,화물,남,73세,중상
2023122600100299,2023년 12월 26일 14시,화요일,경상남도 김해시 부곡동,중상사고,0,1,1,0,차대차 - 측면충돌,신호위반,건조,맑음,교차로 - 교차로안,승용,남,44세,경상,화물,남,65세,중상
2023122600100330,2023년 12월 26일 15시,화요일,경상남도 창원시 마산합포구 진동면,중상사고,0,1,0,0,차대차 - 측면충돌,안전운전불이행,건조,맑음,단일로 - 기타,특수,남,56세,상해없음,승용,여,56세,중상
2023122600100331,2023년 12월 26일 15시,화요일,경상남도 창원시 진해구 남양동,경상사고,0,0,2,0,차대차 - 측면충돌,신호위반,건조,맑음,교차로 - 교차로안,승용,여,65세,경상,승용,여,66세,경상
2023122600100332,2023년 12월 26일 15시,화요일,경상남도 양산시 하북면,경상사고,0,0,1,0,차대차 - 기타,신호위반,건조,맑음,교차로 - 교차로안,이륜,남,16세,상해없음,승용,남,45세,경상
2023122600100333,2023년 12월 26일 15시,화요일,경상남도 창원시 의창구 북동,경상사고,0,0,1,0,차대차 - 기타,교차로운행방법위반,건조,맑음,교차로 - 교차로안,승용,여,69세,상해없음,승합,남,51세,상해없음
2023122600100374,2023년 12월 26일 16시,화요일,경상남도 양산시 물금읍,경상사고,0,0,2,0,차대차 - 정면충돌,신호위반,건조,맑음,교차로 - 교차로안,화물,남,77세,상해없음,승용,여,33세,경상
2023122600100420,2023년 12월 26일 17시,화요일,경상남도 함양군 지곡면,사망사고,1,0,0,0,차대사람 - 차도통행중,안전운전불이행,건조,맑음,단일로 - 기타,승용,여,64세,상해없음,보행자,남,61세,사망
2023122600100421,2023년 12월 26일 17시,화요일,경상남도 함안군 칠원읍,중상사고,0,1,0,0,차대사람 - 기타,안전운전불이행,건조,맑음,기타 - 기타,화물,남,64세,상해없음,보행자,여,81세,중상
2023122600100422,2023년 12월 26일 17시,화요일,경상남도 김해시 풍유동,중상사고,0,1,0,0,차대차 - 기타,안전거리미확보,건조,맑음,단일로 - 기타,승용,여,60세,상해없음,승용,남,34세,상해없음
2023122600100489,2023년 12월 26일 18시,화요일,경상남도 창원시 마산합포구 상남동,사망사고,1,0,0,0,차대사람 - 횡단중,안전운전불이행,건조,맑음,단일로 - 기타,승용,남,69세,상해없음,보행자,남,85세,사망
2023122600100490,2023년 12월 26일 18시,화요일,경상남도 김해시 삼계동,경상사고,0,0,1,0,차대사람 - 횡단중,안전운전불이행,건조,맑음,교차로 - 교차로안,이륜,남,38세,경상,보행자,남,55세,상해없음
2023122600100491,2023년 12월 26일 18시,화요일,경상남도 함양군 서하면,중상사고,0,1,0,0,차대사람 - 기타,안전운전불이행,건조,기타,단일로 - 기타,이륜,남,85세,상해없음,보행자,남,89세,중상
2023122600100492,2023년 12월 26일 18시,화요일,경상남도 거제시 장평동,중상사고,0,1,0,0,차대차 - 추돌,안전운전불이행,건조,맑음,단일로 - 기타,승용,여,50세,상해없음,이륜,남,38세,중상
2023122600100564,2023년 12월 26일 20시,화요일,경상남도 통영시 동호동,경상사고,0,0,1,0,차대사람 - 횡단중,보행자보호의무위반,건조,맑음,단일로 - 기타,승용,남,70세,상해없음,보행자,남,57세,경상
2023122600100565,2023년 12월 26일 20시,화요일,경상남도 산청군 산청읍,부상신고사고,0,0,0,2,차대차 - 측면충돌,안전운전불이행,건조,맑음,교차로 - 교차로안,승용,남,40세,상해없음,승용,남,47세,부상신고
2023122600100578,2023년 12월 26일 21시,화요일,경상남도 김해시 부곡동,부상신고사고,0,0,0,1,차대차 - 측면충돌,중앙선침범,건조,맑음,교차로 - 교차로횡단보도내,자전거,남,23세,부상신고,승용,남,66세,상해없음
2023122600100594,2023년 12월 26일 22시,화요일,경상남도 창원시 마산합포구 완월동,중상사고,0,1,0,0,차대사람 - 횡단중,보행자보호의무위반,건조,맑음,교차로 - 교차로횡단보도내,승용,남,59세,상해없음,보행자,여,58세,중상
2023122600100608,2023년 12월 26일 23시,화요일,경상남도 양산시 물금읍,경상사고,0,0,1,0,차대차 - 추돌,안전운전불이행,건조,맑음,교차로 - 교차로안,승용,남,55세,상해없음,승용,남,62세,상해없음
2023122600100609,2023년 12월 26일 23시,화요일,경상남도 김해시 관동동,중상사고,0,1,0,0,차대차 - 측면충돌,신호위반,건조,맑음,교차로 - 교차로안,이륜,남,22세,중상,승용,남,25세,상해없음
2023122700100023,2023년 12월 27일 03시,수요일,경상남도 양산시 물금읍,중상사고,0,1,0,0,차량단독 - 전도전복 - 전도,안전운전불이행,건조,맑음,단일로 - 기타,이륜,남,45세,중상,,,,
2023122700100046,2023년 12월 27일 06시,수요일,경상남도 김해시 상동면,경상사고,0,0,2,0,차대차 - 측면충돌,중앙선침범,건조,맑음,단일로 - 기타,화물,남,76세,상해없음,승용,남,46세,경상
2023122700100067,2023년 12월 27일 07시,수요일,경상남도 창원시 진해구 풍호동,경상사고,0,0,2,0,차대차 - 측면충돌,직진우회전진행방해,건조,맑음,교차로 - 교차로안,승용,남,36세,상해없음,승용,남,76세,경상
2023122700100068,2023년 12월 27일 07시,수요일,경상남도 창원시 의창구 도계동,중상사고,0,1,1,0,차대차 - 정면충돌,안전운전불이행,건조,맑음,단일로 - 기타,승용,남,24세,상해없음,승용,남,35세,중상
2023122700100113,2023년 12월 27일 08시,수요일,경상남도 양산시 하북면,경상사고,0,0,1,0,차대차 - 기타,안전거리미확보,건조,맑음,교차로 - 교차로안,승합,남,68세,상해없음,승용,남,42세,경상
2023122700100114,2023년 12월 27일 08시,수요일,경상남도 창원시 성산구 성산동,경상사고,0,0,1,0,차대차 - 측면충돌,안전운전불이행,건조,맑음,교차로 - 교차로안,특수,남,48세,상해없음,승용,여,32세,경상
2023122700100149,2023년 12월 27일 09시,수요일,경상남도 통영시 도산면,경상사고,0,0,1,0,차대차 - 측면충돌,안전운전불이행,건조,맑음,교차로 - 교차로부근,승용,남,59세,상해없음,승용,남,52세,경상
2023122700100150,2023년 12월 27일 09시,수요일,경상남도 거창군 거창읍,경상사고,0,0,2,0,차대차 - 측면충돌,안전운전불이행,건조,맑음,단일로 - 기타,승용,여,37세,경상,승용,여,54세,경상
2023122700100151,2023년 12월 27일 09시,수요일,경상남도 양산시 명동,중상사고,0,1,0,0,차량단독 - 기타,기타,건조,맑음,단일로 - 기타,승합,남,24세,기타불명,,,,
2023122700100152,2023년 12월 27일 09시,수요일,경상남도 양산시 물금읍,경상사고,0,0,1,0,차대사람 - 기타,안전운전불이행,건조,맑음,단일로 - 기타,화물,남,72세,상해없음,보행자,여,74세,경상
2023122700100153,2023년 12월 27일 09시,수요일,경상남도 창원시 성산구 중앙동,경상사고,0,0,1,0,차대차 - 측면충돌,안전운전불이행,건조,맑음,교차로 - 교차로부근,승용,남,75세,상해없음,승용,남,31세,경상
2023122700100191,2023년 12월 27일 10시,수요일,경상남도 김해시 부원동,경상사고,0,0,1,0,차대사람 - 횡단중,보행자보호의무위반,건조,맑음,교차로 - 교차로횡단보도내,승용,남,44세,상해없음,보행자,여,48세,경상
2023122700100192,2023년 12월 27일 10시,수요일,경상남도 창녕군 창녕읍,중상사고,0,1,0,0,차대차 - 정면충돌,안전운전불이행,건조,맑음,단일로 - 기타,승용,여,58세,상해없음,이륜,남,82세,중상
2023122700100193,2023년 12월 27일 10시,수요일,경상남도 김해시 진영읍,경상사고,0,0,1,0,차대사람 - 횡단중,신호위반,건조,맑음,교차로 - 교차로횡단보도내,승용,남,65세,상해없음,보행자,여,60세,경상
2023122700100229,2023년 12월 27일 11시,수요일,경상남도 거창군 거창읍,경상사고,0,0,1,0,차대차 - 측면충돌,기타,건조,맑음,교차로 - 교차로안,승용,여,63세,상해없음,승용,여,49세,경상
2023122700100230,2023년 12월 27일 11시,수요일,경상남도 양산시 덕계동,경상사고,0,0,1,0,차대차 - 측면충돌,안전운전불이행,건조,맑음,교차로 - 교차로부근,승용,여,70세,기타불명,이륜,남,62세,경상
2023122700100260,2023년 12월 27일 12시,수요일,경상남도 통영시 동호동,경상사고,0,0,1,0,차대차 - 측면충돌,안전거리미확보,건조,맑음,단일로 - 기타,이륜,남,45세,기타불명,승용,남,35세,경상
2023122700100261,2023년 12월 27일 12시,수요일,경상남도 김해시 외동,경상사고,0,0,1,0,차대차 - 정면충돌,안전운전불이행,건조,맑음,기타 - 기타,승용,여,22세,상해없음,자전거,남,60세,경상
2023122700100262,2023년 12월 27일 12시,수요일,경상남도 산청군 산청읍,경상사고,0,0,3,0,차대차 - 측면충돌,중앙선침범,건조,맑음,단일로 - 기타,승용,여,50세,경상,화물,남,60세,경상
2023122700100297,2023년 12월 27일 13시,수요일,경상남도 창원시 진해구 청안동,중상사고,0,1,0,0,차대사람 - 차도통행중,교차로운행방법위반,건조,맑음,교차로 - 교차로안,승용,여,39세,상해없음,보행자,여,55세,중상
2023122700100298,2023년 12월 27일 13시,수요일,경상남도 통영시 광도면,중상사고,0,1,1,0,차대차 - 측면충돌,안전운전불이행,건조,맑음,교차로 - 교차로부근,승용,여,45세,중상,이륜,남,36세,경상
2023122700100321,2023년 12월 27일 14시,수요일,경상남도 합천군 율곡면,경상사고,0,0,1,0,차대차 - 측면충돌,차로위반,건조,맑음,교차로 - 교차로부근,이륜,남,82세,경상,화물,남,52세,상해없음
2023122700100322,2023년 12월 27일 14시,수요일,경상남도 거제시 옥포동,중상사고,0,1,0,0,차대사람 - 횡단중,신호위반,건조,맑음,교차로 - 교차로횡단보도내,승용,남,65세,상해없음,보행자,여,77세,중상
2023122700100323,2023년 12월 27일 14시,수요일,경상남도 김해시 한림면,경상사고,0,0,1,0,차대차 - 측면충돌,안전운전불이행,건조,맑음,교차로 - 교차로부근,승용,남,71세,상해없음,화물,남,43세,경상
2023122700100354,2023년 12월 27일 15시,수요일,경상남도 거창군 남상면,중상사고,0,1,2,0,차대차 - 측면충돌,신호위반,건조,맑음,교차로 - 교차로안,승용,여,62세,경상,화물,남,26세,중상
2023122700100355,2023년 12월 27일 15시,수요일,경상남도 양산시 덕계동,경상사고,0,0,1,0,차대차 - 측면충돌,안전운전불이행,건조,맑음,교차로 - 교차로부근,승용,남,41세,상해없음,건설기계,남,25세,경상
2023122700100356,2023년 12월 27일 15시,수요일,경상남도 거제시 고현동,경상사고,0,0,1,0,차대차 - 기타,안전운전불이행,건조,맑음,교차로 - 교차로부근,승용,남,71세,상해없음,승용,남,54세,경상
2023122700100357,2023년 12월 27일 15시,수요일,경상남도 창원시 마산회원구 구암동,중상사고,0,1,0,0,차대차 - 측면충돌,안전운전불이행,건조,맑음,단일로 - 기타,화물,여,51세,상해없음,원동기,남,66세,중상
2023122700100358,2023년 12월 27일 15시,수요일,경상남도 창원시 의창구 명서동,경상사고,0,0,4,0,차대차 - 측면충돌,중앙선침범,건조,맑음,단일로 - 기타,승용,남,70세,상해없음,승합,남,46세,경상
2023122700100392,2023년 12월 27일 16시,수요일,경상남도 창원시 진해구 회현동,중상사고,0,1,1,0,차대차 - 측면충돌,직진우회전진행방해,건조,맑음,교차로 - 교차로안,이륜,남,69세,중상,승용,남,31세,경상
2023122700100393,2023년 12월 27일 16시,수요일,경상남도 창원시 진해구 경화동,경상사고,0,0,1,0,차대사람 - 기타,안전운전불이행,건조,맑음,교차로 - 교차로안,승용,남,56세,상해없음,보행자,여,66세,경상
2023122700100394,2023년 12월 27일 16시,수요일,경상남도 통영시 도천동,중상사고,0,1,0,0,차대차 - 기타,안전거리미확보,건조,맑음,단일로 - 기타,승용,남,74세,상해없음,승용,남,66세,상해없음
2023122700100395,2023년 12월 27일 16시,수요일,경상남도 김해시 대동면,중상사고,0,1,0,0,차대사람 - 횡단중,안전운전불이행,건조,맑음,교차로 - 교차로안,화물,여,73세,상해없음,보행자,여,74세,중상
2023122700100396,2023년 12월 27일 16시,수요일,경상남도 함양군 안의면,중상사고,0,1,0,0,차대사람 - 기타,안전운전불이행,건조,맑음,교차로 - 교차로안,승용,남,60세,상해없음,보행자,남,68세,중상
2023122700100397,2023년 12월 27일 16시,수요일,경상남도 양산시 동면,경상사고,0,0,1,0,차대차 - 추돌,안전운전불이행,건조,맑음,단일로 - 지하차도(도로)내,승용,남,67세,상해없음,승용,남,58세,경상
2023122700100398,2023년 12월 27일 16시,수요일,경상남도 함안군 가야읍,경상사고,0,0,1,0,차대차 - 측면충돌,안전운전불이행,건조,맑음,교차로 - 교차로부근,화물,남,58세,상해없음,승용,여,44세,경상
2023122700100442,2023년 12월 27일 17시,수요일,경상남도 진주시 하대동,중상사고,0,1,0,0,차대차 - 기타,중앙선침범,건조,맑음,단일로 - 기타,자전거,여,63세,중상,이륜,남,55세,상해없음
2023122700100443,2023년 12월 27일 17시,수요일,경상남도 밀양시 삼문동,경상사고,0,0,1,0,차대차 - 측면충돌,안전운전불이행,건조,맑음,교차로 - 교차로안,이륜,남,81세,경상,승용,여,41세,상해없음
2023122700100444,2023년 12월 27일 17시,수요일,경상남도 김해시 상동면,경상사고,0,0,2,1,차대차 - 추돌,안전운전불이행,건조,맑음,단일로 - 기타,승용,여,80세,상해없음,승용,여,44세,경상
2023122700100445,2023년 12월 27일 17시,수요일,경상남도 김해시 삼정동,중상사고,0,1,1,0,차대차 - 측면충돌,중앙선침범,건조,맑음,교차로 - 교차로안,승용,남,66세,상해없음,승용,남,64세,중상
2023122700100446,2023년 12월 27일 17시,수요일,경상남도 합천군 합천읍,사망사고,1,1,0,0,차량단독 - 전도전복 - 전복,안전운전불이행,건조,맑음,단일로 - 기타,승합,남,76세,사망,,,,
2023122700100447,2023년 12월 27일 17시,수요일,경상남도 양산시 북정동,부상신고사고,0,0,0,1,차대차 - 측면충돌,안전거리미확보,건조,맑음,단일로 - 기타,승용,남,60세,상해없음,승용,남,38세,부상신고
2023122700100448,2023년 12월 27일 17시,수요일,경상남도 거제시 고현동,경상사고,0,0,3,0,차대차 - 측면충돌,안전운전불이행,건조,맑음,교차로 - 교차로안,승합,여,62세,상해없음,승용,남,52세,경상
2023122700100504,2023년 12월 27일 18시,수요일,경상남도 창원시 마산회원구 내서읍,경상사고,0,0,1,0,차대차 - 측면충돌,안전운전불이행,건조,맑음,단일로 - 기타,승용,여,48세,상해없음,승용,남,44세,경상
2023122700100505,2023년 12월 27일 18시,수요일,경상남도 창원시 의창구 팔용동,경상사고,0,0,1,0,차대차 - 측면충돌,신호위반,건조,맑음,교차로 - 교차로안,승용,남,69세,상해없음,승용,남,46세,경상
2023122700100541,2023년 12월 27일 19시,수요일,경상남도 함안군 가야읍,경상사고,0,0,1,0,차대사람 - 횡단중,안전운전불이행,건조,맑음,단일로 - 기타,승용,여,74세,상해없음,보행자,여,41세,경상
2023122700100542,2023년 12월 27일 19시,수요일,경상남도 김해시 대청동,중상사고,0,1,0,0,차대차 - 측면충돌,안전운전불이행,건조,맑음,단일로 - 기타,이륜,남,46세,상해없음,이륜,남,34세,중상
2023122700100587,2023년 12월 27일 20시,수요일,경상남도 창원시 의창구 봉곡동,중상사고,0,1,0,0,차대사람 - 기타,안전운전불이행,건조,맑음,교차로 - 교차로안,승용,남,57세,상해없음,보행자,남,35세,중상
2023122700100616,2023년 12월 27일 21시,수요일,경상남도 거제시 사등면,경상사고,0,0,1,0,차대차 - 측면충돌,신호위반,건조,맑음,교차로 - 교차로안,승용,남,27세,상해없음,승합,남,42세,경상
2023122700100617,2023년 12월 27일 21시,수요일,경상남도 창원시 마산회원구 내서읍,경상사고,0,0,1,0,차대사람 - 기타,기타,건조,맑음,단일로 - 기타,화물,남,45세,상해없음,보행자,남,51세,경상
2023122700100634,2023년 12월 27일 22시,수요일,경상남도 양산시 명동,경상사고,0,0,1,0,차대차 - 측면충돌,안전운전불이행,건조,맑음,단일로 - 기타,화물,남,30세,상해없음,이륜,남,36세,경상
2023122700100649,2023년 12월 27일 23시,수요일,경상남도 창녕군 창녕읍,경상사고,0,0,1,0,차량단독 - 전도전복 - 전도,안전운전불이행,건조,맑음,단일로 - 기타,이륜,남,74세,경상,,,,
2023122700100650,2023년 12월 27일 23시,수요일,경상남도 창원시 마산회원구 양덕동,중상사고,0,1,0,0,차대사람 - 차도통행중,안전운전불이행,건조,맑음,교차로 - 교차로횡단보도내,화물,남,30세,상해없음,보행자,남,68세,중상
2023122800100043,2023년 12월 28일 06시,목요일,경상남도 창원시 마산회원구 석전동,경상사고,0,0,1,0,차대차 - 정면충돌,안전운전불이행,건조,맑음,교차로 - 교차로부근,승용,남,41세,상해없음,자전거,남,73세,경상
2023122800100061,2023년 12월 28일 07시,목요일,경상남도 창녕군 창녕읍,중상사고,0,2,1,0,차대차 - 후진중충돌,안전운전불이행,건조,맑음,단일로 - 기타,화물,남,43세,상해없음,승합,남,68세,경상
2023122800100062,2023년 12월 28일 07시,목요일,경상남도 양산시 덕계동,경상사고,0,0,1,0,차대사람 - 횡단중,안전운전불이행,건조,맑음,교차로 - 교차로부근,승용,남,36세,상해없음,보행자,여,17세,경상