사고번호,사고일시,요일,시군구,사고내용,사망자수,중상자수,경상자수,부상신고자수,사고유형,법규위반,노면상태,기상상태,도로형태,가해운전자 차종,가해운전자 성별,가해운전자 연령,가해운전자 상해정도,피해운전자 차종,피해운전자 성별,피해운전자 연령,피해운전자 상해정도
2023122800100063,2023년 12월 28일 07시,목요일,경상남도 창원시 의창구 소계동,경상사고,0,0,2,0,차대차 - 추돌,안전거리미확보,건조,맑음,단일로 - 기타,화물,남,65세,상해없음,승합,남,53세,경상
2023122800100096,2023년 12월 28일 08시,목요일,경상남도 양산시 물금읍,중상사고,0,1,0,0,차대사람 - 횡단중,보행자보호의무위반,건조,맑음,교차로 - 교차로횡단보도내,승용,남,61세,상해없음,보행자,여,79세,중상
2023122800100097,2023년 12월 28일 08시,목요일,경상남도 창원시 마산회원구 봉암동,경상사고,0,0,1,0,차대차 - 측면충돌,안전운전불이행,건조,맑음,단일로 - 기타,승용,여,35세,상해없음,승용,여,41세,경상
2023122800100098,2023년 12월 28일 08시,목요일,경상남도 창원시 마산회원구 회원동,경상사고,0,0,1,0,차대사람 - 기타,안전운전불이행,건조,맑음,교차로 - 교차로안,승합,남,74세,상해없음,보행자,여,60세,경상
2023122800100199,2023년 12월 28일 12시,목요일,경상남도 진주시 장대동,중상사고,0,1,0,0,차대사람 - 횡단중,보행자보호의무위반,건조,맑음,교차로 - 교차로횡단보도내,화물,남,77세,상해없음,보행자,여,73세,중상
2023122800100200,2023년 12월 28일 12시,목요일,경상남도 창원시 진해구 용원동,경상사고,0,0,2,0,차대차 - 측면충돌,교차로운행방법위반,건조,맑음,교차로 - 교차로안,화물,남,59세,상해없음,승용,남,40세,경상
2023122800100201,2023년 12월 28일 12시,목요일,경상남도 양산시 물금읍,중상사고,0,1,0,0,차대차 - 측면충돌,신호위반,건조,맑음,교차로 - 교차로안,승용,남,51세,상해없음,원동기,남,42세,중상
2023122800100237,2023년 12월 28일 13시,목요일,경상남도 통영시 평림동,중상사고,0,1,0,0,차대차 - 기타,안전운전불이행,건조,맑음,단일로 - 기타,자전거,남,53세,중상,화물,남,53세,기타불명
2023122800100238,2023년 12월 28일 13시,목요일,경상남도 양산시 동면,경상사고,0,0,1,0,차대차 - 측면충돌,신호위반,건조,맑음,교차로 - 교차로안,승용,여,60세,상해없음,승용,남,24세,경상
2023122800100274,2023년 12월 28일 14시,목요일,경상남도 산청군 금서면,부상신고사고,0,0,0,1,차대차 - 측면충돌,직진우회전진행방해,건조,맑음,교차로 - 교차로안,건설기계,남,58세,상해없음,승용,남,53세,부상신고
2023122800100287,2023년 12월 28일 15시,목요일,경상남도 양산시 남부동,부상신고사고,0,0,0,1,차대차 - 측면충돌,안전거리미확보,건조,맑음,단일로 - 기타,승합,남,57세,상해없음,승용,남,69세,상해없음
2023122800100300,2023년 12월 28일 15시,목요일,경상남도 양산시 물금읍,경상사고,0,0,1,0,차대차 - 측면충돌,신호위반,건조,맑음,단일로 - 기타,자전거,남,17세,상해없음,자전거,남,13세,경상
2023122800100301,2023년 12월 28일 15시,목요일,경상남도 김해시 풍유동,경상사고,0,0,1,0,차대차 - 측면충돌,교차로운행방법위반,건조,맑음,교차로 - 교차로안,화물,남,58세,상해없음,승용,여,48세,경상
2023122800100332,2023년 12월 28일 16시,목요일,경상남도 고성군 고성읍,중상사고,0,3,0,0,차대차 - 기타,신호위반,건조,맑음,교차로 - 교차로안,승용,남,26세,상해없음,승용,남,47세,중상
2023122800100430,2023년 12월 28일 18시,목요일,경상남도 진주시 이현동,경상사고,0,0,1,0,차대차 - 측면충돌,직진우회전진행방해,건조,맑음,교차로 - 교차로안,승용,여,63세,상해없음,승용,여,50세,경상
2023122800100431,2023년 12월 28일 18시,목요일,경상남도 창원시 진해구 덕산동,경상사고,0,0,1,0,차대차 - 정면충돌,중앙선침범,건조,맑음,단일로 - 기타,승용,남,55세,상해없음,승용,여,41세,경상
2023122800100432,2023년 12월 28일 18시,목요일,경상남도 창원시 의창구 동읍,경상사고,0,0,1,0,차대차 - 측면충돌,안전운전불이행,건조,맑음,기타 - 기타,승용,남,61세,상해없음,승용,남,55세,경상
2023122800100433,2023년 12월 28일 18시,목요일,경상남도 김해시 진영읍,부상신고사고,0,0,0,1,차대사람 - 길가장자리구역통행중,안전운전불이행,건조,맑음,교차로 - 교차로부근,기타불명,기타불명,미분류,기타불명,보행자,남,53세,부상신고
2023122800100434,2023년 12월 28일 18시,목요일,경상남도 김해시 무계동,부상신고사고,0,0,0,1,차대차 - 측면충돌,안전운전불이행,건조,맑음,교차로 - 교차로안,자전거,남,24세,부상신고,승용,남,35세,상해없음
2023122800100476,2023년 12월 28일 19시,목요일,경상남도 김해시 외동,경상사고,0,0,1,0,차대차 - 측면충돌,안전운전불이행,건조,맑음,교차로 - 교차로부근,승용,남,62세,상해없음,자전거,여,29세,경상
2023122800100506,2023년 12월 28일 20시,목요일,경상남도 창원시 진해구 석동,경상사고,0,0,1,0,차대차 - 측면충돌,안전운전불이행,건조,맑음,교차로 - 교차로횡단보도내,이륜,남,23세,상해없음,이륜,남,44세,경상
2023122800100507,2023년 12월 28일 20시,목요일,경상남도 양산시 동면,부상신고사고,0,0,0,1,차대차 - 기타,교차로운행방법위반,건조,맑음,교차로 - 교차로안,승용,남,58세,상해없음,승용,여,49세,부상신고
2023122800100508,2023년 12월 28일 20시,목요일,경상남도 창원시 의창구 봉곡동,중상사고,0,1,0,0,차대차 - 측면충돌,안전거리미확보,건조,맑음,교차로 - 교차로안,이륜,남,38세,중상,승용,남,28세,상해없음
2023122900100046,2023년 12월 29일 04시,금요일,경상남도 거제시 옥포동,중상사고,0,1,0,0,차대차 - 기타,안전운전불이행,건조,맑음,교차로 - 교차로안,승용,남,70세,상해없음,이륜,남,49세,중상
2023122900100074,2023년 12월 29일 07시,금요일,경상남도 창원시 진해구 용원동,경상사고,0,0,1,0,차대차 - 측면충돌,안전운전불이행,건조,맑음,교차로 - 교차로안,승용,남,39세,상해없음,자전거,남,56세,경상
2023122900100075,2023년 12월 29일 07시,금요일,경상남도 함양군 함양읍,중상사고,0,1,0,0,차대사람 - 횡단중,중앙선침범,건조,맑음,단일로 - 기타,화물,남,41세,상해없음,보행자,남,95세,중상
2023122900100076,2023년 12월 29일 07시,금요일,경상남도 양산시 상북면,중상사고,0,1,0,0,차대차 - 측면충돌,안전운전불이행,건조,맑음,교차로 - 교차로부근,특수,남,55세,상해없음,자전거,남,73세,중상
2023122900100077,2023년 12월 29일 07시,금요일,경상남도 고성군 동해면,경상사고,0,0,1,0,차대차 - 기타,기타,건조,맑음,단일로 - 기타,화물,남,41세,상해없음,승용,남,30세,경상
2023122900100078,2023년 12월 29일 07시,금요일,경상남도 김해시 진영읍,경상사고,0,0,1,1,차대차 - 정면충돌,중앙선침범,건조,맑음,단일로 - 기타,승용,여,59세,부상신고,승용,남,34세,경상
2023122900100079,2023년 12월 29일 07시,금요일,경상남도 김해시 한림면,부상신고사고,0,0,0,1,차대차 - 추돌,안전운전불이행,건조,맑음,교차로 - 교차로안,승용,남,59세,상해없음,이륜,남,미분류,부상신고
2023122900100106,2023년 12월 29일 08시,금요일,경상남도 사천시 정동면,경상사고,0,0,1,0,차대차 - 기타,교차로운행방법위반,건조,맑음,교차로 - 교차로안,승합,남,64세,상해없음,승용,남,62세,상해없음
2023122900100107,2023년 12월 29일 08시,금요일,경상남도 거제시 상동동,경상사고,0,0,1,0,차대차 - 측면충돌,안전운전불이행,건조,맑음,교차로 - 교차로안,승용,여,38세,상해없음,승용,여,38세,경상
2023122900100108,2023년 12월 29일 08시,금요일,경상남도 창원시 의창구 명서동,경상사고,0,0,1,0,차대차 - 측면충돌,안전운전불이행,건조,맑음,단일로 - 기타,승용,남,33세,상해없음,승합,남,52세,경상
2023122900100135,2023년 12월 29일 09시,금요일,경상남도 김해시 삼방동,경상사고,0,0,1,0,차대차 - 측면충돌,안전운전불이행,건조,맑음,교차로 - 교차로안,승용,여,53세,상해없음,이륜,남,42세,경상
2023122900100136,2023년 12월 29일 09시,금요일,경상남도 김해시 외동,경상사고,0,0,1,0,차대차 - 추돌,안전운전불이행,건조,맑음,교차로 - 교차로안,화물,남,61세,상해없음,화물,남,44세,경상
2023122900100166,2023년 12월 29일 10시,금요일,경상남도 창원시 의창구 팔용동,경상사고,0,0,1,0,차대차 - 측면충돌,교차로운행방법위반,건조,맑음,교차로 - 교차로안,화물,남,59세,상해없음,승용,남,44세,경상
2023122900100205,2023년 12월 29일 11시,금요일,경상남도 창원시 진해구 이동,경상사고,0,0,3,0,차대차 - 측면충돌,직진우회전진행방해,건조,맑음,교차로 - 교차로안,승용,여,50세,경상,승용,남,31세,경상
2023122900100206,2023년 12월 29일 11시,금요일,경상남도 창원시 진해구 안골동,중상사고,0,1,0,0,차대사람 - 기타,안전운전불이행,건조,맑음,단일로 - 기타,화물,남,58세,상해없음,보행자,여,70세,중상
2023122900100207,2023년 12월 29일 11시,금요일,경상남도 김해시 외동,경상사고,0,0,2,0,차대차 - 측면충돌,안전운전불이행,건조,맑음,교차로 - 교차로부근,승용,남,31세,상해없음,승용,남,51세,경상
2023122900100208,2023년 12월 29일 11시,금요일,경상남도 거창군 거창읍,경상사고,0,0,1,0,차대차 - 측면충돌,신호위반,건조,맑음,교차로 - 교차로안,승용,남,63세,경상,승용,여,74세,상해없음
2023122900100209,2023년 12월 29일 11시,금요일,경상남도 거제시 장평동,경상사고,0,0,2,0,차대차 - 추돌,안전거리미확보,건조,맑음,교차로 - 교차로안,승용,남,60세,상해없음,승용,여,60세,경상
2023122900100210,2023년 12월 29일 11시,금요일,경상남도 창원시 의창구 팔용동,중상사고,0,1,0,0,차대사람 - 횡단중,신호위반,건조,맑음,교차로 - 교차로횡단보도내,특수,남,57세,상해없음,보행자,남,55세,중상
2023122900100247,2023년 12월 29일 12시,금요일,경상남도 통영시 중앙동,경상사고,0,0,1,0,차대사람 - 차도통행중,안전운전불이행,건조,맑음,교차로 - 교차로부근,승용,남,49세,기타불명,보행자,여,55세,경상
2023122900100248,2023년 12월 29일 12시,금요일,경상남도 함안군 가야읍,경상사고,0,0,1,0,차대사람 - 기타,보행자보호의무위반,건조,맑음,주차장 - 주차장,승용,여,57세,상해없음,보행자,여,73세,경상
2023122900100323,2023년 12월 29일 14시,금요일,경상남도 거제시 연초면,중상사고,0,1,0,0,차대사람 - 기타,안전운전불이행,건조,맑음,단일로 - 기타,화물,남,81세,상해없음,보행자,남,68세,중상
2023122900100366,2023년 12월 29일 15시,금요일,경상남도 함안군 칠서면,경상사고,0,0,1,0,차대사람 - 횡단중,보행자보호의무위반,건조,맑음,단일로 - 기타,승용,남,46세,기타불명,보행자,남,8세,경상
2023122900100410,2023년 12월 29일 16시,금요일,경상남도 진주시 장대동,중상사고,0,1,0,0,차대사람 - 기타,안전운전불이행,건조,맑음,단일로 - 기타,승용,남,62세,상해없음,보행자,여,81세,중상
2023122900100411,2023년 12월 29일 16시,금요일,경상남도 통영시 미수동,중상사고,0,2,6,0,차대차 - 정면충돌,중앙선침범,건조,맑음,교차로 - 교차로부근,승용,여,34세,상해없음,승합,남,58세,경상
2023122900100450,2023년 12월 29일 17시,금요일,경상남도 통영시 정량동,경상사고,0,0,2,0,차대차 - 측면충돌,안전운전불이행,건조,맑음,교차로 - 교차로부근,화물,남,59세,상해없음,승용,여,61세,경상
2023122900100451,2023년 12월 29일 17시,금요일,경상남도 통영시 용남면,경상사고,0,0,1,0,차대차 - 측면충돌,신호위반,건조,흐림,단일로 - 기타,승용,남,72세,상해없음,승용,남,60세,경상
2023122900100452,2023년 12월 29일 17시,금요일,경상남도 창원시 마산회원구 합성동,경상사고,0,0,2,0,차대차 - 추돌,안전거리미확보,건조,맑음,단일로 - 기타,승합,여,67세,상해없음,승용,남,35세,경상
2023122900100516,2023년 12월 29일 18시,금요일,경상남도 밀양시 삼문동,중상사고,0,1,0,0,차대차 - 측면충돌,안전운전불이행,건조,맑음,교차로 - 교차로안,승용,남,26세,상해없음,이륜,남,26세,중상
2023122900100517,2023년 12월 29일 18시,금요일,경상남도 창녕군 창녕읍,경상사고,0,0,1,0,차대차 - 추돌,안전운전불이행,건조,맑음,교차로 - 교차로부근,승용,여,45세,상해없음,이륜,남,31세,경상
2023122900100518,2023년 12월 29일 18시,금요일,경상남도 하동군 하동읍,경상사고,0,0,1,0,차대사람 - 횡단중,보행자보호의무위반,건조,맑음,기타 - 기타,승용,여,46세,상해없음,보행자,여,17세,경상
2023122900100519,2023년 12월 29일 18시,금요일,경상남도 거제시 고현동,경상사고,0,0,1,0,차대사람 - 횡단중,신호위반,건조,맑음,교차로 - 교차로안,승용,남,28세,상해없음,보행자,여,43세,경상
2023122900100520,2023년 12월 29일 18시,금요일,경상남도 함안군 칠원읍,경상사고,0,0,1,0,차대차 - 추돌,안전운전불이행,건조,맑음,단일로 - 기타,기타불명,기타불명,미분류,기타불명,원동기,여,74세,경상
2023122900100521,2023년 12월 29일 18시,금요일,경상남도 창원시 마산회원구 회원동,경상사고,0,0,1,0,차대사람 - 보도통행중,안전운전불이행,건조,맑음,교차로 - 교차로안,화물,남,52세,상해없음,보행자,여,74세,경상
2023122900100522,2023년 12월 29일 18시,금요일,경상남도 창원시 의창구 도계동,경상사고,0,0,1,0,차대차 - 측면충돌,신호위반,건조,맑음,단일로 - 기타,승용,여,68세,상해없음,이륜,남,63세,경상
2023122900100568,2023년 12월 29일 19시,금요일,경상남도 진주시 상대동,중상사고,0,1,0,0,차대사람 - 차도통행중,안전운전불이행,건조,맑음,단일로 - 기타,이륜,남,25세,상해없음,보행자,여,57세,중상
2023122900100569,2023년 12월 29일 19시,금요일,경상남도 창원시 진해구 안골동,경상사고,0,0,1,0,차대사람 - 길가장자리구역통행중,안전운전불이행,건조,맑음,단일로 - 기타,승용,여,58세,상해없음,보행자,여,78세,경상
2023122900100570,2023년 12월 29일 19시,금요일,경상남도 창원시 의창구 소계동,경상사고,0,0,1,0,차대차 - 후진중충돌,안전운전불이행,건조,맑음,단일로 - 기타,화물,남,46세,상해없음,이륜,남,24세,경상
2023122900100612,2023년 12월 29일 20시,금요일,경상남도 김해시 어방동,경상사고,0,0,1,0,차대차 - 추돌,안전운전불이행,건조,맑음,단일로 - 기타,승용,여,20세,상해없음,이륜,남,22세,경상
2023122900100613,2023년 12월 29일 20시,금요일,경상남도 창원시 성산구 성주동,경상사고,0,0,1,0,차대차 - 측면충돌,신호위반,건조,맑음,교차로 - 교차로안,승용,남,63세,상해없음,승용,남,29세,경상
2023122900100650,2023년 12월 29일 21시,금요일,경상남도 창원시 의창구 명서동,경상사고,0,0,1,0,차대차 - 측면충돌,안전운전불이행,건조,맑음,단일로 - 기타,승용,남,67세,상해없음,이륜,남,21세,경상
2023122900100651,2023년 12월 29일 21시,금요일,경상남도 창원시 의창구 소답동,경상사고,0,0,1,0,차대차 - 측면충돌,안전운전불이행,건조,맑음,교차로 - 교차로안,이륜,남,20세,상해없음,승용,남,25세,경상
2023122900100685,2023년 12월 29일 23시,금요일,경상남도 밀양시 삼문동,경상사고,0,0,1,0,차대사람 - 횡단중,보행자보호의무위반,건조,맑음,교차로 - 교차로횡단보도내,승용,남,62세,상해없음,보행자,여,30세,경상
2023122900100686,2023년 12월 29일 23시,금요일,경상남도 양산시 평산동,경상사고,0,0,1,0,차대차 - 추돌,안전운전불이행,건조,맑음,교차로 - 교차로부근,승용,남,58세,상해없음,승용,남,27세,경상
2023122900100687,2023년 12월 29일 23시,금요일,경상남도 창원시 의창구 북면,경상사고,0,0,1,0,차대사람 - 기타,안전운전불이행,건조,맑음,기타 - 기타,승용,남,43세,기타불명,보행자,남,43세,경상
2023123000100034,2023년 12월 30일 02시,토요일,경상남도 산청군 신안면,경상사고,0,0,1,0,차대차 - 정면충돌,안전운전불이행,건조,흐림,단일로 - 기타,승용,여,57세,경상,화물,남,44세,상해없음
2023123000100038,2023년 12월 30일 03시,토요일,경상남도 창원시 의창구 북면,경상사고,0,0,1,0,차대차 - 측면충돌,교차로운행방법위반,건조,맑음,교차로 - 교차로안,화물,남,57세,상해없음,승용,남,63세,경상
2023123000100046,2023년 12월 30일 04시,토요일,경상남도 거제시 사등면,중상사고,0,1,0,0,차대차 - 측면충돌,안전운전불이행,건조,맑음,단일로 - 기타,승용,남,46세,중상,승용,남,32세,상해없음
2023123000100064,2023년 12월 30일 06시,토요일,경상남도 양산시 동면,경상사고,0,0,1,0,차대차 - 기타,중앙선침범,건조,맑음,단일로 - 기타,승용,남,51세,상해없음,화물,남,49세,경상
2023123000100072,2023년 12월 30일 07시,토요일,경상남도 창원시 마산합포구 진북면,사망사고,1,0,0,0,차대사람 - 횡단중,안전운전불이행,건조,맑음,단일로 - 기타,승용,여,63세,상해없음,보행자,여,87세,사망
2023123000100073,2023년 12월 30일 07시,토요일,경상남도 통영시 광도면,경상사고,0,0,1,0,차대차 - 측면충돌,신호위반,건조,맑음,교차로 - 교차로안,승용,남,67세,상해없음,승용,여,38세,경상
2023123000100074,2023년 12월 30일 07시,토요일,경상남도 밀양시 내일동,중상사고,0,1,0,0,차대사람 - 횡단중,안전운전불이행,건조,맑음,단일로 - 기타,승용,남,41세,상해없음,보행자,여,86세,중상
2023123000100083,2023년 12월 30일 08시,토요일,경상남도 창원시 마산합포구 서성동,중상사고,0,1,0,0,차대차 - 측면충돌,안전운전불이행,건조,맑음,교차로 - 교차로부근,승용,여,62세,상해없음,자전거,남,79세,중상
2023123000100084,2023년 12월 30일 08시,토요일,경상남도 창원시 마산합포구 월영동,사망사고,1,5,2,0,차대차 - 정면충돌,중앙선침범,건조,맑음,단일로 - 기타,승용,남,66세,사망,승합,남,59세,중상
2023123000100085,2023년 12월 30일 08시,토요일,경상남도 거제시 연초면,경상사고,0,0,1,0,차대차 - 정면충돌,안전운전불이행,서리/결빙,맑음,단일로 - 기타,승용,남,44세,상해없음,화물,남,64세,경상
2023123000100121,2023년 12월 30일 10시,토요일,경상남도 사천시 벌리동,경상사고,0,0,1,0,차대차 - 측면충돌,안전운전불이행,건조,맑음,교차로 - 교차로안,승용,여,43세,상해없음,승용,남,49세,경상
2023123000100122,2023년 12월 30일 10시,토요일,경상남도 김해시 삼정동,중상사고,0,1,2,0,차대차 - 측면충돌,안전운전불이행,건조,맑음,교차로 - 교차로안,승용,남,31세,중상,승용,여,49세,경상
2023123000100123,2023년 12월 30일 10시,토요일,경상남도 창원시 의창구 팔용동,경상사고,0,0,2,0,차대차 - 측면충돌,안전거리미확보,건조,맑음,단일로 - 기타,승합,남,75세,기타불명,승용,남,26세,경상
2023123000100243,2023년 12월 30일 13시,토요일,경상남도 하동군 금성면,경상사고,0,0,1,0,차대차 - 기타,중앙선침범,건조,흐림,단일로 - 기타,승용,남,79세,기타불명,화물,남,54세,경상
2023123000100272,2023년 12월 30일 14시,토요일,경상남도 통영시 동호동,경상사고,0,0,1,0,차대차 - 측면충돌,안전거리미확보,건조,맑음,교차로 - 교차로부근,화물,남,54세,상해없음,승용,남,51세,경상
2023123000100273,2023년 12월 30일 14시,토요일,경상남도 김해시 상동면,경상사고,0,0,1,0,차대사람 - 길가장자리구역통행중,안전운전불이행,건조,맑음,단일로 - 기타,기타불명,기타불명,미분류,기타불명,보행자,남,74세,경상
2023123000100274,2023년 12월 30일 14시,토요일,경상남도 창원시 의창구 도계동,경상사고,0,0,1,0,차대차 - 측면충돌,직진우회전진행방해,건조,맑음,교차로 - 교차로안,이륜,남,32세,상해없음,이륜,남,55세,경상
2023123000100310,2023년 12월 30일 15시,토요일,경상남도 밀양시 부북면,중상사고,0,2,0,0,차대차 - 정면충돌,중앙선침범,건조,맑음,단일로 - 기타,승용,여,73세,상해없음,승용,남,60세,중상
2023123000100311,2023년 12월 30일 15시,토요일,경상남도 창원시 성산구 성산동,경상사고,0,0,1,0,차대차 - 측면충돌,안전운전불이행,건조,맑음,단일로 - 기타,승용,여,62세,상해없음,승용,남,40세,경상
2023123000100337,2023년 12월 30일 16시,토요일,경상남도 창원시 마산합포구 월영동,경상사고,0,0,1,0,차대사람 - 기타,안전운전불이행,건조,흐림,단일로 - 기타,개인형이동수단(PM),여,22세,상해없음,보행자,여,49세,경상
2023123000100338,2023년 12월 30일 16시,토요일,경상남도 김해시 삼방동,경상사고,0,0,1,0,차대차 - 정면충돌,안전운전불이행,건조,맑음,단일로 - 기타,승용,여,52세,상해없음,승용,남,46세,경상
2023123000100339,2023년 12월 30일 16시,토요일,경상남도 양산시 중부동,중상사고,0,1,0,0,차대차 - 측면충돌,안전운전불이행,건조,맑음,교차로 - 교차로안,이륜,남,40세,상해없음,이륜,남,44세,중상
2023123000100360,2023년 12월 30일 17시,토요일,경상남도 통영시 무전동,중상사고,0,1,3,0,차대차 - 추돌,안전거리미확보,건조,맑음,단일로 - 기타,승용,남,59세,경상,승용,여,36세,경상
2023123000100362,2023년 12월 30일 17시,토요일,경상남도 의령군 부림면,중상사고,0,1,0,0,차량단독 - 도로외이탈 - 추락,안전운전불이행,건조,맑음,단일로 - 기타,농기계,남,81세,중상,,,,
2023123000100389,2023년 12월 30일 18시,토요일,경상남도 거제시 고현동,중상사고,0,1,0,0,차대사람 - 횡단중,보행자보호의무위반,젖음/습기,비,단일로 - 기타,승용,남,61세,상해없음,보행자,여,78세,중상
2023123000100415,2023년 12월 30일 19시,토요일,경상남도 진주시 동성동,경상사고,0,0,1,0,차대차 - 정면충돌,신호위반,건조,맑음,교차로 - 교차로안,승용,남,45세,상해없음,이륜,남,31세,경상
2023123000100416,2023년 12월 30일 19시,토요일,경상남도 거제시 장평동,경상사고,0,0,3,0,차대차 - 측면충돌,신호위반,젖음/습기,비,단일로 - 기타,화물,남,59세,상해없음,이륜,남,55세,경상
2023123000100417,2023년 12월 30일 19시,토요일,경상남도 창원시 의창구 북면,경상사고,0,0,1,0,차대차 - 기타,안전거리미확보,젖음/습기,비,단일로 - 기타,승용,여,54세,상해없음,승합,남,50세,상해없음
2023123000100418,2023년 12월 30일 19시,토요일,경상남도 창원시 의창구 동정동,경상사고,0,0,2,0,차대차 - 추돌,안전운전불이행,젖음/습기,비,교차로 - 교차로부근,승용,남,53세,상해없음,승용,남,26세,경상
2023123000100435,2023년 12월 30일 20시,토요일,경상남도 창원시 진해구 안곡동,부상신고사고,0,0,0,1,차대차 - 기타,안전운전불이행,젖음/습기,비,단일로 - 기타,승용,남,36세,부상신고,승용,여,56세,기타불명
2023123000100469,2023년 12월 30일 22시,토요일,경상남도 양산시 물금읍,중상사고,0,3,1,0,차량단독 - 공작물충돌,안전운전불이행,젖음/습기,비,단일로 - 기타,승용,여,57세,상해없음,,,,
2023123000100470,2023년 12월 30일 22시,토요일,경상남도 거제시 옥포동,경상사고,0,0,1,0,차대사람 - 차도통행중,안전운전불이행,건조,맑음,단일로 - 기타,승용,남,30세,상해없음,보행자,여,67세,경상
2023123000100487,2023년 12월 30일 23시,토요일,경상남도 김해시 진영읍,경상사고,0,0,1,0,차대차 - 기타,신호위반,젖음/습기,비,교차로 - 교차로부근,승용,남,44세,상해없음,이륜,남,48세,경상
2023123100100058,2023년 12월 31일 09시,일요일,경상남도 창원시 성산구 불모산동,경상사고,0,0,4,0,차대차 - 추돌,안전운전불이행,건조,맑음,단일로 - 터널,승용,남,52세,상해없음,승용,남,47세,상해없음
2023123100100065,2023년 12월 31일 10시,일요일,경상남도 사천시 정동면,부상신고사고,0,0,0,1,차대차 - 추돌,안전운전불이행,건조,맑음,교차로 - 교차로부근,승용,여,50세,상해없음,승용,여,41세,부상신고
2023123100100066,2023년 12월 31일 10시,일요일,경상남도 양산시 덕계동,경상사고,0,0,2,0,차대차 - 기타,신호위반,건조,맑음,교차로 - 교차로안,승용,여,40세,경상,화물,남,63세,경상
2023123100100067,2023년 12월 31일 10시,일요일,경상남도 창원시 마산회원구 석전동,경상사고,0,0,1,0,차대사람 - 기타,보행자보호의무위반,건조,맑음,교차로 - 교차로횡단보도내,승용,여,62세,상해없음,보행자,남,33세,경상
2023123100100106,2023년 12월 31일 12시,일요일,경상남도 창원시 마산합포구 중앙동3가,부상신고사고,0,0,0,1,차대차 - 기타,안전운전불이행,건조,맑음,교차로 - 교차로횡단보도내,자전거,남,76세,부상신고,승용,남,47세,상해없음
2023123100100107,2023년 12월 31일 12시,일요일,경상남도 통영시 무전동,중상사고,0,1,0,0,차대차 - 측면충돌,신호위반,건조,맑음,교차로 - 교차로부근,승용,남,70세,상해없음,이륜,남,44세,중상
2023123100100108,2023년 12월 31일 12시,일요일,경상남도 함안군 군북면,경상사고,0,0,1,0,차대차 - 추돌,안전운전불이행,건조,맑음,교차로 - 교차로안,화물,남,61세,상해없음,승용,남,50세,경상
2023123100100129,2023년 12월 31일 13시,일요일,경상남도 거창군 가조면,중상사고,0,1,0,0,차대차 - 측면충돌,안전거리미확보,건조,맑음,단일로 - 기타,원동기,여,59세,중상,승용,여,71세,상해없음
2023123100100161,2023년 12월 31일 14시,일요일,경상남도 양산시 주진동,경상사고,0,0,1,0,차대차 - 추돌,안전거리미확보,건조,맑음,교차로 - 교차로안,이륜,남,33세,상해없음,이륜,남,54세,경상
2023123100100162,2023년 12월 31일 14시,일요일,경상남도 거제시 고현동,경상사고,0,0,1,0,차대사람 - 기타,보행자보호의무위반,건조,맑음,교차로 - 교차로횡단보도내,화물,남,35세,상해없음,보행자,남,61세,경상
2023123100100180,2023년 12월 31일 15시,일요일,경상남도 사천시 용현면,경상사고,0,0,1,0,차대차 - 추돌,안전운전불이행,건조,맑음,단일로 - 기타,승용,남,84세,상해없음,승용,남,69세,경상
2023123100100188,2023년 12월 31일 16시,일요일,경상남도 김해시 대동면,경상사고,0,0,4,0,차대차 - 추돌,안전거리미확보,건조,맑음,단일로 - 기타,승용,남,69세,상해없음,승용,남,44세,경상
2023123100100196,2023년 12월 31일 16시,일요일,경상남도 거제시 상동동,중상사고,0,1,0,0,차대차 - 기타,중앙선침범,건조,맑음,교차로 - 교차로부근,승용,남,53세,상해없음,이륜,남,59세,중상
2023123100100266,2023년 12월 31일 19시,일요일,경상남도 거제시 옥포동,경상사고,0,0,1,0,차대차 - 기타,불법유턴,건조,맑음,단일로 - 기타,승용,남,45세,상해없음,이륜,남,44세,경상
2023123100100282,2023년 12월 31일 20시,일요일,경상남도 통영시 정량동,경상사고,0,0,1,0,차대사람 - 기타,안전운전불이행,건조,맑음,교차로 - 교차로안,승용,남,49세,상해없음,보행자,남,72세,경상
2023123100100306,2023년 12월 31일 21시,일요일,경상남도 진주시 가좌동,중상사고,0,1,4,1,차대차 - 정면충돌,신호위반,건조,맑음,교차로 - 교차로안,승용,여,55세,상해없음,승용,남,28세,중상
2023123100100321,2023년 12월 31일 22시,일요일,경상남도 합천군 합천읍,경상사고,0,0,1,1,차대차 - 정면충돌,안전운전불이행,건조,맑음,교차로 - 교차로안,승용,남,19세,부상신고,이륜,여,46세,경상
2023123100100334,2023년 12월 31일 23시,일요일,경상남도 창원시 진해구 자은동,중상사고,0,1,0,0,차대사람 - 보도통행중,기타,건조,맑음,기타 - 기타,개인형이동수단(PM),남,14세,상해없음,보행자,남,35세,중상
2023123100100335,2023년 12월 31일 23시,일요일,경상남도 창원시 마산회원구 석전동,중상사고,0,1,0,0,차대차 - 측면충돌,차로위반,건조,맑음,단일로 - 기타,승용,남,66세,기타불명,이륜,남,19세,중상